[2026-01-29T00:00:08.584+0000] {processor.py:161} INFO - Started process (PID=62368) to work on /home/airflow/.local/lib/python3.12/site-packages/airflow/example_dags/example_sla_dag.py
[2026-01-29T00:00:08.589+0000] {processor.py:830} INFO - Processing file /home/airflow/.local/lib/python3.12/site-packages/airflow/example_dags/example_sla_dag.py for tasks to queue
[2026-01-29T00:00:08.592+0000] {logging_mixin.py:188} INFO - [2026-01-29T00:00:08.591+0000] {dagbag.py:545} INFO - Filling up the DagBag from /home/airflow/.local/lib/python3.12/site-packages/airflow/example_dags/example_sla_dag.py
[2026-01-29T00:00:08.607+0000] {processor.py:840} INFO - DAG(s) 'example_sla_dag' retrieved from /home/airflow/.local/lib/python3.12/site-packages/airflow/example_dags/example_sla_dag.py
[2026-01-29T00:00:08.641+0000] {logging_mixin.py:188} INFO - [2026-01-29T00:00:08.641+0000] {dag.py:3089} INFO - Sync 1 DAGs
[2026-01-29T00:00:08.695+0000] {logging_mixin.py:188} INFO - [2026-01-29T00:00:08.695+0000] {dag.py:3947} INFO - Setting next_dagrun for example_sla_dag to 2026-01-28 23:58:00+00:00, run_after=2026-01-29 00:00:00+00:00
[2026-01-29T00:00:08.746+0000] {processor.py:183} INFO - Processing /home/airflow/.local/lib/python3.12/site-packages/airflow/example_dags/example_sla_dag.py took 0.173 seconds
[2026-01-29T00:00:39.041+0000] {processor.py:161} INFO - Started process (PID=62444) to work on /home/airflow/.local/lib/python3.12/site-packages/airflow/example_dags/example_sla_dag.py
[2026-01-29T00:00:39.042+0000] {processor.py:830} INFO - Processing file /home/airflow/.local/lib/python3.12/site-packages/airflow/example_dags/example_sla_dag.py for tasks to queue
[2026-01-29T00:00:39.044+0000] {logging_mixin.py:188} INFO - [2026-01-29T00:00:39.044+0000] {dagbag.py:545} INFO - Filling up the DagBag from /home/airflow/.local/lib/python3.12/site-packages/airflow/example_dags/example_sla_dag.py
[2026-01-29T00:00:39.054+0000] {processor.py:840} INFO - DAG(s) 'example_sla_dag' retrieved from /home/airflow/.local/lib/python3.12/site-packages/airflow/example_dags/example_sla_dag.py
[2026-01-29T00:00:39.075+0000] {logging_mixin.py:188} INFO - [2026-01-29T00:00:39.075+0000] {dag.py:3089} INFO - Sync 1 DAGs
[2026-01-29T00:00:39.105+0000] {logging_mixin.py:188} INFO - [2026-01-29T00:00:39.105+0000] {dag.py:3947} INFO - Setting next_dagrun for example_sla_dag to 2026-01-28 23:58:00+00:00, run_after=2026-01-29 00:00:00+00:00
[2026-01-29T00:00:39.127+0000] {processor.py:183} INFO - Processing /home/airflow/.local/lib/python3.12/site-packages/airflow/example_dags/example_sla_dag.py took 0.093 seconds
[2026-01-29T00:01:09.578+0000] {processor.py:161} INFO - Started process (PID=62508) to work on /home/airflow/.local/lib/python3.12/site-packages/airflow/example_dags/example_sla_dag.py
[2026-01-29T00:01:09.579+0000] {processor.py:830} INFO - Processing file /home/airflow/.local/lib/python3.12/site-packages/airflow/example_dags/example_sla_dag.py for tasks to queue
[2026-01-29T00:01:09.581+0000] {logging_mixin.py:188} INFO - [2026-01-29T00:01:09.581+0000] {dagbag.py:545} INFO - Filling up the DagBag from /home/airflow/.local/lib/python3.12/site-packages/airflow/example_dags/example_sla_dag.py
[2026-01-29T00:01:09.593+0000] {processor.py:840} INFO - DAG(s) 'example_sla_dag' retrieved from /home/airflow/.local/lib/python3.12/site-packages/airflow/example_dags/example_sla_dag.py
[2026-01-29T00:01:09.615+0000] {logging_mixin.py:188} INFO - [2026-01-29T00:01:09.614+0000] {dag.py:3089} INFO - Sync 1 DAGs
[2026-01-29T00:01:09.642+0000] {logging_mixin.py:188} INFO - [2026-01-29T00:01:09.642+0000] {dag.py:3947} INFO - Setting next_dagrun for example_sla_dag to 2026-01-28 23:58:00+00:00, run_after=2026-01-29 00:00:00+00:00
[2026-01-29T00:01:09.662+0000] {processor.py:183} INFO - Processing /home/airflow/.local/lib/python3.12/site-packages/airflow/example_dags/example_sla_dag.py took 0.093 seconds
[2026-01-29T00:01:39.933+0000] {processor.py:161} INFO - Started process (PID=62567) to work on /home/airflow/.local/lib/python3.12/site-packages/airflow/example_dags/example_sla_dag.py
[2026-01-29T00:01:39.934+0000] {processor.py:830} INFO - Processing file /home/airflow/.local/lib/python3.12/site-packages/airflow/example_dags/example_sla_dag.py for tasks to queue
[2026-01-29T00:01:39.935+0000] {logging_mixin.py:188} INFO - [2026-01-29T00:01:39.935+0000] {dagbag.py:545} INFO - Filling up the DagBag from /home/airflow/.local/lib/python3.12/site-packages/airflow/example_dags/example_sla_dag.py
[2026-01-29T00:01:39.944+0000] {processor.py:840} INFO - DAG(s) 'example_sla_dag' retrieved from /home/airflow/.local/lib/python3.12/site-packages/airflow/example_dags/example_sla_dag.py
[2026-01-29T00:01:39.963+0000] {logging_mixin.py:188} INFO - [2026-01-29T00:01:39.962+0000] {dag.py:3089} INFO - Sync 1 DAGs
[2026-01-29T00:01:39.989+0000] {logging_mixin.py:188} INFO - [2026-01-29T00:01:39.988+0000] {dag.py:3947} INFO - Setting next_dagrun for example_sla_dag to 2026-01-28 23:58:00+00:00, run_after=2026-01-29 00:00:00+00:00
[2026-01-29T00:01:40.007+0000] {processor.py:183} INFO - Processing /home/airflow/.local/lib/python3.12/site-packages/airflow/example_dags/example_sla_dag.py took 0.080 seconds
[2026-01-29T00:02:10.602+0000] {processor.py:161} INFO - Started process (PID=62631) to work on /home/airflow/.local/lib/python3.12/site-packages/airflow/example_dags/example_sla_dag.py
[2026-01-29T00:02:10.604+0000] {processor.py:830} INFO - Processing file /home/airflow/.local/lib/python3.12/site-packages/airflow/example_dags/example_sla_dag.py for tasks to queue
[2026-01-29T00:02:10.605+0000] {logging_mixin.py:188} INFO - [2026-01-29T00:02:10.605+0000] {dagbag.py:545} INFO - Filling up the DagBag from /home/airflow/.local/lib/python3.12/site-packages/airflow/example_dags/example_sla_dag.py
[2026-01-29T00:02:10.614+0000] {processor.py:840} INFO - DAG(s) 'example_sla_dag' retrieved from /home/airflow/.local/lib/python3.12/site-packages/airflow/example_dags/example_sla_dag.py
[2026-01-29T00:02:10.635+0000] {logging_mixin.py:188} INFO - [2026-01-29T00:02:10.635+0000] {dag.py:3089} INFO - Sync 1 DAGs
[2026-01-29T00:02:10.663+0000] {logging_mixin.py:188} INFO - [2026-01-29T00:02:10.662+0000] {dag.py:3947} INFO - Setting next_dagrun for example_sla_dag to 2026-01-29 00:00:00+00:00, run_after=2026-01-29 00:02:00+00:00
[2026-01-29T00:02:10.683+0000] {processor.py:183} INFO - Processing /home/airflow/.local/lib/python3.12/site-packages/airflow/example_dags/example_sla_dag.py took 0.086 seconds
[2026-01-29T00:02:41.071+0000] {processor.py:161} INFO - Started process (PID=62690) to work on /home/airflow/.local/lib/python3.12/site-packages/airflow/example_dags/example_sla_dag.py
[2026-01-29T00:02:41.072+0000] {processor.py:830} INFO - Processing file /home/airflow/.local/lib/python3.12/site-packages/airflow/example_dags/example_sla_dag.py for tasks to queue
[2026-01-29T00:02:41.074+0000] {logging_mixin.py:188} INFO - [2026-01-29T00:02:41.074+0000] {dagbag.py:545} INFO - Filling up the DagBag from /home/airflow/.local/lib/python3.12/site-packages/airflow/example_dags/example_sla_dag.py
[2026-01-29T00:02:41.084+0000] {processor.py:840} INFO - DAG(s) 'example_sla_dag' retrieved from /home/airflow/.local/lib/python3.12/site-packages/airflow/example_dags/example_sla_dag.py
[2026-01-29T00:02:41.104+0000] {logging_mixin.py:188} INFO - [2026-01-29T00:02:41.104+0000] {dag.py:3089} INFO - Sync 1 DAGs
[2026-01-29T00:02:41.260+0000] {logging_mixin.py:188} INFO - [2026-01-29T00:02:41.260+0000] {dag.py:3947} INFO - Setting next_dagrun for example_sla_dag to 2026-01-29 00:00:00+00:00, run_after=2026-01-29 00:02:00+00:00
[2026-01-29T00:02:41.279+0000] {processor.py:183} INFO - Processing /home/airflow/.local/lib/python3.12/site-packages/airflow/example_dags/example_sla_dag.py took 0.214 seconds
[2026-01-29T00:03:11.914+0000] {processor.py:161} INFO - Started process (PID=62754) to work on /home/airflow/.local/lib/python3.12/site-packages/airflow/example_dags/example_sla_dag.py
[2026-01-29T00:03:11.915+0000] {processor.py:830} INFO - Processing file /home/airflow/.local/lib/python3.12/site-packages/airflow/example_dags/example_sla_dag.py for tasks to queue
[2026-01-29T00:03:11.917+0000] {logging_mixin.py:188} INFO - [2026-01-29T00:03:11.917+0000] {dagbag.py:545} INFO - Filling up the DagBag from /home/airflow/.local/lib/python3.12/site-packages/airflow/example_dags/example_sla_dag.py
[2026-01-29T00:03:11.928+0000] {processor.py:840} INFO - DAG(s) 'example_sla_dag' retrieved from /home/airflow/.local/lib/python3.12/site-packages/airflow/example_dags/example_sla_dag.py
[2026-01-29T00:03:11.951+0000] {logging_mixin.py:188} INFO - [2026-01-29T00:03:11.950+0000] {dag.py:3089} INFO - Sync 1 DAGs
[2026-01-29T00:03:11.979+0000] {logging_mixin.py:188} INFO - [2026-01-29T00:03:11.979+0000] {dag.py:3947} INFO - Setting next_dagrun for example_sla_dag to 2026-01-29 00:00:00+00:00, run_after=2026-01-29 00:02:00+00:00
[2026-01-29T00:03:11.998+0000] {processor.py:183} INFO - Processing /home/airflow/.local/lib/python3.12/site-packages/airflow/example_dags/example_sla_dag.py took 0.091 seconds
[2026-01-29T00:03:42.614+0000] {processor.py:161} INFO - Started process (PID=62813) to work on /home/airflow/.local/lib/python3.12/site-packages/airflow/example_dags/example_sla_dag.py
[2026-01-29T00:03:42.615+0000] {processor.py:830} INFO - Processing file /home/airflow/.local/lib/python3.12/site-packages/airflow/example_dags/example_sla_dag.py for tasks to queue
[2026-01-29T00:03:42.617+0000] {logging_mixin.py:188} INFO - [2026-01-29T00:03:42.617+0000] {dagbag.py:545} INFO - Filling up the DagBag from /home/airflow/.local/lib/python3.12/site-packages/airflow/example_dags/example_sla_dag.py
[2026-01-29T00:03:42.628+0000] {processor.py:840} INFO - DAG(s) 'example_sla_dag' retrieved from /home/airflow/.local/lib/python3.12/site-packages/airflow/example_dags/example_sla_dag.py
[2026-01-29T00:03:42.648+0000] {logging_mixin.py:188} INFO - [2026-01-29T00:03:42.648+0000] {dag.py:3089} INFO - Sync 1 DAGs
[2026-01-29T00:03:42.675+0000] {logging_mixin.py:188} INFO - [2026-01-29T00:03:42.675+0000] {dag.py:3947} INFO - Setting next_dagrun for example_sla_dag to 2026-01-29 00:00:00+00:00, run_after=2026-01-29 00:02:00+00:00
[2026-01-29T00:03:42.694+0000] {processor.py:183} INFO - Processing /home/airflow/.local/lib/python3.12/site-packages/airflow/example_dags/example_sla_dag.py took 0.087 seconds
[2026-01-29T00:04:13.063+0000] {processor.py:161} INFO - Started process (PID=62877) to work on /home/airflow/.local/lib/python3.12/site-packages/airflow/example_dags/example_sla_dag.py
[2026-01-29T00:04:13.064+0000] {processor.py:830} INFO - Processing file /home/airflow/.local/lib/python3.12/site-packages/airflow/example_dags/example_sla_dag.py for tasks to queue
[2026-01-29T00:04:13.066+0000] {logging_mixin.py:188} INFO - [2026-01-29T00:04:13.066+0000] {dagbag.py:545} INFO - Filling up the DagBag from /home/airflow/.local/lib/python3.12/site-packages/airflow/example_dags/example_sla_dag.py
[2026-01-29T00:04:13.076+0000] {processor.py:840} INFO - DAG(s) 'example_sla_dag' retrieved from /home/airflow/.local/lib/python3.12/site-packages/airflow/example_dags/example_sla_dag.py
[2026-01-29T00:04:13.102+0000] {logging_mixin.py:188} INFO - [2026-01-29T00:04:13.102+0000] {dag.py:3089} INFO - Sync 1 DAGs
[2026-01-29T00:04:13.129+0000] {logging_mixin.py:188} INFO - [2026-01-29T00:04:13.129+0000] {dag.py:3947} INFO - Setting next_dagrun for example_sla_dag to 2026-01-29 00:02:00+00:00, run_after=2026-01-29 00:04:00+00:00
[2026-01-29T00:04:13.149+0000] {processor.py:183} INFO - Processing /home/airflow/.local/lib/python3.12/site-packages/airflow/example_dags/example_sla_dag.py took 0.093 seconds
[2026-01-29T00:04:43.652+0000] {processor.py:161} INFO - Started process (PID=62936) to work on /home/airflow/.local/lib/python3.12/site-packages/airflow/example_dags/example_sla_dag.py
[2026-01-29T00:04:43.653+0000] {processor.py:830} INFO - Processing file /home/airflow/.local/lib/python3.12/site-packages/airflow/example_dags/example_sla_dag.py for tasks to queue
[2026-01-29T00:04:43.655+0000] {logging_mixin.py:188} INFO - [2026-01-29T00:04:43.655+0000] {dagbag.py:545} INFO - Filling up the DagBag from /home/airflow/.local/lib/python3.12/site-packages/airflow/example_dags/example_sla_dag.py
[2026-01-29T00:04:43.665+0000] {processor.py:840} INFO - DAG(s) 'example_sla_dag' retrieved from /home/airflow/.local/lib/python3.12/site-packages/airflow/example_dags/example_sla_dag.py
[2026-01-29T00:04:43.684+0000] {logging_mixin.py:188} INFO - [2026-01-29T00:04:43.684+0000] {dag.py:3089} INFO - Sync 1 DAGs
[2026-01-29T00:04:43.711+0000] {logging_mixin.py:188} INFO - [2026-01-29T00:04:43.711+0000] {dag.py:3947} INFO - Setting next_dagrun for example_sla_dag to 2026-01-29 00:02:00+00:00, run_after=2026-01-29 00:04:00+00:00
[2026-01-29T00:04:43.729+0000] {processor.py:183} INFO - Processing /home/airflow/.local/lib/python3.12/site-packages/airflow/example_dags/example_sla_dag.py took 0.085 seconds
[2026-01-29T00:05:14.310+0000] {processor.py:161} INFO - Started process (PID=63000) to work on /home/airflow/.local/lib/python3.12/site-packages/airflow/example_dags/example_sla_dag.py
[2026-01-29T00:05:14.311+0000] {processor.py:830} INFO - Processing file /home/airflow/.local/lib/python3.12/site-packages/airflow/example_dags/example_sla_dag.py for tasks to queue
[2026-01-29T00:05:14.313+0000] {logging_mixin.py:188} INFO - [2026-01-29T00:05:14.313+0000] {dagbag.py:545} INFO - Filling up the DagBag from /home/airflow/.local/lib/python3.12/site-packages/airflow/example_dags/example_sla_dag.py
[2026-01-29T00:05:14.323+0000] {processor.py:840} INFO - DAG(s) 'example_sla_dag' retrieved from /home/airflow/.local/lib/python3.12/site-packages/airflow/example_dags/example_sla_dag.py
[2026-01-29T00:05:14.344+0000] {logging_mixin.py:188} INFO - [2026-01-29T00:05:14.344+0000] {dag.py:3089} INFO - Sync 1 DAGs
[2026-01-29T00:05:14.370+0000] {logging_mixin.py:188} INFO - [2026-01-29T00:05:14.370+0000] {dag.py:3947} INFO - Setting next_dagrun for example_sla_dag to 2026-01-29 00:02:00+00:00, run_after=2026-01-29 00:04:00+00:00
[2026-01-29T00:05:14.390+0000] {processor.py:183} INFO - Processing /home/airflow/.local/lib/python3.12/site-packages/airflow/example_dags/example_sla_dag.py took 0.088 seconds
[2026-01-29T00:05:45.048+0000] {processor.py:161} INFO - Started process (PID=63059) to work on /home/airflow/.local/lib/python3.12/site-packages/airflow/example_dags/example_sla_dag.py
[2026-01-29T00:05:45.050+0000] {processor.py:830} INFO - Processing file /home/airflow/.local/lib/python3.12/site-packages/airflow/example_dags/example_sla_dag.py for tasks to queue
[2026-01-29T00:05:45.051+0000] {logging_mixin.py:188} INFO - [2026-01-29T00:05:45.051+0000] {dagbag.py:545} INFO - Filling up the DagBag from /home/airflow/.local/lib/python3.12/site-packages/airflow/example_dags/example_sla_dag.py
[2026-01-29T00:05:45.062+0000] {processor.py:840} INFO - DAG(s) 'example_sla_dag' retrieved from /home/airflow/.local/lib/python3.12/site-packages/airflow/example_dags/example_sla_dag.py
[2026-01-29T00:05:45.084+0000] {logging_mixin.py:188} INFO - [2026-01-29T00:05:45.084+0000] {dag.py:3089} INFO - Sync 1 DAGs
[2026-01-29T00:05:45.114+0000] {logging_mixin.py:188} INFO - [2026-01-29T00:05:45.114+0000] {dag.py:3947} INFO - Setting next_dagrun for example_sla_dag to 2026-01-29 00:02:00+00:00, run_after=2026-01-29 00:04:00+00:00
[2026-01-29T00:05:45.134+0000] {processor.py:183} INFO - Processing /home/airflow/.local/lib/python3.12/site-packages/airflow/example_dags/example_sla_dag.py took 0.094 seconds
[2026-01-29T00:06:15.715+0000] {processor.py:161} INFO - Started process (PID=63123) to work on /home/airflow/.local/lib/python3.12/site-packages/airflow/example_dags/example_sla_dag.py
[2026-01-29T00:06:15.716+0000] {processor.py:830} INFO - Processing file /home/airflow/.local/lib/python3.12/site-packages/airflow/example_dags/example_sla_dag.py for tasks to queue
[2026-01-29T00:06:15.718+0000] {logging_mixin.py:188} INFO - [2026-01-29T00:06:15.717+0000] {dagbag.py:545} INFO - Filling up the DagBag from /home/airflow/.local/lib/python3.12/site-packages/airflow/example_dags/example_sla_dag.py
[2026-01-29T00:06:15.728+0000] {processor.py:840} INFO - DAG(s) 'example_sla_dag' retrieved from /home/airflow/.local/lib/python3.12/site-packages/airflow/example_dags/example_sla_dag.py
[2026-01-29T00:06:15.748+0000] {logging_mixin.py:188} INFO - [2026-01-29T00:06:15.748+0000] {dag.py:3089} INFO - Sync 1 DAGs
[2026-01-29T00:06:15.776+0000] {logging_mixin.py:188} INFO - [2026-01-29T00:06:15.776+0000] {dag.py:3947} INFO - Setting next_dagrun for example_sla_dag to 2026-01-29 00:04:00+00:00, run_after=2026-01-29 00:06:00+00:00
[2026-01-29T00:06:15.796+0000] {processor.py:183} INFO - Processing /home/airflow/.local/lib/python3.12/site-packages/airflow/example_dags/example_sla_dag.py took 0.088 seconds
[2026-01-29T00:06:46.438+0000] {processor.py:161} INFO - Started process (PID=63182) to work on /home/airflow/.local/lib/python3.12/site-packages/airflow/example_dags/example_sla_dag.py
[2026-01-29T00:06:46.439+0000] {processor.py:830} INFO - Processing file /home/airflow/.local/lib/python3.12/site-packages/airflow/example_dags/example_sla_dag.py for tasks to queue
[2026-01-29T00:06:46.441+0000] {logging_mixin.py:188} INFO - [2026-01-29T00:06:46.441+0000] {dagbag.py:545} INFO - Filling up the DagBag from /home/airflow/.local/lib/python3.12/site-packages/airflow/example_dags/example_sla_dag.py
[2026-01-29T00:06:46.452+0000] {processor.py:840} INFO - DAG(s) 'example_sla_dag' retrieved from /home/airflow/.local/lib/python3.12/site-packages/airflow/example_dags/example_sla_dag.py
[2026-01-29T00:06:46.477+0000] {logging_mixin.py:188} INFO - [2026-01-29T00:06:46.477+0000] {dag.py:3089} INFO - Sync 1 DAGs
[2026-01-29T00:06:46.514+0000] {logging_mixin.py:188} INFO - [2026-01-29T00:06:46.513+0000] {dag.py:3947} INFO - Setting next_dagrun for example_sla_dag to 2026-01-29 00:04:00+00:00, run_after=2026-01-29 00:06:00+00:00
[2026-01-29T00:06:46.536+0000] {processor.py:183} INFO - Processing /home/airflow/.local/lib/python3.12/site-packages/airflow/example_dags/example_sla_dag.py took 0.105 seconds
[2026-01-29T00:07:17.256+0000] {processor.py:161} INFO - Started process (PID=63246) to work on /home/airflow/.local/lib/python3.12/site-packages/airflow/example_dags/example_sla_dag.py
[2026-01-29T00:07:17.257+0000] {processor.py:830} INFO - Processing file /home/airflow/.local/lib/python3.12/site-packages/airflow/example_dags/example_sla_dag.py for tasks to queue
[2026-01-29T00:07:17.259+0000] {logging_mixin.py:188} INFO - [2026-01-29T00:07:17.258+0000] {dagbag.py:545} INFO - Filling up the DagBag from /home/airflow/.local/lib/python3.12/site-packages/airflow/example_dags/example_sla_dag.py
[2026-01-29T00:07:17.269+0000] {processor.py:840} INFO - DAG(s) 'example_sla_dag' retrieved from /home/airflow/.local/lib/python3.12/site-packages/airflow/example_dags/example_sla_dag.py
[2026-01-29T00:07:17.288+0000] {logging_mixin.py:188} INFO - [2026-01-29T00:07:17.288+0000] {dag.py:3089} INFO - Sync 1 DAGs
[2026-01-29T00:07:17.315+0000] {logging_mixin.py:188} INFO - [2026-01-29T00:07:17.315+0000] {dag.py:3947} INFO - Setting next_dagrun for example_sla_dag to 2026-01-29 00:04:00+00:00, run_after=2026-01-29 00:06:00+00:00
[2026-01-29T00:07:17.333+0000] {processor.py:183} INFO - Processing /home/airflow/.local/lib/python3.12/site-packages/airflow/example_dags/example_sla_dag.py took 0.085 seconds
[2026-01-29T00:07:47.787+0000] {processor.py:161} INFO - Started process (PID=63305) to work on /home/airflow/.local/lib/python3.12/site-packages/airflow/example_dags/example_sla_dag.py
[2026-01-29T00:07:47.788+0000] {processor.py:830} INFO - Processing file /home/airflow/.local/lib/python3.12/site-packages/airflow/example_dags/example_sla_dag.py for tasks to queue
[2026-01-29T00:07:47.789+0000] {logging_mixin.py:188} INFO - [2026-01-29T00:07:47.789+0000] {dagbag.py:545} INFO - Filling up the DagBag from /home/airflow/.local/lib/python3.12/site-packages/airflow/example_dags/example_sla_dag.py
[2026-01-29T00:07:47.799+0000] {processor.py:840} INFO - DAG(s) 'example_sla_dag' retrieved from /home/airflow/.local/lib/python3.12/site-packages/airflow/example_dags/example_sla_dag.py
[2026-01-29T00:07:47.819+0000] {logging_mixin.py:188} INFO - [2026-01-29T00:07:47.818+0000] {dag.py:3089} INFO - Sync 1 DAGs
[2026-01-29T00:07:47.844+0000] {logging_mixin.py:188} INFO - [2026-01-29T00:07:47.844+0000] {dag.py:3947} INFO - Setting next_dagrun for example_sla_dag to 2026-01-29 00:04:00+00:00, run_after=2026-01-29 00:06:00+00:00
[2026-01-29T00:07:47.864+0000] {processor.py:183} INFO - Processing /home/airflow/.local/lib/python3.12/site-packages/airflow/example_dags/example_sla_dag.py took 0.087 seconds
[2026-01-29T00:08:18.348+0000] {processor.py:161} INFO - Started process (PID=63369) to work on /home/airflow/.local/lib/python3.12/site-packages/airflow/example_dags/example_sla_dag.py
[2026-01-29T00:08:18.349+0000] {processor.py:830} INFO - Processing file /home/airflow/.local/lib/python3.12/site-packages/airflow/example_dags/example_sla_dag.py for tasks to queue
[2026-01-29T00:08:18.351+0000] {logging_mixin.py:188} INFO - [2026-01-29T00:08:18.351+0000] {dagbag.py:545} INFO - Filling up the DagBag from /home/airflow/.local/lib/python3.12/site-packages/airflow/example_dags/example_sla_dag.py
[2026-01-29T00:08:18.361+0000] {processor.py:840} INFO - DAG(s) 'example_sla_dag' retrieved from /home/airflow/.local/lib/python3.12/site-packages/airflow/example_dags/example_sla_dag.py
[2026-01-29T00:08:18.381+0000] {logging_mixin.py:188} INFO - [2026-01-29T00:08:18.381+0000] {dag.py:3089} INFO - Sync 1 DAGs
[2026-01-29T00:08:18.410+0000] {logging_mixin.py:188} INFO - [2026-01-29T00:08:18.410+0000] {dag.py:3947} INFO - Setting next_dagrun for example_sla_dag to 2026-01-29 00:06:00+00:00, run_after=2026-01-29 00:08:00+00:00
[2026-01-29T00:08:18.431+0000] {processor.py:183} INFO - Processing /home/airflow/.local/lib/python3.12/site-packages/airflow/example_dags/example_sla_dag.py took 0.090 seconds
[2026-01-29T00:08:49.003+0000] {processor.py:161} INFO - Started process (PID=63428) to work on /home/airflow/.local/lib/python3.12/site-packages/airflow/example_dags/example_sla_dag.py
[2026-01-29T00:08:49.004+0000] {processor.py:830} INFO - Processing file /home/airflow/.local/lib/python3.12/site-packages/airflow/example_dags/example_sla_dag.py for tasks to queue
[2026-01-29T00:08:49.005+0000] {logging_mixin.py:188} INFO - [2026-01-29T00:08:49.005+0000] {dagbag.py:545} INFO - Filling up the DagBag from /home/airflow/.local/lib/python3.12/site-packages/airflow/example_dags/example_sla_dag.py
[2026-01-29T00:08:49.014+0000] {processor.py:840} INFO - DAG(s) 'example_sla_dag' retrieved from /home/airflow/.local/lib/python3.12/site-packages/airflow/example_dags/example_sla_dag.py
[2026-01-29T00:08:49.034+0000] {logging_mixin.py:188} INFO - [2026-01-29T00:08:49.034+0000] {dag.py:3089} INFO - Sync 1 DAGs
[2026-01-29T00:08:49.061+0000] {logging_mixin.py:188} INFO - [2026-01-29T00:08:49.061+0000] {dag.py:3947} INFO - Setting next_dagrun for example_sla_dag to 2026-01-29 00:06:00+00:00, run_after=2026-01-29 00:08:00+00:00
[2026-01-29T00:08:49.081+0000] {processor.py:183} INFO - Processing /home/airflow/.local/lib/python3.12/site-packages/airflow/example_dags/example_sla_dag.py took 0.084 seconds
[2026-01-29T00:09:19.568+0000] {processor.py:161} INFO - Started process (PID=63492) to work on /home/airflow/.local/lib/python3.12/site-packages/airflow/example_dags/example_sla_dag.py
[2026-01-29T00:09:19.569+0000] {processor.py:830} INFO - Processing file /home/airflow/.local/lib/python3.12/site-packages/airflow/example_dags/example_sla_dag.py for tasks to queue
[2026-01-29T00:09:19.570+0000] {logging_mixin.py:188} INFO - [2026-01-29T00:09:19.570+0000] {dagbag.py:545} INFO - Filling up the DagBag from /home/airflow/.local/lib/python3.12/site-packages/airflow/example_dags/example_sla_dag.py
[2026-01-29T00:09:19.579+0000] {processor.py:840} INFO - DAG(s) 'example_sla_dag' retrieved from /home/airflow/.local/lib/python3.12/site-packages/airflow/example_dags/example_sla_dag.py
[2026-01-29T00:09:19.598+0000] {logging_mixin.py:188} INFO - [2026-01-29T00:09:19.598+0000] {dag.py:3089} INFO - Sync 1 DAGs
[2026-01-29T00:09:19.625+0000] {logging_mixin.py:188} INFO - [2026-01-29T00:09:19.625+0000] {dag.py:3947} INFO - Setting next_dagrun for example_sla_dag to 2026-01-29 00:06:00+00:00, run_after=2026-01-29 00:08:00+00:00
[2026-01-29T00:09:19.645+0000] {processor.py:183} INFO - Processing /home/airflow/.local/lib/python3.12/site-packages/airflow/example_dags/example_sla_dag.py took 0.083 seconds
[2026-01-29T00:09:50.159+0000] {processor.py:161} INFO - Started process (PID=63551) to work on /home/airflow/.local/lib/python3.12/site-packages/airflow/example_dags/example_sla_dag.py
[2026-01-29T00:09:50.160+0000] {processor.py:830} INFO - Processing file /home/airflow/.local/lib/python3.12/site-packages/airflow/example_dags/example_sla_dag.py for tasks to queue
[2026-01-29T00:09:50.162+0000] {logging_mixin.py:188} INFO - [2026-01-29T00:09:50.161+0000] {dagbag.py:545} INFO - Filling up the DagBag from /home/airflow/.local/lib/python3.12/site-packages/airflow/example_dags/example_sla_dag.py
[2026-01-29T00:09:50.172+0000] {processor.py:840} INFO - DAG(s) 'example_sla_dag' retrieved from /home/airflow/.local/lib/python3.12/site-packages/airflow/example_dags/example_sla_dag.py
[2026-01-29T00:09:50.190+0000] {logging_mixin.py:188} INFO - [2026-01-29T00:09:50.190+0000] {dag.py:3089} INFO - Sync 1 DAGs
[2026-01-29T00:09:50.216+0000] {logging_mixin.py:188} INFO - [2026-01-29T00:09:50.216+0000] {dag.py:3947} INFO - Setting next_dagrun for example_sla_dag to 2026-01-29 00:06:00+00:00, run_after=2026-01-29 00:08:00+00:00
[2026-01-29T00:09:50.234+0000] {processor.py:183} INFO - Processing /home/airflow/.local/lib/python3.12/site-packages/airflow/example_dags/example_sla_dag.py took 0.083 seconds
[2026-01-29T00:10:20.698+0000] {processor.py:161} INFO - Started process (PID=63615) to work on /home/airflow/.local/lib/python3.12/site-packages/airflow/example_dags/example_sla_dag.py
[2026-01-29T00:10:20.699+0000] {processor.py:830} INFO - Processing file /home/airflow/.local/lib/python3.12/site-packages/airflow/example_dags/example_sla_dag.py for tasks to queue
[2026-01-29T00:10:20.701+0000] {logging_mixin.py:188} INFO - [2026-01-29T00:10:20.700+0000] {dagbag.py:545} INFO - Filling up the DagBag from /home/airflow/.local/lib/python3.12/site-packages/airflow/example_dags/example_sla_dag.py
[2026-01-29T00:10:20.711+0000] {processor.py:840} INFO - DAG(s) 'example_sla_dag' retrieved from /home/airflow/.local/lib/python3.12/site-packages/airflow/example_dags/example_sla_dag.py
[2026-01-29T00:10:20.733+0000] {logging_mixin.py:188} INFO - [2026-01-29T00:10:20.732+0000] {dag.py:3089} INFO - Sync 1 DAGs
[2026-01-29T00:10:20.760+0000] {logging_mixin.py:188} INFO - [2026-01-29T00:10:20.760+0000] {dag.py:3947} INFO - Setting next_dagrun for example_sla_dag to 2026-01-29 00:08:00+00:00, run_after=2026-01-29 00:10:00+00:00
[2026-01-29T00:10:20.780+0000] {processor.py:183} INFO - Processing /home/airflow/.local/lib/python3.12/site-packages/airflow/example_dags/example_sla_dag.py took 0.089 seconds
[2026-01-29T00:10:51.446+0000] {processor.py:161} INFO - Started process (PID=63674) to work on /home/airflow/.local/lib/python3.12/site-packages/airflow/example_dags/example_sla_dag.py
[2026-01-29T00:10:51.448+0000] {processor.py:830} INFO - Processing file /home/airflow/.local/lib/python3.12/site-packages/airflow/example_dags/example_sla_dag.py for tasks to queue
[2026-01-29T00:10:51.450+0000] {logging_mixin.py:188} INFO - [2026-01-29T00:10:51.449+0000] {dagbag.py:545} INFO - Filling up the DagBag from /home/airflow/.local/lib/python3.12/site-packages/airflow/example_dags/example_sla_dag.py
[2026-01-29T00:10:51.460+0000] {processor.py:840} INFO - DAG(s) 'example_sla_dag' retrieved from /home/airflow/.local/lib/python3.12/site-packages/airflow/example_dags/example_sla_dag.py
[2026-01-29T00:10:51.484+0000] {logging_mixin.py:188} INFO - [2026-01-29T00:10:51.484+0000] {dag.py:3089} INFO - Sync 1 DAGs
[2026-01-29T00:10:51.510+0000] {logging_mixin.py:188} INFO - [2026-01-29T00:10:51.510+0000] {dag.py:3947} INFO - Setting next_dagrun for example_sla_dag to 2026-01-29 00:08:00+00:00, run_after=2026-01-29 00:10:00+00:00
[2026-01-29T00:10:51.528+0000] {processor.py:183} INFO - Processing /home/airflow/.local/lib/python3.12/site-packages/airflow/example_dags/example_sla_dag.py took 0.090 seconds
[2026-01-29T00:11:22.180+0000] {processor.py:161} INFO - Started process (PID=63738) to work on /home/airflow/.local/lib/python3.12/site-packages/airflow/example_dags/example_sla_dag.py
[2026-01-29T00:11:22.181+0000] {processor.py:830} INFO - Processing file /home/airflow/.local/lib/python3.12/site-packages/airflow/example_dags/example_sla_dag.py for tasks to queue
[2026-01-29T00:11:22.182+0000] {logging_mixin.py:188} INFO - [2026-01-29T00:11:22.182+0000] {dagbag.py:545} INFO - Filling up the DagBag from /home/airflow/.local/lib/python3.12/site-packages/airflow/example_dags/example_sla_dag.py
[2026-01-29T00:11:22.191+0000] {processor.py:840} INFO - DAG(s) 'example_sla_dag' retrieved from /home/airflow/.local/lib/python3.12/site-packages/airflow/example_dags/example_sla_dag.py
[2026-01-29T00:11:22.210+0000] {logging_mixin.py:188} INFO - [2026-01-29T00:11:22.209+0000] {dag.py:3089} INFO - Sync 1 DAGs
[2026-01-29T00:11:22.236+0000] {logging_mixin.py:188} INFO - [2026-01-29T00:11:22.236+0000] {dag.py:3947} INFO - Setting next_dagrun for example_sla_dag to 2026-01-29 00:08:00+00:00, run_after=2026-01-29 00:10:00+00:00
[2026-01-29T00:11:22.254+0000] {processor.py:183} INFO - Processing /home/airflow/.local/lib/python3.12/site-packages/airflow/example_dags/example_sla_dag.py took 0.080 seconds
[2026-01-29T00:11:52.864+0000] {processor.py:161} INFO - Started process (PID=63797) to work on /home/airflow/.local/lib/python3.12/site-packages/airflow/example_dags/example_sla_dag.py
[2026-01-29T00:11:52.866+0000] {processor.py:830} INFO - Processing file /home/airflow/.local/lib/python3.12/site-packages/airflow/example_dags/example_sla_dag.py for tasks to queue
[2026-01-29T00:11:52.869+0000] {logging_mixin.py:188} INFO - [2026-01-29T00:11:52.868+0000] {dagbag.py:545} INFO - Filling up the DagBag from /home/airflow/.local/lib/python3.12/site-packages/airflow/example_dags/example_sla_dag.py
[2026-01-29T00:11:52.883+0000] {processor.py:840} INFO - DAG(s) 'example_sla_dag' retrieved from /home/airflow/.local/lib/python3.12/site-packages/airflow/example_dags/example_sla_dag.py
[2026-01-29T00:11:52.903+0000] {logging_mixin.py:188} INFO - [2026-01-29T00:11:52.903+0000] {dag.py:3089} INFO - Sync 1 DAGs
[2026-01-29T00:11:52.930+0000] {logging_mixin.py:188} INFO - [2026-01-29T00:11:52.929+0000] {dag.py:3947} INFO - Setting next_dagrun for example_sla_dag to 2026-01-29 00:08:00+00:00, run_after=2026-01-29 00:10:00+00:00
[2026-01-29T00:11:52.950+0000] {processor.py:183} INFO - Processing /home/airflow/.local/lib/python3.12/site-packages/airflow/example_dags/example_sla_dag.py took 0.097 seconds
[2026-01-29T00:12:23.525+0000] {processor.py:161} INFO - Started process (PID=63861) to work on /home/airflow/.local/lib/python3.12/site-packages/airflow/example_dags/example_sla_dag.py
[2026-01-29T00:12:23.526+0000] {processor.py:830} INFO - Processing file /home/airflow/.local/lib/python3.12/site-packages/airflow/example_dags/example_sla_dag.py for tasks to queue
[2026-01-29T00:12:23.528+0000] {logging_mixin.py:188} INFO - [2026-01-29T00:12:23.528+0000] {dagbag.py:545} INFO - Filling up the DagBag from /home/airflow/.local/lib/python3.12/site-packages/airflow/example_dags/example_sla_dag.py
[2026-01-29T00:12:23.538+0000] {processor.py:840} INFO - DAG(s) 'example_sla_dag' retrieved from /home/airflow/.local/lib/python3.12/site-packages/airflow/example_dags/example_sla_dag.py
[2026-01-29T00:12:23.559+0000] {logging_mixin.py:188} INFO - [2026-01-29T00:12:23.559+0000] {dag.py:3089} INFO - Sync 1 DAGs
[2026-01-29T00:12:23.586+0000] {logging_mixin.py:188} INFO - [2026-01-29T00:12:23.586+0000] {dag.py:3947} INFO - Setting next_dagrun for example_sla_dag to 2026-01-29 00:10:00+00:00, run_after=2026-01-29 00:12:00+00:00
[2026-01-29T00:12:23.605+0000] {processor.py:183} INFO - Processing /home/airflow/.local/lib/python3.12/site-packages/airflow/example_dags/example_sla_dag.py took 0.087 seconds
[2026-01-29T00:12:54.164+0000] {processor.py:161} INFO - Started process (PID=63920) to work on /home/airflow/.local/lib/python3.12/site-packages/airflow/example_dags/example_sla_dag.py
[2026-01-29T00:12:54.165+0000] {processor.py:830} INFO - Processing file /home/airflow/.local/lib/python3.12/site-packages/airflow/example_dags/example_sla_dag.py for tasks to queue
[2026-01-29T00:12:54.167+0000] {logging_mixin.py:188} INFO - [2026-01-29T00:12:54.166+0000] {dagbag.py:545} INFO - Filling up the DagBag from /home/airflow/.local/lib/python3.12/site-packages/airflow/example_dags/example_sla_dag.py
[2026-01-29T00:12:54.177+0000] {processor.py:840} INFO - DAG(s) 'example_sla_dag' retrieved from /home/airflow/.local/lib/python3.12/site-packages/airflow/example_dags/example_sla_dag.py
[2026-01-29T00:12:54.203+0000] {logging_mixin.py:188} INFO - [2026-01-29T00:12:54.202+0000] {dag.py:3089} INFO - Sync 1 DAGs
[2026-01-29T00:12:54.233+0000] {logging_mixin.py:188} INFO - [2026-01-29T00:12:54.233+0000] {dag.py:3947} INFO - Setting next_dagrun for example_sla_dag to 2026-01-29 00:10:00+00:00, run_after=2026-01-29 00:12:00+00:00
[2026-01-29T00:12:54.253+0000] {processor.py:183} INFO - Processing /home/airflow/.local/lib/python3.12/site-packages/airflow/example_dags/example_sla_dag.py took 0.097 seconds
[2026-01-29T00:13:24.711+0000] {processor.py:161} INFO - Started process (PID=63984) to work on /home/airflow/.local/lib/python3.12/site-packages/airflow/example_dags/example_sla_dag.py
[2026-01-29T00:13:24.712+0000] {processor.py:830} INFO - Processing file /home/airflow/.local/lib/python3.12/site-packages/airflow/example_dags/example_sla_dag.py for tasks to queue
[2026-01-29T00:13:24.714+0000] {logging_mixin.py:188} INFO - [2026-01-29T00:13:24.713+0000] {dagbag.py:545} INFO - Filling up the DagBag from /home/airflow/.local/lib/python3.12/site-packages/airflow/example_dags/example_sla_dag.py
[2026-01-29T00:13:24.724+0000] {processor.py:840} INFO - DAG(s) 'example_sla_dag' retrieved from /home/airflow/.local/lib/python3.12/site-packages/airflow/example_dags/example_sla_dag.py
[2026-01-29T00:13:24.744+0000] {logging_mixin.py:188} INFO - [2026-01-29T00:13:24.744+0000] {dag.py:3089} INFO - Sync 1 DAGs
[2026-01-29T00:13:24.772+0000] {logging_mixin.py:188} INFO - [2026-01-29T00:13:24.772+0000] {dag.py:3947} INFO - Setting next_dagrun for example_sla_dag to 2026-01-29 00:10:00+00:00, run_after=2026-01-29 00:12:00+00:00
[2026-01-29T00:13:24.792+0000] {processor.py:183} INFO - Processing /home/airflow/.local/lib/python3.12/site-packages/airflow/example_dags/example_sla_dag.py took 0.089 seconds
[2026-01-29T00:13:55.355+0000] {processor.py:161} INFO - Started process (PID=64043) to work on /home/airflow/.local/lib/python3.12/site-packages/airflow/example_dags/example_sla_dag.py
[2026-01-29T00:13:55.356+0000] {processor.py:830} INFO - Processing file /home/airflow/.local/lib/python3.12/site-packages/airflow/example_dags/example_sla_dag.py for tasks to queue
[2026-01-29T00:13:55.358+0000] {logging_mixin.py:188} INFO - [2026-01-29T00:13:55.358+0000] {dagbag.py:545} INFO - Filling up the DagBag from /home/airflow/.local/lib/python3.12/site-packages/airflow/example_dags/example_sla_dag.py
[2026-01-29T00:13:55.369+0000] {processor.py:840} INFO - DAG(s) 'example_sla_dag' retrieved from /home/airflow/.local/lib/python3.12/site-packages/airflow/example_dags/example_sla_dag.py
[2026-01-29T00:13:55.387+0000] {logging_mixin.py:188} INFO - [2026-01-29T00:13:55.387+0000] {dag.py:3089} INFO - Sync 1 DAGs
[2026-01-29T00:13:55.412+0000] {logging_mixin.py:188} INFO - [2026-01-29T00:13:55.412+0000] {dag.py:3947} INFO - Setting next_dagrun for example_sla_dag to 2026-01-29 00:10:00+00:00, run_after=2026-01-29 00:12:00+00:00
[2026-01-29T00:13:55.431+0000] {processor.py:183} INFO - Processing /home/airflow/.local/lib/python3.12/site-packages/airflow/example_dags/example_sla_dag.py took 0.084 seconds
[2026-01-29T00:14:26.003+0000] {processor.py:161} INFO - Started process (PID=64113) to work on /home/airflow/.local/lib/python3.12/site-packages/airflow/example_dags/example_sla_dag.py
[2026-01-29T00:14:26.004+0000] {processor.py:830} INFO - Processing file /home/airflow/.local/lib/python3.12/site-packages/airflow/example_dags/example_sla_dag.py for tasks to queue
[2026-01-29T00:14:26.006+0000] {logging_mixin.py:188} INFO - [2026-01-29T00:14:26.006+0000] {dagbag.py:545} INFO - Filling up the DagBag from /home/airflow/.local/lib/python3.12/site-packages/airflow/example_dags/example_sla_dag.py
[2026-01-29T00:14:26.016+0000] {processor.py:840} INFO - DAG(s) 'example_sla_dag' retrieved from /home/airflow/.local/lib/python3.12/site-packages/airflow/example_dags/example_sla_dag.py
[2026-01-29T00:14:26.038+0000] {logging_mixin.py:188} INFO - [2026-01-29T00:14:26.038+0000] {dag.py:3089} INFO - Sync 1 DAGs
[2026-01-29T00:14:26.066+0000] {logging_mixin.py:188} INFO - [2026-01-29T00:14:26.065+0000] {dag.py:3947} INFO - Setting next_dagrun for example_sla_dag to 2026-01-29 00:12:00+00:00, run_after=2026-01-29 00:14:00+00:00
[2026-01-29T00:14:26.086+0000] {processor.py:183} INFO - Processing /home/airflow/.local/lib/python3.12/site-packages/airflow/example_dags/example_sla_dag.py took 0.091 seconds
[2026-01-29T00:14:56.630+0000] {processor.py:161} INFO - Started process (PID=64172) to work on /home/airflow/.local/lib/python3.12/site-packages/airflow/example_dags/example_sla_dag.py
[2026-01-29T00:14:56.631+0000] {processor.py:830} INFO - Processing file /home/airflow/.local/lib/python3.12/site-packages/airflow/example_dags/example_sla_dag.py for tasks to queue
[2026-01-29T00:14:56.633+0000] {logging_mixin.py:188} INFO - [2026-01-29T00:14:56.633+0000] {dagbag.py:545} INFO - Filling up the DagBag from /home/airflow/.local/lib/python3.12/site-packages/airflow/example_dags/example_sla_dag.py
[2026-01-29T00:14:56.644+0000] {processor.py:840} INFO - DAG(s) 'example_sla_dag' retrieved from /home/airflow/.local/lib/python3.12/site-packages/airflow/example_dags/example_sla_dag.py
[2026-01-29T00:14:56.666+0000] {logging_mixin.py:188} INFO - [2026-01-29T00:14:56.666+0000] {dag.py:3089} INFO - Sync 1 DAGs
[2026-01-29T00:14:56.694+0000] {logging_mixin.py:188} INFO - [2026-01-29T00:14:56.694+0000] {dag.py:3947} INFO - Setting next_dagrun for example_sla_dag to 2026-01-29 00:12:00+00:00, run_after=2026-01-29 00:14:00+00:00
[2026-01-29T00:14:56.714+0000] {processor.py:183} INFO - Processing /home/airflow/.local/lib/python3.12/site-packages/airflow/example_dags/example_sla_dag.py took 0.092 seconds
[2026-01-29T00:15:27.363+0000] {processor.py:161} INFO - Started process (PID=64236) to work on /home/airflow/.local/lib/python3.12/site-packages/airflow/example_dags/example_sla_dag.py
[2026-01-29T00:15:27.364+0000] {processor.py:830} INFO - Processing file /home/airflow/.local/lib/python3.12/site-packages/airflow/example_dags/example_sla_dag.py for tasks to queue
[2026-01-29T00:15:27.366+0000] {logging_mixin.py:188} INFO - [2026-01-29T00:15:27.366+0000] {dagbag.py:545} INFO - Filling up the DagBag from /home/airflow/.local/lib/python3.12/site-packages/airflow/example_dags/example_sla_dag.py
[2026-01-29T00:15:27.377+0000] {processor.py:840} INFO - DAG(s) 'example_sla_dag' retrieved from /home/airflow/.local/lib/python3.12/site-packages/airflow/example_dags/example_sla_dag.py
[2026-01-29T00:15:27.397+0000] {logging_mixin.py:188} INFO - [2026-01-29T00:15:27.396+0000] {dag.py:3089} INFO - Sync 1 DAGs
[2026-01-29T00:15:27.424+0000] {logging_mixin.py:188} INFO - [2026-01-29T00:15:27.423+0000] {dag.py:3947} INFO - Setting next_dagrun for example_sla_dag to 2026-01-29 00:12:00+00:00, run_after=2026-01-29 00:14:00+00:00
[2026-01-29T00:15:27.443+0000] {processor.py:183} INFO - Processing /home/airflow/.local/lib/python3.12/site-packages/airflow/example_dags/example_sla_dag.py took 0.087 seconds
[2026-01-29T00:15:58.010+0000] {processor.py:161} INFO - Started process (PID=64295) to work on /home/airflow/.local/lib/python3.12/site-packages/airflow/example_dags/example_sla_dag.py
[2026-01-29T00:15:58.011+0000] {processor.py:830} INFO - Processing file /home/airflow/.local/lib/python3.12/site-packages/airflow/example_dags/example_sla_dag.py for tasks to queue
[2026-01-29T00:15:58.013+0000] {logging_mixin.py:188} INFO - [2026-01-29T00:15:58.013+0000] {dagbag.py:545} INFO - Filling up the DagBag from /home/airflow/.local/lib/python3.12/site-packages/airflow/example_dags/example_sla_dag.py
[2026-01-29T00:15:58.022+0000] {processor.py:840} INFO - DAG(s) 'example_sla_dag' retrieved from /home/airflow/.local/lib/python3.12/site-packages/airflow/example_dags/example_sla_dag.py
[2026-01-29T00:15:58.042+0000] {logging_mixin.py:188} INFO - [2026-01-29T00:15:58.041+0000] {dag.py:3089} INFO - Sync 1 DAGs
[2026-01-29T00:15:58.068+0000] {logging_mixin.py:188} INFO - [2026-01-29T00:15:58.068+0000] {dag.py:3947} INFO - Setting next_dagrun for example_sla_dag to 2026-01-29 00:12:00+00:00, run_after=2026-01-29 00:14:00+00:00
[2026-01-29T00:15:58.088+0000] {processor.py:183} INFO - Processing /home/airflow/.local/lib/python3.12/site-packages/airflow/example_dags/example_sla_dag.py took 0.084 seconds
[2026-01-29T00:16:28.749+0000] {processor.py:161} INFO - Started process (PID=64359) to work on /home/airflow/.local/lib/python3.12/site-packages/airflow/example_dags/example_sla_dag.py
[2026-01-29T00:16:28.750+0000] {processor.py:830} INFO - Processing file /home/airflow/.local/lib/python3.12/site-packages/airflow/example_dags/example_sla_dag.py for tasks to queue
[2026-01-29T00:16:28.752+0000] {logging_mixin.py:188} INFO - [2026-01-29T00:16:28.751+0000] {dagbag.py:545} INFO - Filling up the DagBag from /home/airflow/.local/lib/python3.12/site-packages/airflow/example_dags/example_sla_dag.py
[2026-01-29T00:16:28.761+0000] {processor.py:840} INFO - DAG(s) 'example_sla_dag' retrieved from /home/airflow/.local/lib/python3.12/site-packages/airflow/example_dags/example_sla_dag.py
[2026-01-29T00:16:28.788+0000] {logging_mixin.py:188} INFO - [2026-01-29T00:16:28.787+0000] {dag.py:3089} INFO - Sync 1 DAGs
[2026-01-29T00:16:28.830+0000] {logging_mixin.py:188} INFO - [2026-01-29T00:16:28.829+0000] {dag.py:3947} INFO - Setting next_dagrun for example_sla_dag to 2026-01-29 00:14:00+00:00, run_after=2026-01-29 00:16:00+00:00
[2026-01-29T00:16:28.856+0000] {processor.py:183} INFO - Processing /home/airflow/.local/lib/python3.12/site-packages/airflow/example_dags/example_sla_dag.py took 0.114 seconds
[2026-01-29T00:16:59.447+0000] {processor.py:161} INFO - Started process (PID=64418) to work on /home/airflow/.local/lib/python3.12/site-packages/airflow/example_dags/example_sla_dag.py
[2026-01-29T00:16:59.448+0000] {processor.py:830} INFO - Processing file /home/airflow/.local/lib/python3.12/site-packages/airflow/example_dags/example_sla_dag.py for tasks to queue
[2026-01-29T00:16:59.450+0000] {logging_mixin.py:188} INFO - [2026-01-29T00:16:59.450+0000] {dagbag.py:545} INFO - Filling up the DagBag from /home/airflow/.local/lib/python3.12/site-packages/airflow/example_dags/example_sla_dag.py
[2026-01-29T00:16:59.460+0000] {processor.py:840} INFO - DAG(s) 'example_sla_dag' retrieved from /home/airflow/.local/lib/python3.12/site-packages/airflow/example_dags/example_sla_dag.py
[2026-01-29T00:16:59.481+0000] {logging_mixin.py:188} INFO - [2026-01-29T00:16:59.481+0000] {dag.py:3089} INFO - Sync 1 DAGs
[2026-01-29T00:16:59.509+0000] {logging_mixin.py:188} INFO - [2026-01-29T00:16:59.509+0000] {dag.py:3947} INFO - Setting next_dagrun for example_sla_dag to 2026-01-29 00:14:00+00:00, run_after=2026-01-29 00:16:00+00:00
[2026-01-29T00:16:59.528+0000] {processor.py:183} INFO - Processing /home/airflow/.local/lib/python3.12/site-packages/airflow/example_dags/example_sla_dag.py took 0.088 seconds
[2026-01-29T00:17:30.196+0000] {processor.py:161} INFO - Started process (PID=64482) to work on /home/airflow/.local/lib/python3.12/site-packages/airflow/example_dags/example_sla_dag.py
[2026-01-29T00:17:30.196+0000] {processor.py:830} INFO - Processing file /home/airflow/.local/lib/python3.12/site-packages/airflow/example_dags/example_sla_dag.py for tasks to queue
[2026-01-29T00:17:30.198+0000] {logging_mixin.py:188} INFO - [2026-01-29T00:17:30.198+0000] {dagbag.py:545} INFO - Filling up the DagBag from /home/airflow/.local/lib/python3.12/site-packages/airflow/example_dags/example_sla_dag.py
[2026-01-29T00:17:30.207+0000] {processor.py:840} INFO - DAG(s) 'example_sla_dag' retrieved from /home/airflow/.local/lib/python3.12/site-packages/airflow/example_dags/example_sla_dag.py
[2026-01-29T00:17:30.227+0000] {logging_mixin.py:188} INFO - [2026-01-29T00:17:30.227+0000] {dag.py:3089} INFO - Sync 1 DAGs
[2026-01-29T00:17:30.255+0000] {logging_mixin.py:188} INFO - [2026-01-29T00:17:30.254+0000] {dag.py:3947} INFO - Setting next_dagrun for example_sla_dag to 2026-01-29 00:14:00+00:00, run_after=2026-01-29 00:16:00+00:00
[2026-01-29T00:17:30.274+0000] {processor.py:183} INFO - Processing /home/airflow/.local/lib/python3.12/site-packages/airflow/example_dags/example_sla_dag.py took 0.085 seconds
[2026-01-29T00:18:00.782+0000] {processor.py:161} INFO - Started process (PID=64546) to work on /home/airflow/.local/lib/python3.12/site-packages/airflow/example_dags/example_sla_dag.py
[2026-01-29T00:18:00.783+0000] {processor.py:830} INFO - Processing file /home/airflow/.local/lib/python3.12/site-packages/airflow/example_dags/example_sla_dag.py for tasks to queue
[2026-01-29T00:18:00.786+0000] {logging_mixin.py:188} INFO - [2026-01-29T00:18:00.785+0000] {dagbag.py:545} INFO - Filling up the DagBag from /home/airflow/.local/lib/python3.12/site-packages/airflow/example_dags/example_sla_dag.py
[2026-01-29T00:18:00.800+0000] {processor.py:840} INFO - DAG(s) 'example_sla_dag' retrieved from /home/airflow/.local/lib/python3.12/site-packages/airflow/example_dags/example_sla_dag.py
[2026-01-29T00:18:00.826+0000] {logging_mixin.py:188} INFO - [2026-01-29T00:18:00.825+0000] {dag.py:3089} INFO - Sync 1 DAGs
[2026-01-29T00:18:00.863+0000] {logging_mixin.py:188} INFO - [2026-01-29T00:18:00.863+0000] {dag.py:3947} INFO - Setting next_dagrun for example_sla_dag to 2026-01-29 00:16:00+00:00, run_after=2026-01-29 00:18:00+00:00
[2026-01-29T00:18:00.887+0000] {processor.py:183} INFO - Processing /home/airflow/.local/lib/python3.12/site-packages/airflow/example_dags/example_sla_dag.py took 0.116 seconds
[2026-01-29T00:18:31.555+0000] {processor.py:161} INFO - Started process (PID=64605) to work on /home/airflow/.local/lib/python3.12/site-packages/airflow/example_dags/example_sla_dag.py
[2026-01-29T00:18:31.556+0000] {processor.py:830} INFO - Processing file /home/airflow/.local/lib/python3.12/site-packages/airflow/example_dags/example_sla_dag.py for tasks to queue
[2026-01-29T00:18:31.558+0000] {logging_mixin.py:188} INFO - [2026-01-29T00:18:31.558+0000] {dagbag.py:545} INFO - Filling up the DagBag from /home/airflow/.local/lib/python3.12/site-packages/airflow/example_dags/example_sla_dag.py
[2026-01-29T00:18:31.568+0000] {processor.py:840} INFO - DAG(s) 'example_sla_dag' retrieved from /home/airflow/.local/lib/python3.12/site-packages/airflow/example_dags/example_sla_dag.py
[2026-01-29T00:18:31.588+0000] {logging_mixin.py:188} INFO - [2026-01-29T00:18:31.588+0000] {dag.py:3089} INFO - Sync 1 DAGs
[2026-01-29T00:18:31.616+0000] {logging_mixin.py:188} INFO - [2026-01-29T00:18:31.616+0000] {dag.py:3947} INFO - Setting next_dagrun for example_sla_dag to 2026-01-29 00:16:00+00:00, run_after=2026-01-29 00:18:00+00:00
[2026-01-29T00:18:31.635+0000] {processor.py:183} INFO - Processing /home/airflow/.local/lib/python3.12/site-packages/airflow/example_dags/example_sla_dag.py took 0.087 seconds
[2026-01-29T00:19:02.191+0000] {processor.py:161} INFO - Started process (PID=64669) to work on /home/airflow/.local/lib/python3.12/site-packages/airflow/example_dags/example_sla_dag.py
[2026-01-29T00:19:02.192+0000] {processor.py:830} INFO - Processing file /home/airflow/.local/lib/python3.12/site-packages/airflow/example_dags/example_sla_dag.py for tasks to queue
[2026-01-29T00:19:02.194+0000] {logging_mixin.py:188} INFO - [2026-01-29T00:19:02.194+0000] {dagbag.py:545} INFO - Filling up the DagBag from /home/airflow/.local/lib/python3.12/site-packages/airflow/example_dags/example_sla_dag.py
[2026-01-29T00:19:02.207+0000] {processor.py:840} INFO - DAG(s) 'example_sla_dag' retrieved from /home/airflow/.local/lib/python3.12/site-packages/airflow/example_dags/example_sla_dag.py
[2026-01-29T00:19:02.229+0000] {logging_mixin.py:188} INFO - [2026-01-29T00:19:02.229+0000] {dag.py:3089} INFO - Sync 1 DAGs
[2026-01-29T00:19:02.259+0000] {logging_mixin.py:188} INFO - [2026-01-29T00:19:02.258+0000] {dag.py:3947} INFO - Setting next_dagrun for example_sla_dag to 2026-01-29 00:16:00+00:00, run_after=2026-01-29 00:18:00+00:00
[2026-01-29T00:19:02.279+0000] {processor.py:183} INFO - Processing /home/airflow/.local/lib/python3.12/site-packages/airflow/example_dags/example_sla_dag.py took 0.097 seconds
[2026-01-29T00:19:32.911+0000] {processor.py:161} INFO - Started process (PID=64728) to work on /home/airflow/.local/lib/python3.12/site-packages/airflow/example_dags/example_sla_dag.py
[2026-01-29T00:19:32.912+0000] {processor.py:830} INFO - Processing file /home/airflow/.local/lib/python3.12/site-packages/airflow/example_dags/example_sla_dag.py for tasks to queue
[2026-01-29T00:19:32.914+0000] {logging_mixin.py:188} INFO - [2026-01-29T00:19:32.913+0000] {dagbag.py:545} INFO - Filling up the DagBag from /home/airflow/.local/lib/python3.12/site-packages/airflow/example_dags/example_sla_dag.py
[2026-01-29T00:19:32.924+0000] {processor.py:840} INFO - DAG(s) 'example_sla_dag' retrieved from /home/airflow/.local/lib/python3.12/site-packages/airflow/example_dags/example_sla_dag.py
[2026-01-29T00:19:32.945+0000] {logging_mixin.py:188} INFO - [2026-01-29T00:19:32.944+0000] {dag.py:3089} INFO - Sync 1 DAGs
[2026-01-29T00:19:32.970+0000] {logging_mixin.py:188} INFO - [2026-01-29T00:19:32.970+0000] {dag.py:3947} INFO - Setting next_dagrun for example_sla_dag to 2026-01-29 00:16:00+00:00, run_after=2026-01-29 00:18:00+00:00
[2026-01-29T00:19:32.989+0000] {processor.py:183} INFO - Processing /home/airflow/.local/lib/python3.12/site-packages/airflow/example_dags/example_sla_dag.py took 0.085 seconds
[2026-01-29T00:20:03.520+0000] {processor.py:161} INFO - Started process (PID=64792) to work on /home/airflow/.local/lib/python3.12/site-packages/airflow/example_dags/example_sla_dag.py
[2026-01-29T00:20:03.521+0000] {processor.py:830} INFO - Processing file /home/airflow/.local/lib/python3.12/site-packages/airflow/example_dags/example_sla_dag.py for tasks to queue
[2026-01-29T00:20:03.522+0000] {logging_mixin.py:188} INFO - [2026-01-29T00:20:03.522+0000] {dagbag.py:545} INFO - Filling up the DagBag from /home/airflow/.local/lib/python3.12/site-packages/airflow/example_dags/example_sla_dag.py
[2026-01-29T00:20:03.532+0000] {processor.py:840} INFO - DAG(s) 'example_sla_dag' retrieved from /home/airflow/.local/lib/python3.12/site-packages/airflow/example_dags/example_sla_dag.py
[2026-01-29T00:20:03.551+0000] {logging_mixin.py:188} INFO - [2026-01-29T00:20:03.551+0000] {dag.py:3089} INFO - Sync 1 DAGs
[2026-01-29T00:20:03.579+0000] {logging_mixin.py:188} INFO - [2026-01-29T00:20:03.579+0000] {dag.py:3947} INFO - Setting next_dagrun for example_sla_dag to 2026-01-29 00:18:00+00:00, run_after=2026-01-29 00:20:00+00:00
[2026-01-29T00:20:03.599+0000] {processor.py:183} INFO - Processing /home/airflow/.local/lib/python3.12/site-packages/airflow/example_dags/example_sla_dag.py took 0.085 seconds
[2026-01-29T00:20:34.252+0000] {processor.py:161} INFO - Started process (PID=64851) to work on /home/airflow/.local/lib/python3.12/site-packages/airflow/example_dags/example_sla_dag.py
[2026-01-29T00:20:34.253+0000] {processor.py:830} INFO - Processing file /home/airflow/.local/lib/python3.12/site-packages/airflow/example_dags/example_sla_dag.py for tasks to queue
[2026-01-29T00:20:34.255+0000] {logging_mixin.py:188} INFO - [2026-01-29T00:20:34.254+0000] {dagbag.py:545} INFO - Filling up the DagBag from /home/airflow/.local/lib/python3.12/site-packages/airflow/example_dags/example_sla_dag.py
[2026-01-29T00:20:34.264+0000] {processor.py:840} INFO - DAG(s) 'example_sla_dag' retrieved from /home/airflow/.local/lib/python3.12/site-packages/airflow/example_dags/example_sla_dag.py
[2026-01-29T00:20:34.283+0000] {logging_mixin.py:188} INFO - [2026-01-29T00:20:34.282+0000] {dag.py:3089} INFO - Sync 1 DAGs
[2026-01-29T00:20:34.309+0000] {logging_mixin.py:188} INFO - [2026-01-29T00:20:34.309+0000] {dag.py:3947} INFO - Setting next_dagrun for example_sla_dag to 2026-01-29 00:18:00+00:00, run_after=2026-01-29 00:20:00+00:00
[2026-01-29T00:20:34.328+0000] {processor.py:183} INFO - Processing /home/airflow/.local/lib/python3.12/site-packages/airflow/example_dags/example_sla_dag.py took 0.084 seconds
[2026-01-29T00:21:04.829+0000] {processor.py:161} INFO - Started process (PID=64915) to work on /home/airflow/.local/lib/python3.12/site-packages/airflow/example_dags/example_sla_dag.py
[2026-01-29T00:21:04.830+0000] {processor.py:830} INFO - Processing file /home/airflow/.local/lib/python3.12/site-packages/airflow/example_dags/example_sla_dag.py for tasks to queue
[2026-01-29T00:21:04.832+0000] {logging_mixin.py:188} INFO - [2026-01-29T00:21:04.832+0000] {dagbag.py:545} INFO - Filling up the DagBag from /home/airflow/.local/lib/python3.12/site-packages/airflow/example_dags/example_sla_dag.py
[2026-01-29T00:21:04.842+0000] {processor.py:840} INFO - DAG(s) 'example_sla_dag' retrieved from /home/airflow/.local/lib/python3.12/site-packages/airflow/example_dags/example_sla_dag.py
[2026-01-29T00:21:04.863+0000] {logging_mixin.py:188} INFO - [2026-01-29T00:21:04.863+0000] {dag.py:3089} INFO - Sync 1 DAGs
[2026-01-29T00:21:04.893+0000] {logging_mixin.py:188} INFO - [2026-01-29T00:21:04.892+0000] {dag.py:3947} INFO - Setting next_dagrun for example_sla_dag to 2026-01-29 00:18:00+00:00, run_after=2026-01-29 00:20:00+00:00
[2026-01-29T00:21:04.914+0000] {processor.py:183} INFO - Processing /home/airflow/.local/lib/python3.12/site-packages/airflow/example_dags/example_sla_dag.py took 0.092 seconds
[2026-01-29T00:21:35.550+0000] {processor.py:161} INFO - Started process (PID=64974) to work on /home/airflow/.local/lib/python3.12/site-packages/airflow/example_dags/example_sla_dag.py
[2026-01-29T00:21:35.551+0000] {processor.py:830} INFO - Processing file /home/airflow/.local/lib/python3.12/site-packages/airflow/example_dags/example_sla_dag.py for tasks to queue
[2026-01-29T00:21:35.553+0000] {logging_mixin.py:188} INFO - [2026-01-29T00:21:35.553+0000] {dagbag.py:545} INFO - Filling up the DagBag from /home/airflow/.local/lib/python3.12/site-packages/airflow/example_dags/example_sla_dag.py
[2026-01-29T00:21:35.563+0000] {processor.py:840} INFO - DAG(s) 'example_sla_dag' retrieved from /home/airflow/.local/lib/python3.12/site-packages/airflow/example_dags/example_sla_dag.py
[2026-01-29T00:21:35.583+0000] {logging_mixin.py:188} INFO - [2026-01-29T00:21:35.583+0000] {dag.py:3089} INFO - Sync 1 DAGs
[2026-01-29T00:21:35.611+0000] {logging_mixin.py:188} INFO - [2026-01-29T00:21:35.610+0000] {dag.py:3947} INFO - Setting next_dagrun for example_sla_dag to 2026-01-29 00:18:00+00:00, run_after=2026-01-29 00:20:00+00:00
[2026-01-29T00:21:35.630+0000] {processor.py:183} INFO - Processing /home/airflow/.local/lib/python3.12/site-packages/airflow/example_dags/example_sla_dag.py took 0.087 seconds
[2026-01-29T00:22:06.290+0000] {processor.py:161} INFO - Started process (PID=65038) to work on /home/airflow/.local/lib/python3.12/site-packages/airflow/example_dags/example_sla_dag.py
[2026-01-29T00:22:06.291+0000] {processor.py:830} INFO - Processing file /home/airflow/.local/lib/python3.12/site-packages/airflow/example_dags/example_sla_dag.py for tasks to queue
[2026-01-29T00:22:06.293+0000] {logging_mixin.py:188} INFO - [2026-01-29T00:22:06.293+0000] {dagbag.py:545} INFO - Filling up the DagBag from /home/airflow/.local/lib/python3.12/site-packages/airflow/example_dags/example_sla_dag.py
[2026-01-29T00:22:06.303+0000] {processor.py:840} INFO - DAG(s) 'example_sla_dag' retrieved from /home/airflow/.local/lib/python3.12/site-packages/airflow/example_dags/example_sla_dag.py
[2026-01-29T00:22:06.325+0000] {logging_mixin.py:188} INFO - [2026-01-29T00:22:06.325+0000] {dag.py:3089} INFO - Sync 1 DAGs
[2026-01-29T00:22:06.353+0000] {logging_mixin.py:188} INFO - [2026-01-29T00:22:06.353+0000] {dag.py:3947} INFO - Setting next_dagrun for example_sla_dag to 2026-01-29 00:20:00+00:00, run_after=2026-01-29 00:22:00+00:00
[2026-01-29T00:22:06.373+0000] {processor.py:183} INFO - Processing /home/airflow/.local/lib/python3.12/site-packages/airflow/example_dags/example_sla_dag.py took 0.090 seconds
[2026-01-29T00:22:37.034+0000] {processor.py:161} INFO - Started process (PID=65097) to work on /home/airflow/.local/lib/python3.12/site-packages/airflow/example_dags/example_sla_dag.py
[2026-01-29T00:22:37.035+0000] {processor.py:830} INFO - Processing file /home/airflow/.local/lib/python3.12/site-packages/airflow/example_dags/example_sla_dag.py for tasks to queue
[2026-01-29T00:22:37.037+0000] {logging_mixin.py:188} INFO - [2026-01-29T00:22:37.037+0000] {dagbag.py:545} INFO - Filling up the DagBag from /home/airflow/.local/lib/python3.12/site-packages/airflow/example_dags/example_sla_dag.py
[2026-01-29T00:22:37.047+0000] {processor.py:840} INFO - DAG(s) 'example_sla_dag' retrieved from /home/airflow/.local/lib/python3.12/site-packages/airflow/example_dags/example_sla_dag.py
[2026-01-29T00:22:37.067+0000] {logging_mixin.py:188} INFO - [2026-01-29T00:22:37.066+0000] {dag.py:3089} INFO - Sync 1 DAGs
[2026-01-29T00:22:37.094+0000] {logging_mixin.py:188} INFO - [2026-01-29T00:22:37.094+0000] {dag.py:3947} INFO - Setting next_dagrun for example_sla_dag to 2026-01-29 00:20:00+00:00, run_after=2026-01-29 00:22:00+00:00
[2026-01-29T00:22:37.114+0000] {processor.py:183} INFO - Processing /home/airflow/.local/lib/python3.12/site-packages/airflow/example_dags/example_sla_dag.py took 0.087 seconds
[2026-01-29T00:23:07.595+0000] {processor.py:161} INFO - Started process (PID=65161) to work on /home/airflow/.local/lib/python3.12/site-packages/airflow/example_dags/example_sla_dag.py
[2026-01-29T00:23:07.596+0000] {processor.py:830} INFO - Processing file /home/airflow/.local/lib/python3.12/site-packages/airflow/example_dags/example_sla_dag.py for tasks to queue
[2026-01-29T00:23:07.598+0000] {logging_mixin.py:188} INFO - [2026-01-29T00:23:07.598+0000] {dagbag.py:545} INFO - Filling up the DagBag from /home/airflow/.local/lib/python3.12/site-packages/airflow/example_dags/example_sla_dag.py
[2026-01-29T00:23:07.607+0000] {processor.py:840} INFO - DAG(s) 'example_sla_dag' retrieved from /home/airflow/.local/lib/python3.12/site-packages/airflow/example_dags/example_sla_dag.py
[2026-01-29T00:23:07.627+0000] {logging_mixin.py:188} INFO - [2026-01-29T00:23:07.627+0000] {dag.py:3089} INFO - Sync 1 DAGs
[2026-01-29T00:23:07.655+0000] {logging_mixin.py:188} INFO - [2026-01-29T00:23:07.655+0000] {dag.py:3947} INFO - Setting next_dagrun for example_sla_dag to 2026-01-29 00:20:00+00:00, run_after=2026-01-29 00:22:00+00:00
[2026-01-29T00:23:07.676+0000] {processor.py:183} INFO - Processing /home/airflow/.local/lib/python3.12/site-packages/airflow/example_dags/example_sla_dag.py took 0.088 seconds
[2026-01-29T00:23:38.248+0000] {processor.py:161} INFO - Started process (PID=65220) to work on /home/airflow/.local/lib/python3.12/site-packages/airflow/example_dags/example_sla_dag.py
[2026-01-29T00:23:38.249+0000] {processor.py:830} INFO - Processing file /home/airflow/.local/lib/python3.12/site-packages/airflow/example_dags/example_sla_dag.py for tasks to queue
[2026-01-29T00:23:38.250+0000] {logging_mixin.py:188} INFO - [2026-01-29T00:23:38.250+0000] {dagbag.py:545} INFO - Filling up the DagBag from /home/airflow/.local/lib/python3.12/site-packages/airflow/example_dags/example_sla_dag.py
[2026-01-29T00:23:38.260+0000] {processor.py:840} INFO - DAG(s) 'example_sla_dag' retrieved from /home/airflow/.local/lib/python3.12/site-packages/airflow/example_dags/example_sla_dag.py
[2026-01-29T00:23:38.279+0000] {logging_mixin.py:188} INFO - [2026-01-29T00:23:38.279+0000] {dag.py:3089} INFO - Sync 1 DAGs
[2026-01-29T00:23:38.306+0000] {logging_mixin.py:188} INFO - [2026-01-29T00:23:38.306+0000] {dag.py:3947} INFO - Setting next_dagrun for example_sla_dag to 2026-01-29 00:20:00+00:00, run_after=2026-01-29 00:22:00+00:00
[2026-01-29T00:23:38.326+0000] {processor.py:183} INFO - Processing /home/airflow/.local/lib/python3.12/site-packages/airflow/example_dags/example_sla_dag.py took 0.084 seconds
[2026-01-29T00:24:08.835+0000] {processor.py:161} INFO - Started process (PID=65284) to work on /home/airflow/.local/lib/python3.12/site-packages/airflow/example_dags/example_sla_dag.py
[2026-01-29T00:24:08.836+0000] {processor.py:830} INFO - Processing file /home/airflow/.local/lib/python3.12/site-packages/airflow/example_dags/example_sla_dag.py for tasks to queue
[2026-01-29T00:24:08.838+0000] {logging_mixin.py:188} INFO - [2026-01-29T00:24:08.837+0000] {dagbag.py:545} INFO - Filling up the DagBag from /home/airflow/.local/lib/python3.12/site-packages/airflow/example_dags/example_sla_dag.py
[2026-01-29T00:24:08.848+0000] {processor.py:840} INFO - DAG(s) 'example_sla_dag' retrieved from /home/airflow/.local/lib/python3.12/site-packages/airflow/example_dags/example_sla_dag.py
[2026-01-29T00:24:08.869+0000] {logging_mixin.py:188} INFO - [2026-01-29T00:24:08.869+0000] {dag.py:3089} INFO - Sync 1 DAGs
[2026-01-29T00:24:08.897+0000] {logging_mixin.py:188} INFO - [2026-01-29T00:24:08.897+0000] {dag.py:3947} INFO - Setting next_dagrun for example_sla_dag to 2026-01-29 00:22:00+00:00, run_after=2026-01-29 00:24:00+00:00
[2026-01-29T00:24:08.917+0000] {processor.py:183} INFO - Processing /home/airflow/.local/lib/python3.12/site-packages/airflow/example_dags/example_sla_dag.py took 0.090 seconds
[2026-01-29T00:24:39.483+0000] {processor.py:161} INFO - Started process (PID=65343) to work on /home/airflow/.local/lib/python3.12/site-packages/airflow/example_dags/example_sla_dag.py
[2026-01-29T00:24:39.483+0000] {processor.py:830} INFO - Processing file /home/airflow/.local/lib/python3.12/site-packages/airflow/example_dags/example_sla_dag.py for tasks to queue
[2026-01-29T00:24:39.485+0000] {logging_mixin.py:188} INFO - [2026-01-29T00:24:39.485+0000] {dagbag.py:545} INFO - Filling up the DagBag from /home/airflow/.local/lib/python3.12/site-packages/airflow/example_dags/example_sla_dag.py
[2026-01-29T00:24:39.495+0000] {processor.py:840} INFO - DAG(s) 'example_sla_dag' retrieved from /home/airflow/.local/lib/python3.12/site-packages/airflow/example_dags/example_sla_dag.py
[2026-01-29T00:24:39.516+0000] {logging_mixin.py:188} INFO - [2026-01-29T00:24:39.516+0000] {dag.py:3089} INFO - Sync 1 DAGs
[2026-01-29T00:24:39.543+0000] {logging_mixin.py:188} INFO - [2026-01-29T00:24:39.543+0000] {dag.py:3947} INFO - Setting next_dagrun for example_sla_dag to 2026-01-29 00:22:00+00:00, run_after=2026-01-29 00:24:00+00:00
[2026-01-29T00:24:39.563+0000] {processor.py:183} INFO - Processing /home/airflow/.local/lib/python3.12/site-packages/airflow/example_dags/example_sla_dag.py took 0.087 seconds
[2026-01-29T00:25:10.166+0000] {processor.py:161} INFO - Started process (PID=65407) to work on /home/airflow/.local/lib/python3.12/site-packages/airflow/example_dags/example_sla_dag.py
[2026-01-29T00:25:10.168+0000] {processor.py:830} INFO - Processing file /home/airflow/.local/lib/python3.12/site-packages/airflow/example_dags/example_sla_dag.py for tasks to queue
[2026-01-29T00:25:10.170+0000] {logging_mixin.py:188} INFO - [2026-01-29T00:25:10.169+0000] {dagbag.py:545} INFO - Filling up the DagBag from /home/airflow/.local/lib/python3.12/site-packages/airflow/example_dags/example_sla_dag.py
[2026-01-29T00:25:10.178+0000] {processor.py:840} INFO - DAG(s) 'example_sla_dag' retrieved from /home/airflow/.local/lib/python3.12/site-packages/airflow/example_dags/example_sla_dag.py
[2026-01-29T00:25:10.198+0000] {logging_mixin.py:188} INFO - [2026-01-29T00:25:10.198+0000] {dag.py:3089} INFO - Sync 1 DAGs
[2026-01-29T00:25:10.225+0000] {logging_mixin.py:188} INFO - [2026-01-29T00:25:10.224+0000] {dag.py:3947} INFO - Setting next_dagrun for example_sla_dag to 2026-01-29 00:22:00+00:00, run_after=2026-01-29 00:24:00+00:00
[2026-01-29T00:25:10.246+0000] {processor.py:183} INFO - Processing /home/airflow/.local/lib/python3.12/site-packages/airflow/example_dags/example_sla_dag.py took 0.087 seconds
[2026-01-29T00:25:40.727+0000] {processor.py:161} INFO - Started process (PID=65466) to work on /home/airflow/.local/lib/python3.12/site-packages/airflow/example_dags/example_sla_dag.py
[2026-01-29T00:25:40.728+0000] {processor.py:830} INFO - Processing file /home/airflow/.local/lib/python3.12/site-packages/airflow/example_dags/example_sla_dag.py for tasks to queue
[2026-01-29T00:25:40.730+0000] {logging_mixin.py:188} INFO - [2026-01-29T00:25:40.729+0000] {dagbag.py:545} INFO - Filling up the DagBag from /home/airflow/.local/lib/python3.12/site-packages/airflow/example_dags/example_sla_dag.py
[2026-01-29T00:25:40.739+0000] {processor.py:840} INFO - DAG(s) 'example_sla_dag' retrieved from /home/airflow/.local/lib/python3.12/site-packages/airflow/example_dags/example_sla_dag.py
[2026-01-29T00:25:40.759+0000] {logging_mixin.py:188} INFO - [2026-01-29T00:25:40.758+0000] {dag.py:3089} INFO - Sync 1 DAGs
[2026-01-29T00:25:40.785+0000] {logging_mixin.py:188} INFO - [2026-01-29T00:25:40.784+0000] {dag.py:3947} INFO - Setting next_dagrun for example_sla_dag to 2026-01-29 00:22:00+00:00, run_after=2026-01-29 00:24:00+00:00
[2026-01-29T00:25:40.803+0000] {processor.py:183} INFO - Processing /home/airflow/.local/lib/python3.12/site-packages/airflow/example_dags/example_sla_dag.py took 0.084 seconds
[2026-01-29T00:26:11.415+0000] {processor.py:161} INFO - Started process (PID=65530) to work on /home/airflow/.local/lib/python3.12/site-packages/airflow/example_dags/example_sla_dag.py
[2026-01-29T00:26:11.416+0000] {processor.py:830} INFO - Processing file /home/airflow/.local/lib/python3.12/site-packages/airflow/example_dags/example_sla_dag.py for tasks to queue
[2026-01-29T00:26:11.418+0000] {logging_mixin.py:188} INFO - [2026-01-29T00:26:11.418+0000] {dagbag.py:545} INFO - Filling up the DagBag from /home/airflow/.local/lib/python3.12/site-packages/airflow/example_dags/example_sla_dag.py
[2026-01-29T00:26:11.428+0000] {processor.py:840} INFO - DAG(s) 'example_sla_dag' retrieved from /home/airflow/.local/lib/python3.12/site-packages/airflow/example_dags/example_sla_dag.py
[2026-01-29T00:26:11.449+0000] {logging_mixin.py:188} INFO - [2026-01-29T00:26:11.449+0000] {dag.py:3089} INFO - Sync 1 DAGs
[2026-01-29T00:26:11.478+0000] {logging_mixin.py:188} INFO - [2026-01-29T00:26:11.477+0000] {dag.py:3947} INFO - Setting next_dagrun for example_sla_dag to 2026-01-29 00:24:00+00:00, run_after=2026-01-29 00:26:00+00:00
[2026-01-29T00:26:11.497+0000] {processor.py:183} INFO - Processing /home/airflow/.local/lib/python3.12/site-packages/airflow/example_dags/example_sla_dag.py took 0.090 seconds
[2026-01-29T00:26:41.867+0000] {processor.py:161} INFO - Started process (PID=65589) to work on /home/airflow/.local/lib/python3.12/site-packages/airflow/example_dags/example_sla_dag.py
[2026-01-29T00:26:41.868+0000] {processor.py:830} INFO - Processing file /home/airflow/.local/lib/python3.12/site-packages/airflow/example_dags/example_sla_dag.py for tasks to queue
[2026-01-29T00:26:41.870+0000] {logging_mixin.py:188} INFO - [2026-01-29T00:26:41.869+0000] {dagbag.py:545} INFO - Filling up the DagBag from /home/airflow/.local/lib/python3.12/site-packages/airflow/example_dags/example_sla_dag.py
[2026-01-29T00:26:41.879+0000] {processor.py:840} INFO - DAG(s) 'example_sla_dag' retrieved from /home/airflow/.local/lib/python3.12/site-packages/airflow/example_dags/example_sla_dag.py
[2026-01-29T00:26:41.900+0000] {logging_mixin.py:188} INFO - [2026-01-29T00:26:41.899+0000] {dag.py:3089} INFO - Sync 1 DAGs
[2026-01-29T00:26:41.926+0000] {logging_mixin.py:188} INFO - [2026-01-29T00:26:41.926+0000] {dag.py:3947} INFO - Setting next_dagrun for example_sla_dag to 2026-01-29 00:24:00+00:00, run_after=2026-01-29 00:26:00+00:00
[2026-01-29T00:26:41.947+0000] {processor.py:183} INFO - Processing /home/airflow/.local/lib/python3.12/site-packages/airflow/example_dags/example_sla_dag.py took 0.088 seconds
[2026-01-29T00:27:12.595+0000] {processor.py:161} INFO - Started process (PID=65653) to work on /home/airflow/.local/lib/python3.12/site-packages/airflow/example_dags/example_sla_dag.py
[2026-01-29T00:27:12.596+0000] {processor.py:830} INFO - Processing file /home/airflow/.local/lib/python3.12/site-packages/airflow/example_dags/example_sla_dag.py for tasks to queue
[2026-01-29T00:27:12.598+0000] {logging_mixin.py:188} INFO - [2026-01-29T00:27:12.598+0000] {dagbag.py:545} INFO - Filling up the DagBag from /home/airflow/.local/lib/python3.12/site-packages/airflow/example_dags/example_sla_dag.py
[2026-01-29T00:27:12.608+0000] {processor.py:840} INFO - DAG(s) 'example_sla_dag' retrieved from /home/airflow/.local/lib/python3.12/site-packages/airflow/example_dags/example_sla_dag.py
[2026-01-29T00:27:12.628+0000] {logging_mixin.py:188} INFO - [2026-01-29T00:27:12.628+0000] {dag.py:3089} INFO - Sync 1 DAGs
[2026-01-29T00:27:12.657+0000] {logging_mixin.py:188} INFO - [2026-01-29T00:27:12.657+0000] {dag.py:3947} INFO - Setting next_dagrun for example_sla_dag to 2026-01-29 00:24:00+00:00, run_after=2026-01-29 00:26:00+00:00
[2026-01-29T00:27:12.676+0000] {processor.py:183} INFO - Processing /home/airflow/.local/lib/python3.12/site-packages/airflow/example_dags/example_sla_dag.py took 0.088 seconds
[2026-01-29T00:27:43.226+0000] {processor.py:161} INFO - Started process (PID=65712) to work on /home/airflow/.local/lib/python3.12/site-packages/airflow/example_dags/example_sla_dag.py
[2026-01-29T00:27:43.227+0000] {processor.py:830} INFO - Processing file /home/airflow/.local/lib/python3.12/site-packages/airflow/example_dags/example_sla_dag.py for tasks to queue
[2026-01-29T00:27:43.229+0000] {logging_mixin.py:188} INFO - [2026-01-29T00:27:43.228+0000] {dagbag.py:545} INFO - Filling up the DagBag from /home/airflow/.local/lib/python3.12/site-packages/airflow/example_dags/example_sla_dag.py
[2026-01-29T00:27:43.238+0000] {processor.py:840} INFO - DAG(s) 'example_sla_dag' retrieved from /home/airflow/.local/lib/python3.12/site-packages/airflow/example_dags/example_sla_dag.py
[2026-01-29T00:27:43.257+0000] {logging_mixin.py:188} INFO - [2026-01-29T00:27:43.257+0000] {dag.py:3089} INFO - Sync 1 DAGs
[2026-01-29T00:27:43.283+0000] {logging_mixin.py:188} INFO - [2026-01-29T00:27:43.283+0000] {dag.py:3947} INFO - Setting next_dagrun for example_sla_dag to 2026-01-29 00:24:00+00:00, run_after=2026-01-29 00:26:00+00:00
[2026-01-29T00:27:43.302+0000] {processor.py:183} INFO - Processing /home/airflow/.local/lib/python3.12/site-packages/airflow/example_dags/example_sla_dag.py took 0.084 seconds
[2026-01-29T00:28:13.938+0000] {processor.py:161} INFO - Started process (PID=65776) to work on /home/airflow/.local/lib/python3.12/site-packages/airflow/example_dags/example_sla_dag.py
[2026-01-29T00:28:13.939+0000] {processor.py:830} INFO - Processing file /home/airflow/.local/lib/python3.12/site-packages/airflow/example_dags/example_sla_dag.py for tasks to queue
[2026-01-29T00:28:13.941+0000] {logging_mixin.py:188} INFO - [2026-01-29T00:28:13.941+0000] {dagbag.py:545} INFO - Filling up the DagBag from /home/airflow/.local/lib/python3.12/site-packages/airflow/example_dags/example_sla_dag.py
[2026-01-29T00:28:13.952+0000] {processor.py:840} INFO - DAG(s) 'example_sla_dag' retrieved from /home/airflow/.local/lib/python3.12/site-packages/airflow/example_dags/example_sla_dag.py
[2026-01-29T00:28:13.972+0000] {logging_mixin.py:188} INFO - [2026-01-29T00:28:13.971+0000] {dag.py:3089} INFO - Sync 1 DAGs
[2026-01-29T00:28:14.000+0000] {logging_mixin.py:188} INFO - [2026-01-29T00:28:14.000+0000] {dag.py:3947} INFO - Setting next_dagrun for example_sla_dag to 2026-01-29 00:26:00+00:00, run_after=2026-01-29 00:28:00+00:00
[2026-01-29T00:28:14.020+0000] {processor.py:183} INFO - Processing /home/airflow/.local/lib/python3.12/site-packages/airflow/example_dags/example_sla_dag.py took 0.089 seconds
[2026-01-29T00:28:44.176+0000] {processor.py:161} INFO - Started process (PID=65835) to work on /home/airflow/.local/lib/python3.12/site-packages/airflow/example_dags/example_sla_dag.py
[2026-01-29T00:28:44.177+0000] {processor.py:830} INFO - Processing file /home/airflow/.local/lib/python3.12/site-packages/airflow/example_dags/example_sla_dag.py for tasks to queue
[2026-01-29T00:28:44.179+0000] {logging_mixin.py:188} INFO - [2026-01-29T00:28:44.179+0000] {dagbag.py:545} INFO - Filling up the DagBag from /home/airflow/.local/lib/python3.12/site-packages/airflow/example_dags/example_sla_dag.py
[2026-01-29T00:28:44.189+0000] {processor.py:840} INFO - DAG(s) 'example_sla_dag' retrieved from /home/airflow/.local/lib/python3.12/site-packages/airflow/example_dags/example_sla_dag.py
[2026-01-29T00:28:44.213+0000] {logging_mixin.py:188} INFO - [2026-01-29T00:28:44.213+0000] {dag.py:3089} INFO - Sync 1 DAGs
[2026-01-29T00:28:44.246+0000] {logging_mixin.py:188} INFO - [2026-01-29T00:28:44.245+0000] {dag.py:3947} INFO - Setting next_dagrun for example_sla_dag to 2026-01-29 00:26:00+00:00, run_after=2026-01-29 00:28:00+00:00
[2026-01-29T00:28:44.269+0000] {processor.py:183} INFO - Processing /home/airflow/.local/lib/python3.12/site-packages/airflow/example_dags/example_sla_dag.py took 0.100 seconds
[2026-01-29T00:29:14.408+0000] {processor.py:161} INFO - Started process (PID=65899) to work on /home/airflow/.local/lib/python3.12/site-packages/airflow/example_dags/example_sla_dag.py
[2026-01-29T00:29:14.410+0000] {processor.py:830} INFO - Processing file /home/airflow/.local/lib/python3.12/site-packages/airflow/example_dags/example_sla_dag.py for tasks to queue
[2026-01-29T00:29:14.412+0000] {logging_mixin.py:188} INFO - [2026-01-29T00:29:14.411+0000] {dagbag.py:545} INFO - Filling up the DagBag from /home/airflow/.local/lib/python3.12/site-packages/airflow/example_dags/example_sla_dag.py
[2026-01-29T00:29:14.422+0000] {processor.py:840} INFO - DAG(s) 'example_sla_dag' retrieved from /home/airflow/.local/lib/python3.12/site-packages/airflow/example_dags/example_sla_dag.py
[2026-01-29T00:29:14.444+0000] {logging_mixin.py:188} INFO - [2026-01-29T00:29:14.443+0000] {dag.py:3089} INFO - Sync 1 DAGs
[2026-01-29T00:29:14.471+0000] {logging_mixin.py:188} INFO - [2026-01-29T00:29:14.471+0000] {dag.py:3947} INFO - Setting next_dagrun for example_sla_dag to 2026-01-29 00:26:00+00:00, run_after=2026-01-29 00:28:00+00:00
[2026-01-29T00:29:14.492+0000] {processor.py:183} INFO - Processing /home/airflow/.local/lib/python3.12/site-packages/airflow/example_dags/example_sla_dag.py took 0.092 seconds
[2026-01-29T00:29:45.043+0000] {processor.py:161} INFO - Started process (PID=65956) to work on /home/airflow/.local/lib/python3.12/site-packages/airflow/example_dags/example_sla_dag.py
[2026-01-29T00:29:45.044+0000] {processor.py:830} INFO - Processing file /home/airflow/.local/lib/python3.12/site-packages/airflow/example_dags/example_sla_dag.py for tasks to queue
[2026-01-29T00:29:45.046+0000] {logging_mixin.py:188} INFO - [2026-01-29T00:29:45.045+0000] {dagbag.py:545} INFO - Filling up the DagBag from /home/airflow/.local/lib/python3.12/site-packages/airflow/example_dags/example_sla_dag.py
[2026-01-29T00:29:45.056+0000] {processor.py:840} INFO - DAG(s) 'example_sla_dag' retrieved from /home/airflow/.local/lib/python3.12/site-packages/airflow/example_dags/example_sla_dag.py
[2026-01-29T00:29:45.075+0000] {logging_mixin.py:188} INFO - [2026-01-29T00:29:45.075+0000] {dag.py:3089} INFO - Sync 1 DAGs
[2026-01-29T00:29:45.104+0000] {logging_mixin.py:188} INFO - [2026-01-29T00:29:45.104+0000] {dag.py:3947} INFO - Setting next_dagrun for example_sla_dag to 2026-01-29 00:26:00+00:00, run_after=2026-01-29 00:28:00+00:00
[2026-01-29T00:29:45.124+0000] {processor.py:183} INFO - Processing /home/airflow/.local/lib/python3.12/site-packages/airflow/example_dags/example_sla_dag.py took 0.088 seconds
[2026-01-29T00:30:15.190+0000] {processor.py:161} INFO - Started process (PID=66020) to work on /home/airflow/.local/lib/python3.12/site-packages/airflow/example_dags/example_sla_dag.py
[2026-01-29T00:30:15.191+0000] {processor.py:830} INFO - Processing file /home/airflow/.local/lib/python3.12/site-packages/airflow/example_dags/example_sla_dag.py for tasks to queue
[2026-01-29T00:30:15.193+0000] {logging_mixin.py:188} INFO - [2026-01-29T00:30:15.192+0000] {dagbag.py:545} INFO - Filling up the DagBag from /home/airflow/.local/lib/python3.12/site-packages/airflow/example_dags/example_sla_dag.py
[2026-01-29T00:30:15.203+0000] {processor.py:840} INFO - DAG(s) 'example_sla_dag' retrieved from /home/airflow/.local/lib/python3.12/site-packages/airflow/example_dags/example_sla_dag.py
[2026-01-29T00:30:15.223+0000] {logging_mixin.py:188} INFO - [2026-01-29T00:30:15.222+0000] {dag.py:3089} INFO - Sync 1 DAGs
[2026-01-29T00:30:15.251+0000] {logging_mixin.py:188} INFO - [2026-01-29T00:30:15.251+0000] {dag.py:3947} INFO - Setting next_dagrun for example_sla_dag to 2026-01-29 00:28:00+00:00, run_after=2026-01-29 00:30:00+00:00
[2026-01-29T00:30:15.272+0000] {processor.py:183} INFO - Processing /home/airflow/.local/lib/python3.12/site-packages/airflow/example_dags/example_sla_dag.py took 0.088 seconds
[2026-01-29T00:30:45.471+0000] {processor.py:161} INFO - Started process (PID=66079) to work on /home/airflow/.local/lib/python3.12/site-packages/airflow/example_dags/example_sla_dag.py
[2026-01-29T00:30:45.472+0000] {processor.py:830} INFO - Processing file /home/airflow/.local/lib/python3.12/site-packages/airflow/example_dags/example_sla_dag.py for tasks to queue
[2026-01-29T00:30:45.473+0000] {logging_mixin.py:188} INFO - [2026-01-29T00:30:45.473+0000] {dagbag.py:545} INFO - Filling up the DagBag from /home/airflow/.local/lib/python3.12/site-packages/airflow/example_dags/example_sla_dag.py
[2026-01-29T00:30:45.483+0000] {processor.py:840} INFO - DAG(s) 'example_sla_dag' retrieved from /home/airflow/.local/lib/python3.12/site-packages/airflow/example_dags/example_sla_dag.py
[2026-01-29T00:30:45.503+0000] {logging_mixin.py:188} INFO - [2026-01-29T00:30:45.503+0000] {dag.py:3089} INFO - Sync 1 DAGs
[2026-01-29T00:30:45.530+0000] {logging_mixin.py:188} INFO - [2026-01-29T00:30:45.530+0000] {dag.py:3947} INFO - Setting next_dagrun for example_sla_dag to 2026-01-29 00:28:00+00:00, run_after=2026-01-29 00:30:00+00:00
[2026-01-29T00:30:45.549+0000] {processor.py:183} INFO - Processing /home/airflow/.local/lib/python3.12/site-packages/airflow/example_dags/example_sla_dag.py took 0.085 seconds
[2026-01-29T00:31:15.670+0000] {processor.py:161} INFO - Started process (PID=66143) to work on /home/airflow/.local/lib/python3.12/site-packages/airflow/example_dags/example_sla_dag.py
[2026-01-29T00:31:15.671+0000] {processor.py:830} INFO - Processing file /home/airflow/.local/lib/python3.12/site-packages/airflow/example_dags/example_sla_dag.py for tasks to queue
[2026-01-29T00:31:15.673+0000] {logging_mixin.py:188} INFO - [2026-01-29T00:31:15.673+0000] {dagbag.py:545} INFO - Filling up the DagBag from /home/airflow/.local/lib/python3.12/site-packages/airflow/example_dags/example_sla_dag.py
[2026-01-29T00:31:15.684+0000] {processor.py:840} INFO - DAG(s) 'example_sla_dag' retrieved from /home/airflow/.local/lib/python3.12/site-packages/airflow/example_dags/example_sla_dag.py
[2026-01-29T00:31:15.705+0000] {logging_mixin.py:188} INFO - [2026-01-29T00:31:15.704+0000] {dag.py:3089} INFO - Sync 1 DAGs
[2026-01-29T00:31:15.733+0000] {logging_mixin.py:188} INFO - [2026-01-29T00:31:15.732+0000] {dag.py:3947} INFO - Setting next_dagrun for example_sla_dag to 2026-01-29 00:28:00+00:00, run_after=2026-01-29 00:30:00+00:00
[2026-01-29T00:31:15.753+0000] {processor.py:183} INFO - Processing /home/airflow/.local/lib/python3.12/site-packages/airflow/example_dags/example_sla_dag.py took 0.090 seconds
[2026-01-29T00:31:46.082+0000] {processor.py:161} INFO - Started process (PID=66202) to work on /home/airflow/.local/lib/python3.12/site-packages/airflow/example_dags/example_sla_dag.py
[2026-01-29T00:31:46.083+0000] {processor.py:830} INFO - Processing file /home/airflow/.local/lib/python3.12/site-packages/airflow/example_dags/example_sla_dag.py for tasks to queue
[2026-01-29T00:31:46.085+0000] {logging_mixin.py:188} INFO - [2026-01-29T00:31:46.084+0000] {dagbag.py:545} INFO - Filling up the DagBag from /home/airflow/.local/lib/python3.12/site-packages/airflow/example_dags/example_sla_dag.py
[2026-01-29T00:31:46.095+0000] {processor.py:840} INFO - DAG(s) 'example_sla_dag' retrieved from /home/airflow/.local/lib/python3.12/site-packages/airflow/example_dags/example_sla_dag.py
[2026-01-29T00:31:46.115+0000] {logging_mixin.py:188} INFO - [2026-01-29T00:31:46.114+0000] {dag.py:3089} INFO - Sync 1 DAGs
[2026-01-29T00:31:46.141+0000] {logging_mixin.py:188} INFO - [2026-01-29T00:31:46.141+0000] {dag.py:3947} INFO - Setting next_dagrun for example_sla_dag to 2026-01-29 00:28:00+00:00, run_after=2026-01-29 00:30:00+00:00
[2026-01-29T00:31:46.160+0000] {processor.py:183} INFO - Processing /home/airflow/.local/lib/python3.12/site-packages/airflow/example_dags/example_sla_dag.py took 0.086 seconds
[2026-01-29T00:32:16.370+0000] {processor.py:161} INFO - Started process (PID=66266) to work on /home/airflow/.local/lib/python3.12/site-packages/airflow/example_dags/example_sla_dag.py
[2026-01-29T00:32:16.371+0000] {processor.py:830} INFO - Processing file /home/airflow/.local/lib/python3.12/site-packages/airflow/example_dags/example_sla_dag.py for tasks to queue
[2026-01-29T00:32:16.373+0000] {logging_mixin.py:188} INFO - [2026-01-29T00:32:16.373+0000] {dagbag.py:545} INFO - Filling up the DagBag from /home/airflow/.local/lib/python3.12/site-packages/airflow/example_dags/example_sla_dag.py
[2026-01-29T00:32:16.383+0000] {processor.py:840} INFO - DAG(s) 'example_sla_dag' retrieved from /home/airflow/.local/lib/python3.12/site-packages/airflow/example_dags/example_sla_dag.py
[2026-01-29T00:32:16.402+0000] {logging_mixin.py:188} INFO - [2026-01-29T00:32:16.402+0000] {dag.py:3089} INFO - Sync 1 DAGs
[2026-01-29T00:32:16.428+0000] {logging_mixin.py:188} INFO - [2026-01-29T00:32:16.428+0000] {dag.py:3947} INFO - Setting next_dagrun for example_sla_dag to 2026-01-29 00:30:00+00:00, run_after=2026-01-29 00:32:00+00:00
[2026-01-29T00:32:16.448+0000] {processor.py:183} INFO - Processing /home/airflow/.local/lib/python3.12/site-packages/airflow/example_dags/example_sla_dag.py took 0.086 seconds
[2026-01-29T00:32:46.786+0000] {processor.py:161} INFO - Started process (PID=66325) to work on /home/airflow/.local/lib/python3.12/site-packages/airflow/example_dags/example_sla_dag.py
[2026-01-29T00:32:46.786+0000] {processor.py:830} INFO - Processing file /home/airflow/.local/lib/python3.12/site-packages/airflow/example_dags/example_sla_dag.py for tasks to queue
[2026-01-29T00:32:46.788+0000] {logging_mixin.py:188} INFO - [2026-01-29T00:32:46.788+0000] {dagbag.py:545} INFO - Filling up the DagBag from /home/airflow/.local/lib/python3.12/site-packages/airflow/example_dags/example_sla_dag.py
[2026-01-29T00:32:46.798+0000] {processor.py:840} INFO - DAG(s) 'example_sla_dag' retrieved from /home/airflow/.local/lib/python3.12/site-packages/airflow/example_dags/example_sla_dag.py
[2026-01-29T00:32:46.819+0000] {logging_mixin.py:188} INFO - [2026-01-29T00:32:46.819+0000] {dag.py:3089} INFO - Sync 1 DAGs
[2026-01-29T00:32:46.847+0000] {logging_mixin.py:188} INFO - [2026-01-29T00:32:46.847+0000] {dag.py:3947} INFO - Setting next_dagrun for example_sla_dag to 2026-01-29 00:30:00+00:00, run_after=2026-01-29 00:32:00+00:00
[2026-01-29T00:32:46.867+0000] {processor.py:183} INFO - Processing /home/airflow/.local/lib/python3.12/site-packages/airflow/example_dags/example_sla_dag.py took 0.089 seconds
[2026-01-29T00:33:17.403+0000] {processor.py:161} INFO - Started process (PID=66389) to work on /home/airflow/.local/lib/python3.12/site-packages/airflow/example_dags/example_sla_dag.py
[2026-01-29T00:33:17.404+0000] {processor.py:830} INFO - Processing file /home/airflow/.local/lib/python3.12/site-packages/airflow/example_dags/example_sla_dag.py for tasks to queue
[2026-01-29T00:33:17.406+0000] {logging_mixin.py:188} INFO - [2026-01-29T00:33:17.406+0000] {dagbag.py:545} INFO - Filling up the DagBag from /home/airflow/.local/lib/python3.12/site-packages/airflow/example_dags/example_sla_dag.py
[2026-01-29T00:33:17.416+0000] {processor.py:840} INFO - DAG(s) 'example_sla_dag' retrieved from /home/airflow/.local/lib/python3.12/site-packages/airflow/example_dags/example_sla_dag.py
[2026-01-29T00:33:17.438+0000] {logging_mixin.py:188} INFO - [2026-01-29T00:33:17.438+0000] {dag.py:3089} INFO - Sync 1 DAGs
[2026-01-29T00:33:17.466+0000] {logging_mixin.py:188} INFO - [2026-01-29T00:33:17.466+0000] {dag.py:3947} INFO - Setting next_dagrun for example_sla_dag to 2026-01-29 00:30:00+00:00, run_after=2026-01-29 00:32:00+00:00
[2026-01-29T00:33:17.486+0000] {processor.py:183} INFO - Processing /home/airflow/.local/lib/python3.12/site-packages/airflow/example_dags/example_sla_dag.py took 0.091 seconds
[2026-01-29T00:33:47.984+0000] {processor.py:161} INFO - Started process (PID=66448) to work on /home/airflow/.local/lib/python3.12/site-packages/airflow/example_dags/example_sla_dag.py
[2026-01-29T00:33:47.984+0000] {processor.py:830} INFO - Processing file /home/airflow/.local/lib/python3.12/site-packages/airflow/example_dags/example_sla_dag.py for tasks to queue
[2026-01-29T00:33:47.986+0000] {logging_mixin.py:188} INFO - [2026-01-29T00:33:47.986+0000] {dagbag.py:545} INFO - Filling up the DagBag from /home/airflow/.local/lib/python3.12/site-packages/airflow/example_dags/example_sla_dag.py
[2026-01-29T00:33:47.996+0000] {processor.py:840} INFO - DAG(s) 'example_sla_dag' retrieved from /home/airflow/.local/lib/python3.12/site-packages/airflow/example_dags/example_sla_dag.py
[2026-01-29T00:33:48.015+0000] {logging_mixin.py:188} INFO - [2026-01-29T00:33:48.015+0000] {dag.py:3089} INFO - Sync 1 DAGs
[2026-01-29T00:33:48.043+0000] {logging_mixin.py:188} INFO - [2026-01-29T00:33:48.042+0000] {dag.py:3947} INFO - Setting next_dagrun for example_sla_dag to 2026-01-29 00:30:00+00:00, run_after=2026-01-29 00:32:00+00:00
[2026-01-29T00:33:48.063+0000] {processor.py:183} INFO - Processing /home/airflow/.local/lib/python3.12/site-packages/airflow/example_dags/example_sla_dag.py took 0.087 seconds
[2026-01-29T00:34:18.659+0000] {processor.py:161} INFO - Started process (PID=66512) to work on /home/airflow/.local/lib/python3.12/site-packages/airflow/example_dags/example_sla_dag.py
[2026-01-29T00:34:18.660+0000] {processor.py:830} INFO - Processing file /home/airflow/.local/lib/python3.12/site-packages/airflow/example_dags/example_sla_dag.py for tasks to queue
[2026-01-29T00:34:18.662+0000] {logging_mixin.py:188} INFO - [2026-01-29T00:34:18.662+0000] {dagbag.py:545} INFO - Filling up the DagBag from /home/airflow/.local/lib/python3.12/site-packages/airflow/example_dags/example_sla_dag.py
[2026-01-29T00:34:18.672+0000] {processor.py:840} INFO - DAG(s) 'example_sla_dag' retrieved from /home/airflow/.local/lib/python3.12/site-packages/airflow/example_dags/example_sla_dag.py
[2026-01-29T00:34:18.693+0000] {logging_mixin.py:188} INFO - [2026-01-29T00:34:18.693+0000] {dag.py:3089} INFO - Sync 1 DAGs
[2026-01-29T00:34:18.721+0000] {logging_mixin.py:188} INFO - [2026-01-29T00:34:18.721+0000] {dag.py:3947} INFO - Setting next_dagrun for example_sla_dag to 2026-01-29 00:32:00+00:00, run_after=2026-01-29 00:34:00+00:00
[2026-01-29T00:34:18.741+0000] {processor.py:183} INFO - Processing /home/airflow/.local/lib/python3.12/site-packages/airflow/example_dags/example_sla_dag.py took 0.090 seconds
[2026-01-29T00:34:49.175+0000] {processor.py:161} INFO - Started process (PID=66571) to work on /home/airflow/.local/lib/python3.12/site-packages/airflow/example_dags/example_sla_dag.py
[2026-01-29T00:34:49.176+0000] {processor.py:830} INFO - Processing file /home/airflow/.local/lib/python3.12/site-packages/airflow/example_dags/example_sla_dag.py for tasks to queue
[2026-01-29T00:34:49.178+0000] {logging_mixin.py:188} INFO - [2026-01-29T00:34:49.177+0000] {dagbag.py:545} INFO - Filling up the DagBag from /home/airflow/.local/lib/python3.12/site-packages/airflow/example_dags/example_sla_dag.py
[2026-01-29T00:34:49.188+0000] {processor.py:840} INFO - DAG(s) 'example_sla_dag' retrieved from /home/airflow/.local/lib/python3.12/site-packages/airflow/example_dags/example_sla_dag.py
[2026-01-29T00:34:49.208+0000] {logging_mixin.py:188} INFO - [2026-01-29T00:34:49.208+0000] {dag.py:3089} INFO - Sync 1 DAGs
[2026-01-29T00:34:49.235+0000] {logging_mixin.py:188} INFO - [2026-01-29T00:34:49.235+0000] {dag.py:3947} INFO - Setting next_dagrun for example_sla_dag to 2026-01-29 00:32:00+00:00, run_after=2026-01-29 00:34:00+00:00
[2026-01-29T00:34:49.255+0000] {processor.py:183} INFO - Processing /home/airflow/.local/lib/python3.12/site-packages/airflow/example_dags/example_sla_dag.py took 0.087 seconds
[2026-01-29T00:35:19.632+0000] {processor.py:161} INFO - Started process (PID=66635) to work on /home/airflow/.local/lib/python3.12/site-packages/airflow/example_dags/example_sla_dag.py
[2026-01-29T00:35:19.633+0000] {processor.py:830} INFO - Processing file /home/airflow/.local/lib/python3.12/site-packages/airflow/example_dags/example_sla_dag.py for tasks to queue
[2026-01-29T00:35:19.636+0000] {logging_mixin.py:188} INFO - [2026-01-29T00:35:19.635+0000] {dagbag.py:545} INFO - Filling up the DagBag from /home/airflow/.local/lib/python3.12/site-packages/airflow/example_dags/example_sla_dag.py
[2026-01-29T00:35:19.650+0000] {processor.py:840} INFO - DAG(s) 'example_sla_dag' retrieved from /home/airflow/.local/lib/python3.12/site-packages/airflow/example_dags/example_sla_dag.py
[2026-01-29T00:35:19.679+0000] {logging_mixin.py:188} INFO - [2026-01-29T00:35:19.679+0000] {dag.py:3089} INFO - Sync 1 DAGs
[2026-01-29T00:35:19.710+0000] {logging_mixin.py:188} INFO - [2026-01-29T00:35:19.710+0000] {dag.py:3947} INFO - Setting next_dagrun for example_sla_dag to 2026-01-29 00:32:00+00:00, run_after=2026-01-29 00:34:00+00:00
[2026-01-29T00:35:19.729+0000] {processor.py:183} INFO - Processing /home/airflow/.local/lib/python3.12/site-packages/airflow/example_dags/example_sla_dag.py took 0.106 seconds
[2026-01-29T00:35:50.111+0000] {processor.py:161} INFO - Started process (PID=66694) to work on /home/airflow/.local/lib/python3.12/site-packages/airflow/example_dags/example_sla_dag.py
[2026-01-29T00:35:50.112+0000] {processor.py:830} INFO - Processing file /home/airflow/.local/lib/python3.12/site-packages/airflow/example_dags/example_sla_dag.py for tasks to queue
[2026-01-29T00:35:50.114+0000] {logging_mixin.py:188} INFO - [2026-01-29T00:35:50.113+0000] {dagbag.py:545} INFO - Filling up the DagBag from /home/airflow/.local/lib/python3.12/site-packages/airflow/example_dags/example_sla_dag.py
[2026-01-29T00:35:50.124+0000] {processor.py:840} INFO - DAG(s) 'example_sla_dag' retrieved from /home/airflow/.local/lib/python3.12/site-packages/airflow/example_dags/example_sla_dag.py
[2026-01-29T00:35:50.144+0000] {logging_mixin.py:188} INFO - [2026-01-29T00:35:50.144+0000] {dag.py:3089} INFO - Sync 1 DAGs
[2026-01-29T00:35:50.173+0000] {logging_mixin.py:188} INFO - [2026-01-29T00:35:50.173+0000] {dag.py:3947} INFO - Setting next_dagrun for example_sla_dag to 2026-01-29 00:32:00+00:00, run_after=2026-01-29 00:34:00+00:00
[2026-01-29T00:35:50.192+0000] {processor.py:183} INFO - Processing /home/airflow/.local/lib/python3.12/site-packages/airflow/example_dags/example_sla_dag.py took 0.088 seconds
[2026-01-29T00:36:20.471+0000] {processor.py:161} INFO - Started process (PID=66758) to work on /home/airflow/.local/lib/python3.12/site-packages/airflow/example_dags/example_sla_dag.py
[2026-01-29T00:36:20.472+0000] {processor.py:830} INFO - Processing file /home/airflow/.local/lib/python3.12/site-packages/airflow/example_dags/example_sla_dag.py for tasks to queue
[2026-01-29T00:36:20.474+0000] {logging_mixin.py:188} INFO - [2026-01-29T00:36:20.474+0000] {dagbag.py:545} INFO - Filling up the DagBag from /home/airflow/.local/lib/python3.12/site-packages/airflow/example_dags/example_sla_dag.py
[2026-01-29T00:36:20.485+0000] {processor.py:840} INFO - DAG(s) 'example_sla_dag' retrieved from /home/airflow/.local/lib/python3.12/site-packages/airflow/example_dags/example_sla_dag.py
[2026-01-29T00:36:20.505+0000] {logging_mixin.py:188} INFO - [2026-01-29T00:36:20.504+0000] {dag.py:3089} INFO - Sync 1 DAGs
[2026-01-29T00:36:20.532+0000] {logging_mixin.py:188} INFO - [2026-01-29T00:36:20.532+0000] {dag.py:3947} INFO - Setting next_dagrun for example_sla_dag to 2026-01-29 00:34:00+00:00, run_after=2026-01-29 00:36:00+00:00
[2026-01-29T00:36:20.552+0000] {processor.py:183} INFO - Processing /home/airflow/.local/lib/python3.12/site-packages/airflow/example_dags/example_sla_dag.py took 0.089 seconds
[2026-01-29T00:36:51.045+0000] {processor.py:161} INFO - Started process (PID=66817) to work on /home/airflow/.local/lib/python3.12/site-packages/airflow/example_dags/example_sla_dag.py
[2026-01-29T00:36:51.046+0000] {processor.py:830} INFO - Processing file /home/airflow/.local/lib/python3.12/site-packages/airflow/example_dags/example_sla_dag.py for tasks to queue
[2026-01-29T00:36:51.048+0000] {logging_mixin.py:188} INFO - [2026-01-29T00:36:51.047+0000] {dagbag.py:545} INFO - Filling up the DagBag from /home/airflow/.local/lib/python3.12/site-packages/airflow/example_dags/example_sla_dag.py
[2026-01-29T00:36:51.057+0000] {processor.py:840} INFO - DAG(s) 'example_sla_dag' retrieved from /home/airflow/.local/lib/python3.12/site-packages/airflow/example_dags/example_sla_dag.py
[2026-01-29T00:36:51.081+0000] {logging_mixin.py:188} INFO - [2026-01-29T00:36:51.081+0000] {dag.py:3089} INFO - Sync 1 DAGs
[2026-01-29T00:36:51.114+0000] {logging_mixin.py:188} INFO - [2026-01-29T00:36:51.114+0000] {dag.py:3947} INFO - Setting next_dagrun for example_sla_dag to 2026-01-29 00:34:00+00:00, run_after=2026-01-29 00:36:00+00:00
[2026-01-29T00:36:51.135+0000] {processor.py:183} INFO - Processing /home/airflow/.local/lib/python3.12/site-packages/airflow/example_dags/example_sla_dag.py took 0.096 seconds
[2026-01-29T00:37:21.630+0000] {processor.py:161} INFO - Started process (PID=66881) to work on /home/airflow/.local/lib/python3.12/site-packages/airflow/example_dags/example_sla_dag.py
[2026-01-29T00:37:21.634+0000] {processor.py:830} INFO - Processing file /home/airflow/.local/lib/python3.12/site-packages/airflow/example_dags/example_sla_dag.py for tasks to queue
[2026-01-29T00:37:21.635+0000] {logging_mixin.py:188} INFO - [2026-01-29T00:37:21.635+0000] {dagbag.py:545} INFO - Filling up the DagBag from /home/airflow/.local/lib/python3.12/site-packages/airflow/example_dags/example_sla_dag.py
[2026-01-29T00:37:21.644+0000] {processor.py:840} INFO - DAG(s) 'example_sla_dag' retrieved from /home/airflow/.local/lib/python3.12/site-packages/airflow/example_dags/example_sla_dag.py
[2026-01-29T00:37:21.668+0000] {logging_mixin.py:188} INFO - [2026-01-29T00:37:21.667+0000] {dag.py:3089} INFO - Sync 1 DAGs
[2026-01-29T00:37:21.701+0000] {logging_mixin.py:188} INFO - [2026-01-29T00:37:21.701+0000] {dag.py:3947} INFO - Setting next_dagrun for example_sla_dag to 2026-01-29 00:34:00+00:00, run_after=2026-01-29 00:36:00+00:00
[2026-01-29T00:37:21.721+0000] {processor.py:183} INFO - Processing /home/airflow/.local/lib/python3.12/site-packages/airflow/example_dags/example_sla_dag.py took 0.097 seconds
[2026-01-29T00:37:52.179+0000] {processor.py:161} INFO - Started process (PID=66940) to work on /home/airflow/.local/lib/python3.12/site-packages/airflow/example_dags/example_sla_dag.py
[2026-01-29T00:37:52.181+0000] {processor.py:830} INFO - Processing file /home/airflow/.local/lib/python3.12/site-packages/airflow/example_dags/example_sla_dag.py for tasks to queue
[2026-01-29T00:37:52.183+0000] {logging_mixin.py:188} INFO - [2026-01-29T00:37:52.182+0000] {dagbag.py:545} INFO - Filling up the DagBag from /home/airflow/.local/lib/python3.12/site-packages/airflow/example_dags/example_sla_dag.py
[2026-01-29T00:37:52.193+0000] {processor.py:840} INFO - DAG(s) 'example_sla_dag' retrieved from /home/airflow/.local/lib/python3.12/site-packages/airflow/example_dags/example_sla_dag.py
[2026-01-29T00:37:52.213+0000] {logging_mixin.py:188} INFO - [2026-01-29T00:37:52.213+0000] {dag.py:3089} INFO - Sync 1 DAGs
[2026-01-29T00:37:52.238+0000] {logging_mixin.py:188} INFO - [2026-01-29T00:37:52.238+0000] {dag.py:3947} INFO - Setting next_dagrun for example_sla_dag to 2026-01-29 00:34:00+00:00, run_after=2026-01-29 00:36:00+00:00
[2026-01-29T00:37:52.256+0000] {processor.py:183} INFO - Processing /home/airflow/.local/lib/python3.12/site-packages/airflow/example_dags/example_sla_dag.py took 0.085 seconds
[2026-01-29T00:38:22.662+0000] {processor.py:161} INFO - Started process (PID=67004) to work on /home/airflow/.local/lib/python3.12/site-packages/airflow/example_dags/example_sla_dag.py
[2026-01-29T00:38:22.663+0000] {processor.py:830} INFO - Processing file /home/airflow/.local/lib/python3.12/site-packages/airflow/example_dags/example_sla_dag.py for tasks to queue
[2026-01-29T00:38:22.665+0000] {logging_mixin.py:188} INFO - [2026-01-29T00:38:22.664+0000] {dagbag.py:545} INFO - Filling up the DagBag from /home/airflow/.local/lib/python3.12/site-packages/airflow/example_dags/example_sla_dag.py
[2026-01-29T00:38:22.675+0000] {processor.py:840} INFO - DAG(s) 'example_sla_dag' retrieved from /home/airflow/.local/lib/python3.12/site-packages/airflow/example_dags/example_sla_dag.py
[2026-01-29T00:38:22.695+0000] {logging_mixin.py:188} INFO - [2026-01-29T00:38:22.694+0000] {dag.py:3089} INFO - Sync 1 DAGs
[2026-01-29T00:38:22.724+0000] {logging_mixin.py:188} INFO - [2026-01-29T00:38:22.724+0000] {dag.py:3947} INFO - Setting next_dagrun for example_sla_dag to 2026-01-29 00:36:00+00:00, run_after=2026-01-29 00:38:00+00:00
[2026-01-29T00:38:22.744+0000] {processor.py:183} INFO - Processing /home/airflow/.local/lib/python3.12/site-packages/airflow/example_dags/example_sla_dag.py took 0.090 seconds
[2026-01-29T00:38:53.203+0000] {processor.py:161} INFO - Started process (PID=67063) to work on /home/airflow/.local/lib/python3.12/site-packages/airflow/example_dags/example_sla_dag.py
[2026-01-29T00:38:53.204+0000] {processor.py:830} INFO - Processing file /home/airflow/.local/lib/python3.12/site-packages/airflow/example_dags/example_sla_dag.py for tasks to queue
[2026-01-29T00:38:53.206+0000] {logging_mixin.py:188} INFO - [2026-01-29T00:38:53.205+0000] {dagbag.py:545} INFO - Filling up the DagBag from /home/airflow/.local/lib/python3.12/site-packages/airflow/example_dags/example_sla_dag.py
[2026-01-29T00:38:53.216+0000] {processor.py:840} INFO - DAG(s) 'example_sla_dag' retrieved from /home/airflow/.local/lib/python3.12/site-packages/airflow/example_dags/example_sla_dag.py
[2026-01-29T00:38:53.236+0000] {logging_mixin.py:188} INFO - [2026-01-29T00:38:53.236+0000] {dag.py:3089} INFO - Sync 1 DAGs
[2026-01-29T00:38:53.263+0000] {logging_mixin.py:188} INFO - [2026-01-29T00:38:53.263+0000] {dag.py:3947} INFO - Setting next_dagrun for example_sla_dag to 2026-01-29 00:36:00+00:00, run_after=2026-01-29 00:38:00+00:00
[2026-01-29T00:38:53.283+0000] {processor.py:183} INFO - Processing /home/airflow/.local/lib/python3.12/site-packages/airflow/example_dags/example_sla_dag.py took 0.088 seconds
[2026-01-29T00:39:23.707+0000] {processor.py:161} INFO - Started process (PID=67127) to work on /home/airflow/.local/lib/python3.12/site-packages/airflow/example_dags/example_sla_dag.py
[2026-01-29T00:39:23.708+0000] {processor.py:830} INFO - Processing file /home/airflow/.local/lib/python3.12/site-packages/airflow/example_dags/example_sla_dag.py for tasks to queue
[2026-01-29T00:39:23.710+0000] {logging_mixin.py:188} INFO - [2026-01-29T00:39:23.710+0000] {dagbag.py:545} INFO - Filling up the DagBag from /home/airflow/.local/lib/python3.12/site-packages/airflow/example_dags/example_sla_dag.py
[2026-01-29T00:39:23.720+0000] {processor.py:840} INFO - DAG(s) 'example_sla_dag' retrieved from /home/airflow/.local/lib/python3.12/site-packages/airflow/example_dags/example_sla_dag.py
[2026-01-29T00:39:23.740+0000] {logging_mixin.py:188} INFO - [2026-01-29T00:39:23.739+0000] {dag.py:3089} INFO - Sync 1 DAGs
[2026-01-29T00:39:23.767+0000] {logging_mixin.py:188} INFO - [2026-01-29T00:39:23.767+0000] {dag.py:3947} INFO - Setting next_dagrun for example_sla_dag to 2026-01-29 00:36:00+00:00, run_after=2026-01-29 00:38:00+00:00
[2026-01-29T00:39:23.787+0000] {processor.py:183} INFO - Processing /home/airflow/.local/lib/python3.12/site-packages/airflow/example_dags/example_sla_dag.py took 0.087 seconds
[2026-01-29T00:39:54.307+0000] {processor.py:161} INFO - Started process (PID=67186) to work on /home/airflow/.local/lib/python3.12/site-packages/airflow/example_dags/example_sla_dag.py
[2026-01-29T00:39:54.308+0000] {processor.py:830} INFO - Processing file /home/airflow/.local/lib/python3.12/site-packages/airflow/example_dags/example_sla_dag.py for tasks to queue
[2026-01-29T00:39:54.310+0000] {logging_mixin.py:188} INFO - [2026-01-29T00:39:54.310+0000] {dagbag.py:545} INFO - Filling up the DagBag from /home/airflow/.local/lib/python3.12/site-packages/airflow/example_dags/example_sla_dag.py
[2026-01-29T00:39:54.321+0000] {processor.py:840} INFO - DAG(s) 'example_sla_dag' retrieved from /home/airflow/.local/lib/python3.12/site-packages/airflow/example_dags/example_sla_dag.py
[2026-01-29T00:39:54.340+0000] {logging_mixin.py:188} INFO - [2026-01-29T00:39:54.340+0000] {dag.py:3089} INFO - Sync 1 DAGs
[2026-01-29T00:39:54.366+0000] {logging_mixin.py:188} INFO - [2026-01-29T00:39:54.365+0000] {dag.py:3947} INFO - Setting next_dagrun for example_sla_dag to 2026-01-29 00:36:00+00:00, run_after=2026-01-29 00:38:00+00:00
[2026-01-29T00:39:54.384+0000] {processor.py:183} INFO - Processing /home/airflow/.local/lib/python3.12/site-packages/airflow/example_dags/example_sla_dag.py took 0.085 seconds
[2026-01-29T00:40:24.854+0000] {processor.py:161} INFO - Started process (PID=67250) to work on /home/airflow/.local/lib/python3.12/site-packages/airflow/example_dags/example_sla_dag.py
[2026-01-29T00:40:24.855+0000] {processor.py:830} INFO - Processing file /home/airflow/.local/lib/python3.12/site-packages/airflow/example_dags/example_sla_dag.py for tasks to queue
[2026-01-29T00:40:24.857+0000] {logging_mixin.py:188} INFO - [2026-01-29T00:40:24.857+0000] {dagbag.py:545} INFO - Filling up the DagBag from /home/airflow/.local/lib/python3.12/site-packages/airflow/example_dags/example_sla_dag.py
[2026-01-29T00:40:24.867+0000] {processor.py:840} INFO - DAG(s) 'example_sla_dag' retrieved from /home/airflow/.local/lib/python3.12/site-packages/airflow/example_dags/example_sla_dag.py
[2026-01-29T00:40:24.887+0000] {logging_mixin.py:188} INFO - [2026-01-29T00:40:24.887+0000] {dag.py:3089} INFO - Sync 1 DAGs
[2026-01-29T00:40:24.914+0000] {logging_mixin.py:188} INFO - [2026-01-29T00:40:24.914+0000] {dag.py:3947} INFO - Setting next_dagrun for example_sla_dag to 2026-01-29 00:38:00+00:00, run_after=2026-01-29 00:40:00+00:00
[2026-01-29T00:40:24.934+0000] {processor.py:183} INFO - Processing /home/airflow/.local/lib/python3.12/site-packages/airflow/example_dags/example_sla_dag.py took 0.087 seconds
[2026-01-29T00:40:55.295+0000] {processor.py:161} INFO - Started process (PID=67309) to work on /home/airflow/.local/lib/python3.12/site-packages/airflow/example_dags/example_sla_dag.py
[2026-01-29T00:40:55.296+0000] {processor.py:830} INFO - Processing file /home/airflow/.local/lib/python3.12/site-packages/airflow/example_dags/example_sla_dag.py for tasks to queue
[2026-01-29T00:40:55.298+0000] {logging_mixin.py:188} INFO - [2026-01-29T00:40:55.298+0000] {dagbag.py:545} INFO - Filling up the DagBag from /home/airflow/.local/lib/python3.12/site-packages/airflow/example_dags/example_sla_dag.py
[2026-01-29T00:40:55.309+0000] {processor.py:840} INFO - DAG(s) 'example_sla_dag' retrieved from /home/airflow/.local/lib/python3.12/site-packages/airflow/example_dags/example_sla_dag.py
[2026-01-29T00:40:55.328+0000] {logging_mixin.py:188} INFO - [2026-01-29T00:40:55.328+0000] {dag.py:3089} INFO - Sync 1 DAGs
[2026-01-29T00:40:55.357+0000] {logging_mixin.py:188} INFO - [2026-01-29T00:40:55.356+0000] {dag.py:3947} INFO - Setting next_dagrun for example_sla_dag to 2026-01-29 00:38:00+00:00, run_after=2026-01-29 00:40:00+00:00
[2026-01-29T00:40:55.377+0000] {processor.py:183} INFO - Processing /home/airflow/.local/lib/python3.12/site-packages/airflow/example_dags/example_sla_dag.py took 0.089 seconds
[2026-01-29T00:41:26.042+0000] {processor.py:161} INFO - Started process (PID=67373) to work on /home/airflow/.local/lib/python3.12/site-packages/airflow/example_dags/example_sla_dag.py
[2026-01-29T00:41:26.042+0000] {processor.py:830} INFO - Processing file /home/airflow/.local/lib/python3.12/site-packages/airflow/example_dags/example_sla_dag.py for tasks to queue
[2026-01-29T00:41:26.044+0000] {logging_mixin.py:188} INFO - [2026-01-29T00:41:26.044+0000] {dagbag.py:545} INFO - Filling up the DagBag from /home/airflow/.local/lib/python3.12/site-packages/airflow/example_dags/example_sla_dag.py
[2026-01-29T00:41:26.054+0000] {processor.py:840} INFO - DAG(s) 'example_sla_dag' retrieved from /home/airflow/.local/lib/python3.12/site-packages/airflow/example_dags/example_sla_dag.py
[2026-01-29T00:41:26.076+0000] {logging_mixin.py:188} INFO - [2026-01-29T00:41:26.076+0000] {dag.py:3089} INFO - Sync 1 DAGs
[2026-01-29T00:41:26.103+0000] {logging_mixin.py:188} INFO - [2026-01-29T00:41:26.102+0000] {dag.py:3947} INFO - Setting next_dagrun for example_sla_dag to 2026-01-29 00:38:00+00:00, run_after=2026-01-29 00:40:00+00:00
[2026-01-29T00:41:26.122+0000] {processor.py:183} INFO - Processing /home/airflow/.local/lib/python3.12/site-packages/airflow/example_dags/example_sla_dag.py took 0.088 seconds
[2026-01-29T00:41:56.535+0000] {processor.py:161} INFO - Started process (PID=67432) to work on /home/airflow/.local/lib/python3.12/site-packages/airflow/example_dags/example_sla_dag.py
[2026-01-29T00:41:56.539+0000] {processor.py:830} INFO - Processing file /home/airflow/.local/lib/python3.12/site-packages/airflow/example_dags/example_sla_dag.py for tasks to queue
[2026-01-29T00:41:56.541+0000] {logging_mixin.py:188} INFO - [2026-01-29T00:41:56.540+0000] {dagbag.py:545} INFO - Filling up the DagBag from /home/airflow/.local/lib/python3.12/site-packages/airflow/example_dags/example_sla_dag.py
[2026-01-29T00:41:56.551+0000] {processor.py:840} INFO - DAG(s) 'example_sla_dag' retrieved from /home/airflow/.local/lib/python3.12/site-packages/airflow/example_dags/example_sla_dag.py
[2026-01-29T00:41:56.571+0000] {logging_mixin.py:188} INFO - [2026-01-29T00:41:56.571+0000] {dag.py:3089} INFO - Sync 1 DAGs
[2026-01-29T00:41:56.599+0000] {logging_mixin.py:188} INFO - [2026-01-29T00:41:56.599+0000] {dag.py:3947} INFO - Setting next_dagrun for example_sla_dag to 2026-01-29 00:38:00+00:00, run_after=2026-01-29 00:40:00+00:00
[2026-01-29T00:41:56.619+0000] {processor.py:183} INFO - Processing /home/airflow/.local/lib/python3.12/site-packages/airflow/example_dags/example_sla_dag.py took 0.091 seconds
[2026-01-29T00:42:27.122+0000] {processor.py:161} INFO - Started process (PID=67496) to work on /home/airflow/.local/lib/python3.12/site-packages/airflow/example_dags/example_sla_dag.py
[2026-01-29T00:42:27.123+0000] {processor.py:830} INFO - Processing file /home/airflow/.local/lib/python3.12/site-packages/airflow/example_dags/example_sla_dag.py for tasks to queue
[2026-01-29T00:42:27.125+0000] {logging_mixin.py:188} INFO - [2026-01-29T00:42:27.125+0000] {dagbag.py:545} INFO - Filling up the DagBag from /home/airflow/.local/lib/python3.12/site-packages/airflow/example_dags/example_sla_dag.py
[2026-01-29T00:42:27.135+0000] {processor.py:840} INFO - DAG(s) 'example_sla_dag' retrieved from /home/airflow/.local/lib/python3.12/site-packages/airflow/example_dags/example_sla_dag.py
[2026-01-29T00:42:27.156+0000] {logging_mixin.py:188} INFO - [2026-01-29T00:42:27.156+0000] {dag.py:3089} INFO - Sync 1 DAGs
[2026-01-29T00:42:27.184+0000] {logging_mixin.py:188} INFO - [2026-01-29T00:42:27.184+0000] {dag.py:3947} INFO - Setting next_dagrun for example_sla_dag to 2026-01-29 00:40:00+00:00, run_after=2026-01-29 00:42:00+00:00
[2026-01-29T00:42:27.203+0000] {processor.py:183} INFO - Processing /home/airflow/.local/lib/python3.12/site-packages/airflow/example_dags/example_sla_dag.py took 0.089 seconds
[2026-01-29T00:42:57.642+0000] {processor.py:161} INFO - Started process (PID=67555) to work on /home/airflow/.local/lib/python3.12/site-packages/airflow/example_dags/example_sla_dag.py
[2026-01-29T00:42:57.643+0000] {processor.py:830} INFO - Processing file /home/airflow/.local/lib/python3.12/site-packages/airflow/example_dags/example_sla_dag.py for tasks to queue
[2026-01-29T00:42:57.645+0000] {logging_mixin.py:188} INFO - [2026-01-29T00:42:57.645+0000] {dagbag.py:545} INFO - Filling up the DagBag from /home/airflow/.local/lib/python3.12/site-packages/airflow/example_dags/example_sla_dag.py
[2026-01-29T00:42:57.656+0000] {processor.py:840} INFO - DAG(s) 'example_sla_dag' retrieved from /home/airflow/.local/lib/python3.12/site-packages/airflow/example_dags/example_sla_dag.py
[2026-01-29T00:42:57.677+0000] {logging_mixin.py:188} INFO - [2026-01-29T00:42:57.676+0000] {dag.py:3089} INFO - Sync 1 DAGs
[2026-01-29T00:42:57.706+0000] {logging_mixin.py:188} INFO - [2026-01-29T00:42:57.705+0000] {dag.py:3947} INFO - Setting next_dagrun for example_sla_dag to 2026-01-29 00:40:00+00:00, run_after=2026-01-29 00:42:00+00:00
[2026-01-29T00:42:57.727+0000] {processor.py:183} INFO - Processing /home/airflow/.local/lib/python3.12/site-packages/airflow/example_dags/example_sla_dag.py took 0.092 seconds
[2026-01-29T00:43:28.241+0000] {processor.py:161} INFO - Started process (PID=67619) to work on /home/airflow/.local/lib/python3.12/site-packages/airflow/example_dags/example_sla_dag.py
[2026-01-29T00:43:28.242+0000] {processor.py:830} INFO - Processing file /home/airflow/.local/lib/python3.12/site-packages/airflow/example_dags/example_sla_dag.py for tasks to queue
[2026-01-29T00:43:28.243+0000] {logging_mixin.py:188} INFO - [2026-01-29T00:43:28.243+0000] {dagbag.py:545} INFO - Filling up the DagBag from /home/airflow/.local/lib/python3.12/site-packages/airflow/example_dags/example_sla_dag.py
[2026-01-29T00:43:28.252+0000] {processor.py:840} INFO - DAG(s) 'example_sla_dag' retrieved from /home/airflow/.local/lib/python3.12/site-packages/airflow/example_dags/example_sla_dag.py
[2026-01-29T00:43:28.272+0000] {logging_mixin.py:188} INFO - [2026-01-29T00:43:28.271+0000] {dag.py:3089} INFO - Sync 1 DAGs
[2026-01-29T00:43:28.298+0000] {logging_mixin.py:188} INFO - [2026-01-29T00:43:28.298+0000] {dag.py:3947} INFO - Setting next_dagrun for example_sla_dag to 2026-01-29 00:40:00+00:00, run_after=2026-01-29 00:42:00+00:00
[2026-01-29T00:43:28.319+0000] {processor.py:183} INFO - Processing /home/airflow/.local/lib/python3.12/site-packages/airflow/example_dags/example_sla_dag.py took 0.084 seconds
[2026-01-29T00:43:58.894+0000] {processor.py:161} INFO - Started process (PID=67684) to work on /home/airflow/.local/lib/python3.12/site-packages/airflow/example_dags/example_sla_dag.py
[2026-01-29T00:43:58.896+0000] {processor.py:830} INFO - Processing file /home/airflow/.local/lib/python3.12/site-packages/airflow/example_dags/example_sla_dag.py for tasks to queue
[2026-01-29T00:43:58.898+0000] {logging_mixin.py:188} INFO - [2026-01-29T00:43:58.897+0000] {dagbag.py:545} INFO - Filling up the DagBag from /home/airflow/.local/lib/python3.12/site-packages/airflow/example_dags/example_sla_dag.py
[2026-01-29T00:43:58.907+0000] {processor.py:840} INFO - DAG(s) 'example_sla_dag' retrieved from /home/airflow/.local/lib/python3.12/site-packages/airflow/example_dags/example_sla_dag.py
[2026-01-29T00:43:58.926+0000] {logging_mixin.py:188} INFO - [2026-01-29T00:43:58.926+0000] {dag.py:3089} INFO - Sync 1 DAGs
[2026-01-29T00:43:58.954+0000] {logging_mixin.py:188} INFO - [2026-01-29T00:43:58.954+0000] {dag.py:3947} INFO - Setting next_dagrun for example_sla_dag to 2026-01-29 00:40:00+00:00, run_after=2026-01-29 00:42:00+00:00
[2026-01-29T00:43:58.973+0000] {processor.py:183} INFO - Processing /home/airflow/.local/lib/python3.12/site-packages/airflow/example_dags/example_sla_dag.py took 0.085 seconds
[2026-01-29T00:44:29.456+0000] {processor.py:161} INFO - Started process (PID=67748) to work on /home/airflow/.local/lib/python3.12/site-packages/airflow/example_dags/example_sla_dag.py
[2026-01-29T00:44:29.457+0000] {processor.py:830} INFO - Processing file /home/airflow/.local/lib/python3.12/site-packages/airflow/example_dags/example_sla_dag.py for tasks to queue
[2026-01-29T00:44:29.458+0000] {logging_mixin.py:188} INFO - [2026-01-29T00:44:29.458+0000] {dagbag.py:545} INFO - Filling up the DagBag from /home/airflow/.local/lib/python3.12/site-packages/airflow/example_dags/example_sla_dag.py
[2026-01-29T00:44:29.467+0000] {processor.py:840} INFO - DAG(s) 'example_sla_dag' retrieved from /home/airflow/.local/lib/python3.12/site-packages/airflow/example_dags/example_sla_dag.py
[2026-01-29T00:44:29.487+0000] {logging_mixin.py:188} INFO - [2026-01-29T00:44:29.487+0000] {dag.py:3089} INFO - Sync 1 DAGs
[2026-01-29T00:44:29.516+0000] {logging_mixin.py:188} INFO - [2026-01-29T00:44:29.516+0000] {dag.py:3947} INFO - Setting next_dagrun for example_sla_dag to 2026-01-29 00:42:00+00:00, run_after=2026-01-29 00:44:00+00:00
[2026-01-29T00:44:29.537+0000] {processor.py:183} INFO - Processing /home/airflow/.local/lib/python3.12/site-packages/airflow/example_dags/example_sla_dag.py took 0.087 seconds
[2026-01-29T00:45:00.254+0000] {processor.py:161} INFO - Started process (PID=67812) to work on /home/airflow/.local/lib/python3.12/site-packages/airflow/example_dags/example_sla_dag.py
[2026-01-29T00:45:00.256+0000] {processor.py:830} INFO - Processing file /home/airflow/.local/lib/python3.12/site-packages/airflow/example_dags/example_sla_dag.py for tasks to queue
[2026-01-29T00:45:00.258+0000] {logging_mixin.py:188} INFO - [2026-01-29T00:45:00.258+0000] {dagbag.py:545} INFO - Filling up the DagBag from /home/airflow/.local/lib/python3.12/site-packages/airflow/example_dags/example_sla_dag.py
[2026-01-29T00:45:00.272+0000] {processor.py:840} INFO - DAG(s) 'example_sla_dag' retrieved from /home/airflow/.local/lib/python3.12/site-packages/airflow/example_dags/example_sla_dag.py
[2026-01-29T00:45:00.301+0000] {logging_mixin.py:188} INFO - [2026-01-29T00:45:00.301+0000] {dag.py:3089} INFO - Sync 1 DAGs
[2026-01-29T00:45:00.346+0000] {logging_mixin.py:188} INFO - [2026-01-29T00:45:00.346+0000] {dag.py:3947} INFO - Setting next_dagrun for example_sla_dag to 2026-01-29 00:42:00+00:00, run_after=2026-01-29 00:44:00+00:00
[2026-01-29T00:45:00.380+0000] {processor.py:183} INFO - Processing /home/airflow/.local/lib/python3.12/site-packages/airflow/example_dags/example_sla_dag.py took 0.134 seconds
[2026-01-29T00:45:30.899+0000] {processor.py:161} INFO - Started process (PID=67871) to work on /home/airflow/.local/lib/python3.12/site-packages/airflow/example_dags/example_sla_dag.py
[2026-01-29T00:45:30.900+0000] {processor.py:830} INFO - Processing file /home/airflow/.local/lib/python3.12/site-packages/airflow/example_dags/example_sla_dag.py for tasks to queue
[2026-01-29T00:45:30.902+0000] {logging_mixin.py:188} INFO - [2026-01-29T00:45:30.901+0000] {dagbag.py:545} INFO - Filling up the DagBag from /home/airflow/.local/lib/python3.12/site-packages/airflow/example_dags/example_sla_dag.py
[2026-01-29T00:45:30.912+0000] {processor.py:840} INFO - DAG(s) 'example_sla_dag' retrieved from /home/airflow/.local/lib/python3.12/site-packages/airflow/example_dags/example_sla_dag.py
[2026-01-29T00:45:30.932+0000] {logging_mixin.py:188} INFO - [2026-01-29T00:45:30.932+0000] {dag.py:3089} INFO - Sync 1 DAGs
[2026-01-29T00:45:30.960+0000] {logging_mixin.py:188} INFO - [2026-01-29T00:45:30.960+0000] {dag.py:3947} INFO - Setting next_dagrun for example_sla_dag to 2026-01-29 00:42:00+00:00, run_after=2026-01-29 00:44:00+00:00
[2026-01-29T00:45:30.980+0000] {processor.py:183} INFO - Processing /home/airflow/.local/lib/python3.12/site-packages/airflow/example_dags/example_sla_dag.py took 0.088 seconds
[2026-01-29T00:46:01.361+0000] {processor.py:161} INFO - Started process (PID=67935) to work on /home/airflow/.local/lib/python3.12/site-packages/airflow/example_dags/example_sla_dag.py
[2026-01-29T00:46:01.363+0000] {processor.py:830} INFO - Processing file /home/airflow/.local/lib/python3.12/site-packages/airflow/example_dags/example_sla_dag.py for tasks to queue
[2026-01-29T00:46:01.365+0000] {logging_mixin.py:188} INFO - [2026-01-29T00:46:01.365+0000] {dagbag.py:545} INFO - Filling up the DagBag from /home/airflow/.local/lib/python3.12/site-packages/airflow/example_dags/example_sla_dag.py
[2026-01-29T00:46:01.379+0000] {processor.py:840} INFO - DAG(s) 'example_sla_dag' retrieved from /home/airflow/.local/lib/python3.12/site-packages/airflow/example_dags/example_sla_dag.py
[2026-01-29T00:46:01.405+0000] {logging_mixin.py:188} INFO - [2026-01-29T00:46:01.405+0000] {dag.py:3089} INFO - Sync 1 DAGs
[2026-01-29T00:46:01.622+0000] {logging_mixin.py:188} INFO - [2026-01-29T00:46:01.621+0000] {dag.py:3947} INFO - Setting next_dagrun for example_sla_dag to 2026-01-29 00:44:00+00:00, run_after=2026-01-29 00:46:00+00:00
[2026-01-29T00:46:01.640+0000] {processor.py:183} INFO - Processing /home/airflow/.local/lib/python3.12/site-packages/airflow/example_dags/example_sla_dag.py took 0.288 seconds
[2026-01-29T00:46:31.792+0000] {processor.py:161} INFO - Started process (PID=67994) to work on /home/airflow/.local/lib/python3.12/site-packages/airflow/example_dags/example_sla_dag.py
[2026-01-29T00:46:31.793+0000] {processor.py:830} INFO - Processing file /home/airflow/.local/lib/python3.12/site-packages/airflow/example_dags/example_sla_dag.py for tasks to queue
[2026-01-29T00:46:31.795+0000] {logging_mixin.py:188} INFO - [2026-01-29T00:46:31.794+0000] {dagbag.py:545} INFO - Filling up the DagBag from /home/airflow/.local/lib/python3.12/site-packages/airflow/example_dags/example_sla_dag.py
[2026-01-29T00:46:31.805+0000] {processor.py:840} INFO - DAG(s) 'example_sla_dag' retrieved from /home/airflow/.local/lib/python3.12/site-packages/airflow/example_dags/example_sla_dag.py
[2026-01-29T00:46:31.823+0000] {logging_mixin.py:188} INFO - [2026-01-29T00:46:31.823+0000] {dag.py:3089} INFO - Sync 1 DAGs
[2026-01-29T00:46:31.977+0000] {logging_mixin.py:188} INFO - [2026-01-29T00:46:31.977+0000] {dag.py:3947} INFO - Setting next_dagrun for example_sla_dag to 2026-01-29 00:44:00+00:00, run_after=2026-01-29 00:46:00+00:00
[2026-01-29T00:46:31.995+0000] {processor.py:183} INFO - Processing /home/airflow/.local/lib/python3.12/site-packages/airflow/example_dags/example_sla_dag.py took 0.211 seconds
[2026-01-29T00:47:02.188+0000] {processor.py:161} INFO - Started process (PID=68058) to work on /home/airflow/.local/lib/python3.12/site-packages/airflow/example_dags/example_sla_dag.py
[2026-01-29T00:47:02.190+0000] {processor.py:830} INFO - Processing file /home/airflow/.local/lib/python3.12/site-packages/airflow/example_dags/example_sla_dag.py for tasks to queue
[2026-01-29T00:47:02.192+0000] {logging_mixin.py:188} INFO - [2026-01-29T00:47:02.192+0000] {dagbag.py:545} INFO - Filling up the DagBag from /home/airflow/.local/lib/python3.12/site-packages/airflow/example_dags/example_sla_dag.py
[2026-01-29T00:47:02.203+0000] {processor.py:840} INFO - DAG(s) 'example_sla_dag' retrieved from /home/airflow/.local/lib/python3.12/site-packages/airflow/example_dags/example_sla_dag.py
[2026-01-29T00:47:02.227+0000] {logging_mixin.py:188} INFO - [2026-01-29T00:47:02.227+0000] {dag.py:3089} INFO - Sync 1 DAGs
[2026-01-29T00:47:02.261+0000] {logging_mixin.py:188} INFO - [2026-01-29T00:47:02.261+0000] {dag.py:3947} INFO - Setting next_dagrun for example_sla_dag to 2026-01-29 00:44:00+00:00, run_after=2026-01-29 00:46:00+00:00
[2026-01-29T00:47:02.284+0000] {processor.py:183} INFO - Processing /home/airflow/.local/lib/python3.12/site-packages/airflow/example_dags/example_sla_dag.py took 0.102 seconds
[2026-01-29T00:47:32.487+0000] {processor.py:161} INFO - Started process (PID=68117) to work on /home/airflow/.local/lib/python3.12/site-packages/airflow/example_dags/example_sla_dag.py
[2026-01-29T00:47:32.488+0000] {processor.py:830} INFO - Processing file /home/airflow/.local/lib/python3.12/site-packages/airflow/example_dags/example_sla_dag.py for tasks to queue
[2026-01-29T00:47:32.489+0000] {logging_mixin.py:188} INFO - [2026-01-29T00:47:32.489+0000] {dagbag.py:545} INFO - Filling up the DagBag from /home/airflow/.local/lib/python3.12/site-packages/airflow/example_dags/example_sla_dag.py
[2026-01-29T00:47:32.499+0000] {processor.py:840} INFO - DAG(s) 'example_sla_dag' retrieved from /home/airflow/.local/lib/python3.12/site-packages/airflow/example_dags/example_sla_dag.py
[2026-01-29T00:47:32.519+0000] {logging_mixin.py:188} INFO - [2026-01-29T00:47:32.519+0000] {dag.py:3089} INFO - Sync 1 DAGs
[2026-01-29T00:47:32.546+0000] {logging_mixin.py:188} INFO - [2026-01-29T00:47:32.546+0000] {dag.py:3947} INFO - Setting next_dagrun for example_sla_dag to 2026-01-29 00:44:00+00:00, run_after=2026-01-29 00:46:00+00:00
[2026-01-29T00:47:32.566+0000] {processor.py:183} INFO - Processing /home/airflow/.local/lib/python3.12/site-packages/airflow/example_dags/example_sla_dag.py took 0.086 seconds
[2026-01-29T00:48:02.603+0000] {processor.py:161} INFO - Started process (PID=68181) to work on /home/airflow/.local/lib/python3.12/site-packages/airflow/example_dags/example_sla_dag.py
[2026-01-29T00:48:02.604+0000] {processor.py:830} INFO - Processing file /home/airflow/.local/lib/python3.12/site-packages/airflow/example_dags/example_sla_dag.py for tasks to queue
[2026-01-29T00:48:02.606+0000] {logging_mixin.py:188} INFO - [2026-01-29T00:48:02.606+0000] {dagbag.py:545} INFO - Filling up the DagBag from /home/airflow/.local/lib/python3.12/site-packages/airflow/example_dags/example_sla_dag.py
[2026-01-29T00:48:02.615+0000] {processor.py:840} INFO - DAG(s) 'example_sla_dag' retrieved from /home/airflow/.local/lib/python3.12/site-packages/airflow/example_dags/example_sla_dag.py
[2026-01-29T00:48:02.634+0000] {logging_mixin.py:188} INFO - [2026-01-29T00:48:02.634+0000] {dag.py:3089} INFO - Sync 1 DAGs
[2026-01-29T00:48:02.660+0000] {logging_mixin.py:188} INFO - [2026-01-29T00:48:02.659+0000] {dag.py:3947} INFO - Setting next_dagrun for example_sla_dag to 2026-01-29 00:46:00+00:00, run_after=2026-01-29 00:48:00+00:00
[2026-01-29T00:48:02.679+0000] {processor.py:183} INFO - Processing /home/airflow/.local/lib/python3.12/site-packages/airflow/example_dags/example_sla_dag.py took 0.081 seconds
[2026-01-29T00:48:33.317+0000] {processor.py:161} INFO - Started process (PID=68240) to work on /home/airflow/.local/lib/python3.12/site-packages/airflow/example_dags/example_sla_dag.py
[2026-01-29T00:48:33.318+0000] {processor.py:830} INFO - Processing file /home/airflow/.local/lib/python3.12/site-packages/airflow/example_dags/example_sla_dag.py for tasks to queue
[2026-01-29T00:48:33.319+0000] {logging_mixin.py:188} INFO - [2026-01-29T00:48:33.319+0000] {dagbag.py:545} INFO - Filling up the DagBag from /home/airflow/.local/lib/python3.12/site-packages/airflow/example_dags/example_sla_dag.py
[2026-01-29T00:48:33.328+0000] {processor.py:840} INFO - DAG(s) 'example_sla_dag' retrieved from /home/airflow/.local/lib/python3.12/site-packages/airflow/example_dags/example_sla_dag.py
[2026-01-29T00:48:33.348+0000] {logging_mixin.py:188} INFO - [2026-01-29T00:48:33.347+0000] {dag.py:3089} INFO - Sync 1 DAGs
[2026-01-29T00:48:33.374+0000] {logging_mixin.py:188} INFO - [2026-01-29T00:48:33.374+0000] {dag.py:3947} INFO - Setting next_dagrun for example_sla_dag to 2026-01-29 00:46:00+00:00, run_after=2026-01-29 00:48:00+00:00
[2026-01-29T00:48:33.395+0000] {processor.py:183} INFO - Processing /home/airflow/.local/lib/python3.12/site-packages/airflow/example_dags/example_sla_dag.py took 0.084 seconds
[2026-01-29T00:49:03.940+0000] {processor.py:161} INFO - Started process (PID=68304) to work on /home/airflow/.local/lib/python3.12/site-packages/airflow/example_dags/example_sla_dag.py
[2026-01-29T00:49:03.941+0000] {processor.py:830} INFO - Processing file /home/airflow/.local/lib/python3.12/site-packages/airflow/example_dags/example_sla_dag.py for tasks to queue
[2026-01-29T00:49:03.942+0000] {logging_mixin.py:188} INFO - [2026-01-29T00:49:03.942+0000] {dagbag.py:545} INFO - Filling up the DagBag from /home/airflow/.local/lib/python3.12/site-packages/airflow/example_dags/example_sla_dag.py
[2026-01-29T00:49:03.951+0000] {processor.py:840} INFO - DAG(s) 'example_sla_dag' retrieved from /home/airflow/.local/lib/python3.12/site-packages/airflow/example_dags/example_sla_dag.py
[2026-01-29T00:49:03.970+0000] {logging_mixin.py:188} INFO - [2026-01-29T00:49:03.970+0000] {dag.py:3089} INFO - Sync 1 DAGs
[2026-01-29T00:49:03.996+0000] {logging_mixin.py:188} INFO - [2026-01-29T00:49:03.996+0000] {dag.py:3947} INFO - Setting next_dagrun for example_sla_dag to 2026-01-29 00:46:00+00:00, run_after=2026-01-29 00:48:00+00:00
[2026-01-29T00:49:04.015+0000] {processor.py:183} INFO - Processing /home/airflow/.local/lib/python3.12/site-packages/airflow/example_dags/example_sla_dag.py took 0.081 seconds
[2026-01-29T00:49:34.573+0000] {processor.py:161} INFO - Started process (PID=68363) to work on /home/airflow/.local/lib/python3.12/site-packages/airflow/example_dags/example_sla_dag.py
[2026-01-29T00:49:34.573+0000] {processor.py:830} INFO - Processing file /home/airflow/.local/lib/python3.12/site-packages/airflow/example_dags/example_sla_dag.py for tasks to queue
[2026-01-29T00:49:34.575+0000] {logging_mixin.py:188} INFO - [2026-01-29T00:49:34.575+0000] {dagbag.py:545} INFO - Filling up the DagBag from /home/airflow/.local/lib/python3.12/site-packages/airflow/example_dags/example_sla_dag.py
[2026-01-29T00:49:34.584+0000] {processor.py:840} INFO - DAG(s) 'example_sla_dag' retrieved from /home/airflow/.local/lib/python3.12/site-packages/airflow/example_dags/example_sla_dag.py
[2026-01-29T00:49:34.603+0000] {logging_mixin.py:188} INFO - [2026-01-29T00:49:34.603+0000] {dag.py:3089} INFO - Sync 1 DAGs
[2026-01-29T00:49:34.631+0000] {logging_mixin.py:188} INFO - [2026-01-29T00:49:34.631+0000] {dag.py:3947} INFO - Setting next_dagrun for example_sla_dag to 2026-01-29 00:46:00+00:00, run_after=2026-01-29 00:48:00+00:00
[2026-01-29T00:49:34.650+0000] {processor.py:183} INFO - Processing /home/airflow/.local/lib/python3.12/site-packages/airflow/example_dags/example_sla_dag.py took 0.083 seconds
[2026-01-29T00:50:05.107+0000] {processor.py:161} INFO - Started process (PID=68427) to work on /home/airflow/.local/lib/python3.12/site-packages/airflow/example_dags/example_sla_dag.py
[2026-01-29T00:50:05.108+0000] {processor.py:830} INFO - Processing file /home/airflow/.local/lib/python3.12/site-packages/airflow/example_dags/example_sla_dag.py for tasks to queue
[2026-01-29T00:50:05.110+0000] {logging_mixin.py:188} INFO - [2026-01-29T00:50:05.110+0000] {dagbag.py:545} INFO - Filling up the DagBag from /home/airflow/.local/lib/python3.12/site-packages/airflow/example_dags/example_sla_dag.py
[2026-01-29T00:50:05.118+0000] {processor.py:840} INFO - DAG(s) 'example_sla_dag' retrieved from /home/airflow/.local/lib/python3.12/site-packages/airflow/example_dags/example_sla_dag.py
[2026-01-29T00:50:05.138+0000] {logging_mixin.py:188} INFO - [2026-01-29T00:50:05.137+0000] {dag.py:3089} INFO - Sync 1 DAGs
[2026-01-29T00:50:05.164+0000] {logging_mixin.py:188} INFO - [2026-01-29T00:50:05.164+0000] {dag.py:3947} INFO - Setting next_dagrun for example_sla_dag to 2026-01-29 00:48:00+00:00, run_after=2026-01-29 00:50:00+00:00
[2026-01-29T00:50:05.182+0000] {processor.py:183} INFO - Processing /home/airflow/.local/lib/python3.12/site-packages/airflow/example_dags/example_sla_dag.py took 0.081 seconds
[2026-01-29T00:50:35.823+0000] {processor.py:161} INFO - Started process (PID=68486) to work on /home/airflow/.local/lib/python3.12/site-packages/airflow/example_dags/example_sla_dag.py
[2026-01-29T00:50:35.823+0000] {processor.py:830} INFO - Processing file /home/airflow/.local/lib/python3.12/site-packages/airflow/example_dags/example_sla_dag.py for tasks to queue
[2026-01-29T00:50:35.825+0000] {logging_mixin.py:188} INFO - [2026-01-29T00:50:35.825+0000] {dagbag.py:545} INFO - Filling up the DagBag from /home/airflow/.local/lib/python3.12/site-packages/airflow/example_dags/example_sla_dag.py
[2026-01-29T00:50:35.834+0000] {processor.py:840} INFO - DAG(s) 'example_sla_dag' retrieved from /home/airflow/.local/lib/python3.12/site-packages/airflow/example_dags/example_sla_dag.py
[2026-01-29T00:50:35.859+0000] {logging_mixin.py:188} INFO - [2026-01-29T00:50:35.858+0000] {dag.py:3089} INFO - Sync 1 DAGs
[2026-01-29T00:50:35.891+0000] {logging_mixin.py:188} INFO - [2026-01-29T00:50:35.891+0000] {dag.py:3947} INFO - Setting next_dagrun for example_sla_dag to 2026-01-29 00:48:00+00:00, run_after=2026-01-29 00:50:00+00:00
[2026-01-29T00:50:35.910+0000] {processor.py:183} INFO - Processing /home/airflow/.local/lib/python3.12/site-packages/airflow/example_dags/example_sla_dag.py took 0.093 seconds
[2026-01-29T00:51:06.662+0000] {processor.py:161} INFO - Started process (PID=68550) to work on /home/airflow/.local/lib/python3.12/site-packages/airflow/example_dags/example_sla_dag.py
[2026-01-29T00:51:06.663+0000] {processor.py:830} INFO - Processing file /home/airflow/.local/lib/python3.12/site-packages/airflow/example_dags/example_sla_dag.py for tasks to queue
[2026-01-29T00:51:06.665+0000] {logging_mixin.py:188} INFO - [2026-01-29T00:51:06.665+0000] {dagbag.py:545} INFO - Filling up the DagBag from /home/airflow/.local/lib/python3.12/site-packages/airflow/example_dags/example_sla_dag.py
[2026-01-29T00:51:06.674+0000] {processor.py:840} INFO - DAG(s) 'example_sla_dag' retrieved from /home/airflow/.local/lib/python3.12/site-packages/airflow/example_dags/example_sla_dag.py
[2026-01-29T00:51:06.695+0000] {logging_mixin.py:188} INFO - [2026-01-29T00:51:06.695+0000] {dag.py:3089} INFO - Sync 1 DAGs
[2026-01-29T00:51:06.722+0000] {logging_mixin.py:188} INFO - [2026-01-29T00:51:06.722+0000] {dag.py:3947} INFO - Setting next_dagrun for example_sla_dag to 2026-01-29 00:48:00+00:00, run_after=2026-01-29 00:50:00+00:00
[2026-01-29T00:51:06.744+0000] {processor.py:183} INFO - Processing /home/airflow/.local/lib/python3.12/site-packages/airflow/example_dags/example_sla_dag.py took 0.088 seconds
[2026-01-29T00:51:37.344+0000] {processor.py:161} INFO - Started process (PID=68609) to work on /home/airflow/.local/lib/python3.12/site-packages/airflow/example_dags/example_sla_dag.py
[2026-01-29T00:51:37.345+0000] {processor.py:830} INFO - Processing file /home/airflow/.local/lib/python3.12/site-packages/airflow/example_dags/example_sla_dag.py for tasks to queue
[2026-01-29T00:51:37.346+0000] {logging_mixin.py:188} INFO - [2026-01-29T00:51:37.346+0000] {dagbag.py:545} INFO - Filling up the DagBag from /home/airflow/.local/lib/python3.12/site-packages/airflow/example_dags/example_sla_dag.py
[2026-01-29T00:51:37.355+0000] {processor.py:840} INFO - DAG(s) 'example_sla_dag' retrieved from /home/airflow/.local/lib/python3.12/site-packages/airflow/example_dags/example_sla_dag.py
[2026-01-29T00:51:37.375+0000] {logging_mixin.py:188} INFO - [2026-01-29T00:51:37.374+0000] {dag.py:3089} INFO - Sync 1 DAGs
[2026-01-29T00:51:37.401+0000] {logging_mixin.py:188} INFO - [2026-01-29T00:51:37.400+0000] {dag.py:3947} INFO - Setting next_dagrun for example_sla_dag to 2026-01-29 00:48:00+00:00, run_after=2026-01-29 00:50:00+00:00
[2026-01-29T00:51:37.419+0000] {processor.py:183} INFO - Processing /home/airflow/.local/lib/python3.12/site-packages/airflow/example_dags/example_sla_dag.py took 0.081 seconds
[2026-01-29T00:52:08.076+0000] {processor.py:161} INFO - Started process (PID=68673) to work on /home/airflow/.local/lib/python3.12/site-packages/airflow/example_dags/example_sla_dag.py
[2026-01-29T00:52:08.077+0000] {processor.py:830} INFO - Processing file /home/airflow/.local/lib/python3.12/site-packages/airflow/example_dags/example_sla_dag.py for tasks to queue
[2026-01-29T00:52:08.079+0000] {logging_mixin.py:188} INFO - [2026-01-29T00:52:08.079+0000] {dagbag.py:545} INFO - Filling up the DagBag from /home/airflow/.local/lib/python3.12/site-packages/airflow/example_dags/example_sla_dag.py
[2026-01-29T00:52:08.087+0000] {processor.py:840} INFO - DAG(s) 'example_sla_dag' retrieved from /home/airflow/.local/lib/python3.12/site-packages/airflow/example_dags/example_sla_dag.py
[2026-01-29T00:52:08.108+0000] {logging_mixin.py:188} INFO - [2026-01-29T00:52:08.107+0000] {dag.py:3089} INFO - Sync 1 DAGs
[2026-01-29T00:52:08.137+0000] {logging_mixin.py:188} INFO - [2026-01-29T00:52:08.136+0000] {dag.py:3947} INFO - Setting next_dagrun for example_sla_dag to 2026-01-29 00:50:00+00:00, run_after=2026-01-29 00:52:00+00:00
[2026-01-29T00:52:08.157+0000] {processor.py:183} INFO - Processing /home/airflow/.local/lib/python3.12/site-packages/airflow/example_dags/example_sla_dag.py took 0.087 seconds
[2026-01-29T00:52:38.811+0000] {processor.py:161} INFO - Started process (PID=68732) to work on /home/airflow/.local/lib/python3.12/site-packages/airflow/example_dags/example_sla_dag.py
[2026-01-29T00:52:38.812+0000] {processor.py:830} INFO - Processing file /home/airflow/.local/lib/python3.12/site-packages/airflow/example_dags/example_sla_dag.py for tasks to queue
[2026-01-29T00:52:38.814+0000] {logging_mixin.py:188} INFO - [2026-01-29T00:52:38.813+0000] {dagbag.py:545} INFO - Filling up the DagBag from /home/airflow/.local/lib/python3.12/site-packages/airflow/example_dags/example_sla_dag.py
[2026-01-29T00:52:38.822+0000] {processor.py:840} INFO - DAG(s) 'example_sla_dag' retrieved from /home/airflow/.local/lib/python3.12/site-packages/airflow/example_dags/example_sla_dag.py
[2026-01-29T00:52:38.843+0000] {logging_mixin.py:188} INFO - [2026-01-29T00:52:38.843+0000] {dag.py:3089} INFO - Sync 1 DAGs
[2026-01-29T00:52:38.870+0000] {logging_mixin.py:188} INFO - [2026-01-29T00:52:38.870+0000] {dag.py:3947} INFO - Setting next_dagrun for example_sla_dag to 2026-01-29 00:50:00+00:00, run_after=2026-01-29 00:52:00+00:00
[2026-01-29T00:52:38.889+0000] {processor.py:183} INFO - Processing /home/airflow/.local/lib/python3.12/site-packages/airflow/example_dags/example_sla_dag.py took 0.084 seconds
[2026-01-29T00:53:09.439+0000] {processor.py:161} INFO - Started process (PID=68796) to work on /home/airflow/.local/lib/python3.12/site-packages/airflow/example_dags/example_sla_dag.py
[2026-01-29T00:53:09.440+0000] {processor.py:830} INFO - Processing file /home/airflow/.local/lib/python3.12/site-packages/airflow/example_dags/example_sla_dag.py for tasks to queue
[2026-01-29T00:53:09.442+0000] {logging_mixin.py:188} INFO - [2026-01-29T00:53:09.442+0000] {dagbag.py:545} INFO - Filling up the DagBag from /home/airflow/.local/lib/python3.12/site-packages/airflow/example_dags/example_sla_dag.py
[2026-01-29T00:53:09.450+0000] {processor.py:840} INFO - DAG(s) 'example_sla_dag' retrieved from /home/airflow/.local/lib/python3.12/site-packages/airflow/example_dags/example_sla_dag.py
[2026-01-29T00:53:09.469+0000] {logging_mixin.py:188} INFO - [2026-01-29T00:53:09.469+0000] {dag.py:3089} INFO - Sync 1 DAGs
[2026-01-29T00:53:09.497+0000] {logging_mixin.py:188} INFO - [2026-01-29T00:53:09.496+0000] {dag.py:3947} INFO - Setting next_dagrun for example_sla_dag to 2026-01-29 00:50:00+00:00, run_after=2026-01-29 00:52:00+00:00
[2026-01-29T00:53:09.516+0000] {processor.py:183} INFO - Processing /home/airflow/.local/lib/python3.12/site-packages/airflow/example_dags/example_sla_dag.py took 0.083 seconds
[2026-01-29T00:53:40.106+0000] {processor.py:161} INFO - Started process (PID=68855) to work on /home/airflow/.local/lib/python3.12/site-packages/airflow/example_dags/example_sla_dag.py
[2026-01-29T00:53:40.107+0000] {processor.py:830} INFO - Processing file /home/airflow/.local/lib/python3.12/site-packages/airflow/example_dags/example_sla_dag.py for tasks to queue
[2026-01-29T00:53:40.109+0000] {logging_mixin.py:188} INFO - [2026-01-29T00:53:40.108+0000] {dagbag.py:545} INFO - Filling up the DagBag from /home/airflow/.local/lib/python3.12/site-packages/airflow/example_dags/example_sla_dag.py
[2026-01-29T00:53:40.117+0000] {processor.py:840} INFO - DAG(s) 'example_sla_dag' retrieved from /home/airflow/.local/lib/python3.12/site-packages/airflow/example_dags/example_sla_dag.py
[2026-01-29T00:53:40.137+0000] {logging_mixin.py:188} INFO - [2026-01-29T00:53:40.137+0000] {dag.py:3089} INFO - Sync 1 DAGs
[2026-01-29T00:53:40.164+0000] {logging_mixin.py:188} INFO - [2026-01-29T00:53:40.164+0000] {dag.py:3947} INFO - Setting next_dagrun for example_sla_dag to 2026-01-29 00:50:00+00:00, run_after=2026-01-29 00:52:00+00:00
[2026-01-29T00:53:40.185+0000] {processor.py:183} INFO - Processing /home/airflow/.local/lib/python3.12/site-packages/airflow/example_dags/example_sla_dag.py took 0.085 seconds
[2026-01-29T00:54:11.035+0000] {processor.py:161} INFO - Started process (PID=68919) to work on /home/airflow/.local/lib/python3.12/site-packages/airflow/example_dags/example_sla_dag.py
[2026-01-29T00:54:11.036+0000] {processor.py:830} INFO - Processing file /home/airflow/.local/lib/python3.12/site-packages/airflow/example_dags/example_sla_dag.py for tasks to queue
[2026-01-29T00:54:11.038+0000] {logging_mixin.py:188} INFO - [2026-01-29T00:54:11.038+0000] {dagbag.py:545} INFO - Filling up the DagBag from /home/airflow/.local/lib/python3.12/site-packages/airflow/example_dags/example_sla_dag.py
[2026-01-29T00:54:11.047+0000] {processor.py:840} INFO - DAG(s) 'example_sla_dag' retrieved from /home/airflow/.local/lib/python3.12/site-packages/airflow/example_dags/example_sla_dag.py
[2026-01-29T00:54:11.066+0000] {logging_mixin.py:188} INFO - [2026-01-29T00:54:11.066+0000] {dag.py:3089} INFO - Sync 1 DAGs
[2026-01-29T00:54:11.092+0000] {logging_mixin.py:188} INFO - [2026-01-29T00:54:11.092+0000] {dag.py:3947} INFO - Setting next_dagrun for example_sla_dag to 2026-01-29 00:52:00+00:00, run_after=2026-01-29 00:54:00+00:00
[2026-01-29T00:54:11.110+0000] {processor.py:183} INFO - Processing /home/airflow/.local/lib/python3.12/site-packages/airflow/example_dags/example_sla_dag.py took 0.081 seconds
[2026-01-29T00:54:41.796+0000] {processor.py:161} INFO - Started process (PID=68978) to work on /home/airflow/.local/lib/python3.12/site-packages/airflow/example_dags/example_sla_dag.py
[2026-01-29T00:54:41.796+0000] {processor.py:830} INFO - Processing file /home/airflow/.local/lib/python3.12/site-packages/airflow/example_dags/example_sla_dag.py for tasks to queue
[2026-01-29T00:54:41.798+0000] {logging_mixin.py:188} INFO - [2026-01-29T00:54:41.798+0000] {dagbag.py:545} INFO - Filling up the DagBag from /home/airflow/.local/lib/python3.12/site-packages/airflow/example_dags/example_sla_dag.py
[2026-01-29T00:54:41.807+0000] {processor.py:840} INFO - DAG(s) 'example_sla_dag' retrieved from /home/airflow/.local/lib/python3.12/site-packages/airflow/example_dags/example_sla_dag.py
[2026-01-29T00:54:41.826+0000] {logging_mixin.py:188} INFO - [2026-01-29T00:54:41.826+0000] {dag.py:3089} INFO - Sync 1 DAGs
[2026-01-29T00:54:41.854+0000] {logging_mixin.py:188} INFO - [2026-01-29T00:54:41.854+0000] {dag.py:3947} INFO - Setting next_dagrun for example_sla_dag to 2026-01-29 00:52:00+00:00, run_after=2026-01-29 00:54:00+00:00
[2026-01-29T00:54:41.873+0000] {processor.py:183} INFO - Processing /home/airflow/.local/lib/python3.12/site-packages/airflow/example_dags/example_sla_dag.py took 0.084 seconds
[2026-01-29T00:55:12.512+0000] {processor.py:161} INFO - Started process (PID=69042) to work on /home/airflow/.local/lib/python3.12/site-packages/airflow/example_dags/example_sla_dag.py
[2026-01-29T00:55:12.513+0000] {processor.py:830} INFO - Processing file /home/airflow/.local/lib/python3.12/site-packages/airflow/example_dags/example_sla_dag.py for tasks to queue
[2026-01-29T00:55:12.515+0000] {logging_mixin.py:188} INFO - [2026-01-29T00:55:12.515+0000] {dagbag.py:545} INFO - Filling up the DagBag from /home/airflow/.local/lib/python3.12/site-packages/airflow/example_dags/example_sla_dag.py
[2026-01-29T00:55:12.524+0000] {processor.py:840} INFO - DAG(s) 'example_sla_dag' retrieved from /home/airflow/.local/lib/python3.12/site-packages/airflow/example_dags/example_sla_dag.py
[2026-01-29T00:55:12.547+0000] {logging_mixin.py:188} INFO - [2026-01-29T00:55:12.546+0000] {dag.py:3089} INFO - Sync 1 DAGs
[2026-01-29T00:55:12.573+0000] {logging_mixin.py:188} INFO - [2026-01-29T00:55:12.573+0000] {dag.py:3947} INFO - Setting next_dagrun for example_sla_dag to 2026-01-29 00:52:00+00:00, run_after=2026-01-29 00:54:00+00:00
[2026-01-29T00:55:12.592+0000] {processor.py:183} INFO - Processing /home/airflow/.local/lib/python3.12/site-packages/airflow/example_dags/example_sla_dag.py took 0.085 seconds
[2026-01-29T00:55:43.030+0000] {processor.py:161} INFO - Started process (PID=69101) to work on /home/airflow/.local/lib/python3.12/site-packages/airflow/example_dags/example_sla_dag.py
[2026-01-29T00:55:43.031+0000] {processor.py:830} INFO - Processing file /home/airflow/.local/lib/python3.12/site-packages/airflow/example_dags/example_sla_dag.py for tasks to queue
[2026-01-29T00:55:43.032+0000] {logging_mixin.py:188} INFO - [2026-01-29T00:55:43.032+0000] {dagbag.py:545} INFO - Filling up the DagBag from /home/airflow/.local/lib/python3.12/site-packages/airflow/example_dags/example_sla_dag.py
[2026-01-29T00:55:43.041+0000] {processor.py:840} INFO - DAG(s) 'example_sla_dag' retrieved from /home/airflow/.local/lib/python3.12/site-packages/airflow/example_dags/example_sla_dag.py
[2026-01-29T00:55:43.061+0000] {logging_mixin.py:188} INFO - [2026-01-29T00:55:43.061+0000] {dag.py:3089} INFO - Sync 1 DAGs
[2026-01-29T00:55:43.088+0000] {logging_mixin.py:188} INFO - [2026-01-29T00:55:43.088+0000] {dag.py:3947} INFO - Setting next_dagrun for example_sla_dag to 2026-01-29 00:52:00+00:00, run_after=2026-01-29 00:54:00+00:00
[2026-01-29T00:55:43.107+0000] {processor.py:183} INFO - Processing /home/airflow/.local/lib/python3.12/site-packages/airflow/example_dags/example_sla_dag.py took 0.083 seconds
[2026-01-29T00:56:13.812+0000] {processor.py:161} INFO - Started process (PID=69165) to work on /home/airflow/.local/lib/python3.12/site-packages/airflow/example_dags/example_sla_dag.py
[2026-01-29T00:56:13.813+0000] {processor.py:830} INFO - Processing file /home/airflow/.local/lib/python3.12/site-packages/airflow/example_dags/example_sla_dag.py for tasks to queue
[2026-01-29T00:56:13.814+0000] {logging_mixin.py:188} INFO - [2026-01-29T00:56:13.814+0000] {dagbag.py:545} INFO - Filling up the DagBag from /home/airflow/.local/lib/python3.12/site-packages/airflow/example_dags/example_sla_dag.py
[2026-01-29T00:56:13.823+0000] {processor.py:840} INFO - DAG(s) 'example_sla_dag' retrieved from /home/airflow/.local/lib/python3.12/site-packages/airflow/example_dags/example_sla_dag.py
[2026-01-29T00:56:13.842+0000] {logging_mixin.py:188} INFO - [2026-01-29T00:56:13.842+0000] {dag.py:3089} INFO - Sync 1 DAGs
[2026-01-29T00:56:13.869+0000] {logging_mixin.py:188} INFO - [2026-01-29T00:56:13.868+0000] {dag.py:3947} INFO - Setting next_dagrun for example_sla_dag to 2026-01-29 00:54:00+00:00, run_after=2026-01-29 00:56:00+00:00
[2026-01-29T00:56:13.887+0000] {processor.py:183} INFO - Processing /home/airflow/.local/lib/python3.12/site-packages/airflow/example_dags/example_sla_dag.py took 0.081 seconds
[2026-01-29T00:56:44.640+0000] {processor.py:161} INFO - Started process (PID=69224) to work on /home/airflow/.local/lib/python3.12/site-packages/airflow/example_dags/example_sla_dag.py
[2026-01-29T00:56:44.640+0000] {processor.py:830} INFO - Processing file /home/airflow/.local/lib/python3.12/site-packages/airflow/example_dags/example_sla_dag.py for tasks to queue
[2026-01-29T00:56:44.642+0000] {logging_mixin.py:188} INFO - [2026-01-29T00:56:44.642+0000] {dagbag.py:545} INFO - Filling up the DagBag from /home/airflow/.local/lib/python3.12/site-packages/airflow/example_dags/example_sla_dag.py
[2026-01-29T00:56:44.651+0000] {processor.py:840} INFO - DAG(s) 'example_sla_dag' retrieved from /home/airflow/.local/lib/python3.12/site-packages/airflow/example_dags/example_sla_dag.py
[2026-01-29T00:56:44.672+0000] {logging_mixin.py:188} INFO - [2026-01-29T00:56:44.671+0000] {dag.py:3089} INFO - Sync 1 DAGs
[2026-01-29T00:56:44.699+0000] {logging_mixin.py:188} INFO - [2026-01-29T00:56:44.698+0000] {dag.py:3947} INFO - Setting next_dagrun for example_sla_dag to 2026-01-29 00:54:00+00:00, run_after=2026-01-29 00:56:00+00:00
[2026-01-29T00:56:44.718+0000] {processor.py:183} INFO - Processing /home/airflow/.local/lib/python3.12/site-packages/airflow/example_dags/example_sla_dag.py took 0.085 seconds
[2026-01-29T00:57:15.343+0000] {processor.py:161} INFO - Started process (PID=69288) to work on /home/airflow/.local/lib/python3.12/site-packages/airflow/example_dags/example_sla_dag.py
[2026-01-29T00:57:15.344+0000] {processor.py:830} INFO - Processing file /home/airflow/.local/lib/python3.12/site-packages/airflow/example_dags/example_sla_dag.py for tasks to queue
[2026-01-29T00:57:15.346+0000] {logging_mixin.py:188} INFO - [2026-01-29T00:57:15.345+0000] {dagbag.py:545} INFO - Filling up the DagBag from /home/airflow/.local/lib/python3.12/site-packages/airflow/example_dags/example_sla_dag.py
[2026-01-29T00:57:15.354+0000] {processor.py:840} INFO - DAG(s) 'example_sla_dag' retrieved from /home/airflow/.local/lib/python3.12/site-packages/airflow/example_dags/example_sla_dag.py
[2026-01-29T00:57:15.374+0000] {logging_mixin.py:188} INFO - [2026-01-29T00:57:15.374+0000] {dag.py:3089} INFO - Sync 1 DAGs
[2026-01-29T00:57:15.400+0000] {logging_mixin.py:188} INFO - [2026-01-29T00:57:15.400+0000] {dag.py:3947} INFO - Setting next_dagrun for example_sla_dag to 2026-01-29 00:54:00+00:00, run_after=2026-01-29 00:56:00+00:00
[2026-01-29T00:57:15.421+0000] {processor.py:183} INFO - Processing /home/airflow/.local/lib/python3.12/site-packages/airflow/example_dags/example_sla_dag.py took 0.084 seconds
[2026-01-29T00:57:45.948+0000] {processor.py:161} INFO - Started process (PID=69347) to work on /home/airflow/.local/lib/python3.12/site-packages/airflow/example_dags/example_sla_dag.py
[2026-01-29T00:57:45.949+0000] {processor.py:830} INFO - Processing file /home/airflow/.local/lib/python3.12/site-packages/airflow/example_dags/example_sla_dag.py for tasks to queue
[2026-01-29T00:57:45.951+0000] {logging_mixin.py:188} INFO - [2026-01-29T00:57:45.950+0000] {dagbag.py:545} INFO - Filling up the DagBag from /home/airflow/.local/lib/python3.12/site-packages/airflow/example_dags/example_sla_dag.py
[2026-01-29T00:57:45.960+0000] {processor.py:840} INFO - DAG(s) 'example_sla_dag' retrieved from /home/airflow/.local/lib/python3.12/site-packages/airflow/example_dags/example_sla_dag.py
[2026-01-29T00:57:45.982+0000] {logging_mixin.py:188} INFO - [2026-01-29T00:57:45.982+0000] {dag.py:3089} INFO - Sync 1 DAGs
[2026-01-29T00:57:46.008+0000] {logging_mixin.py:188} INFO - [2026-01-29T00:57:46.008+0000] {dag.py:3947} INFO - Setting next_dagrun for example_sla_dag to 2026-01-29 00:54:00+00:00, run_after=2026-01-29 00:56:00+00:00
[2026-01-29T00:57:46.027+0000] {processor.py:183} INFO - Processing /home/airflow/.local/lib/python3.12/site-packages/airflow/example_dags/example_sla_dag.py took 0.085 seconds
[2026-01-29T00:58:16.731+0000] {processor.py:161} INFO - Started process (PID=69411) to work on /home/airflow/.local/lib/python3.12/site-packages/airflow/example_dags/example_sla_dag.py
[2026-01-29T00:58:16.733+0000] {processor.py:830} INFO - Processing file /home/airflow/.local/lib/python3.12/site-packages/airflow/example_dags/example_sla_dag.py for tasks to queue
[2026-01-29T00:58:16.734+0000] {logging_mixin.py:188} INFO - [2026-01-29T00:58:16.734+0000] {dagbag.py:545} INFO - Filling up the DagBag from /home/airflow/.local/lib/python3.12/site-packages/airflow/example_dags/example_sla_dag.py
[2026-01-29T00:58:16.743+0000] {processor.py:840} INFO - DAG(s) 'example_sla_dag' retrieved from /home/airflow/.local/lib/python3.12/site-packages/airflow/example_dags/example_sla_dag.py
[2026-01-29T00:58:16.762+0000] {logging_mixin.py:188} INFO - [2026-01-29T00:58:16.762+0000] {dag.py:3089} INFO - Sync 1 DAGs
[2026-01-29T00:58:16.788+0000] {logging_mixin.py:188} INFO - [2026-01-29T00:58:16.787+0000] {dag.py:3947} INFO - Setting next_dagrun for example_sla_dag to 2026-01-29 00:56:00+00:00, run_after=2026-01-29 00:58:00+00:00
[2026-01-29T00:58:16.806+0000] {processor.py:183} INFO - Processing /home/airflow/.local/lib/python3.12/site-packages/airflow/example_dags/example_sla_dag.py took 0.081 seconds
[2026-01-29T00:58:47.385+0000] {processor.py:161} INFO - Started process (PID=69470) to work on /home/airflow/.local/lib/python3.12/site-packages/airflow/example_dags/example_sla_dag.py
[2026-01-29T00:58:47.385+0000] {processor.py:830} INFO - Processing file /home/airflow/.local/lib/python3.12/site-packages/airflow/example_dags/example_sla_dag.py for tasks to queue
[2026-01-29T00:58:47.387+0000] {logging_mixin.py:188} INFO - [2026-01-29T00:58:47.387+0000] {dagbag.py:545} INFO - Filling up the DagBag from /home/airflow/.local/lib/python3.12/site-packages/airflow/example_dags/example_sla_dag.py
[2026-01-29T00:58:47.395+0000] {processor.py:840} INFO - DAG(s) 'example_sla_dag' retrieved from /home/airflow/.local/lib/python3.12/site-packages/airflow/example_dags/example_sla_dag.py
[2026-01-29T00:58:47.415+0000] {logging_mixin.py:188} INFO - [2026-01-29T00:58:47.414+0000] {dag.py:3089} INFO - Sync 1 DAGs
[2026-01-29T00:58:47.440+0000] {logging_mixin.py:188} INFO - [2026-01-29T00:58:47.440+0000] {dag.py:3947} INFO - Setting next_dagrun for example_sla_dag to 2026-01-29 00:56:00+00:00, run_after=2026-01-29 00:58:00+00:00
[2026-01-29T00:58:47.458+0000] {processor.py:183} INFO - Processing /home/airflow/.local/lib/python3.12/site-packages/airflow/example_dags/example_sla_dag.py took 0.079 seconds
[2026-01-29T00:59:18.084+0000] {processor.py:161} INFO - Started process (PID=69534) to work on /home/airflow/.local/lib/python3.12/site-packages/airflow/example_dags/example_sla_dag.py
[2026-01-29T00:59:18.085+0000] {processor.py:830} INFO - Processing file /home/airflow/.local/lib/python3.12/site-packages/airflow/example_dags/example_sla_dag.py for tasks to queue
[2026-01-29T00:59:18.086+0000] {logging_mixin.py:188} INFO - [2026-01-29T00:59:18.086+0000] {dagbag.py:545} INFO - Filling up the DagBag from /home/airflow/.local/lib/python3.12/site-packages/airflow/example_dags/example_sla_dag.py
[2026-01-29T00:59:18.095+0000] {processor.py:840} INFO - DAG(s) 'example_sla_dag' retrieved from /home/airflow/.local/lib/python3.12/site-packages/airflow/example_dags/example_sla_dag.py
[2026-01-29T00:59:18.116+0000] {logging_mixin.py:188} INFO - [2026-01-29T00:59:18.116+0000] {dag.py:3089} INFO - Sync 1 DAGs
[2026-01-29T00:59:18.142+0000] {logging_mixin.py:188} INFO - [2026-01-29T00:59:18.142+0000] {dag.py:3947} INFO - Setting next_dagrun for example_sla_dag to 2026-01-29 00:56:00+00:00, run_after=2026-01-29 00:58:00+00:00
[2026-01-29T00:59:18.160+0000] {processor.py:183} INFO - Processing /home/airflow/.local/lib/python3.12/site-packages/airflow/example_dags/example_sla_dag.py took 0.083 seconds
[2026-01-29T00:59:48.683+0000] {processor.py:161} INFO - Started process (PID=69594) to work on /home/airflow/.local/lib/python3.12/site-packages/airflow/example_dags/example_sla_dag.py
[2026-01-29T00:59:48.684+0000] {processor.py:830} INFO - Processing file /home/airflow/.local/lib/python3.12/site-packages/airflow/example_dags/example_sla_dag.py for tasks to queue
[2026-01-29T00:59:48.685+0000] {logging_mixin.py:188} INFO - [2026-01-29T00:59:48.685+0000] {dagbag.py:545} INFO - Filling up the DagBag from /home/airflow/.local/lib/python3.12/site-packages/airflow/example_dags/example_sla_dag.py
[2026-01-29T00:59:48.694+0000] {processor.py:840} INFO - DAG(s) 'example_sla_dag' retrieved from /home/airflow/.local/lib/python3.12/site-packages/airflow/example_dags/example_sla_dag.py
[2026-01-29T00:59:48.713+0000] {logging_mixin.py:188} INFO - [2026-01-29T00:59:48.713+0000] {dag.py:3089} INFO - Sync 1 DAGs
[2026-01-29T00:59:48.740+0000] {logging_mixin.py:188} INFO - [2026-01-29T00:59:48.740+0000] {dag.py:3947} INFO - Setting next_dagrun for example_sla_dag to 2026-01-29 00:56:00+00:00, run_after=2026-01-29 00:58:00+00:00
[2026-01-29T00:59:48.758+0000] {processor.py:183} INFO - Processing /home/airflow/.local/lib/python3.12/site-packages/airflow/example_dags/example_sla_dag.py took 0.081 seconds
[2026-01-29T01:00:19.508+0000] {processor.py:161} INFO - Started process (PID=69658) to work on /home/airflow/.local/lib/python3.12/site-packages/airflow/example_dags/example_sla_dag.py
[2026-01-29T01:00:19.509+0000] {processor.py:830} INFO - Processing file /home/airflow/.local/lib/python3.12/site-packages/airflow/example_dags/example_sla_dag.py for tasks to queue
[2026-01-29T01:00:19.510+0000] {logging_mixin.py:188} INFO - [2026-01-29T01:00:19.510+0000] {dagbag.py:545} INFO - Filling up the DagBag from /home/airflow/.local/lib/python3.12/site-packages/airflow/example_dags/example_sla_dag.py
[2026-01-29T01:00:19.519+0000] {processor.py:840} INFO - DAG(s) 'example_sla_dag' retrieved from /home/airflow/.local/lib/python3.12/site-packages/airflow/example_dags/example_sla_dag.py
[2026-01-29T01:00:19.537+0000] {logging_mixin.py:188} INFO - [2026-01-29T01:00:19.537+0000] {dag.py:3089} INFO - Sync 1 DAGs
[2026-01-29T01:00:19.564+0000] {logging_mixin.py:188} INFO - [2026-01-29T01:00:19.564+0000] {dag.py:3947} INFO - Setting next_dagrun for example_sla_dag to 2026-01-29 00:58:00+00:00, run_after=2026-01-29 01:00:00+00:00
[2026-01-29T01:00:19.584+0000] {processor.py:183} INFO - Processing /home/airflow/.local/lib/python3.12/site-packages/airflow/example_dags/example_sla_dag.py took 0.082 seconds
[2026-01-29T01:00:50.159+0000] {processor.py:161} INFO - Started process (PID=69717) to work on /home/airflow/.local/lib/python3.12/site-packages/airflow/example_dags/example_sla_dag.py
[2026-01-29T01:00:50.159+0000] {processor.py:830} INFO - Processing file /home/airflow/.local/lib/python3.12/site-packages/airflow/example_dags/example_sla_dag.py for tasks to queue
[2026-01-29T01:00:50.161+0000] {logging_mixin.py:188} INFO - [2026-01-29T01:00:50.161+0000] {dagbag.py:545} INFO - Filling up the DagBag from /home/airflow/.local/lib/python3.12/site-packages/airflow/example_dags/example_sla_dag.py
[2026-01-29T01:00:50.169+0000] {processor.py:840} INFO - DAG(s) 'example_sla_dag' retrieved from /home/airflow/.local/lib/python3.12/site-packages/airflow/example_dags/example_sla_dag.py
[2026-01-29T01:00:50.189+0000] {logging_mixin.py:188} INFO - [2026-01-29T01:00:50.189+0000] {dag.py:3089} INFO - Sync 1 DAGs
[2026-01-29T01:00:50.215+0000] {logging_mixin.py:188} INFO - [2026-01-29T01:00:50.215+0000] {dag.py:3947} INFO - Setting next_dagrun for example_sla_dag to 2026-01-29 00:58:00+00:00, run_after=2026-01-29 01:00:00+00:00
[2026-01-29T01:00:50.234+0000] {processor.py:183} INFO - Processing /home/airflow/.local/lib/python3.12/site-packages/airflow/example_dags/example_sla_dag.py took 0.081 seconds
[2026-01-29T01:01:20.925+0000] {processor.py:161} INFO - Started process (PID=69781) to work on /home/airflow/.local/lib/python3.12/site-packages/airflow/example_dags/example_sla_dag.py
[2026-01-29T01:01:20.926+0000] {processor.py:830} INFO - Processing file /home/airflow/.local/lib/python3.12/site-packages/airflow/example_dags/example_sla_dag.py for tasks to queue
[2026-01-29T01:01:20.928+0000] {logging_mixin.py:188} INFO - [2026-01-29T01:01:20.927+0000] {dagbag.py:545} INFO - Filling up the DagBag from /home/airflow/.local/lib/python3.12/site-packages/airflow/example_dags/example_sla_dag.py
[2026-01-29T01:01:20.936+0000] {processor.py:840} INFO - DAG(s) 'example_sla_dag' retrieved from /home/airflow/.local/lib/python3.12/site-packages/airflow/example_dags/example_sla_dag.py
[2026-01-29T01:01:20.956+0000] {logging_mixin.py:188} INFO - [2026-01-29T01:01:20.956+0000] {dag.py:3089} INFO - Sync 1 DAGs
[2026-01-29T01:01:20.982+0000] {logging_mixin.py:188} INFO - [2026-01-29T01:01:20.982+0000] {dag.py:3947} INFO - Setting next_dagrun for example_sla_dag to 2026-01-29 00:58:00+00:00, run_after=2026-01-29 01:00:00+00:00
[2026-01-29T01:01:21.001+0000] {processor.py:183} INFO - Processing /home/airflow/.local/lib/python3.12/site-packages/airflow/example_dags/example_sla_dag.py took 0.081 seconds
[2026-01-29T01:01:51.585+0000] {processor.py:161} INFO - Started process (PID=69840) to work on /home/airflow/.local/lib/python3.12/site-packages/airflow/example_dags/example_sla_dag.py
[2026-01-29T01:01:51.586+0000] {processor.py:830} INFO - Processing file /home/airflow/.local/lib/python3.12/site-packages/airflow/example_dags/example_sla_dag.py for tasks to queue
[2026-01-29T01:01:51.588+0000] {logging_mixin.py:188} INFO - [2026-01-29T01:01:51.587+0000] {dagbag.py:545} INFO - Filling up the DagBag from /home/airflow/.local/lib/python3.12/site-packages/airflow/example_dags/example_sla_dag.py
[2026-01-29T01:01:51.596+0000] {processor.py:840} INFO - DAG(s) 'example_sla_dag' retrieved from /home/airflow/.local/lib/python3.12/site-packages/airflow/example_dags/example_sla_dag.py
[2026-01-29T01:01:51.615+0000] {logging_mixin.py:188} INFO - [2026-01-29T01:01:51.615+0000] {dag.py:3089} INFO - Sync 1 DAGs
[2026-01-29T01:01:51.641+0000] {logging_mixin.py:188} INFO - [2026-01-29T01:01:51.641+0000] {dag.py:3947} INFO - Setting next_dagrun for example_sla_dag to 2026-01-29 00:58:00+00:00, run_after=2026-01-29 01:00:00+00:00
[2026-01-29T01:01:51.659+0000] {processor.py:183} INFO - Processing /home/airflow/.local/lib/python3.12/site-packages/airflow/example_dags/example_sla_dag.py took 0.079 seconds
[2026-01-29T01:02:22.190+0000] {processor.py:161} INFO - Started process (PID=69904) to work on /home/airflow/.local/lib/python3.12/site-packages/airflow/example_dags/example_sla_dag.py
[2026-01-29T01:02:22.191+0000] {processor.py:830} INFO - Processing file /home/airflow/.local/lib/python3.12/site-packages/airflow/example_dags/example_sla_dag.py for tasks to queue
[2026-01-29T01:02:22.192+0000] {logging_mixin.py:188} INFO - [2026-01-29T01:02:22.192+0000] {dagbag.py:545} INFO - Filling up the DagBag from /home/airflow/.local/lib/python3.12/site-packages/airflow/example_dags/example_sla_dag.py
[2026-01-29T01:02:22.201+0000] {processor.py:840} INFO - DAG(s) 'example_sla_dag' retrieved from /home/airflow/.local/lib/python3.12/site-packages/airflow/example_dags/example_sla_dag.py
[2026-01-29T01:02:22.220+0000] {logging_mixin.py:188} INFO - [2026-01-29T01:02:22.220+0000] {dag.py:3089} INFO - Sync 1 DAGs
[2026-01-29T01:02:22.247+0000] {logging_mixin.py:188} INFO - [2026-01-29T01:02:22.247+0000] {dag.py:3947} INFO - Setting next_dagrun for example_sla_dag to 2026-01-29 01:00:00+00:00, run_after=2026-01-29 01:02:00+00:00
[2026-01-29T01:02:22.267+0000] {processor.py:183} INFO - Processing /home/airflow/.local/lib/python3.12/site-packages/airflow/example_dags/example_sla_dag.py took 0.083 seconds
[2026-01-29T01:02:52.890+0000] {processor.py:161} INFO - Started process (PID=69963) to work on /home/airflow/.local/lib/python3.12/site-packages/airflow/example_dags/example_sla_dag.py
[2026-01-29T01:02:52.891+0000] {processor.py:830} INFO - Processing file /home/airflow/.local/lib/python3.12/site-packages/airflow/example_dags/example_sla_dag.py for tasks to queue
[2026-01-29T01:02:52.893+0000] {logging_mixin.py:188} INFO - [2026-01-29T01:02:52.892+0000] {dagbag.py:545} INFO - Filling up the DagBag from /home/airflow/.local/lib/python3.12/site-packages/airflow/example_dags/example_sla_dag.py
[2026-01-29T01:02:52.902+0000] {processor.py:840} INFO - DAG(s) 'example_sla_dag' retrieved from /home/airflow/.local/lib/python3.12/site-packages/airflow/example_dags/example_sla_dag.py
[2026-01-29T01:02:52.922+0000] {logging_mixin.py:188} INFO - [2026-01-29T01:02:52.922+0000] {dag.py:3089} INFO - Sync 1 DAGs
[2026-01-29T01:02:52.950+0000] {logging_mixin.py:188} INFO - [2026-01-29T01:02:52.950+0000] {dag.py:3947} INFO - Setting next_dagrun for example_sla_dag to 2026-01-29 01:00:00+00:00, run_after=2026-01-29 01:02:00+00:00
[2026-01-29T01:02:52.967+0000] {processor.py:183} INFO - Processing /home/airflow/.local/lib/python3.12/site-packages/airflow/example_dags/example_sla_dag.py took 0.083 seconds
[2026-01-29T01:03:23.507+0000] {processor.py:161} INFO - Started process (PID=70027) to work on /home/airflow/.local/lib/python3.12/site-packages/airflow/example_dags/example_sla_dag.py
[2026-01-29T01:03:23.508+0000] {processor.py:830} INFO - Processing file /home/airflow/.local/lib/python3.12/site-packages/airflow/example_dags/example_sla_dag.py for tasks to queue
[2026-01-29T01:03:23.509+0000] {logging_mixin.py:188} INFO - [2026-01-29T01:03:23.509+0000] {dagbag.py:545} INFO - Filling up the DagBag from /home/airflow/.local/lib/python3.12/site-packages/airflow/example_dags/example_sla_dag.py
[2026-01-29T01:03:23.518+0000] {processor.py:840} INFO - DAG(s) 'example_sla_dag' retrieved from /home/airflow/.local/lib/python3.12/site-packages/airflow/example_dags/example_sla_dag.py
[2026-01-29T01:03:23.537+0000] {logging_mixin.py:188} INFO - [2026-01-29T01:03:23.537+0000] {dag.py:3089} INFO - Sync 1 DAGs
[2026-01-29T01:03:23.568+0000] {logging_mixin.py:188} INFO - [2026-01-29T01:03:23.568+0000] {dag.py:3947} INFO - Setting next_dagrun for example_sla_dag to 2026-01-29 01:00:00+00:00, run_after=2026-01-29 01:02:00+00:00
[2026-01-29T01:03:23.589+0000] {processor.py:183} INFO - Processing /home/airflow/.local/lib/python3.12/site-packages/airflow/example_dags/example_sla_dag.py took 0.088 seconds
[2026-01-29T01:03:54.259+0000] {processor.py:161} INFO - Started process (PID=70086) to work on /home/airflow/.local/lib/python3.12/site-packages/airflow/example_dags/example_sla_dag.py
[2026-01-29T01:03:54.260+0000] {processor.py:830} INFO - Processing file /home/airflow/.local/lib/python3.12/site-packages/airflow/example_dags/example_sla_dag.py for tasks to queue
[2026-01-29T01:03:54.262+0000] {logging_mixin.py:188} INFO - [2026-01-29T01:03:54.261+0000] {dagbag.py:545} INFO - Filling up the DagBag from /home/airflow/.local/lib/python3.12/site-packages/airflow/example_dags/example_sla_dag.py
[2026-01-29T01:03:54.270+0000] {processor.py:840} INFO - DAG(s) 'example_sla_dag' retrieved from /home/airflow/.local/lib/python3.12/site-packages/airflow/example_dags/example_sla_dag.py
[2026-01-29T01:03:54.289+0000] {logging_mixin.py:188} INFO - [2026-01-29T01:03:54.289+0000] {dag.py:3089} INFO - Sync 1 DAGs
[2026-01-29T01:03:54.316+0000] {logging_mixin.py:188} INFO - [2026-01-29T01:03:54.315+0000] {dag.py:3947} INFO - Setting next_dagrun for example_sla_dag to 2026-01-29 01:00:00+00:00, run_after=2026-01-29 01:02:00+00:00
[2026-01-29T01:03:54.333+0000] {processor.py:183} INFO - Processing /home/airflow/.local/lib/python3.12/site-packages/airflow/example_dags/example_sla_dag.py took 0.080 seconds
[2026-01-29T01:04:24.872+0000] {processor.py:161} INFO - Started process (PID=70150) to work on /home/airflow/.local/lib/python3.12/site-packages/airflow/example_dags/example_sla_dag.py
[2026-01-29T01:04:24.873+0000] {processor.py:830} INFO - Processing file /home/airflow/.local/lib/python3.12/site-packages/airflow/example_dags/example_sla_dag.py for tasks to queue
[2026-01-29T01:04:24.875+0000] {logging_mixin.py:188} INFO - [2026-01-29T01:04:24.874+0000] {dagbag.py:545} INFO - Filling up the DagBag from /home/airflow/.local/lib/python3.12/site-packages/airflow/example_dags/example_sla_dag.py
[2026-01-29T01:04:24.883+0000] {processor.py:840} INFO - DAG(s) 'example_sla_dag' retrieved from /home/airflow/.local/lib/python3.12/site-packages/airflow/example_dags/example_sla_dag.py
[2026-01-29T01:04:24.903+0000] {logging_mixin.py:188} INFO - [2026-01-29T01:04:24.903+0000] {dag.py:3089} INFO - Sync 1 DAGs
[2026-01-29T01:04:24.930+0000] {logging_mixin.py:188} INFO - [2026-01-29T01:04:24.929+0000] {dag.py:3947} INFO - Setting next_dagrun for example_sla_dag to 2026-01-29 01:02:00+00:00, run_after=2026-01-29 01:04:00+00:00
[2026-01-29T01:04:24.950+0000] {processor.py:183} INFO - Processing /home/airflow/.local/lib/python3.12/site-packages/airflow/example_dags/example_sla_dag.py took 0.084 seconds
[2026-01-29T01:04:55.693+0000] {processor.py:161} INFO - Started process (PID=70209) to work on /home/airflow/.local/lib/python3.12/site-packages/airflow/example_dags/example_sla_dag.py
[2026-01-29T01:04:55.694+0000] {processor.py:830} INFO - Processing file /home/airflow/.local/lib/python3.12/site-packages/airflow/example_dags/example_sla_dag.py for tasks to queue
[2026-01-29T01:04:55.696+0000] {logging_mixin.py:188} INFO - [2026-01-29T01:04:55.695+0000] {dagbag.py:545} INFO - Filling up the DagBag from /home/airflow/.local/lib/python3.12/site-packages/airflow/example_dags/example_sla_dag.py
[2026-01-29T01:04:55.704+0000] {processor.py:840} INFO - DAG(s) 'example_sla_dag' retrieved from /home/airflow/.local/lib/python3.12/site-packages/airflow/example_dags/example_sla_dag.py
[2026-01-29T01:04:55.725+0000] {logging_mixin.py:188} INFO - [2026-01-29T01:04:55.725+0000] {dag.py:3089} INFO - Sync 1 DAGs
[2026-01-29T01:04:55.752+0000] {logging_mixin.py:188} INFO - [2026-01-29T01:04:55.752+0000] {dag.py:3947} INFO - Setting next_dagrun for example_sla_dag to 2026-01-29 01:02:00+00:00, run_after=2026-01-29 01:04:00+00:00
[2026-01-29T01:04:55.772+0000] {processor.py:183} INFO - Processing /home/airflow/.local/lib/python3.12/site-packages/airflow/example_dags/example_sla_dag.py took 0.085 seconds
[2026-01-29T01:05:25.990+0000] {processor.py:161} INFO - Started process (PID=70273) to work on /home/airflow/.local/lib/python3.12/site-packages/airflow/example_dags/example_sla_dag.py
[2026-01-29T01:05:25.991+0000] {processor.py:830} INFO - Processing file /home/airflow/.local/lib/python3.12/site-packages/airflow/example_dags/example_sla_dag.py for tasks to queue
[2026-01-29T01:05:25.993+0000] {logging_mixin.py:188} INFO - [2026-01-29T01:05:25.992+0000] {dagbag.py:545} INFO - Filling up the DagBag from /home/airflow/.local/lib/python3.12/site-packages/airflow/example_dags/example_sla_dag.py
[2026-01-29T01:05:26.002+0000] {processor.py:840} INFO - DAG(s) 'example_sla_dag' retrieved from /home/airflow/.local/lib/python3.12/site-packages/airflow/example_dags/example_sla_dag.py
[2026-01-29T01:05:26.021+0000] {logging_mixin.py:188} INFO - [2026-01-29T01:05:26.021+0000] {dag.py:3089} INFO - Sync 1 DAGs
[2026-01-29T01:05:26.051+0000] {logging_mixin.py:188} INFO - [2026-01-29T01:05:26.051+0000] {dag.py:3947} INFO - Setting next_dagrun for example_sla_dag to 2026-01-29 01:02:00+00:00, run_after=2026-01-29 01:04:00+00:00
[2026-01-29T01:05:26.071+0000] {processor.py:183} INFO - Processing /home/airflow/.local/lib/python3.12/site-packages/airflow/example_dags/example_sla_dag.py took 0.087 seconds
[2026-01-29T01:05:56.924+0000] {processor.py:161} INFO - Started process (PID=70332) to work on /home/airflow/.local/lib/python3.12/site-packages/airflow/example_dags/example_sla_dag.py
[2026-01-29T01:05:56.925+0000] {processor.py:830} INFO - Processing file /home/airflow/.local/lib/python3.12/site-packages/airflow/example_dags/example_sla_dag.py for tasks to queue
[2026-01-29T01:05:56.927+0000] {logging_mixin.py:188} INFO - [2026-01-29T01:05:56.927+0000] {dagbag.py:545} INFO - Filling up the DagBag from /home/airflow/.local/lib/python3.12/site-packages/airflow/example_dags/example_sla_dag.py
[2026-01-29T01:05:56.936+0000] {processor.py:840} INFO - DAG(s) 'example_sla_dag' retrieved from /home/airflow/.local/lib/python3.12/site-packages/airflow/example_dags/example_sla_dag.py
[2026-01-29T01:05:56.956+0000] {logging_mixin.py:188} INFO - [2026-01-29T01:05:56.956+0000] {dag.py:3089} INFO - Sync 1 DAGs
[2026-01-29T01:05:56.982+0000] {logging_mixin.py:188} INFO - [2026-01-29T01:05:56.982+0000] {dag.py:3947} INFO - Setting next_dagrun for example_sla_dag to 2026-01-29 01:02:00+00:00, run_after=2026-01-29 01:04:00+00:00
[2026-01-29T01:05:57.001+0000] {processor.py:183} INFO - Processing /home/airflow/.local/lib/python3.12/site-packages/airflow/example_dags/example_sla_dag.py took 0.083 seconds
[2026-01-29T01:06:27.745+0000] {processor.py:161} INFO - Started process (PID=70396) to work on /home/airflow/.local/lib/python3.12/site-packages/airflow/example_dags/example_sla_dag.py
[2026-01-29T01:06:27.746+0000] {processor.py:830} INFO - Processing file /home/airflow/.local/lib/python3.12/site-packages/airflow/example_dags/example_sla_dag.py for tasks to queue
[2026-01-29T01:06:27.748+0000] {logging_mixin.py:188} INFO - [2026-01-29T01:06:27.748+0000] {dagbag.py:545} INFO - Filling up the DagBag from /home/airflow/.local/lib/python3.12/site-packages/airflow/example_dags/example_sla_dag.py
[2026-01-29T01:06:27.757+0000] {processor.py:840} INFO - DAG(s) 'example_sla_dag' retrieved from /home/airflow/.local/lib/python3.12/site-packages/airflow/example_dags/example_sla_dag.py
[2026-01-29T01:06:27.777+0000] {logging_mixin.py:188} INFO - [2026-01-29T01:06:27.777+0000] {dag.py:3089} INFO - Sync 1 DAGs
[2026-01-29T01:06:27.803+0000] {logging_mixin.py:188} INFO - [2026-01-29T01:06:27.803+0000] {dag.py:3947} INFO - Setting next_dagrun for example_sla_dag to 2026-01-29 01:04:00+00:00, run_after=2026-01-29 01:06:00+00:00
[2026-01-29T01:06:27.821+0000] {processor.py:183} INFO - Processing /home/airflow/.local/lib/python3.12/site-packages/airflow/example_dags/example_sla_dag.py took 0.083 seconds
[2026-01-29T01:06:58.415+0000] {processor.py:161} INFO - Started process (PID=70455) to work on /home/airflow/.local/lib/python3.12/site-packages/airflow/example_dags/example_sla_dag.py
[2026-01-29T01:06:58.416+0000] {processor.py:830} INFO - Processing file /home/airflow/.local/lib/python3.12/site-packages/airflow/example_dags/example_sla_dag.py for tasks to queue
[2026-01-29T01:06:58.418+0000] {logging_mixin.py:188} INFO - [2026-01-29T01:06:58.417+0000] {dagbag.py:545} INFO - Filling up the DagBag from /home/airflow/.local/lib/python3.12/site-packages/airflow/example_dags/example_sla_dag.py
[2026-01-29T01:06:58.426+0000] {processor.py:840} INFO - DAG(s) 'example_sla_dag' retrieved from /home/airflow/.local/lib/python3.12/site-packages/airflow/example_dags/example_sla_dag.py
[2026-01-29T01:06:58.446+0000] {logging_mixin.py:188} INFO - [2026-01-29T01:06:58.445+0000] {dag.py:3089} INFO - Sync 1 DAGs
[2026-01-29T01:06:58.470+0000] {logging_mixin.py:188} INFO - [2026-01-29T01:06:58.470+0000] {dag.py:3947} INFO - Setting next_dagrun for example_sla_dag to 2026-01-29 01:04:00+00:00, run_after=2026-01-29 01:06:00+00:00
[2026-01-29T01:06:58.488+0000] {processor.py:183} INFO - Processing /home/airflow/.local/lib/python3.12/site-packages/airflow/example_dags/example_sla_dag.py took 0.079 seconds
[2026-01-29T01:07:29.127+0000] {processor.py:161} INFO - Started process (PID=70518) to work on /home/airflow/.local/lib/python3.12/site-packages/airflow/example_dags/example_sla_dag.py
[2026-01-29T01:07:29.128+0000] {processor.py:830} INFO - Processing file /home/airflow/.local/lib/python3.12/site-packages/airflow/example_dags/example_sla_dag.py for tasks to queue
[2026-01-29T01:07:29.130+0000] {logging_mixin.py:188} INFO - [2026-01-29T01:07:29.129+0000] {dagbag.py:545} INFO - Filling up the DagBag from /home/airflow/.local/lib/python3.12/site-packages/airflow/example_dags/example_sla_dag.py
[2026-01-29T01:07:29.139+0000] {processor.py:840} INFO - DAG(s) 'example_sla_dag' retrieved from /home/airflow/.local/lib/python3.12/site-packages/airflow/example_dags/example_sla_dag.py
[2026-01-29T01:07:29.158+0000] {logging_mixin.py:188} INFO - [2026-01-29T01:07:29.158+0000] {dag.py:3089} INFO - Sync 1 DAGs
[2026-01-29T01:07:29.188+0000] {logging_mixin.py:188} INFO - [2026-01-29T01:07:29.188+0000] {dag.py:3947} INFO - Setting next_dagrun for example_sla_dag to 2026-01-29 01:04:00+00:00, run_after=2026-01-29 01:06:00+00:00
[2026-01-29T01:07:29.214+0000] {processor.py:183} INFO - Processing /home/airflow/.local/lib/python3.12/site-packages/airflow/example_dags/example_sla_dag.py took 0.093 seconds
[2026-01-29T01:07:59.698+0000] {processor.py:161} INFO - Started process (PID=70577) to work on /home/airflow/.local/lib/python3.12/site-packages/airflow/example_dags/example_sla_dag.py
[2026-01-29T01:07:59.699+0000] {processor.py:830} INFO - Processing file /home/airflow/.local/lib/python3.12/site-packages/airflow/example_dags/example_sla_dag.py for tasks to queue
[2026-01-29T01:07:59.701+0000] {logging_mixin.py:188} INFO - [2026-01-29T01:07:59.700+0000] {dagbag.py:545} INFO - Filling up the DagBag from /home/airflow/.local/lib/python3.12/site-packages/airflow/example_dags/example_sla_dag.py
[2026-01-29T01:07:59.711+0000] {processor.py:840} INFO - DAG(s) 'example_sla_dag' retrieved from /home/airflow/.local/lib/python3.12/site-packages/airflow/example_dags/example_sla_dag.py
[2026-01-29T01:07:59.731+0000] {logging_mixin.py:188} INFO - [2026-01-29T01:07:59.731+0000] {dag.py:3089} INFO - Sync 1 DAGs
[2026-01-29T01:07:59.757+0000] {logging_mixin.py:188} INFO - [2026-01-29T01:07:59.757+0000] {dag.py:3947} INFO - Setting next_dagrun for example_sla_dag to 2026-01-29 01:04:00+00:00, run_after=2026-01-29 01:06:00+00:00
[2026-01-29T01:07:59.775+0000] {processor.py:183} INFO - Processing /home/airflow/.local/lib/python3.12/site-packages/airflow/example_dags/example_sla_dag.py took 0.084 seconds
[2026-01-29T01:08:30.254+0000] {processor.py:161} INFO - Started process (PID=70641) to work on /home/airflow/.local/lib/python3.12/site-packages/airflow/example_dags/example_sla_dag.py
[2026-01-29T01:08:30.255+0000] {processor.py:830} INFO - Processing file /home/airflow/.local/lib/python3.12/site-packages/airflow/example_dags/example_sla_dag.py for tasks to queue
[2026-01-29T01:08:30.256+0000] {logging_mixin.py:188} INFO - [2026-01-29T01:08:30.256+0000] {dagbag.py:545} INFO - Filling up the DagBag from /home/airflow/.local/lib/python3.12/site-packages/airflow/example_dags/example_sla_dag.py
[2026-01-29T01:08:30.265+0000] {processor.py:840} INFO - DAG(s) 'example_sla_dag' retrieved from /home/airflow/.local/lib/python3.12/site-packages/airflow/example_dags/example_sla_dag.py
[2026-01-29T01:08:30.285+0000] {logging_mixin.py:188} INFO - [2026-01-29T01:08:30.285+0000] {dag.py:3089} INFO - Sync 1 DAGs
[2026-01-29T01:08:30.310+0000] {logging_mixin.py:188} INFO - [2026-01-29T01:08:30.310+0000] {dag.py:3947} INFO - Setting next_dagrun for example_sla_dag to 2026-01-29 01:06:00+00:00, run_after=2026-01-29 01:08:00+00:00
[2026-01-29T01:08:30.329+0000] {processor.py:183} INFO - Processing /home/airflow/.local/lib/python3.12/site-packages/airflow/example_dags/example_sla_dag.py took 0.081 seconds
[2026-01-29T01:09:00.993+0000] {processor.py:161} INFO - Started process (PID=70706) to work on /home/airflow/.local/lib/python3.12/site-packages/airflow/example_dags/example_sla_dag.py
[2026-01-29T01:09:00.994+0000] {processor.py:830} INFO - Processing file /home/airflow/.local/lib/python3.12/site-packages/airflow/example_dags/example_sla_dag.py for tasks to queue
[2026-01-29T01:09:00.996+0000] {logging_mixin.py:188} INFO - [2026-01-29T01:09:00.996+0000] {dagbag.py:545} INFO - Filling up the DagBag from /home/airflow/.local/lib/python3.12/site-packages/airflow/example_dags/example_sla_dag.py
[2026-01-29T01:09:01.006+0000] {processor.py:840} INFO - DAG(s) 'example_sla_dag' retrieved from /home/airflow/.local/lib/python3.12/site-packages/airflow/example_dags/example_sla_dag.py
[2026-01-29T01:09:01.030+0000] {logging_mixin.py:188} INFO - [2026-01-29T01:09:01.030+0000] {dag.py:3089} INFO - Sync 1 DAGs
[2026-01-29T01:09:01.066+0000] {logging_mixin.py:188} INFO - [2026-01-29T01:09:01.066+0000] {dag.py:3947} INFO - Setting next_dagrun for example_sla_dag to 2026-01-29 01:06:00+00:00, run_after=2026-01-29 01:08:00+00:00
[2026-01-29T01:09:01.087+0000] {processor.py:183} INFO - Processing /home/airflow/.local/lib/python3.12/site-packages/airflow/example_dags/example_sla_dag.py took 0.100 seconds
[2026-01-29T01:09:31.669+0000] {processor.py:161} INFO - Started process (PID=70770) to work on /home/airflow/.local/lib/python3.12/site-packages/airflow/example_dags/example_sla_dag.py
[2026-01-29T01:09:31.671+0000] {processor.py:830} INFO - Processing file /home/airflow/.local/lib/python3.12/site-packages/airflow/example_dags/example_sla_dag.py for tasks to queue
[2026-01-29T01:09:31.673+0000] {logging_mixin.py:188} INFO - [2026-01-29T01:09:31.673+0000] {dagbag.py:545} INFO - Filling up the DagBag from /home/airflow/.local/lib/python3.12/site-packages/airflow/example_dags/example_sla_dag.py
[2026-01-29T01:09:31.682+0000] {processor.py:840} INFO - DAG(s) 'example_sla_dag' retrieved from /home/airflow/.local/lib/python3.12/site-packages/airflow/example_dags/example_sla_dag.py
[2026-01-29T01:09:31.703+0000] {logging_mixin.py:188} INFO - [2026-01-29T01:09:31.703+0000] {dag.py:3089} INFO - Sync 1 DAGs
[2026-01-29T01:09:31.731+0000] {logging_mixin.py:188} INFO - [2026-01-29T01:09:31.731+0000] {dag.py:3947} INFO - Setting next_dagrun for example_sla_dag to 2026-01-29 01:06:00+00:00, run_after=2026-01-29 01:08:00+00:00
[2026-01-29T01:09:31.750+0000] {processor.py:183} INFO - Processing /home/airflow/.local/lib/python3.12/site-packages/airflow/example_dags/example_sla_dag.py took 0.088 seconds
[2026-01-29T01:10:02.315+0000] {processor.py:161} INFO - Started process (PID=70834) to work on /home/airflow/.local/lib/python3.12/site-packages/airflow/example_dags/example_sla_dag.py
[2026-01-29T01:10:02.316+0000] {processor.py:830} INFO - Processing file /home/airflow/.local/lib/python3.12/site-packages/airflow/example_dags/example_sla_dag.py for tasks to queue
[2026-01-29T01:10:02.318+0000] {logging_mixin.py:188} INFO - [2026-01-29T01:10:02.318+0000] {dagbag.py:545} INFO - Filling up the DagBag from /home/airflow/.local/lib/python3.12/site-packages/airflow/example_dags/example_sla_dag.py
[2026-01-29T01:10:02.331+0000] {processor.py:840} INFO - DAG(s) 'example_sla_dag' retrieved from /home/airflow/.local/lib/python3.12/site-packages/airflow/example_dags/example_sla_dag.py
[2026-01-29T01:10:02.352+0000] {logging_mixin.py:188} INFO - [2026-01-29T01:10:02.352+0000] {dag.py:3089} INFO - Sync 1 DAGs
[2026-01-29T01:10:02.381+0000] {logging_mixin.py:188} INFO - [2026-01-29T01:10:02.381+0000] {dag.py:3947} INFO - Setting next_dagrun for example_sla_dag to 2026-01-29 01:08:00+00:00, run_after=2026-01-29 01:10:00+00:00
[2026-01-29T01:10:02.405+0000] {processor.py:183} INFO - Processing /home/airflow/.local/lib/python3.12/site-packages/airflow/example_dags/example_sla_dag.py took 0.097 seconds
[2026-01-29T01:10:32.950+0000] {processor.py:161} INFO - Started process (PID=70893) to work on /home/airflow/.local/lib/python3.12/site-packages/airflow/example_dags/example_sla_dag.py
[2026-01-29T01:10:32.950+0000] {processor.py:830} INFO - Processing file /home/airflow/.local/lib/python3.12/site-packages/airflow/example_dags/example_sla_dag.py for tasks to queue
[2026-01-29T01:10:32.952+0000] {logging_mixin.py:188} INFO - [2026-01-29T01:10:32.952+0000] {dagbag.py:545} INFO - Filling up the DagBag from /home/airflow/.local/lib/python3.12/site-packages/airflow/example_dags/example_sla_dag.py
[2026-01-29T01:10:32.961+0000] {processor.py:840} INFO - DAG(s) 'example_sla_dag' retrieved from /home/airflow/.local/lib/python3.12/site-packages/airflow/example_dags/example_sla_dag.py
[2026-01-29T01:10:32.982+0000] {logging_mixin.py:188} INFO - [2026-01-29T01:10:32.982+0000] {dag.py:3089} INFO - Sync 1 DAGs
[2026-01-29T01:10:33.009+0000] {logging_mixin.py:188} INFO - [2026-01-29T01:10:33.009+0000] {dag.py:3947} INFO - Setting next_dagrun for example_sla_dag to 2026-01-29 01:08:00+00:00, run_after=2026-01-29 01:10:00+00:00
[2026-01-29T01:10:33.028+0000] {processor.py:183} INFO - Processing /home/airflow/.local/lib/python3.12/site-packages/airflow/example_dags/example_sla_dag.py took 0.084 seconds
[2026-01-29T01:11:03.627+0000] {processor.py:161} INFO - Started process (PID=70957) to work on /home/airflow/.local/lib/python3.12/site-packages/airflow/example_dags/example_sla_dag.py
[2026-01-29T01:11:03.628+0000] {processor.py:830} INFO - Processing file /home/airflow/.local/lib/python3.12/site-packages/airflow/example_dags/example_sla_dag.py for tasks to queue
[2026-01-29T01:11:03.630+0000] {logging_mixin.py:188} INFO - [2026-01-29T01:11:03.629+0000] {dagbag.py:545} INFO - Filling up the DagBag from /home/airflow/.local/lib/python3.12/site-packages/airflow/example_dags/example_sla_dag.py
[2026-01-29T01:11:03.638+0000] {processor.py:840} INFO - DAG(s) 'example_sla_dag' retrieved from /home/airflow/.local/lib/python3.12/site-packages/airflow/example_dags/example_sla_dag.py
[2026-01-29T01:11:03.659+0000] {logging_mixin.py:188} INFO - [2026-01-29T01:11:03.659+0000] {dag.py:3089} INFO - Sync 1 DAGs
[2026-01-29T01:11:03.686+0000] {logging_mixin.py:188} INFO - [2026-01-29T01:11:03.685+0000] {dag.py:3947} INFO - Setting next_dagrun for example_sla_dag to 2026-01-29 01:08:00+00:00, run_after=2026-01-29 01:10:00+00:00
[2026-01-29T01:11:03.705+0000] {processor.py:183} INFO - Processing /home/airflow/.local/lib/python3.12/site-packages/airflow/example_dags/example_sla_dag.py took 0.083 seconds
[2026-01-29T01:11:34.319+0000] {processor.py:161} INFO - Started process (PID=71016) to work on /home/airflow/.local/lib/python3.12/site-packages/airflow/example_dags/example_sla_dag.py
[2026-01-29T01:11:34.320+0000] {processor.py:830} INFO - Processing file /home/airflow/.local/lib/python3.12/site-packages/airflow/example_dags/example_sla_dag.py for tasks to queue
[2026-01-29T01:11:34.322+0000] {logging_mixin.py:188} INFO - [2026-01-29T01:11:34.321+0000] {dagbag.py:545} INFO - Filling up the DagBag from /home/airflow/.local/lib/python3.12/site-packages/airflow/example_dags/example_sla_dag.py
[2026-01-29T01:11:34.330+0000] {processor.py:840} INFO - DAG(s) 'example_sla_dag' retrieved from /home/airflow/.local/lib/python3.12/site-packages/airflow/example_dags/example_sla_dag.py
[2026-01-29T01:11:34.349+0000] {logging_mixin.py:188} INFO - [2026-01-29T01:11:34.349+0000] {dag.py:3089} INFO - Sync 1 DAGs
[2026-01-29T01:11:34.375+0000] {logging_mixin.py:188} INFO - [2026-01-29T01:11:34.374+0000] {dag.py:3947} INFO - Setting next_dagrun for example_sla_dag to 2026-01-29 01:08:00+00:00, run_after=2026-01-29 01:10:00+00:00
[2026-01-29T01:11:34.394+0000] {processor.py:183} INFO - Processing /home/airflow/.local/lib/python3.12/site-packages/airflow/example_dags/example_sla_dag.py took 0.081 seconds
[2026-01-29T01:12:05.024+0000] {processor.py:161} INFO - Started process (PID=71080) to work on /home/airflow/.local/lib/python3.12/site-packages/airflow/example_dags/example_sla_dag.py
[2026-01-29T01:12:05.025+0000] {processor.py:830} INFO - Processing file /home/airflow/.local/lib/python3.12/site-packages/airflow/example_dags/example_sla_dag.py for tasks to queue
[2026-01-29T01:12:05.027+0000] {logging_mixin.py:188} INFO - [2026-01-29T01:12:05.027+0000] {dagbag.py:545} INFO - Filling up the DagBag from /home/airflow/.local/lib/python3.12/site-packages/airflow/example_dags/example_sla_dag.py
[2026-01-29T01:12:05.037+0000] {processor.py:840} INFO - DAG(s) 'example_sla_dag' retrieved from /home/airflow/.local/lib/python3.12/site-packages/airflow/example_dags/example_sla_dag.py
[2026-01-29T01:12:05.056+0000] {logging_mixin.py:188} INFO - [2026-01-29T01:12:05.056+0000] {dag.py:3089} INFO - Sync 1 DAGs
[2026-01-29T01:12:05.083+0000] {logging_mixin.py:188} INFO - [2026-01-29T01:12:05.083+0000] {dag.py:3947} INFO - Setting next_dagrun for example_sla_dag to 2026-01-29 01:10:00+00:00, run_after=2026-01-29 01:12:00+00:00
[2026-01-29T01:12:05.103+0000] {processor.py:183} INFO - Processing /home/airflow/.local/lib/python3.12/site-packages/airflow/example_dags/example_sla_dag.py took 0.086 seconds
[2026-01-29T01:12:35.804+0000] {processor.py:161} INFO - Started process (PID=71139) to work on /home/airflow/.local/lib/python3.12/site-packages/airflow/example_dags/example_sla_dag.py
[2026-01-29T01:12:35.805+0000] {processor.py:830} INFO - Processing file /home/airflow/.local/lib/python3.12/site-packages/airflow/example_dags/example_sla_dag.py for tasks to queue
[2026-01-29T01:12:35.807+0000] {logging_mixin.py:188} INFO - [2026-01-29T01:12:35.806+0000] {dagbag.py:545} INFO - Filling up the DagBag from /home/airflow/.local/lib/python3.12/site-packages/airflow/example_dags/example_sla_dag.py
[2026-01-29T01:12:35.820+0000] {processor.py:840} INFO - DAG(s) 'example_sla_dag' retrieved from /home/airflow/.local/lib/python3.12/site-packages/airflow/example_dags/example_sla_dag.py
[2026-01-29T01:12:35.845+0000] {logging_mixin.py:188} INFO - [2026-01-29T01:12:35.844+0000] {dag.py:3089} INFO - Sync 1 DAGs
[2026-01-29T01:12:35.875+0000] {logging_mixin.py:188} INFO - [2026-01-29T01:12:35.875+0000] {dag.py:3947} INFO - Setting next_dagrun for example_sla_dag to 2026-01-29 01:10:00+00:00, run_after=2026-01-29 01:12:00+00:00
[2026-01-29T01:12:35.895+0000] {processor.py:183} INFO - Processing /home/airflow/.local/lib/python3.12/site-packages/airflow/example_dags/example_sla_dag.py took 0.098 seconds
[2026-01-29T01:13:06.530+0000] {processor.py:161} INFO - Started process (PID=71203) to work on /home/airflow/.local/lib/python3.12/site-packages/airflow/example_dags/example_sla_dag.py
[2026-01-29T01:13:06.531+0000] {processor.py:830} INFO - Processing file /home/airflow/.local/lib/python3.12/site-packages/airflow/example_dags/example_sla_dag.py for tasks to queue
[2026-01-29T01:13:06.533+0000] {logging_mixin.py:188} INFO - [2026-01-29T01:13:06.532+0000] {dagbag.py:545} INFO - Filling up the DagBag from /home/airflow/.local/lib/python3.12/site-packages/airflow/example_dags/example_sla_dag.py
[2026-01-29T01:13:06.541+0000] {processor.py:840} INFO - DAG(s) 'example_sla_dag' retrieved from /home/airflow/.local/lib/python3.12/site-packages/airflow/example_dags/example_sla_dag.py
[2026-01-29T01:13:06.564+0000] {logging_mixin.py:188} INFO - [2026-01-29T01:13:06.564+0000] {dag.py:3089} INFO - Sync 1 DAGs
[2026-01-29T01:13:06.592+0000] {logging_mixin.py:188} INFO - [2026-01-29T01:13:06.592+0000] {dag.py:3947} INFO - Setting next_dagrun for example_sla_dag to 2026-01-29 01:10:00+00:00, run_after=2026-01-29 01:12:00+00:00
[2026-01-29T01:13:06.611+0000] {processor.py:183} INFO - Processing /home/airflow/.local/lib/python3.12/site-packages/airflow/example_dags/example_sla_dag.py took 0.087 seconds
[2026-01-29T01:13:37.202+0000] {processor.py:161} INFO - Started process (PID=71262) to work on /home/airflow/.local/lib/python3.12/site-packages/airflow/example_dags/example_sla_dag.py
[2026-01-29T01:13:37.203+0000] {processor.py:830} INFO - Processing file /home/airflow/.local/lib/python3.12/site-packages/airflow/example_dags/example_sla_dag.py for tasks to queue
[2026-01-29T01:13:37.205+0000] {logging_mixin.py:188} INFO - [2026-01-29T01:13:37.205+0000] {dagbag.py:545} INFO - Filling up the DagBag from /home/airflow/.local/lib/python3.12/site-packages/airflow/example_dags/example_sla_dag.py
[2026-01-29T01:13:37.215+0000] {processor.py:840} INFO - DAG(s) 'example_sla_dag' retrieved from /home/airflow/.local/lib/python3.12/site-packages/airflow/example_dags/example_sla_dag.py
[2026-01-29T01:13:37.235+0000] {logging_mixin.py:188} INFO - [2026-01-29T01:13:37.234+0000] {dag.py:3089} INFO - Sync 1 DAGs
[2026-01-29T01:13:37.260+0000] {logging_mixin.py:188} INFO - [2026-01-29T01:13:37.260+0000] {dag.py:3947} INFO - Setting next_dagrun for example_sla_dag to 2026-01-29 01:10:00+00:00, run_after=2026-01-29 01:12:00+00:00
[2026-01-29T01:13:37.279+0000] {processor.py:183} INFO - Processing /home/airflow/.local/lib/python3.12/site-packages/airflow/example_dags/example_sla_dag.py took 0.084 seconds
[2026-01-29T01:14:07.971+0000] {processor.py:161} INFO - Started process (PID=71326) to work on /home/airflow/.local/lib/python3.12/site-packages/airflow/example_dags/example_sla_dag.py
[2026-01-29T01:14:07.972+0000] {processor.py:830} INFO - Processing file /home/airflow/.local/lib/python3.12/site-packages/airflow/example_dags/example_sla_dag.py for tasks to queue
[2026-01-29T01:14:07.974+0000] {logging_mixin.py:188} INFO - [2026-01-29T01:14:07.974+0000] {dagbag.py:545} INFO - Filling up the DagBag from /home/airflow/.local/lib/python3.12/site-packages/airflow/example_dags/example_sla_dag.py
[2026-01-29T01:14:07.983+0000] {processor.py:840} INFO - DAG(s) 'example_sla_dag' retrieved from /home/airflow/.local/lib/python3.12/site-packages/airflow/example_dags/example_sla_dag.py
[2026-01-29T01:14:08.004+0000] {logging_mixin.py:188} INFO - [2026-01-29T01:14:08.004+0000] {dag.py:3089} INFO - Sync 1 DAGs
[2026-01-29T01:14:08.031+0000] {logging_mixin.py:188} INFO - [2026-01-29T01:14:08.031+0000] {dag.py:3947} INFO - Setting next_dagrun for example_sla_dag to 2026-01-29 01:12:00+00:00, run_after=2026-01-29 01:14:00+00:00
[2026-01-29T01:14:08.051+0000] {processor.py:183} INFO - Processing /home/airflow/.local/lib/python3.12/site-packages/airflow/example_dags/example_sla_dag.py took 0.086 seconds
[2026-01-29T01:14:38.770+0000] {processor.py:161} INFO - Started process (PID=71385) to work on /home/airflow/.local/lib/python3.12/site-packages/airflow/example_dags/example_sla_dag.py
[2026-01-29T01:14:38.771+0000] {processor.py:830} INFO - Processing file /home/airflow/.local/lib/python3.12/site-packages/airflow/example_dags/example_sla_dag.py for tasks to queue
[2026-01-29T01:14:38.773+0000] {logging_mixin.py:188} INFO - [2026-01-29T01:14:38.772+0000] {dagbag.py:545} INFO - Filling up the DagBag from /home/airflow/.local/lib/python3.12/site-packages/airflow/example_dags/example_sla_dag.py
[2026-01-29T01:14:38.782+0000] {processor.py:840} INFO - DAG(s) 'example_sla_dag' retrieved from /home/airflow/.local/lib/python3.12/site-packages/airflow/example_dags/example_sla_dag.py
[2026-01-29T01:14:38.800+0000] {logging_mixin.py:188} INFO - [2026-01-29T01:14:38.800+0000] {dag.py:3089} INFO - Sync 1 DAGs
[2026-01-29T01:14:38.825+0000] {logging_mixin.py:188} INFO - [2026-01-29T01:14:38.824+0000] {dag.py:3947} INFO - Setting next_dagrun for example_sla_dag to 2026-01-29 01:12:00+00:00, run_after=2026-01-29 01:14:00+00:00
[2026-01-29T01:14:38.842+0000] {processor.py:183} INFO - Processing /home/airflow/.local/lib/python3.12/site-packages/airflow/example_dags/example_sla_dag.py took 0.078 seconds
[2026-01-29T01:15:09.376+0000] {processor.py:161} INFO - Started process (PID=71449) to work on /home/airflow/.local/lib/python3.12/site-packages/airflow/example_dags/example_sla_dag.py
[2026-01-29T01:15:09.377+0000] {processor.py:830} INFO - Processing file /home/airflow/.local/lib/python3.12/site-packages/airflow/example_dags/example_sla_dag.py for tasks to queue
[2026-01-29T01:15:09.379+0000] {logging_mixin.py:188} INFO - [2026-01-29T01:15:09.378+0000] {dagbag.py:545} INFO - Filling up the DagBag from /home/airflow/.local/lib/python3.12/site-packages/airflow/example_dags/example_sla_dag.py
[2026-01-29T01:15:09.387+0000] {processor.py:840} INFO - DAG(s) 'example_sla_dag' retrieved from /home/airflow/.local/lib/python3.12/site-packages/airflow/example_dags/example_sla_dag.py
[2026-01-29T01:15:09.408+0000] {logging_mixin.py:188} INFO - [2026-01-29T01:15:09.407+0000] {dag.py:3089} INFO - Sync 1 DAGs
[2026-01-29T01:15:09.434+0000] {logging_mixin.py:188} INFO - [2026-01-29T01:15:09.434+0000] {dag.py:3947} INFO - Setting next_dagrun for example_sla_dag to 2026-01-29 01:12:00+00:00, run_after=2026-01-29 01:14:00+00:00
[2026-01-29T01:15:09.452+0000] {processor.py:183} INFO - Processing /home/airflow/.local/lib/python3.12/site-packages/airflow/example_dags/example_sla_dag.py took 0.082 seconds
[2026-01-29T01:15:39.951+0000] {processor.py:161} INFO - Started process (PID=71508) to work on /home/airflow/.local/lib/python3.12/site-packages/airflow/example_dags/example_sla_dag.py
[2026-01-29T01:15:39.952+0000] {processor.py:830} INFO - Processing file /home/airflow/.local/lib/python3.12/site-packages/airflow/example_dags/example_sla_dag.py for tasks to queue
[2026-01-29T01:15:39.954+0000] {logging_mixin.py:188} INFO - [2026-01-29T01:15:39.954+0000] {dagbag.py:545} INFO - Filling up the DagBag from /home/airflow/.local/lib/python3.12/site-packages/airflow/example_dags/example_sla_dag.py
[2026-01-29T01:15:39.963+0000] {processor.py:840} INFO - DAG(s) 'example_sla_dag' retrieved from /home/airflow/.local/lib/python3.12/site-packages/airflow/example_dags/example_sla_dag.py
[2026-01-29T01:15:39.983+0000] {logging_mixin.py:188} INFO - [2026-01-29T01:15:39.983+0000] {dag.py:3089} INFO - Sync 1 DAGs
[2026-01-29T01:15:40.009+0000] {logging_mixin.py:188} INFO - [2026-01-29T01:15:40.009+0000] {dag.py:3947} INFO - Setting next_dagrun for example_sla_dag to 2026-01-29 01:12:00+00:00, run_after=2026-01-29 01:14:00+00:00
[2026-01-29T01:15:40.028+0000] {processor.py:183} INFO - Processing /home/airflow/.local/lib/python3.12/site-packages/airflow/example_dags/example_sla_dag.py took 0.084 seconds
[2026-01-29T01:16:10.830+0000] {processor.py:161} INFO - Started process (PID=71572) to work on /home/airflow/.local/lib/python3.12/site-packages/airflow/example_dags/example_sla_dag.py
[2026-01-29T01:16:10.831+0000] {processor.py:830} INFO - Processing file /home/airflow/.local/lib/python3.12/site-packages/airflow/example_dags/example_sla_dag.py for tasks to queue
[2026-01-29T01:16:10.833+0000] {logging_mixin.py:188} INFO - [2026-01-29T01:16:10.833+0000] {dagbag.py:545} INFO - Filling up the DagBag from /home/airflow/.local/lib/python3.12/site-packages/airflow/example_dags/example_sla_dag.py
[2026-01-29T01:16:10.842+0000] {processor.py:840} INFO - DAG(s) 'example_sla_dag' retrieved from /home/airflow/.local/lib/python3.12/site-packages/airflow/example_dags/example_sla_dag.py
[2026-01-29T01:16:10.862+0000] {logging_mixin.py:188} INFO - [2026-01-29T01:16:10.862+0000] {dag.py:3089} INFO - Sync 1 DAGs
[2026-01-29T01:16:10.888+0000] {logging_mixin.py:188} INFO - [2026-01-29T01:16:10.888+0000] {dag.py:3947} INFO - Setting next_dagrun for example_sla_dag to 2026-01-29 01:14:00+00:00, run_after=2026-01-29 01:16:00+00:00
[2026-01-29T01:16:10.907+0000] {processor.py:183} INFO - Processing /home/airflow/.local/lib/python3.12/site-packages/airflow/example_dags/example_sla_dag.py took 0.082 seconds
[2026-01-29T01:16:41.635+0000] {processor.py:161} INFO - Started process (PID=71631) to work on /home/airflow/.local/lib/python3.12/site-packages/airflow/example_dags/example_sla_dag.py
[2026-01-29T01:16:41.636+0000] {processor.py:830} INFO - Processing file /home/airflow/.local/lib/python3.12/site-packages/airflow/example_dags/example_sla_dag.py for tasks to queue
[2026-01-29T01:16:41.638+0000] {logging_mixin.py:188} INFO - [2026-01-29T01:16:41.637+0000] {dagbag.py:545} INFO - Filling up the DagBag from /home/airflow/.local/lib/python3.12/site-packages/airflow/example_dags/example_sla_dag.py
[2026-01-29T01:16:41.647+0000] {processor.py:840} INFO - DAG(s) 'example_sla_dag' retrieved from /home/airflow/.local/lib/python3.12/site-packages/airflow/example_dags/example_sla_dag.py
[2026-01-29T01:16:41.667+0000] {logging_mixin.py:188} INFO - [2026-01-29T01:16:41.667+0000] {dag.py:3089} INFO - Sync 1 DAGs
[2026-01-29T01:16:41.694+0000] {logging_mixin.py:188} INFO - [2026-01-29T01:16:41.694+0000] {dag.py:3947} INFO - Setting next_dagrun for example_sla_dag to 2026-01-29 01:14:00+00:00, run_after=2026-01-29 01:16:00+00:00
[2026-01-29T01:16:41.715+0000] {processor.py:183} INFO - Processing /home/airflow/.local/lib/python3.12/site-packages/airflow/example_dags/example_sla_dag.py took 0.087 seconds
[2026-01-29T01:17:12.410+0000] {processor.py:161} INFO - Started process (PID=71695) to work on /home/airflow/.local/lib/python3.12/site-packages/airflow/example_dags/example_sla_dag.py
[2026-01-29T01:17:12.411+0000] {processor.py:830} INFO - Processing file /home/airflow/.local/lib/python3.12/site-packages/airflow/example_dags/example_sla_dag.py for tasks to queue
[2026-01-29T01:17:12.413+0000] {logging_mixin.py:188} INFO - [2026-01-29T01:17:12.413+0000] {dagbag.py:545} INFO - Filling up the DagBag from /home/airflow/.local/lib/python3.12/site-packages/airflow/example_dags/example_sla_dag.py
[2026-01-29T01:17:12.422+0000] {processor.py:840} INFO - DAG(s) 'example_sla_dag' retrieved from /home/airflow/.local/lib/python3.12/site-packages/airflow/example_dags/example_sla_dag.py
[2026-01-29T01:17:12.441+0000] {logging_mixin.py:188} INFO - [2026-01-29T01:17:12.441+0000] {dag.py:3089} INFO - Sync 1 DAGs
[2026-01-29T01:17:12.467+0000] {logging_mixin.py:188} INFO - [2026-01-29T01:17:12.467+0000] {dag.py:3947} INFO - Setting next_dagrun for example_sla_dag to 2026-01-29 01:14:00+00:00, run_after=2026-01-29 01:16:00+00:00
[2026-01-29T01:17:12.487+0000] {processor.py:183} INFO - Processing /home/airflow/.local/lib/python3.12/site-packages/airflow/example_dags/example_sla_dag.py took 0.082 seconds
[2026-01-29T01:17:43.197+0000] {processor.py:161} INFO - Started process (PID=71754) to work on /home/airflow/.local/lib/python3.12/site-packages/airflow/example_dags/example_sla_dag.py
[2026-01-29T01:17:43.198+0000] {processor.py:830} INFO - Processing file /home/airflow/.local/lib/python3.12/site-packages/airflow/example_dags/example_sla_dag.py for tasks to queue
[2026-01-29T01:17:43.200+0000] {logging_mixin.py:188} INFO - [2026-01-29T01:17:43.200+0000] {dagbag.py:545} INFO - Filling up the DagBag from /home/airflow/.local/lib/python3.12/site-packages/airflow/example_dags/example_sla_dag.py
[2026-01-29T01:17:43.209+0000] {processor.py:840} INFO - DAG(s) 'example_sla_dag' retrieved from /home/airflow/.local/lib/python3.12/site-packages/airflow/example_dags/example_sla_dag.py
[2026-01-29T01:17:43.229+0000] {logging_mixin.py:188} INFO - [2026-01-29T01:17:43.228+0000] {dag.py:3089} INFO - Sync 1 DAGs
[2026-01-29T01:17:43.255+0000] {logging_mixin.py:188} INFO - [2026-01-29T01:17:43.255+0000] {dag.py:3947} INFO - Setting next_dagrun for example_sla_dag to 2026-01-29 01:14:00+00:00, run_after=2026-01-29 01:16:00+00:00
[2026-01-29T01:17:43.273+0000] {processor.py:183} INFO - Processing /home/airflow/.local/lib/python3.12/site-packages/airflow/example_dags/example_sla_dag.py took 0.083 seconds
[2026-01-29T01:18:13.991+0000] {processor.py:161} INFO - Started process (PID=71818) to work on /home/airflow/.local/lib/python3.12/site-packages/airflow/example_dags/example_sla_dag.py
[2026-01-29T01:18:13.992+0000] {processor.py:830} INFO - Processing file /home/airflow/.local/lib/python3.12/site-packages/airflow/example_dags/example_sla_dag.py for tasks to queue
[2026-01-29T01:18:13.994+0000] {logging_mixin.py:188} INFO - [2026-01-29T01:18:13.994+0000] {dagbag.py:545} INFO - Filling up the DagBag from /home/airflow/.local/lib/python3.12/site-packages/airflow/example_dags/example_sla_dag.py
[2026-01-29T01:18:14.003+0000] {processor.py:840} INFO - DAG(s) 'example_sla_dag' retrieved from /home/airflow/.local/lib/python3.12/site-packages/airflow/example_dags/example_sla_dag.py
[2026-01-29T01:18:14.023+0000] {logging_mixin.py:188} INFO - [2026-01-29T01:18:14.022+0000] {dag.py:3089} INFO - Sync 1 DAGs
[2026-01-29T01:18:14.048+0000] {logging_mixin.py:188} INFO - [2026-01-29T01:18:14.048+0000] {dag.py:3947} INFO - Setting next_dagrun for example_sla_dag to 2026-01-29 01:16:00+00:00, run_after=2026-01-29 01:18:00+00:00
[2026-01-29T01:18:14.069+0000] {processor.py:183} INFO - Processing /home/airflow/.local/lib/python3.12/site-packages/airflow/example_dags/example_sla_dag.py took 0.083 seconds
[2026-01-29T01:18:44.915+0000] {processor.py:161} INFO - Started process (PID=71877) to work on /home/airflow/.local/lib/python3.12/site-packages/airflow/example_dags/example_sla_dag.py
[2026-01-29T01:18:44.916+0000] {processor.py:830} INFO - Processing file /home/airflow/.local/lib/python3.12/site-packages/airflow/example_dags/example_sla_dag.py for tasks to queue
[2026-01-29T01:18:44.918+0000] {logging_mixin.py:188} INFO - [2026-01-29T01:18:44.918+0000] {dagbag.py:545} INFO - Filling up the DagBag from /home/airflow/.local/lib/python3.12/site-packages/airflow/example_dags/example_sla_dag.py
[2026-01-29T01:18:44.928+0000] {processor.py:840} INFO - DAG(s) 'example_sla_dag' retrieved from /home/airflow/.local/lib/python3.12/site-packages/airflow/example_dags/example_sla_dag.py
[2026-01-29T01:18:44.947+0000] {logging_mixin.py:188} INFO - [2026-01-29T01:18:44.947+0000] {dag.py:3089} INFO - Sync 1 DAGs
[2026-01-29T01:18:44.975+0000] {logging_mixin.py:188} INFO - [2026-01-29T01:18:44.975+0000] {dag.py:3947} INFO - Setting next_dagrun for example_sla_dag to 2026-01-29 01:16:00+00:00, run_after=2026-01-29 01:18:00+00:00
[2026-01-29T01:18:44.995+0000] {processor.py:183} INFO - Processing /home/airflow/.local/lib/python3.12/site-packages/airflow/example_dags/example_sla_dag.py took 0.086 seconds
[2026-01-29T01:19:15.662+0000] {processor.py:161} INFO - Started process (PID=71941) to work on /home/airflow/.local/lib/python3.12/site-packages/airflow/example_dags/example_sla_dag.py
[2026-01-29T01:19:15.662+0000] {processor.py:830} INFO - Processing file /home/airflow/.local/lib/python3.12/site-packages/airflow/example_dags/example_sla_dag.py for tasks to queue
[2026-01-29T01:19:15.664+0000] {logging_mixin.py:188} INFO - [2026-01-29T01:19:15.664+0000] {dagbag.py:545} INFO - Filling up the DagBag from /home/airflow/.local/lib/python3.12/site-packages/airflow/example_dags/example_sla_dag.py
[2026-01-29T01:19:15.673+0000] {processor.py:840} INFO - DAG(s) 'example_sla_dag' retrieved from /home/airflow/.local/lib/python3.12/site-packages/airflow/example_dags/example_sla_dag.py
[2026-01-29T01:19:15.693+0000] {logging_mixin.py:188} INFO - [2026-01-29T01:19:15.693+0000] {dag.py:3089} INFO - Sync 1 DAGs
[2026-01-29T01:19:15.720+0000] {logging_mixin.py:188} INFO - [2026-01-29T01:19:15.720+0000] {dag.py:3947} INFO - Setting next_dagrun for example_sla_dag to 2026-01-29 01:16:00+00:00, run_after=2026-01-29 01:18:00+00:00
[2026-01-29T01:19:15.739+0000] {processor.py:183} INFO - Processing /home/airflow/.local/lib/python3.12/site-packages/airflow/example_dags/example_sla_dag.py took 0.083 seconds
[2026-01-29T01:19:46.314+0000] {processor.py:161} INFO - Started process (PID=72000) to work on /home/airflow/.local/lib/python3.12/site-packages/airflow/example_dags/example_sla_dag.py
[2026-01-29T01:19:46.317+0000] {processor.py:830} INFO - Processing file /home/airflow/.local/lib/python3.12/site-packages/airflow/example_dags/example_sla_dag.py for tasks to queue
[2026-01-29T01:19:46.319+0000] {logging_mixin.py:188} INFO - [2026-01-29T01:19:46.319+0000] {dagbag.py:545} INFO - Filling up the DagBag from /home/airflow/.local/lib/python3.12/site-packages/airflow/example_dags/example_sla_dag.py
[2026-01-29T01:19:46.328+0000] {processor.py:840} INFO - DAG(s) 'example_sla_dag' retrieved from /home/airflow/.local/lib/python3.12/site-packages/airflow/example_dags/example_sla_dag.py
[2026-01-29T01:19:46.350+0000] {logging_mixin.py:188} INFO - [2026-01-29T01:19:46.350+0000] {dag.py:3089} INFO - Sync 1 DAGs
[2026-01-29T01:19:46.376+0000] {logging_mixin.py:188} INFO - [2026-01-29T01:19:46.375+0000] {dag.py:3947} INFO - Setting next_dagrun for example_sla_dag to 2026-01-29 01:16:00+00:00, run_after=2026-01-29 01:18:00+00:00
[2026-01-29T01:19:46.395+0000] {processor.py:183} INFO - Processing /home/airflow/.local/lib/python3.12/site-packages/airflow/example_dags/example_sla_dag.py took 0.087 seconds
[2026-01-29T01:20:17.215+0000] {processor.py:161} INFO - Started process (PID=72064) to work on /home/airflow/.local/lib/python3.12/site-packages/airflow/example_dags/example_sla_dag.py
[2026-01-29T01:20:17.216+0000] {processor.py:830} INFO - Processing file /home/airflow/.local/lib/python3.12/site-packages/airflow/example_dags/example_sla_dag.py for tasks to queue
[2026-01-29T01:20:17.218+0000] {logging_mixin.py:188} INFO - [2026-01-29T01:20:17.218+0000] {dagbag.py:545} INFO - Filling up the DagBag from /home/airflow/.local/lib/python3.12/site-packages/airflow/example_dags/example_sla_dag.py
[2026-01-29T01:20:17.226+0000] {processor.py:840} INFO - DAG(s) 'example_sla_dag' retrieved from /home/airflow/.local/lib/python3.12/site-packages/airflow/example_dags/example_sla_dag.py
[2026-01-29T01:20:17.245+0000] {logging_mixin.py:188} INFO - [2026-01-29T01:20:17.245+0000] {dag.py:3089} INFO - Sync 1 DAGs
[2026-01-29T01:20:17.270+0000] {logging_mixin.py:188} INFO - [2026-01-29T01:20:17.270+0000] {dag.py:3947} INFO - Setting next_dagrun for example_sla_dag to 2026-01-29 01:18:00+00:00, run_after=2026-01-29 01:20:00+00:00
[2026-01-29T01:20:17.289+0000] {processor.py:183} INFO - Processing /home/airflow/.local/lib/python3.12/site-packages/airflow/example_dags/example_sla_dag.py took 0.080 seconds
[2026-01-29T01:20:48.162+0000] {processor.py:161} INFO - Started process (PID=72123) to work on /home/airflow/.local/lib/python3.12/site-packages/airflow/example_dags/example_sla_dag.py
[2026-01-29T01:20:48.163+0000] {processor.py:830} INFO - Processing file /home/airflow/.local/lib/python3.12/site-packages/airflow/example_dags/example_sla_dag.py for tasks to queue
[2026-01-29T01:20:48.164+0000] {logging_mixin.py:188} INFO - [2026-01-29T01:20:48.164+0000] {dagbag.py:545} INFO - Filling up the DagBag from /home/airflow/.local/lib/python3.12/site-packages/airflow/example_dags/example_sla_dag.py
[2026-01-29T01:20:48.173+0000] {processor.py:840} INFO - DAG(s) 'example_sla_dag' retrieved from /home/airflow/.local/lib/python3.12/site-packages/airflow/example_dags/example_sla_dag.py
[2026-01-29T01:20:48.192+0000] {logging_mixin.py:188} INFO - [2026-01-29T01:20:48.192+0000] {dag.py:3089} INFO - Sync 1 DAGs
[2026-01-29T01:20:48.219+0000] {logging_mixin.py:188} INFO - [2026-01-29T01:20:48.219+0000] {dag.py:3947} INFO - Setting next_dagrun for example_sla_dag to 2026-01-29 01:18:00+00:00, run_after=2026-01-29 01:20:00+00:00
[2026-01-29T01:20:48.238+0000] {processor.py:183} INFO - Processing /home/airflow/.local/lib/python3.12/site-packages/airflow/example_dags/example_sla_dag.py took 0.083 seconds
[2026-01-29T01:21:18.434+0000] {processor.py:161} INFO - Started process (PID=72187) to work on /home/airflow/.local/lib/python3.12/site-packages/airflow/example_dags/example_sla_dag.py
[2026-01-29T01:21:18.434+0000] {processor.py:830} INFO - Processing file /home/airflow/.local/lib/python3.12/site-packages/airflow/example_dags/example_sla_dag.py for tasks to queue
[2026-01-29T01:21:18.436+0000] {logging_mixin.py:188} INFO - [2026-01-29T01:21:18.436+0000] {dagbag.py:545} INFO - Filling up the DagBag from /home/airflow/.local/lib/python3.12/site-packages/airflow/example_dags/example_sla_dag.py
[2026-01-29T01:21:18.446+0000] {processor.py:840} INFO - DAG(s) 'example_sla_dag' retrieved from /home/airflow/.local/lib/python3.12/site-packages/airflow/example_dags/example_sla_dag.py
[2026-01-29T01:21:18.467+0000] {logging_mixin.py:188} INFO - [2026-01-29T01:21:18.467+0000] {dag.py:3089} INFO - Sync 1 DAGs
[2026-01-29T01:21:18.494+0000] {logging_mixin.py:188} INFO - [2026-01-29T01:21:18.494+0000] {dag.py:3947} INFO - Setting next_dagrun for example_sla_dag to 2026-01-29 01:18:00+00:00, run_after=2026-01-29 01:20:00+00:00
[2026-01-29T01:21:18.514+0000] {processor.py:183} INFO - Processing /home/airflow/.local/lib/python3.12/site-packages/airflow/example_dags/example_sla_dag.py took 0.087 seconds
[2026-01-29T01:21:48.735+0000] {processor.py:161} INFO - Started process (PID=72246) to work on /home/airflow/.local/lib/python3.12/site-packages/airflow/example_dags/example_sla_dag.py
[2026-01-29T01:21:48.736+0000] {processor.py:830} INFO - Processing file /home/airflow/.local/lib/python3.12/site-packages/airflow/example_dags/example_sla_dag.py for tasks to queue
[2026-01-29T01:21:48.738+0000] {logging_mixin.py:188} INFO - [2026-01-29T01:21:48.738+0000] {dagbag.py:545} INFO - Filling up the DagBag from /home/airflow/.local/lib/python3.12/site-packages/airflow/example_dags/example_sla_dag.py
[2026-01-29T01:21:48.748+0000] {processor.py:840} INFO - DAG(s) 'example_sla_dag' retrieved from /home/airflow/.local/lib/python3.12/site-packages/airflow/example_dags/example_sla_dag.py
[2026-01-29T01:21:48.771+0000] {logging_mixin.py:188} INFO - [2026-01-29T01:21:48.770+0000] {dag.py:3089} INFO - Sync 1 DAGs
[2026-01-29T01:21:48.800+0000] {logging_mixin.py:188} INFO - [2026-01-29T01:21:48.800+0000] {dag.py:3947} INFO - Setting next_dagrun for example_sla_dag to 2026-01-29 01:18:00+00:00, run_after=2026-01-29 01:20:00+00:00
[2026-01-29T01:21:48.822+0000] {processor.py:183} INFO - Processing /home/airflow/.local/lib/python3.12/site-packages/airflow/example_dags/example_sla_dag.py took 0.094 seconds
[2026-01-29T01:22:19.031+0000] {processor.py:161} INFO - Started process (PID=72311) to work on /home/airflow/.local/lib/python3.12/site-packages/airflow/example_dags/example_sla_dag.py
[2026-01-29T01:22:19.032+0000] {processor.py:830} INFO - Processing file /home/airflow/.local/lib/python3.12/site-packages/airflow/example_dags/example_sla_dag.py for tasks to queue
[2026-01-29T01:22:19.034+0000] {logging_mixin.py:188} INFO - [2026-01-29T01:22:19.034+0000] {dagbag.py:545} INFO - Filling up the DagBag from /home/airflow/.local/lib/python3.12/site-packages/airflow/example_dags/example_sla_dag.py
[2026-01-29T01:22:19.043+0000] {processor.py:840} INFO - DAG(s) 'example_sla_dag' retrieved from /home/airflow/.local/lib/python3.12/site-packages/airflow/example_dags/example_sla_dag.py
[2026-01-29T01:22:19.063+0000] {logging_mixin.py:188} INFO - [2026-01-29T01:22:19.062+0000] {dag.py:3089} INFO - Sync 1 DAGs
[2026-01-29T01:22:19.089+0000] {logging_mixin.py:188} INFO - [2026-01-29T01:22:19.089+0000] {dag.py:3947} INFO - Setting next_dagrun for example_sla_dag to 2026-01-29 01:20:00+00:00, run_after=2026-01-29 01:22:00+00:00
[2026-01-29T01:22:19.107+0000] {processor.py:183} INFO - Processing /home/airflow/.local/lib/python3.12/site-packages/airflow/example_dags/example_sla_dag.py took 0.082 seconds
[2026-01-29T01:22:49.260+0000] {processor.py:161} INFO - Started process (PID=72370) to work on /home/airflow/.local/lib/python3.12/site-packages/airflow/example_dags/example_sla_dag.py
[2026-01-29T01:22:49.262+0000] {processor.py:830} INFO - Processing file /home/airflow/.local/lib/python3.12/site-packages/airflow/example_dags/example_sla_dag.py for tasks to queue
[2026-01-29T01:22:49.264+0000] {logging_mixin.py:188} INFO - [2026-01-29T01:22:49.264+0000] {dagbag.py:545} INFO - Filling up the DagBag from /home/airflow/.local/lib/python3.12/site-packages/airflow/example_dags/example_sla_dag.py
[2026-01-29T01:22:49.276+0000] {processor.py:840} INFO - DAG(s) 'example_sla_dag' retrieved from /home/airflow/.local/lib/python3.12/site-packages/airflow/example_dags/example_sla_dag.py
[2026-01-29T01:22:49.303+0000] {logging_mixin.py:188} INFO - [2026-01-29T01:22:49.302+0000] {dag.py:3089} INFO - Sync 1 DAGs
[2026-01-29T01:22:49.333+0000] {logging_mixin.py:188} INFO - [2026-01-29T01:22:49.333+0000] {dag.py:3947} INFO - Setting next_dagrun for example_sla_dag to 2026-01-29 01:20:00+00:00, run_after=2026-01-29 01:22:00+00:00
[2026-01-29T01:22:49.352+0000] {processor.py:183} INFO - Processing /home/airflow/.local/lib/python3.12/site-packages/airflow/example_dags/example_sla_dag.py took 0.100 seconds
[2026-01-29T01:23:19.865+0000] {processor.py:161} INFO - Started process (PID=72434) to work on /home/airflow/.local/lib/python3.12/site-packages/airflow/example_dags/example_sla_dag.py
[2026-01-29T01:23:19.866+0000] {processor.py:830} INFO - Processing file /home/airflow/.local/lib/python3.12/site-packages/airflow/example_dags/example_sla_dag.py for tasks to queue
[2026-01-29T01:23:19.867+0000] {logging_mixin.py:188} INFO - [2026-01-29T01:23:19.867+0000] {dagbag.py:545} INFO - Filling up the DagBag from /home/airflow/.local/lib/python3.12/site-packages/airflow/example_dags/example_sla_dag.py
[2026-01-29T01:23:19.877+0000] {processor.py:840} INFO - DAG(s) 'example_sla_dag' retrieved from /home/airflow/.local/lib/python3.12/site-packages/airflow/example_dags/example_sla_dag.py
[2026-01-29T01:23:19.897+0000] {logging_mixin.py:188} INFO - [2026-01-29T01:23:19.896+0000] {dag.py:3089} INFO - Sync 1 DAGs
[2026-01-29T01:23:19.923+0000] {logging_mixin.py:188} INFO - [2026-01-29T01:23:19.923+0000] {dag.py:3947} INFO - Setting next_dagrun for example_sla_dag to 2026-01-29 01:20:00+00:00, run_after=2026-01-29 01:22:00+00:00
[2026-01-29T01:23:19.942+0000] {processor.py:183} INFO - Processing /home/airflow/.local/lib/python3.12/site-packages/airflow/example_dags/example_sla_dag.py took 0.083 seconds
[2026-01-29T01:23:50.360+0000] {processor.py:161} INFO - Started process (PID=72493) to work on /home/airflow/.local/lib/python3.12/site-packages/airflow/example_dags/example_sla_dag.py
[2026-01-29T01:23:50.361+0000] {processor.py:830} INFO - Processing file /home/airflow/.local/lib/python3.12/site-packages/airflow/example_dags/example_sla_dag.py for tasks to queue
[2026-01-29T01:23:50.363+0000] {logging_mixin.py:188} INFO - [2026-01-29T01:23:50.363+0000] {dagbag.py:545} INFO - Filling up the DagBag from /home/airflow/.local/lib/python3.12/site-packages/airflow/example_dags/example_sla_dag.py
[2026-01-29T01:23:50.372+0000] {processor.py:840} INFO - DAG(s) 'example_sla_dag' retrieved from /home/airflow/.local/lib/python3.12/site-packages/airflow/example_dags/example_sla_dag.py
[2026-01-29T01:23:50.391+0000] {logging_mixin.py:188} INFO - [2026-01-29T01:23:50.391+0000] {dag.py:3089} INFO - Sync 1 DAGs
[2026-01-29T01:23:50.417+0000] {logging_mixin.py:188} INFO - [2026-01-29T01:23:50.417+0000] {dag.py:3947} INFO - Setting next_dagrun for example_sla_dag to 2026-01-29 01:20:00+00:00, run_after=2026-01-29 01:22:00+00:00
[2026-01-29T01:23:50.436+0000] {processor.py:183} INFO - Processing /home/airflow/.local/lib/python3.12/site-packages/airflow/example_dags/example_sla_dag.py took 0.082 seconds
[2026-01-29T01:24:20.598+0000] {processor.py:161} INFO - Started process (PID=72557) to work on /home/airflow/.local/lib/python3.12/site-packages/airflow/example_dags/example_sla_dag.py
[2026-01-29T01:24:20.599+0000] {processor.py:830} INFO - Processing file /home/airflow/.local/lib/python3.12/site-packages/airflow/example_dags/example_sla_dag.py for tasks to queue
[2026-01-29T01:24:20.601+0000] {logging_mixin.py:188} INFO - [2026-01-29T01:24:20.600+0000] {dagbag.py:545} INFO - Filling up the DagBag from /home/airflow/.local/lib/python3.12/site-packages/airflow/example_dags/example_sla_dag.py
[2026-01-29T01:24:20.610+0000] {processor.py:840} INFO - DAG(s) 'example_sla_dag' retrieved from /home/airflow/.local/lib/python3.12/site-packages/airflow/example_dags/example_sla_dag.py
[2026-01-29T01:24:20.629+0000] {logging_mixin.py:188} INFO - [2026-01-29T01:24:20.629+0000] {dag.py:3089} INFO - Sync 1 DAGs
[2026-01-29T01:24:20.657+0000] {logging_mixin.py:188} INFO - [2026-01-29T01:24:20.656+0000] {dag.py:3947} INFO - Setting next_dagrun for example_sla_dag to 2026-01-29 01:22:00+00:00, run_after=2026-01-29 01:24:00+00:00
[2026-01-29T01:24:20.676+0000] {processor.py:183} INFO - Processing /home/airflow/.local/lib/python3.12/site-packages/airflow/example_dags/example_sla_dag.py took 0.084 seconds
[2026-01-29T01:24:50.995+0000] {processor.py:161} INFO - Started process (PID=72616) to work on /home/airflow/.local/lib/python3.12/site-packages/airflow/example_dags/example_sla_dag.py
[2026-01-29T01:24:50.996+0000] {processor.py:830} INFO - Processing file /home/airflow/.local/lib/python3.12/site-packages/airflow/example_dags/example_sla_dag.py for tasks to queue
[2026-01-29T01:24:50.997+0000] {logging_mixin.py:188} INFO - [2026-01-29T01:24:50.997+0000] {dagbag.py:545} INFO - Filling up the DagBag from /home/airflow/.local/lib/python3.12/site-packages/airflow/example_dags/example_sla_dag.py
[2026-01-29T01:24:51.006+0000] {processor.py:840} INFO - DAG(s) 'example_sla_dag' retrieved from /home/airflow/.local/lib/python3.12/site-packages/airflow/example_dags/example_sla_dag.py
[2026-01-29T01:24:51.026+0000] {logging_mixin.py:188} INFO - [2026-01-29T01:24:51.026+0000] {dag.py:3089} INFO - Sync 1 DAGs
[2026-01-29T01:24:51.054+0000] {logging_mixin.py:188} INFO - [2026-01-29T01:24:51.054+0000] {dag.py:3947} INFO - Setting next_dagrun for example_sla_dag to 2026-01-29 01:22:00+00:00, run_after=2026-01-29 01:24:00+00:00
[2026-01-29T01:24:51.074+0000] {processor.py:183} INFO - Processing /home/airflow/.local/lib/python3.12/site-packages/airflow/example_dags/example_sla_dag.py took 0.085 seconds
[2026-01-29T01:25:21.315+0000] {processor.py:161} INFO - Started process (PID=72680) to work on /home/airflow/.local/lib/python3.12/site-packages/airflow/example_dags/example_sla_dag.py
[2026-01-29T01:25:21.316+0000] {processor.py:830} INFO - Processing file /home/airflow/.local/lib/python3.12/site-packages/airflow/example_dags/example_sla_dag.py for tasks to queue
[2026-01-29T01:25:21.318+0000] {logging_mixin.py:188} INFO - [2026-01-29T01:25:21.317+0000] {dagbag.py:545} INFO - Filling up the DagBag from /home/airflow/.local/lib/python3.12/site-packages/airflow/example_dags/example_sla_dag.py
[2026-01-29T01:25:21.326+0000] {processor.py:840} INFO - DAG(s) 'example_sla_dag' retrieved from /home/airflow/.local/lib/python3.12/site-packages/airflow/example_dags/example_sla_dag.py
[2026-01-29T01:25:21.345+0000] {logging_mixin.py:188} INFO - [2026-01-29T01:25:21.345+0000] {dag.py:3089} INFO - Sync 1 DAGs
[2026-01-29T01:25:21.372+0000] {logging_mixin.py:188} INFO - [2026-01-29T01:25:21.372+0000] {dag.py:3947} INFO - Setting next_dagrun for example_sla_dag to 2026-01-29 01:22:00+00:00, run_after=2026-01-29 01:24:00+00:00
[2026-01-29T01:25:21.393+0000] {processor.py:183} INFO - Processing /home/airflow/.local/lib/python3.12/site-packages/airflow/example_dags/example_sla_dag.py took 0.083 seconds
[2026-01-29T01:25:51.855+0000] {processor.py:161} INFO - Started process (PID=72739) to work on /home/airflow/.local/lib/python3.12/site-packages/airflow/example_dags/example_sla_dag.py
[2026-01-29T01:25:51.856+0000] {processor.py:830} INFO - Processing file /home/airflow/.local/lib/python3.12/site-packages/airflow/example_dags/example_sla_dag.py for tasks to queue
[2026-01-29T01:25:51.858+0000] {logging_mixin.py:188} INFO - [2026-01-29T01:25:51.857+0000] {dagbag.py:545} INFO - Filling up the DagBag from /home/airflow/.local/lib/python3.12/site-packages/airflow/example_dags/example_sla_dag.py
[2026-01-29T01:25:51.866+0000] {processor.py:840} INFO - DAG(s) 'example_sla_dag' retrieved from /home/airflow/.local/lib/python3.12/site-packages/airflow/example_dags/example_sla_dag.py
[2026-01-29T01:25:51.886+0000] {logging_mixin.py:188} INFO - [2026-01-29T01:25:51.885+0000] {dag.py:3089} INFO - Sync 1 DAGs
[2026-01-29T01:25:51.912+0000] {logging_mixin.py:188} INFO - [2026-01-29T01:25:51.912+0000] {dag.py:3947} INFO - Setting next_dagrun for example_sla_dag to 2026-01-29 01:22:00+00:00, run_after=2026-01-29 01:24:00+00:00
[2026-01-29T01:25:51.933+0000] {processor.py:183} INFO - Processing /home/airflow/.local/lib/python3.12/site-packages/airflow/example_dags/example_sla_dag.py took 0.084 seconds
[2026-01-29T01:26:22.503+0000] {processor.py:161} INFO - Started process (PID=72803) to work on /home/airflow/.local/lib/python3.12/site-packages/airflow/example_dags/example_sla_dag.py
[2026-01-29T01:26:22.504+0000] {processor.py:830} INFO - Processing file /home/airflow/.local/lib/python3.12/site-packages/airflow/example_dags/example_sla_dag.py for tasks to queue
[2026-01-29T01:26:22.506+0000] {logging_mixin.py:188} INFO - [2026-01-29T01:26:22.505+0000] {dagbag.py:545} INFO - Filling up the DagBag from /home/airflow/.local/lib/python3.12/site-packages/airflow/example_dags/example_sla_dag.py
[2026-01-29T01:26:22.514+0000] {processor.py:840} INFO - DAG(s) 'example_sla_dag' retrieved from /home/airflow/.local/lib/python3.12/site-packages/airflow/example_dags/example_sla_dag.py
[2026-01-29T01:26:22.534+0000] {logging_mixin.py:188} INFO - [2026-01-29T01:26:22.533+0000] {dag.py:3089} INFO - Sync 1 DAGs
[2026-01-29T01:26:22.560+0000] {logging_mixin.py:188} INFO - [2026-01-29T01:26:22.560+0000] {dag.py:3947} INFO - Setting next_dagrun for example_sla_dag to 2026-01-29 01:24:00+00:00, run_after=2026-01-29 01:26:00+00:00
[2026-01-29T01:26:22.581+0000] {processor.py:183} INFO - Processing /home/airflow/.local/lib/python3.12/site-packages/airflow/example_dags/example_sla_dag.py took 0.084 seconds
[2026-01-29T01:26:52.623+0000] {processor.py:161} INFO - Started process (PID=72862) to work on /home/airflow/.local/lib/python3.12/site-packages/airflow/example_dags/example_sla_dag.py
[2026-01-29T01:26:52.624+0000] {processor.py:830} INFO - Processing file /home/airflow/.local/lib/python3.12/site-packages/airflow/example_dags/example_sla_dag.py for tasks to queue
[2026-01-29T01:26:52.625+0000] {logging_mixin.py:188} INFO - [2026-01-29T01:26:52.625+0000] {dagbag.py:545} INFO - Filling up the DagBag from /home/airflow/.local/lib/python3.12/site-packages/airflow/example_dags/example_sla_dag.py
[2026-01-29T01:26:52.634+0000] {processor.py:840} INFO - DAG(s) 'example_sla_dag' retrieved from /home/airflow/.local/lib/python3.12/site-packages/airflow/example_dags/example_sla_dag.py
[2026-01-29T01:26:52.657+0000] {logging_mixin.py:188} INFO - [2026-01-29T01:26:52.657+0000] {dag.py:3089} INFO - Sync 1 DAGs
[2026-01-29T01:26:52.686+0000] {logging_mixin.py:188} INFO - [2026-01-29T01:26:52.686+0000] {dag.py:3947} INFO - Setting next_dagrun for example_sla_dag to 2026-01-29 01:24:00+00:00, run_after=2026-01-29 01:26:00+00:00
[2026-01-29T01:26:52.706+0000] {processor.py:183} INFO - Processing /home/airflow/.local/lib/python3.12/site-packages/airflow/example_dags/example_sla_dag.py took 0.089 seconds
[2026-01-29T01:27:22.996+0000] {processor.py:161} INFO - Started process (PID=72925) to work on /home/airflow/.local/lib/python3.12/site-packages/airflow/example_dags/example_sla_dag.py
[2026-01-29T01:27:22.997+0000] {processor.py:830} INFO - Processing file /home/airflow/.local/lib/python3.12/site-packages/airflow/example_dags/example_sla_dag.py for tasks to queue
[2026-01-29T01:27:22.999+0000] {logging_mixin.py:188} INFO - [2026-01-29T01:27:22.998+0000] {dagbag.py:545} INFO - Filling up the DagBag from /home/airflow/.local/lib/python3.12/site-packages/airflow/example_dags/example_sla_dag.py
[2026-01-29T01:27:23.007+0000] {processor.py:840} INFO - DAG(s) 'example_sla_dag' retrieved from /home/airflow/.local/lib/python3.12/site-packages/airflow/example_dags/example_sla_dag.py
[2026-01-29T01:27:23.145+0000] {logging_mixin.py:188} INFO - [2026-01-29T01:27:23.145+0000] {dag.py:3089} INFO - Sync 1 DAGs
[2026-01-29T01:27:23.170+0000] {logging_mixin.py:188} INFO - [2026-01-29T01:27:23.170+0000] {dag.py:3947} INFO - Setting next_dagrun for example_sla_dag to 2026-01-29 01:24:00+00:00, run_after=2026-01-29 01:26:00+00:00
[2026-01-29T01:27:23.190+0000] {processor.py:183} INFO - Processing /home/airflow/.local/lib/python3.12/site-packages/airflow/example_dags/example_sla_dag.py took 0.200 seconds
[2026-01-29T01:27:53.775+0000] {processor.py:161} INFO - Started process (PID=72984) to work on /home/airflow/.local/lib/python3.12/site-packages/airflow/example_dags/example_sla_dag.py
[2026-01-29T01:27:53.776+0000] {processor.py:830} INFO - Processing file /home/airflow/.local/lib/python3.12/site-packages/airflow/example_dags/example_sla_dag.py for tasks to queue
[2026-01-29T01:27:53.778+0000] {logging_mixin.py:188} INFO - [2026-01-29T01:27:53.777+0000] {dagbag.py:545} INFO - Filling up the DagBag from /home/airflow/.local/lib/python3.12/site-packages/airflow/example_dags/example_sla_dag.py
[2026-01-29T01:27:53.786+0000] {processor.py:840} INFO - DAG(s) 'example_sla_dag' retrieved from /home/airflow/.local/lib/python3.12/site-packages/airflow/example_dags/example_sla_dag.py
[2026-01-29T01:27:53.806+0000] {logging_mixin.py:188} INFO - [2026-01-29T01:27:53.806+0000] {dag.py:3089} INFO - Sync 1 DAGs
[2026-01-29T01:27:53.833+0000] {logging_mixin.py:188} INFO - [2026-01-29T01:27:53.833+0000] {dag.py:3947} INFO - Setting next_dagrun for example_sla_dag to 2026-01-29 01:24:00+00:00, run_after=2026-01-29 01:26:00+00:00
[2026-01-29T01:27:53.854+0000] {processor.py:183} INFO - Processing /home/airflow/.local/lib/python3.12/site-packages/airflow/example_dags/example_sla_dag.py took 0.085 seconds
[2026-01-29T01:28:23.969+0000] {processor.py:161} INFO - Started process (PID=73048) to work on /home/airflow/.local/lib/python3.12/site-packages/airflow/example_dags/example_sla_dag.py
[2026-01-29T01:28:23.970+0000] {processor.py:830} INFO - Processing file /home/airflow/.local/lib/python3.12/site-packages/airflow/example_dags/example_sla_dag.py for tasks to queue
[2026-01-29T01:28:23.971+0000] {logging_mixin.py:188} INFO - [2026-01-29T01:28:23.971+0000] {dagbag.py:545} INFO - Filling up the DagBag from /home/airflow/.local/lib/python3.12/site-packages/airflow/example_dags/example_sla_dag.py
[2026-01-29T01:28:23.979+0000] {processor.py:840} INFO - DAG(s) 'example_sla_dag' retrieved from /home/airflow/.local/lib/python3.12/site-packages/airflow/example_dags/example_sla_dag.py
[2026-01-29T01:28:23.999+0000] {logging_mixin.py:188} INFO - [2026-01-29T01:28:23.999+0000] {dag.py:3089} INFO - Sync 1 DAGs
[2026-01-29T01:28:24.025+0000] {logging_mixin.py:188} INFO - [2026-01-29T01:28:24.025+0000] {dag.py:3947} INFO - Setting next_dagrun for example_sla_dag to 2026-01-29 01:26:00+00:00, run_after=2026-01-29 01:28:00+00:00
[2026-01-29T01:28:24.047+0000] {processor.py:183} INFO - Processing /home/airflow/.local/lib/python3.12/site-packages/airflow/example_dags/example_sla_dag.py took 0.084 seconds
[2026-01-29T01:28:54.205+0000] {processor.py:161} INFO - Started process (PID=73107) to work on /home/airflow/.local/lib/python3.12/site-packages/airflow/example_dags/example_sla_dag.py
[2026-01-29T01:28:54.206+0000] {processor.py:830} INFO - Processing file /home/airflow/.local/lib/python3.12/site-packages/airflow/example_dags/example_sla_dag.py for tasks to queue
[2026-01-29T01:28:54.208+0000] {logging_mixin.py:188} INFO - [2026-01-29T01:28:54.208+0000] {dagbag.py:545} INFO - Filling up the DagBag from /home/airflow/.local/lib/python3.12/site-packages/airflow/example_dags/example_sla_dag.py
[2026-01-29T01:28:54.218+0000] {processor.py:840} INFO - DAG(s) 'example_sla_dag' retrieved from /home/airflow/.local/lib/python3.12/site-packages/airflow/example_dags/example_sla_dag.py
[2026-01-29T01:28:54.239+0000] {logging_mixin.py:188} INFO - [2026-01-29T01:28:54.239+0000] {dag.py:3089} INFO - Sync 1 DAGs
[2026-01-29T01:28:54.266+0000] {logging_mixin.py:188} INFO - [2026-01-29T01:28:54.266+0000] {dag.py:3947} INFO - Setting next_dagrun for example_sla_dag to 2026-01-29 01:26:00+00:00, run_after=2026-01-29 01:28:00+00:00
[2026-01-29T01:28:54.288+0000] {processor.py:183} INFO - Processing /home/airflow/.local/lib/python3.12/site-packages/airflow/example_dags/example_sla_dag.py took 0.091 seconds
[2026-01-29T01:29:24.450+0000] {processor.py:161} INFO - Started process (PID=73171) to work on /home/airflow/.local/lib/python3.12/site-packages/airflow/example_dags/example_sla_dag.py
[2026-01-29T01:29:24.451+0000] {processor.py:830} INFO - Processing file /home/airflow/.local/lib/python3.12/site-packages/airflow/example_dags/example_sla_dag.py for tasks to queue
[2026-01-29T01:29:24.452+0000] {logging_mixin.py:188} INFO - [2026-01-29T01:29:24.452+0000] {dagbag.py:545} INFO - Filling up the DagBag from /home/airflow/.local/lib/python3.12/site-packages/airflow/example_dags/example_sla_dag.py
[2026-01-29T01:29:24.461+0000] {processor.py:840} INFO - DAG(s) 'example_sla_dag' retrieved from /home/airflow/.local/lib/python3.12/site-packages/airflow/example_dags/example_sla_dag.py
[2026-01-29T01:29:24.480+0000] {logging_mixin.py:188} INFO - [2026-01-29T01:29:24.480+0000] {dag.py:3089} INFO - Sync 1 DAGs
[2026-01-29T01:29:24.507+0000] {logging_mixin.py:188} INFO - [2026-01-29T01:29:24.507+0000] {dag.py:3947} INFO - Setting next_dagrun for example_sla_dag to 2026-01-29 01:26:00+00:00, run_after=2026-01-29 01:28:00+00:00
[2026-01-29T01:29:24.524+0000] {processor.py:183} INFO - Processing /home/airflow/.local/lib/python3.12/site-packages/airflow/example_dags/example_sla_dag.py took 0.080 seconds
[2026-01-29T01:29:54.684+0000] {processor.py:161} INFO - Started process (PID=73230) to work on /home/airflow/.local/lib/python3.12/site-packages/airflow/example_dags/example_sla_dag.py
[2026-01-29T01:29:54.685+0000] {processor.py:830} INFO - Processing file /home/airflow/.local/lib/python3.12/site-packages/airflow/example_dags/example_sla_dag.py for tasks to queue
[2026-01-29T01:29:54.687+0000] {logging_mixin.py:188} INFO - [2026-01-29T01:29:54.686+0000] {dagbag.py:545} INFO - Filling up the DagBag from /home/airflow/.local/lib/python3.12/site-packages/airflow/example_dags/example_sla_dag.py
[2026-01-29T01:29:54.695+0000] {processor.py:840} INFO - DAG(s) 'example_sla_dag' retrieved from /home/airflow/.local/lib/python3.12/site-packages/airflow/example_dags/example_sla_dag.py
[2026-01-29T01:29:54.715+0000] {logging_mixin.py:188} INFO - [2026-01-29T01:29:54.715+0000] {dag.py:3089} INFO - Sync 1 DAGs
[2026-01-29T01:29:54.743+0000] {logging_mixin.py:188} INFO - [2026-01-29T01:29:54.742+0000] {dag.py:3947} INFO - Setting next_dagrun for example_sla_dag to 2026-01-29 01:26:00+00:00, run_after=2026-01-29 01:28:00+00:00
[2026-01-29T01:29:54.762+0000] {processor.py:183} INFO - Processing /home/airflow/.local/lib/python3.12/site-packages/airflow/example_dags/example_sla_dag.py took 0.084 seconds
[2026-01-29T01:30:24.916+0000] {processor.py:161} INFO - Started process (PID=73295) to work on /home/airflow/.local/lib/python3.12/site-packages/airflow/example_dags/example_sla_dag.py
[2026-01-29T01:30:24.917+0000] {processor.py:830} INFO - Processing file /home/airflow/.local/lib/python3.12/site-packages/airflow/example_dags/example_sla_dag.py for tasks to queue
[2026-01-29T01:30:24.919+0000] {logging_mixin.py:188} INFO - [2026-01-29T01:30:24.918+0000] {dagbag.py:545} INFO - Filling up the DagBag from /home/airflow/.local/lib/python3.12/site-packages/airflow/example_dags/example_sla_dag.py
[2026-01-29T01:30:24.928+0000] {processor.py:840} INFO - DAG(s) 'example_sla_dag' retrieved from /home/airflow/.local/lib/python3.12/site-packages/airflow/example_dags/example_sla_dag.py
[2026-01-29T01:30:24.949+0000] {logging_mixin.py:188} INFO - [2026-01-29T01:30:24.949+0000] {dag.py:3089} INFO - Sync 1 DAGs
[2026-01-29T01:30:24.976+0000] {logging_mixin.py:188} INFO - [2026-01-29T01:30:24.976+0000] {dag.py:3947} INFO - Setting next_dagrun for example_sla_dag to 2026-01-29 01:28:00+00:00, run_after=2026-01-29 01:30:00+00:00
[2026-01-29T01:30:24.997+0000] {processor.py:183} INFO - Processing /home/airflow/.local/lib/python3.12/site-packages/airflow/example_dags/example_sla_dag.py took 0.087 seconds
[2026-01-29T01:30:55.044+0000] {processor.py:161} INFO - Started process (PID=73354) to work on /home/airflow/.local/lib/python3.12/site-packages/airflow/example_dags/example_sla_dag.py
[2026-01-29T01:30:55.045+0000] {processor.py:830} INFO - Processing file /home/airflow/.local/lib/python3.12/site-packages/airflow/example_dags/example_sla_dag.py for tasks to queue
[2026-01-29T01:30:55.046+0000] {logging_mixin.py:188} INFO - [2026-01-29T01:30:55.046+0000] {dagbag.py:545} INFO - Filling up the DagBag from /home/airflow/.local/lib/python3.12/site-packages/airflow/example_dags/example_sla_dag.py
[2026-01-29T01:30:55.055+0000] {processor.py:840} INFO - DAG(s) 'example_sla_dag' retrieved from /home/airflow/.local/lib/python3.12/site-packages/airflow/example_dags/example_sla_dag.py
[2026-01-29T01:30:55.073+0000] {logging_mixin.py:188} INFO - [2026-01-29T01:30:55.073+0000] {dag.py:3089} INFO - Sync 1 DAGs
[2026-01-29T01:30:55.099+0000] {logging_mixin.py:188} INFO - [2026-01-29T01:30:55.099+0000] {dag.py:3947} INFO - Setting next_dagrun for example_sla_dag to 2026-01-29 01:28:00+00:00, run_after=2026-01-29 01:30:00+00:00
[2026-01-29T01:30:55.118+0000] {processor.py:183} INFO - Processing /home/airflow/.local/lib/python3.12/site-packages/airflow/example_dags/example_sla_dag.py took 0.080 seconds
[2026-01-29T01:31:25.279+0000] {processor.py:161} INFO - Started process (PID=73418) to work on /home/airflow/.local/lib/python3.12/site-packages/airflow/example_dags/example_sla_dag.py
[2026-01-29T01:31:25.280+0000] {processor.py:830} INFO - Processing file /home/airflow/.local/lib/python3.12/site-packages/airflow/example_dags/example_sla_dag.py for tasks to queue
[2026-01-29T01:31:25.282+0000] {logging_mixin.py:188} INFO - [2026-01-29T01:31:25.281+0000] {dagbag.py:545} INFO - Filling up the DagBag from /home/airflow/.local/lib/python3.12/site-packages/airflow/example_dags/example_sla_dag.py
[2026-01-29T01:31:25.290+0000] {processor.py:840} INFO - DAG(s) 'example_sla_dag' retrieved from /home/airflow/.local/lib/python3.12/site-packages/airflow/example_dags/example_sla_dag.py
[2026-01-29T01:31:25.310+0000] {logging_mixin.py:188} INFO - [2026-01-29T01:31:25.310+0000] {dag.py:3089} INFO - Sync 1 DAGs
[2026-01-29T01:31:25.336+0000] {logging_mixin.py:188} INFO - [2026-01-29T01:31:25.336+0000] {dag.py:3947} INFO - Setting next_dagrun for example_sla_dag to 2026-01-29 01:28:00+00:00, run_after=2026-01-29 01:30:00+00:00
[2026-01-29T01:31:25.355+0000] {processor.py:183} INFO - Processing /home/airflow/.local/lib/python3.12/site-packages/airflow/example_dags/example_sla_dag.py took 0.081 seconds
[2026-01-29T01:31:55.548+0000] {processor.py:161} INFO - Started process (PID=73477) to work on /home/airflow/.local/lib/python3.12/site-packages/airflow/example_dags/example_sla_dag.py
[2026-01-29T01:31:55.550+0000] {processor.py:830} INFO - Processing file /home/airflow/.local/lib/python3.12/site-packages/airflow/example_dags/example_sla_dag.py for tasks to queue
[2026-01-29T01:31:55.552+0000] {logging_mixin.py:188} INFO - [2026-01-29T01:31:55.551+0000] {dagbag.py:545} INFO - Filling up the DagBag from /home/airflow/.local/lib/python3.12/site-packages/airflow/example_dags/example_sla_dag.py
[2026-01-29T01:31:55.562+0000] {processor.py:840} INFO - DAG(s) 'example_sla_dag' retrieved from /home/airflow/.local/lib/python3.12/site-packages/airflow/example_dags/example_sla_dag.py
[2026-01-29T01:31:55.585+0000] {logging_mixin.py:188} INFO - [2026-01-29T01:31:55.584+0000] {dag.py:3089} INFO - Sync 1 DAGs
[2026-01-29T01:31:55.614+0000] {logging_mixin.py:188} INFO - [2026-01-29T01:31:55.614+0000] {dag.py:3947} INFO - Setting next_dagrun for example_sla_dag to 2026-01-29 01:28:00+00:00, run_after=2026-01-29 01:30:00+00:00
[2026-01-29T01:31:55.636+0000] {processor.py:183} INFO - Processing /home/airflow/.local/lib/python3.12/site-packages/airflow/example_dags/example_sla_dag.py took 0.095 seconds
[2026-01-29T01:32:25.801+0000] {processor.py:161} INFO - Started process (PID=73541) to work on /home/airflow/.local/lib/python3.12/site-packages/airflow/example_dags/example_sla_dag.py
[2026-01-29T01:32:25.802+0000] {processor.py:830} INFO - Processing file /home/airflow/.local/lib/python3.12/site-packages/airflow/example_dags/example_sla_dag.py for tasks to queue
[2026-01-29T01:32:25.803+0000] {logging_mixin.py:188} INFO - [2026-01-29T01:32:25.803+0000] {dagbag.py:545} INFO - Filling up the DagBag from /home/airflow/.local/lib/python3.12/site-packages/airflow/example_dags/example_sla_dag.py
[2026-01-29T01:32:25.812+0000] {processor.py:840} INFO - DAG(s) 'example_sla_dag' retrieved from /home/airflow/.local/lib/python3.12/site-packages/airflow/example_dags/example_sla_dag.py
[2026-01-29T01:32:25.832+0000] {logging_mixin.py:188} INFO - [2026-01-29T01:32:25.832+0000] {dag.py:3089} INFO - Sync 1 DAGs
[2026-01-29T01:32:25.859+0000] {logging_mixin.py:188} INFO - [2026-01-29T01:32:25.859+0000] {dag.py:3947} INFO - Setting next_dagrun for example_sla_dag to 2026-01-29 01:30:00+00:00, run_after=2026-01-29 01:32:00+00:00
[2026-01-29T01:32:25.879+0000] {processor.py:183} INFO - Processing /home/airflow/.local/lib/python3.12/site-packages/airflow/example_dags/example_sla_dag.py took 0.083 seconds
[2026-01-29T01:32:56.197+0000] {processor.py:161} INFO - Started process (PID=73600) to work on /home/airflow/.local/lib/python3.12/site-packages/airflow/example_dags/example_sla_dag.py
[2026-01-29T01:32:56.199+0000] {processor.py:830} INFO - Processing file /home/airflow/.local/lib/python3.12/site-packages/airflow/example_dags/example_sla_dag.py for tasks to queue
[2026-01-29T01:32:56.201+0000] {logging_mixin.py:188} INFO - [2026-01-29T01:32:56.200+0000] {dagbag.py:545} INFO - Filling up the DagBag from /home/airflow/.local/lib/python3.12/site-packages/airflow/example_dags/example_sla_dag.py
[2026-01-29T01:32:56.211+0000] {processor.py:840} INFO - DAG(s) 'example_sla_dag' retrieved from /home/airflow/.local/lib/python3.12/site-packages/airflow/example_dags/example_sla_dag.py
[2026-01-29T01:32:56.230+0000] {logging_mixin.py:188} INFO - [2026-01-29T01:32:56.230+0000] {dag.py:3089} INFO - Sync 1 DAGs
[2026-01-29T01:32:56.255+0000] {logging_mixin.py:188} INFO - [2026-01-29T01:32:56.254+0000] {dag.py:3947} INFO - Setting next_dagrun for example_sla_dag to 2026-01-29 01:30:00+00:00, run_after=2026-01-29 01:32:00+00:00
[2026-01-29T01:32:56.275+0000] {processor.py:183} INFO - Processing /home/airflow/.local/lib/python3.12/site-packages/airflow/example_dags/example_sla_dag.py took 0.086 seconds
[2026-01-29T01:33:26.424+0000] {processor.py:161} INFO - Started process (PID=73664) to work on /home/airflow/.local/lib/python3.12/site-packages/airflow/example_dags/example_sla_dag.py
[2026-01-29T01:33:26.424+0000] {processor.py:830} INFO - Processing file /home/airflow/.local/lib/python3.12/site-packages/airflow/example_dags/example_sla_dag.py for tasks to queue
[2026-01-29T01:33:26.426+0000] {logging_mixin.py:188} INFO - [2026-01-29T01:33:26.426+0000] {dagbag.py:545} INFO - Filling up the DagBag from /home/airflow/.local/lib/python3.12/site-packages/airflow/example_dags/example_sla_dag.py
[2026-01-29T01:33:26.434+0000] {processor.py:840} INFO - DAG(s) 'example_sla_dag' retrieved from /home/airflow/.local/lib/python3.12/site-packages/airflow/example_dags/example_sla_dag.py
[2026-01-29T01:33:26.452+0000] {logging_mixin.py:188} INFO - [2026-01-29T01:33:26.452+0000] {dag.py:3089} INFO - Sync 1 DAGs
[2026-01-29T01:33:26.479+0000] {logging_mixin.py:188} INFO - [2026-01-29T01:33:26.478+0000] {dag.py:3947} INFO - Setting next_dagrun for example_sla_dag to 2026-01-29 01:30:00+00:00, run_after=2026-01-29 01:32:00+00:00
[2026-01-29T01:33:26.497+0000] {processor.py:183} INFO - Processing /home/airflow/.local/lib/python3.12/site-packages/airflow/example_dags/example_sla_dag.py took 0.079 seconds
[2026-01-29T01:33:56.600+0000] {processor.py:161} INFO - Started process (PID=73723) to work on /home/airflow/.local/lib/python3.12/site-packages/airflow/example_dags/example_sla_dag.py
[2026-01-29T01:33:56.601+0000] {processor.py:830} INFO - Processing file /home/airflow/.local/lib/python3.12/site-packages/airflow/example_dags/example_sla_dag.py for tasks to queue
[2026-01-29T01:33:56.603+0000] {logging_mixin.py:188} INFO - [2026-01-29T01:33:56.602+0000] {dagbag.py:545} INFO - Filling up the DagBag from /home/airflow/.local/lib/python3.12/site-packages/airflow/example_dags/example_sla_dag.py
[2026-01-29T01:33:56.613+0000] {processor.py:840} INFO - DAG(s) 'example_sla_dag' retrieved from /home/airflow/.local/lib/python3.12/site-packages/airflow/example_dags/example_sla_dag.py
[2026-01-29T01:33:56.634+0000] {logging_mixin.py:188} INFO - [2026-01-29T01:33:56.633+0000] {dag.py:3089} INFO - Sync 1 DAGs
[2026-01-29T01:33:56.662+0000] {logging_mixin.py:188} INFO - [2026-01-29T01:33:56.662+0000] {dag.py:3947} INFO - Setting next_dagrun for example_sla_dag to 2026-01-29 01:30:00+00:00, run_after=2026-01-29 01:32:00+00:00
[2026-01-29T01:33:56.683+0000] {processor.py:183} INFO - Processing /home/airflow/.local/lib/python3.12/site-packages/airflow/example_dags/example_sla_dag.py took 0.091 seconds
[2026-01-29T01:34:27.002+0000] {processor.py:161} INFO - Started process (PID=73787) to work on /home/airflow/.local/lib/python3.12/site-packages/airflow/example_dags/example_sla_dag.py
[2026-01-29T01:34:27.004+0000] {processor.py:830} INFO - Processing file /home/airflow/.local/lib/python3.12/site-packages/airflow/example_dags/example_sla_dag.py for tasks to queue
[2026-01-29T01:34:27.005+0000] {logging_mixin.py:188} INFO - [2026-01-29T01:34:27.005+0000] {dagbag.py:545} INFO - Filling up the DagBag from /home/airflow/.local/lib/python3.12/site-packages/airflow/example_dags/example_sla_dag.py
[2026-01-29T01:34:27.016+0000] {processor.py:840} INFO - DAG(s) 'example_sla_dag' retrieved from /home/airflow/.local/lib/python3.12/site-packages/airflow/example_dags/example_sla_dag.py
[2026-01-29T01:34:27.037+0000] {logging_mixin.py:188} INFO - [2026-01-29T01:34:27.037+0000] {dag.py:3089} INFO - Sync 1 DAGs
[2026-01-29T01:34:27.066+0000] {logging_mixin.py:188} INFO - [2026-01-29T01:34:27.065+0000] {dag.py:3947} INFO - Setting next_dagrun for example_sla_dag to 2026-01-29 01:32:00+00:00, run_after=2026-01-29 01:34:00+00:00
[2026-01-29T01:34:27.085+0000] {processor.py:183} INFO - Processing /home/airflow/.local/lib/python3.12/site-packages/airflow/example_dags/example_sla_dag.py took 0.091 seconds
[2026-01-29T01:34:57.707+0000] {processor.py:161} INFO - Started process (PID=73844) to work on /home/airflow/.local/lib/python3.12/site-packages/airflow/example_dags/example_sla_dag.py
[2026-01-29T01:34:57.708+0000] {processor.py:830} INFO - Processing file /home/airflow/.local/lib/python3.12/site-packages/airflow/example_dags/example_sla_dag.py for tasks to queue
[2026-01-29T01:34:57.710+0000] {logging_mixin.py:188} INFO - [2026-01-29T01:34:57.709+0000] {dagbag.py:545} INFO - Filling up the DagBag from /home/airflow/.local/lib/python3.12/site-packages/airflow/example_dags/example_sla_dag.py
[2026-01-29T01:34:57.720+0000] {processor.py:840} INFO - DAG(s) 'example_sla_dag' retrieved from /home/airflow/.local/lib/python3.12/site-packages/airflow/example_dags/example_sla_dag.py
[2026-01-29T01:34:57.741+0000] {logging_mixin.py:188} INFO - [2026-01-29T01:34:57.741+0000] {dag.py:3089} INFO - Sync 1 DAGs
[2026-01-29T01:34:57.770+0000] {logging_mixin.py:188} INFO - [2026-01-29T01:34:57.770+0000] {dag.py:3947} INFO - Setting next_dagrun for example_sla_dag to 2026-01-29 01:32:00+00:00, run_after=2026-01-29 01:34:00+00:00
[2026-01-29T01:34:57.792+0000] {processor.py:183} INFO - Processing /home/airflow/.local/lib/python3.12/site-packages/airflow/example_dags/example_sla_dag.py took 0.093 seconds
[2026-01-29T01:35:28.536+0000] {processor.py:161} INFO - Started process (PID=73908) to work on /home/airflow/.local/lib/python3.12/site-packages/airflow/example_dags/example_sla_dag.py
[2026-01-29T01:35:28.537+0000] {processor.py:830} INFO - Processing file /home/airflow/.local/lib/python3.12/site-packages/airflow/example_dags/example_sla_dag.py for tasks to queue
[2026-01-29T01:35:28.539+0000] {logging_mixin.py:188} INFO - [2026-01-29T01:35:28.538+0000] {dagbag.py:545} INFO - Filling up the DagBag from /home/airflow/.local/lib/python3.12/site-packages/airflow/example_dags/example_sla_dag.py
[2026-01-29T01:35:28.549+0000] {processor.py:840} INFO - DAG(s) 'example_sla_dag' retrieved from /home/airflow/.local/lib/python3.12/site-packages/airflow/example_dags/example_sla_dag.py
[2026-01-29T01:35:28.571+0000] {logging_mixin.py:188} INFO - [2026-01-29T01:35:28.570+0000] {dag.py:3089} INFO - Sync 1 DAGs
[2026-01-29T01:35:28.598+0000] {logging_mixin.py:188} INFO - [2026-01-29T01:35:28.598+0000] {dag.py:3947} INFO - Setting next_dagrun for example_sla_dag to 2026-01-29 01:32:00+00:00, run_after=2026-01-29 01:34:00+00:00
[2026-01-29T01:35:28.618+0000] {processor.py:183} INFO - Processing /home/airflow/.local/lib/python3.12/site-packages/airflow/example_dags/example_sla_dag.py took 0.090 seconds
[2026-01-29T01:35:59.411+0000] {processor.py:161} INFO - Started process (PID=73967) to work on /home/airflow/.local/lib/python3.12/site-packages/airflow/example_dags/example_sla_dag.py
[2026-01-29T01:35:59.412+0000] {processor.py:830} INFO - Processing file /home/airflow/.local/lib/python3.12/site-packages/airflow/example_dags/example_sla_dag.py for tasks to queue
[2026-01-29T01:35:59.414+0000] {logging_mixin.py:188} INFO - [2026-01-29T01:35:59.414+0000] {dagbag.py:545} INFO - Filling up the DagBag from /home/airflow/.local/lib/python3.12/site-packages/airflow/example_dags/example_sla_dag.py
[2026-01-29T01:35:59.422+0000] {processor.py:840} INFO - DAG(s) 'example_sla_dag' retrieved from /home/airflow/.local/lib/python3.12/site-packages/airflow/example_dags/example_sla_dag.py
[2026-01-29T01:35:59.443+0000] {logging_mixin.py:188} INFO - [2026-01-29T01:35:59.443+0000] {dag.py:3089} INFO - Sync 1 DAGs
[2026-01-29T01:35:59.469+0000] {logging_mixin.py:188} INFO - [2026-01-29T01:35:59.468+0000] {dag.py:3947} INFO - Setting next_dagrun for example_sla_dag to 2026-01-29 01:32:00+00:00, run_after=2026-01-29 01:34:00+00:00
[2026-01-29T01:35:59.488+0000] {processor.py:183} INFO - Processing /home/airflow/.local/lib/python3.12/site-packages/airflow/example_dags/example_sla_dag.py took 0.082 seconds
[2026-01-29T01:36:29.639+0000] {processor.py:161} INFO - Started process (PID=74031) to work on /home/airflow/.local/lib/python3.12/site-packages/airflow/example_dags/example_sla_dag.py
[2026-01-29T01:36:29.640+0000] {processor.py:830} INFO - Processing file /home/airflow/.local/lib/python3.12/site-packages/airflow/example_dags/example_sla_dag.py for tasks to queue
[2026-01-29T01:36:29.642+0000] {logging_mixin.py:188} INFO - [2026-01-29T01:36:29.641+0000] {dagbag.py:545} INFO - Filling up the DagBag from /home/airflow/.local/lib/python3.12/site-packages/airflow/example_dags/example_sla_dag.py
[2026-01-29T01:36:29.651+0000] {processor.py:840} INFO - DAG(s) 'example_sla_dag' retrieved from /home/airflow/.local/lib/python3.12/site-packages/airflow/example_dags/example_sla_dag.py
[2026-01-29T01:36:29.669+0000] {logging_mixin.py:188} INFO - [2026-01-29T01:36:29.669+0000] {dag.py:3089} INFO - Sync 1 DAGs
[2026-01-29T01:36:29.695+0000] {logging_mixin.py:188} INFO - [2026-01-29T01:36:29.695+0000] {dag.py:3947} INFO - Setting next_dagrun for example_sla_dag to 2026-01-29 01:34:00+00:00, run_after=2026-01-29 01:36:00+00:00
[2026-01-29T01:36:29.714+0000] {processor.py:183} INFO - Processing /home/airflow/.local/lib/python3.12/site-packages/airflow/example_dags/example_sla_dag.py took 0.081 seconds
[2026-01-29T01:37:00.007+0000] {processor.py:161} INFO - Started process (PID=74090) to work on /home/airflow/.local/lib/python3.12/site-packages/airflow/example_dags/example_sla_dag.py
[2026-01-29T01:37:00.008+0000] {processor.py:830} INFO - Processing file /home/airflow/.local/lib/python3.12/site-packages/airflow/example_dags/example_sla_dag.py for tasks to queue
[2026-01-29T01:37:00.010+0000] {logging_mixin.py:188} INFO - [2026-01-29T01:37:00.010+0000] {dagbag.py:545} INFO - Filling up the DagBag from /home/airflow/.local/lib/python3.12/site-packages/airflow/example_dags/example_sla_dag.py
[2026-01-29T01:37:00.019+0000] {processor.py:840} INFO - DAG(s) 'example_sla_dag' retrieved from /home/airflow/.local/lib/python3.12/site-packages/airflow/example_dags/example_sla_dag.py
[2026-01-29T01:37:00.040+0000] {logging_mixin.py:188} INFO - [2026-01-29T01:37:00.039+0000] {dag.py:3089} INFO - Sync 1 DAGs
[2026-01-29T01:37:00.066+0000] {logging_mixin.py:188} INFO - [2026-01-29T01:37:00.066+0000] {dag.py:3947} INFO - Setting next_dagrun for example_sla_dag to 2026-01-29 01:34:00+00:00, run_after=2026-01-29 01:36:00+00:00
[2026-01-29T01:37:00.085+0000] {processor.py:183} INFO - Processing /home/airflow/.local/lib/python3.12/site-packages/airflow/example_dags/example_sla_dag.py took 0.084 seconds
[2026-01-29T01:37:30.123+0000] {processor.py:161} INFO - Started process (PID=74154) to work on /home/airflow/.local/lib/python3.12/site-packages/airflow/example_dags/example_sla_dag.py
[2026-01-29T01:37:30.124+0000] {processor.py:830} INFO - Processing file /home/airflow/.local/lib/python3.12/site-packages/airflow/example_dags/example_sla_dag.py for tasks to queue
[2026-01-29T01:37:30.126+0000] {logging_mixin.py:188} INFO - [2026-01-29T01:37:30.126+0000] {dagbag.py:545} INFO - Filling up the DagBag from /home/airflow/.local/lib/python3.12/site-packages/airflow/example_dags/example_sla_dag.py
[2026-01-29T01:37:30.138+0000] {processor.py:840} INFO - DAG(s) 'example_sla_dag' retrieved from /home/airflow/.local/lib/python3.12/site-packages/airflow/example_dags/example_sla_dag.py
[2026-01-29T01:37:30.157+0000] {logging_mixin.py:188} INFO - [2026-01-29T01:37:30.157+0000] {dag.py:3089} INFO - Sync 1 DAGs
[2026-01-29T01:37:30.185+0000] {logging_mixin.py:188} INFO - [2026-01-29T01:37:30.184+0000] {dag.py:3947} INFO - Setting next_dagrun for example_sla_dag to 2026-01-29 01:34:00+00:00, run_after=2026-01-29 01:36:00+00:00
[2026-01-29T01:37:30.203+0000] {processor.py:183} INFO - Processing /home/airflow/.local/lib/python3.12/site-packages/airflow/example_dags/example_sla_dag.py took 0.090 seconds
[2026-01-29T01:38:00.350+0000] {processor.py:161} INFO - Started process (PID=74213) to work on /home/airflow/.local/lib/python3.12/site-packages/airflow/example_dags/example_sla_dag.py
[2026-01-29T01:38:00.351+0000] {processor.py:830} INFO - Processing file /home/airflow/.local/lib/python3.12/site-packages/airflow/example_dags/example_sla_dag.py for tasks to queue
[2026-01-29T01:38:00.352+0000] {logging_mixin.py:188} INFO - [2026-01-29T01:38:00.352+0000] {dagbag.py:545} INFO - Filling up the DagBag from /home/airflow/.local/lib/python3.12/site-packages/airflow/example_dags/example_sla_dag.py
[2026-01-29T01:38:00.363+0000] {processor.py:840} INFO - DAG(s) 'example_sla_dag' retrieved from /home/airflow/.local/lib/python3.12/site-packages/airflow/example_dags/example_sla_dag.py
[2026-01-29T01:38:00.382+0000] {logging_mixin.py:188} INFO - [2026-01-29T01:38:00.382+0000] {dag.py:3089} INFO - Sync 1 DAGs
[2026-01-29T01:38:00.415+0000] {logging_mixin.py:188} INFO - [2026-01-29T01:38:00.415+0000] {dag.py:3947} INFO - Setting next_dagrun for example_sla_dag to 2026-01-29 01:36:00+00:00, run_after=2026-01-29 01:38:00+00:00
[2026-01-29T01:38:00.442+0000] {processor.py:183} INFO - Processing /home/airflow/.local/lib/python3.12/site-packages/airflow/example_dags/example_sla_dag.py took 0.099 seconds
[2026-01-29T01:38:30.651+0000] {processor.py:161} INFO - Started process (PID=74277) to work on /home/airflow/.local/lib/python3.12/site-packages/airflow/example_dags/example_sla_dag.py
[2026-01-29T01:38:30.652+0000] {processor.py:830} INFO - Processing file /home/airflow/.local/lib/python3.12/site-packages/airflow/example_dags/example_sla_dag.py for tasks to queue
[2026-01-29T01:38:30.654+0000] {logging_mixin.py:188} INFO - [2026-01-29T01:38:30.654+0000] {dagbag.py:545} INFO - Filling up the DagBag from /home/airflow/.local/lib/python3.12/site-packages/airflow/example_dags/example_sla_dag.py
[2026-01-29T01:38:30.663+0000] {processor.py:840} INFO - DAG(s) 'example_sla_dag' retrieved from /home/airflow/.local/lib/python3.12/site-packages/airflow/example_dags/example_sla_dag.py
[2026-01-29T01:38:30.683+0000] {logging_mixin.py:188} INFO - [2026-01-29T01:38:30.683+0000] {dag.py:3089} INFO - Sync 1 DAGs
[2026-01-29T01:38:30.710+0000] {logging_mixin.py:188} INFO - [2026-01-29T01:38:30.709+0000] {dag.py:3947} INFO - Setting next_dagrun for example_sla_dag to 2026-01-29 01:36:00+00:00, run_after=2026-01-29 01:38:00+00:00
[2026-01-29T01:38:30.729+0000] {processor.py:183} INFO - Processing /home/airflow/.local/lib/python3.12/site-packages/airflow/example_dags/example_sla_dag.py took 0.084 seconds
[2026-01-29T01:39:00.833+0000] {processor.py:161} INFO - Started process (PID=74336) to work on /home/airflow/.local/lib/python3.12/site-packages/airflow/example_dags/example_sla_dag.py
[2026-01-29T01:39:00.834+0000] {processor.py:830} INFO - Processing file /home/airflow/.local/lib/python3.12/site-packages/airflow/example_dags/example_sla_dag.py for tasks to queue
[2026-01-29T01:39:00.836+0000] {logging_mixin.py:188} INFO - [2026-01-29T01:39:00.836+0000] {dagbag.py:545} INFO - Filling up the DagBag from /home/airflow/.local/lib/python3.12/site-packages/airflow/example_dags/example_sla_dag.py
[2026-01-29T01:39:00.846+0000] {processor.py:840} INFO - DAG(s) 'example_sla_dag' retrieved from /home/airflow/.local/lib/python3.12/site-packages/airflow/example_dags/example_sla_dag.py
[2026-01-29T01:39:00.865+0000] {logging_mixin.py:188} INFO - [2026-01-29T01:39:00.864+0000] {dag.py:3089} INFO - Sync 1 DAGs
[2026-01-29T01:39:00.889+0000] {logging_mixin.py:188} INFO - [2026-01-29T01:39:00.889+0000] {dag.py:3947} INFO - Setting next_dagrun for example_sla_dag to 2026-01-29 01:36:00+00:00, run_after=2026-01-29 01:38:00+00:00
[2026-01-29T01:39:00.907+0000] {processor.py:183} INFO - Processing /home/airflow/.local/lib/python3.12/site-packages/airflow/example_dags/example_sla_dag.py took 0.081 seconds
[2026-01-29T01:39:31.493+0000] {processor.py:161} INFO - Started process (PID=74400) to work on /home/airflow/.local/lib/python3.12/site-packages/airflow/example_dags/example_sla_dag.py
[2026-01-29T01:39:31.494+0000] {processor.py:830} INFO - Processing file /home/airflow/.local/lib/python3.12/site-packages/airflow/example_dags/example_sla_dag.py for tasks to queue
[2026-01-29T01:39:31.496+0000] {logging_mixin.py:188} INFO - [2026-01-29T01:39:31.495+0000] {dagbag.py:545} INFO - Filling up the DagBag from /home/airflow/.local/lib/python3.12/site-packages/airflow/example_dags/example_sla_dag.py
[2026-01-29T01:39:31.506+0000] {processor.py:840} INFO - DAG(s) 'example_sla_dag' retrieved from /home/airflow/.local/lib/python3.12/site-packages/airflow/example_dags/example_sla_dag.py
[2026-01-29T01:39:31.528+0000] {logging_mixin.py:188} INFO - [2026-01-29T01:39:31.527+0000] {dag.py:3089} INFO - Sync 1 DAGs
[2026-01-29T01:39:31.555+0000] {logging_mixin.py:188} INFO - [2026-01-29T01:39:31.555+0000] {dag.py:3947} INFO - Setting next_dagrun for example_sla_dag to 2026-01-29 01:36:00+00:00, run_after=2026-01-29 01:38:00+00:00
[2026-01-29T01:39:31.576+0000] {processor.py:183} INFO - Processing /home/airflow/.local/lib/python3.12/site-packages/airflow/example_dags/example_sla_dag.py took 0.090 seconds
[2026-01-29T01:40:02.405+0000] {processor.py:161} INFO - Started process (PID=74464) to work on /home/airflow/.local/lib/python3.12/site-packages/airflow/example_dags/example_sla_dag.py
[2026-01-29T01:40:02.406+0000] {processor.py:830} INFO - Processing file /home/airflow/.local/lib/python3.12/site-packages/airflow/example_dags/example_sla_dag.py for tasks to queue
[2026-01-29T01:40:02.408+0000] {logging_mixin.py:188} INFO - [2026-01-29T01:40:02.408+0000] {dagbag.py:545} INFO - Filling up the DagBag from /home/airflow/.local/lib/python3.12/site-packages/airflow/example_dags/example_sla_dag.py
[2026-01-29T01:40:02.419+0000] {processor.py:840} INFO - DAG(s) 'example_sla_dag' retrieved from /home/airflow/.local/lib/python3.12/site-packages/airflow/example_dags/example_sla_dag.py
[2026-01-29T01:40:02.442+0000] {logging_mixin.py:188} INFO - [2026-01-29T01:40:02.442+0000] {dag.py:3089} INFO - Sync 1 DAGs
[2026-01-29T01:40:02.480+0000] {logging_mixin.py:188} INFO - [2026-01-29T01:40:02.480+0000] {dag.py:3947} INFO - Setting next_dagrun for example_sla_dag to 2026-01-29 01:38:00+00:00, run_after=2026-01-29 01:40:00+00:00
[2026-01-29T01:40:02.510+0000] {processor.py:183} INFO - Processing /home/airflow/.local/lib/python3.12/site-packages/airflow/example_dags/example_sla_dag.py took 0.111 seconds
[2026-01-29T01:40:32.594+0000] {processor.py:161} INFO - Started process (PID=74523) to work on /home/airflow/.local/lib/python3.12/site-packages/airflow/example_dags/example_sla_dag.py
[2026-01-29T01:40:32.595+0000] {processor.py:830} INFO - Processing file /home/airflow/.local/lib/python3.12/site-packages/airflow/example_dags/example_sla_dag.py for tasks to queue
[2026-01-29T01:40:32.596+0000] {logging_mixin.py:188} INFO - [2026-01-29T01:40:32.596+0000] {dagbag.py:545} INFO - Filling up the DagBag from /home/airflow/.local/lib/python3.12/site-packages/airflow/example_dags/example_sla_dag.py
[2026-01-29T01:40:32.604+0000] {processor.py:840} INFO - DAG(s) 'example_sla_dag' retrieved from /home/airflow/.local/lib/python3.12/site-packages/airflow/example_dags/example_sla_dag.py
[2026-01-29T01:40:32.622+0000] {logging_mixin.py:188} INFO - [2026-01-29T01:40:32.622+0000] {dag.py:3089} INFO - Sync 1 DAGs
[2026-01-29T01:40:32.647+0000] {logging_mixin.py:188} INFO - [2026-01-29T01:40:32.647+0000] {dag.py:3947} INFO - Setting next_dagrun for example_sla_dag to 2026-01-29 01:38:00+00:00, run_after=2026-01-29 01:40:00+00:00
[2026-01-29T01:40:32.665+0000] {processor.py:183} INFO - Processing /home/airflow/.local/lib/python3.12/site-packages/airflow/example_dags/example_sla_dag.py took 0.077 seconds
[2026-01-29T01:41:03.228+0000] {processor.py:161} INFO - Started process (PID=74587) to work on /home/airflow/.local/lib/python3.12/site-packages/airflow/example_dags/example_sla_dag.py
[2026-01-29T01:41:03.228+0000] {processor.py:830} INFO - Processing file /home/airflow/.local/lib/python3.12/site-packages/airflow/example_dags/example_sla_dag.py for tasks to queue
[2026-01-29T01:41:03.230+0000] {logging_mixin.py:188} INFO - [2026-01-29T01:41:03.230+0000] {dagbag.py:545} INFO - Filling up the DagBag from /home/airflow/.local/lib/python3.12/site-packages/airflow/example_dags/example_sla_dag.py
[2026-01-29T01:41:03.238+0000] {processor.py:840} INFO - DAG(s) 'example_sla_dag' retrieved from /home/airflow/.local/lib/python3.12/site-packages/airflow/example_dags/example_sla_dag.py
[2026-01-29T01:41:03.258+0000] {logging_mixin.py:188} INFO - [2026-01-29T01:41:03.258+0000] {dag.py:3089} INFO - Sync 1 DAGs
[2026-01-29T01:41:03.288+0000] {logging_mixin.py:188} INFO - [2026-01-29T01:41:03.288+0000] {dag.py:3947} INFO - Setting next_dagrun for example_sla_dag to 2026-01-29 01:38:00+00:00, run_after=2026-01-29 01:40:00+00:00
[2026-01-29T01:41:03.310+0000] {processor.py:183} INFO - Processing /home/airflow/.local/lib/python3.12/site-packages/airflow/example_dags/example_sla_dag.py took 0.088 seconds
[2026-01-29T01:41:34.101+0000] {processor.py:161} INFO - Started process (PID=74652) to work on /home/airflow/.local/lib/python3.12/site-packages/airflow/example_dags/example_sla_dag.py
[2026-01-29T01:41:34.102+0000] {processor.py:830} INFO - Processing file /home/airflow/.local/lib/python3.12/site-packages/airflow/example_dags/example_sla_dag.py for tasks to queue
[2026-01-29T01:41:34.104+0000] {logging_mixin.py:188} INFO - [2026-01-29T01:41:34.104+0000] {dagbag.py:545} INFO - Filling up the DagBag from /home/airflow/.local/lib/python3.12/site-packages/airflow/example_dags/example_sla_dag.py
[2026-01-29T01:41:34.112+0000] {processor.py:840} INFO - DAG(s) 'example_sla_dag' retrieved from /home/airflow/.local/lib/python3.12/site-packages/airflow/example_dags/example_sla_dag.py
[2026-01-29T01:41:34.132+0000] {logging_mixin.py:188} INFO - [2026-01-29T01:41:34.131+0000] {dag.py:3089} INFO - Sync 1 DAGs
[2026-01-29T01:41:34.157+0000] {logging_mixin.py:188} INFO - [2026-01-29T01:41:34.157+0000] {dag.py:3947} INFO - Setting next_dagrun for example_sla_dag to 2026-01-29 01:38:00+00:00, run_after=2026-01-29 01:40:00+00:00
[2026-01-29T01:41:34.175+0000] {processor.py:183} INFO - Processing /home/airflow/.local/lib/python3.12/site-packages/airflow/example_dags/example_sla_dag.py took 0.079 seconds
[2026-01-29T01:42:04.786+0000] {processor.py:161} INFO - Started process (PID=74716) to work on /home/airflow/.local/lib/python3.12/site-packages/airflow/example_dags/example_sla_dag.py
[2026-01-29T01:42:04.786+0000] {processor.py:830} INFO - Processing file /home/airflow/.local/lib/python3.12/site-packages/airflow/example_dags/example_sla_dag.py for tasks to queue
[2026-01-29T01:42:04.788+0000] {logging_mixin.py:188} INFO - [2026-01-29T01:42:04.788+0000] {dagbag.py:545} INFO - Filling up the DagBag from /home/airflow/.local/lib/python3.12/site-packages/airflow/example_dags/example_sla_dag.py
[2026-01-29T01:42:04.796+0000] {processor.py:840} INFO - DAG(s) 'example_sla_dag' retrieved from /home/airflow/.local/lib/python3.12/site-packages/airflow/example_dags/example_sla_dag.py
[2026-01-29T01:42:04.814+0000] {logging_mixin.py:188} INFO - [2026-01-29T01:42:04.813+0000] {dag.py:3089} INFO - Sync 1 DAGs
[2026-01-29T01:42:04.838+0000] {logging_mixin.py:188} INFO - [2026-01-29T01:42:04.838+0000] {dag.py:3947} INFO - Setting next_dagrun for example_sla_dag to 2026-01-29 01:40:00+00:00, run_after=2026-01-29 01:42:00+00:00
[2026-01-29T01:42:04.857+0000] {processor.py:183} INFO - Processing /home/airflow/.local/lib/python3.12/site-packages/airflow/example_dags/example_sla_dag.py took 0.077 seconds
[2026-01-29T01:42:35.557+0000] {processor.py:161} INFO - Started process (PID=74775) to work on /home/airflow/.local/lib/python3.12/site-packages/airflow/example_dags/example_sla_dag.py
[2026-01-29T01:42:35.558+0000] {processor.py:830} INFO - Processing file /home/airflow/.local/lib/python3.12/site-packages/airflow/example_dags/example_sla_dag.py for tasks to queue
[2026-01-29T01:42:35.560+0000] {logging_mixin.py:188} INFO - [2026-01-29T01:42:35.560+0000] {dagbag.py:545} INFO - Filling up the DagBag from /home/airflow/.local/lib/python3.12/site-packages/airflow/example_dags/example_sla_dag.py
[2026-01-29T01:42:35.570+0000] {processor.py:840} INFO - DAG(s) 'example_sla_dag' retrieved from /home/airflow/.local/lib/python3.12/site-packages/airflow/example_dags/example_sla_dag.py
[2026-01-29T01:42:35.593+0000] {logging_mixin.py:188} INFO - [2026-01-29T01:42:35.593+0000] {dag.py:3089} INFO - Sync 1 DAGs
[2026-01-29T01:42:35.622+0000] {logging_mixin.py:188} INFO - [2026-01-29T01:42:35.622+0000] {dag.py:3947} INFO - Setting next_dagrun for example_sla_dag to 2026-01-29 01:40:00+00:00, run_after=2026-01-29 01:42:00+00:00
[2026-01-29T01:42:35.643+0000] {processor.py:183} INFO - Processing /home/airflow/.local/lib/python3.12/site-packages/airflow/example_dags/example_sla_dag.py took 0.094 seconds
[2026-01-29T01:43:06.364+0000] {processor.py:161} INFO - Started process (PID=74839) to work on /home/airflow/.local/lib/python3.12/site-packages/airflow/example_dags/example_sla_dag.py
[2026-01-29T01:43:06.365+0000] {processor.py:830} INFO - Processing file /home/airflow/.local/lib/python3.12/site-packages/airflow/example_dags/example_sla_dag.py for tasks to queue
[2026-01-29T01:43:06.367+0000] {logging_mixin.py:188} INFO - [2026-01-29T01:43:06.366+0000] {dagbag.py:545} INFO - Filling up the DagBag from /home/airflow/.local/lib/python3.12/site-packages/airflow/example_dags/example_sla_dag.py
[2026-01-29T01:43:06.375+0000] {processor.py:840} INFO - DAG(s) 'example_sla_dag' retrieved from /home/airflow/.local/lib/python3.12/site-packages/airflow/example_dags/example_sla_dag.py
[2026-01-29T01:43:06.396+0000] {logging_mixin.py:188} INFO - [2026-01-29T01:43:06.395+0000] {dag.py:3089} INFO - Sync 1 DAGs
[2026-01-29T01:43:06.425+0000] {logging_mixin.py:188} INFO - [2026-01-29T01:43:06.424+0000] {dag.py:3947} INFO - Setting next_dagrun for example_sla_dag to 2026-01-29 01:40:00+00:00, run_after=2026-01-29 01:42:00+00:00
[2026-01-29T01:43:06.446+0000] {processor.py:183} INFO - Processing /home/airflow/.local/lib/python3.12/site-packages/airflow/example_dags/example_sla_dag.py took 0.087 seconds
[2026-01-29T01:43:37.017+0000] {processor.py:161} INFO - Started process (PID=74898) to work on /home/airflow/.local/lib/python3.12/site-packages/airflow/example_dags/example_sla_dag.py
[2026-01-29T01:43:37.018+0000] {processor.py:830} INFO - Processing file /home/airflow/.local/lib/python3.12/site-packages/airflow/example_dags/example_sla_dag.py for tasks to queue
[2026-01-29T01:43:37.020+0000] {logging_mixin.py:188} INFO - [2026-01-29T01:43:37.020+0000] {dagbag.py:545} INFO - Filling up the DagBag from /home/airflow/.local/lib/python3.12/site-packages/airflow/example_dags/example_sla_dag.py
[2026-01-29T01:43:37.028+0000] {processor.py:840} INFO - DAG(s) 'example_sla_dag' retrieved from /home/airflow/.local/lib/python3.12/site-packages/airflow/example_dags/example_sla_dag.py
[2026-01-29T01:43:37.048+0000] {logging_mixin.py:188} INFO - [2026-01-29T01:43:37.048+0000] {dag.py:3089} INFO - Sync 1 DAGs
[2026-01-29T01:43:37.076+0000] {logging_mixin.py:188} INFO - [2026-01-29T01:43:37.075+0000] {dag.py:3947} INFO - Setting next_dagrun for example_sla_dag to 2026-01-29 01:40:00+00:00, run_after=2026-01-29 01:42:00+00:00
[2026-01-29T01:43:37.095+0000] {processor.py:183} INFO - Processing /home/airflow/.local/lib/python3.12/site-packages/airflow/example_dags/example_sla_dag.py took 0.084 seconds
[2026-01-29T01:44:07.909+0000] {processor.py:161} INFO - Started process (PID=74962) to work on /home/airflow/.local/lib/python3.12/site-packages/airflow/example_dags/example_sla_dag.py
[2026-01-29T01:44:07.910+0000] {processor.py:830} INFO - Processing file /home/airflow/.local/lib/python3.12/site-packages/airflow/example_dags/example_sla_dag.py for tasks to queue
[2026-01-29T01:44:07.912+0000] {logging_mixin.py:188} INFO - [2026-01-29T01:44:07.911+0000] {dagbag.py:545} INFO - Filling up the DagBag from /home/airflow/.local/lib/python3.12/site-packages/airflow/example_dags/example_sla_dag.py
[2026-01-29T01:44:07.920+0000] {processor.py:840} INFO - DAG(s) 'example_sla_dag' retrieved from /home/airflow/.local/lib/python3.12/site-packages/airflow/example_dags/example_sla_dag.py
[2026-01-29T01:44:07.940+0000] {logging_mixin.py:188} INFO - [2026-01-29T01:44:07.940+0000] {dag.py:3089} INFO - Sync 1 DAGs
[2026-01-29T01:44:07.967+0000] {logging_mixin.py:188} INFO - [2026-01-29T01:44:07.967+0000] {dag.py:3947} INFO - Setting next_dagrun for example_sla_dag to 2026-01-29 01:42:00+00:00, run_after=2026-01-29 01:44:00+00:00
[2026-01-29T01:44:07.986+0000] {processor.py:183} INFO - Processing /home/airflow/.local/lib/python3.12/site-packages/airflow/example_dags/example_sla_dag.py took 0.083 seconds
[2026-01-29T01:44:38.561+0000] {processor.py:161} INFO - Started process (PID=75021) to work on /home/airflow/.local/lib/python3.12/site-packages/airflow/example_dags/example_sla_dag.py
[2026-01-29T01:44:38.563+0000] {processor.py:830} INFO - Processing file /home/airflow/.local/lib/python3.12/site-packages/airflow/example_dags/example_sla_dag.py for tasks to queue
[2026-01-29T01:44:38.565+0000] {logging_mixin.py:188} INFO - [2026-01-29T01:44:38.564+0000] {dagbag.py:545} INFO - Filling up the DagBag from /home/airflow/.local/lib/python3.12/site-packages/airflow/example_dags/example_sla_dag.py
[2026-01-29T01:44:38.575+0000] {processor.py:840} INFO - DAG(s) 'example_sla_dag' retrieved from /home/airflow/.local/lib/python3.12/site-packages/airflow/example_dags/example_sla_dag.py
[2026-01-29T01:44:38.598+0000] {logging_mixin.py:188} INFO - [2026-01-29T01:44:38.597+0000] {dag.py:3089} INFO - Sync 1 DAGs
[2026-01-29T01:44:38.627+0000] {logging_mixin.py:188} INFO - [2026-01-29T01:44:38.627+0000] {dag.py:3947} INFO - Setting next_dagrun for example_sla_dag to 2026-01-29 01:42:00+00:00, run_after=2026-01-29 01:44:00+00:00
[2026-01-29T01:44:38.649+0000] {processor.py:183} INFO - Processing /home/airflow/.local/lib/python3.12/site-packages/airflow/example_dags/example_sla_dag.py took 0.095 seconds
[2026-01-29T01:45:09.381+0000] {processor.py:161} INFO - Started process (PID=75085) to work on /home/airflow/.local/lib/python3.12/site-packages/airflow/example_dags/example_sla_dag.py
[2026-01-29T01:45:09.381+0000] {processor.py:830} INFO - Processing file /home/airflow/.local/lib/python3.12/site-packages/airflow/example_dags/example_sla_dag.py for tasks to queue
[2026-01-29T01:45:09.383+0000] {logging_mixin.py:188} INFO - [2026-01-29T01:45:09.383+0000] {dagbag.py:545} INFO - Filling up the DagBag from /home/airflow/.local/lib/python3.12/site-packages/airflow/example_dags/example_sla_dag.py
[2026-01-29T01:45:09.391+0000] {processor.py:840} INFO - DAG(s) 'example_sla_dag' retrieved from /home/airflow/.local/lib/python3.12/site-packages/airflow/example_dags/example_sla_dag.py
[2026-01-29T01:45:09.410+0000] {logging_mixin.py:188} INFO - [2026-01-29T01:45:09.410+0000] {dag.py:3089} INFO - Sync 1 DAGs
[2026-01-29T01:45:09.436+0000] {logging_mixin.py:188} INFO - [2026-01-29T01:45:09.435+0000] {dag.py:3947} INFO - Setting next_dagrun for example_sla_dag to 2026-01-29 01:42:00+00:00, run_after=2026-01-29 01:44:00+00:00
[2026-01-29T01:45:09.454+0000] {processor.py:183} INFO - Processing /home/airflow/.local/lib/python3.12/site-packages/airflow/example_dags/example_sla_dag.py took 0.079 seconds
[2026-01-29T01:45:40.104+0000] {processor.py:161} INFO - Started process (PID=75144) to work on /home/airflow/.local/lib/python3.12/site-packages/airflow/example_dags/example_sla_dag.py
[2026-01-29T01:45:40.106+0000] {processor.py:830} INFO - Processing file /home/airflow/.local/lib/python3.12/site-packages/airflow/example_dags/example_sla_dag.py for tasks to queue
[2026-01-29T01:45:40.108+0000] {logging_mixin.py:188} INFO - [2026-01-29T01:45:40.107+0000] {dagbag.py:545} INFO - Filling up the DagBag from /home/airflow/.local/lib/python3.12/site-packages/airflow/example_dags/example_sla_dag.py
[2026-01-29T01:45:40.118+0000] {processor.py:840} INFO - DAG(s) 'example_sla_dag' retrieved from /home/airflow/.local/lib/python3.12/site-packages/airflow/example_dags/example_sla_dag.py
[2026-01-29T01:45:40.140+0000] {logging_mixin.py:188} INFO - [2026-01-29T01:45:40.140+0000] {dag.py:3089} INFO - Sync 1 DAGs
[2026-01-29T01:45:40.170+0000] {logging_mixin.py:188} INFO - [2026-01-29T01:45:40.170+0000] {dag.py:3947} INFO - Setting next_dagrun for example_sla_dag to 2026-01-29 01:42:00+00:00, run_after=2026-01-29 01:44:00+00:00
[2026-01-29T01:45:40.190+0000] {processor.py:183} INFO - Processing /home/airflow/.local/lib/python3.12/site-packages/airflow/example_dags/example_sla_dag.py took 0.094 seconds
[2026-01-29T01:46:10.860+0000] {processor.py:161} INFO - Started process (PID=75208) to work on /home/airflow/.local/lib/python3.12/site-packages/airflow/example_dags/example_sla_dag.py
[2026-01-29T01:46:10.861+0000] {processor.py:830} INFO - Processing file /home/airflow/.local/lib/python3.12/site-packages/airflow/example_dags/example_sla_dag.py for tasks to queue
[2026-01-29T01:46:10.863+0000] {logging_mixin.py:188} INFO - [2026-01-29T01:46:10.862+0000] {dagbag.py:545} INFO - Filling up the DagBag from /home/airflow/.local/lib/python3.12/site-packages/airflow/example_dags/example_sla_dag.py
[2026-01-29T01:46:10.872+0000] {processor.py:840} INFO - DAG(s) 'example_sla_dag' retrieved from /home/airflow/.local/lib/python3.12/site-packages/airflow/example_dags/example_sla_dag.py
[2026-01-29T01:46:10.893+0000] {logging_mixin.py:188} INFO - [2026-01-29T01:46:10.893+0000] {dag.py:3089} INFO - Sync 1 DAGs
[2026-01-29T01:46:10.920+0000] {logging_mixin.py:188} INFO - [2026-01-29T01:46:10.920+0000] {dag.py:3947} INFO - Setting next_dagrun for example_sla_dag to 2026-01-29 01:44:00+00:00, run_after=2026-01-29 01:46:00+00:00
[2026-01-29T01:46:10.940+0000] {processor.py:183} INFO - Processing /home/airflow/.local/lib/python3.12/site-packages/airflow/example_dags/example_sla_dag.py took 0.088 seconds
[2026-01-29T01:46:41.596+0000] {processor.py:161} INFO - Started process (PID=75267) to work on /home/airflow/.local/lib/python3.12/site-packages/airflow/example_dags/example_sla_dag.py
[2026-01-29T01:46:41.598+0000] {processor.py:830} INFO - Processing file /home/airflow/.local/lib/python3.12/site-packages/airflow/example_dags/example_sla_dag.py for tasks to queue
[2026-01-29T01:46:41.600+0000] {logging_mixin.py:188} INFO - [2026-01-29T01:46:41.600+0000] {dagbag.py:545} INFO - Filling up the DagBag from /home/airflow/.local/lib/python3.12/site-packages/airflow/example_dags/example_sla_dag.py
[2026-01-29T01:46:41.610+0000] {processor.py:840} INFO - DAG(s) 'example_sla_dag' retrieved from /home/airflow/.local/lib/python3.12/site-packages/airflow/example_dags/example_sla_dag.py
[2026-01-29T01:46:41.631+0000] {logging_mixin.py:188} INFO - [2026-01-29T01:46:41.631+0000] {dag.py:3089} INFO - Sync 1 DAGs
[2026-01-29T01:46:41.657+0000] {logging_mixin.py:188} INFO - [2026-01-29T01:46:41.657+0000] {dag.py:3947} INFO - Setting next_dagrun for example_sla_dag to 2026-01-29 01:44:00+00:00, run_after=2026-01-29 01:46:00+00:00
[2026-01-29T01:46:41.679+0000] {processor.py:183} INFO - Processing /home/airflow/.local/lib/python3.12/site-packages/airflow/example_dags/example_sla_dag.py took 0.091 seconds
[2026-01-29T01:47:11.761+0000] {processor.py:161} INFO - Started process (PID=75331) to work on /home/airflow/.local/lib/python3.12/site-packages/airflow/example_dags/example_sla_dag.py
[2026-01-29T01:47:11.762+0000] {processor.py:830} INFO - Processing file /home/airflow/.local/lib/python3.12/site-packages/airflow/example_dags/example_sla_dag.py for tasks to queue
[2026-01-29T01:47:11.763+0000] {logging_mixin.py:188} INFO - [2026-01-29T01:47:11.763+0000] {dagbag.py:545} INFO - Filling up the DagBag from /home/airflow/.local/lib/python3.12/site-packages/airflow/example_dags/example_sla_dag.py
[2026-01-29T01:47:11.771+0000] {processor.py:840} INFO - DAG(s) 'example_sla_dag' retrieved from /home/airflow/.local/lib/python3.12/site-packages/airflow/example_dags/example_sla_dag.py
[2026-01-29T01:47:11.791+0000] {logging_mixin.py:188} INFO - [2026-01-29T01:47:11.790+0000] {dag.py:3089} INFO - Sync 1 DAGs
[2026-01-29T01:47:11.816+0000] {logging_mixin.py:188} INFO - [2026-01-29T01:47:11.815+0000] {dag.py:3947} INFO - Setting next_dagrun for example_sla_dag to 2026-01-29 01:44:00+00:00, run_after=2026-01-29 01:46:00+00:00
[2026-01-29T01:47:11.834+0000] {processor.py:183} INFO - Processing /home/airflow/.local/lib/python3.12/site-packages/airflow/example_dags/example_sla_dag.py took 0.079 seconds
[2026-01-29T01:47:42.037+0000] {processor.py:161} INFO - Started process (PID=75390) to work on /home/airflow/.local/lib/python3.12/site-packages/airflow/example_dags/example_sla_dag.py
[2026-01-29T01:47:42.038+0000] {processor.py:830} INFO - Processing file /home/airflow/.local/lib/python3.12/site-packages/airflow/example_dags/example_sla_dag.py for tasks to queue
[2026-01-29T01:47:42.040+0000] {logging_mixin.py:188} INFO - [2026-01-29T01:47:42.040+0000] {dagbag.py:545} INFO - Filling up the DagBag from /home/airflow/.local/lib/python3.12/site-packages/airflow/example_dags/example_sla_dag.py
[2026-01-29T01:47:42.050+0000] {processor.py:840} INFO - DAG(s) 'example_sla_dag' retrieved from /home/airflow/.local/lib/python3.12/site-packages/airflow/example_dags/example_sla_dag.py
[2026-01-29T01:47:42.069+0000] {logging_mixin.py:188} INFO - [2026-01-29T01:47:42.069+0000] {dag.py:3089} INFO - Sync 1 DAGs
[2026-01-29T01:47:42.094+0000] {logging_mixin.py:188} INFO - [2026-01-29T01:47:42.094+0000] {dag.py:3947} INFO - Setting next_dagrun for example_sla_dag to 2026-01-29 01:44:00+00:00, run_after=2026-01-29 01:46:00+00:00
[2026-01-29T01:47:42.112+0000] {processor.py:183} INFO - Processing /home/airflow/.local/lib/python3.12/site-packages/airflow/example_dags/example_sla_dag.py took 0.083 seconds
[2026-01-29T01:48:12.452+0000] {processor.py:161} INFO - Started process (PID=75454) to work on /home/airflow/.local/lib/python3.12/site-packages/airflow/example_dags/example_sla_dag.py
[2026-01-29T01:48:12.453+0000] {processor.py:830} INFO - Processing file /home/airflow/.local/lib/python3.12/site-packages/airflow/example_dags/example_sla_dag.py for tasks to queue
[2026-01-29T01:48:12.455+0000] {logging_mixin.py:188} INFO - [2026-01-29T01:48:12.454+0000] {dagbag.py:545} INFO - Filling up the DagBag from /home/airflow/.local/lib/python3.12/site-packages/airflow/example_dags/example_sla_dag.py
[2026-01-29T01:48:12.464+0000] {processor.py:840} INFO - DAG(s) 'example_sla_dag' retrieved from /home/airflow/.local/lib/python3.12/site-packages/airflow/example_dags/example_sla_dag.py
[2026-01-29T01:48:12.485+0000] {logging_mixin.py:188} INFO - [2026-01-29T01:48:12.484+0000] {dag.py:3089} INFO - Sync 1 DAGs
[2026-01-29T01:48:12.513+0000] {logging_mixin.py:188} INFO - [2026-01-29T01:48:12.512+0000] {dag.py:3947} INFO - Setting next_dagrun for example_sla_dag to 2026-01-29 01:46:00+00:00, run_after=2026-01-29 01:48:00+00:00
[2026-01-29T01:48:12.532+0000] {processor.py:183} INFO - Processing /home/airflow/.local/lib/python3.12/site-packages/airflow/example_dags/example_sla_dag.py took 0.087 seconds
[2026-01-29T01:48:42.596+0000] {processor.py:161} INFO - Started process (PID=75513) to work on /home/airflow/.local/lib/python3.12/site-packages/airflow/example_dags/example_sla_dag.py
[2026-01-29T01:48:42.598+0000] {processor.py:830} INFO - Processing file /home/airflow/.local/lib/python3.12/site-packages/airflow/example_dags/example_sla_dag.py for tasks to queue
[2026-01-29T01:48:42.599+0000] {logging_mixin.py:188} INFO - [2026-01-29T01:48:42.599+0000] {dagbag.py:545} INFO - Filling up the DagBag from /home/airflow/.local/lib/python3.12/site-packages/airflow/example_dags/example_sla_dag.py
[2026-01-29T01:48:42.607+0000] {processor.py:840} INFO - DAG(s) 'example_sla_dag' retrieved from /home/airflow/.local/lib/python3.12/site-packages/airflow/example_dags/example_sla_dag.py
[2026-01-29T01:48:42.628+0000] {logging_mixin.py:188} INFO - [2026-01-29T01:48:42.628+0000] {dag.py:3089} INFO - Sync 1 DAGs
[2026-01-29T01:48:42.654+0000] {logging_mixin.py:188} INFO - [2026-01-29T01:48:42.653+0000] {dag.py:3947} INFO - Setting next_dagrun for example_sla_dag to 2026-01-29 01:46:00+00:00, run_after=2026-01-29 01:48:00+00:00
[2026-01-29T01:48:42.673+0000] {processor.py:183} INFO - Processing /home/airflow/.local/lib/python3.12/site-packages/airflow/example_dags/example_sla_dag.py took 0.082 seconds
[2026-01-29T01:49:13.071+0000] {processor.py:161} INFO - Started process (PID=75577) to work on /home/airflow/.local/lib/python3.12/site-packages/airflow/example_dags/example_sla_dag.py
[2026-01-29T01:49:13.072+0000] {processor.py:830} INFO - Processing file /home/airflow/.local/lib/python3.12/site-packages/airflow/example_dags/example_sla_dag.py for tasks to queue
[2026-01-29T01:49:13.074+0000] {logging_mixin.py:188} INFO - [2026-01-29T01:49:13.074+0000] {dagbag.py:545} INFO - Filling up the DagBag from /home/airflow/.local/lib/python3.12/site-packages/airflow/example_dags/example_sla_dag.py
[2026-01-29T01:49:13.084+0000] {processor.py:840} INFO - DAG(s) 'example_sla_dag' retrieved from /home/airflow/.local/lib/python3.12/site-packages/airflow/example_dags/example_sla_dag.py
[2026-01-29T01:49:13.106+0000] {logging_mixin.py:188} INFO - [2026-01-29T01:49:13.105+0000] {dag.py:3089} INFO - Sync 1 DAGs
[2026-01-29T01:49:13.133+0000] {logging_mixin.py:188} INFO - [2026-01-29T01:49:13.133+0000] {dag.py:3947} INFO - Setting next_dagrun for example_sla_dag to 2026-01-29 01:46:00+00:00, run_after=2026-01-29 01:48:00+00:00
[2026-01-29T01:49:13.152+0000] {processor.py:183} INFO - Processing /home/airflow/.local/lib/python3.12/site-packages/airflow/example_dags/example_sla_dag.py took 0.089 seconds
[2026-01-29T01:49:43.370+0000] {processor.py:161} INFO - Started process (PID=75636) to work on /home/airflow/.local/lib/python3.12/site-packages/airflow/example_dags/example_sla_dag.py
[2026-01-29T01:49:43.371+0000] {processor.py:830} INFO - Processing file /home/airflow/.local/lib/python3.12/site-packages/airflow/example_dags/example_sla_dag.py for tasks to queue
[2026-01-29T01:49:43.373+0000] {logging_mixin.py:188} INFO - [2026-01-29T01:49:43.373+0000] {dagbag.py:545} INFO - Filling up the DagBag from /home/airflow/.local/lib/python3.12/site-packages/airflow/example_dags/example_sla_dag.py
[2026-01-29T01:49:43.383+0000] {processor.py:840} INFO - DAG(s) 'example_sla_dag' retrieved from /home/airflow/.local/lib/python3.12/site-packages/airflow/example_dags/example_sla_dag.py
[2026-01-29T01:49:43.405+0000] {logging_mixin.py:188} INFO - [2026-01-29T01:49:43.404+0000] {dag.py:3089} INFO - Sync 1 DAGs
[2026-01-29T01:49:43.433+0000] {logging_mixin.py:188} INFO - [2026-01-29T01:49:43.433+0000] {dag.py:3947} INFO - Setting next_dagrun for example_sla_dag to 2026-01-29 01:46:00+00:00, run_after=2026-01-29 01:48:00+00:00
[2026-01-29T01:49:43.454+0000] {processor.py:183} INFO - Processing /home/airflow/.local/lib/python3.12/site-packages/airflow/example_dags/example_sla_dag.py took 0.092 seconds
[2026-01-29T01:50:13.702+0000] {processor.py:161} INFO - Started process (PID=75700) to work on /home/airflow/.local/lib/python3.12/site-packages/airflow/example_dags/example_sla_dag.py
[2026-01-29T01:50:13.702+0000] {processor.py:830} INFO - Processing file /home/airflow/.local/lib/python3.12/site-packages/airflow/example_dags/example_sla_dag.py for tasks to queue
[2026-01-29T01:50:13.704+0000] {logging_mixin.py:188} INFO - [2026-01-29T01:50:13.704+0000] {dagbag.py:545} INFO - Filling up the DagBag from /home/airflow/.local/lib/python3.12/site-packages/airflow/example_dags/example_sla_dag.py
[2026-01-29T01:50:13.712+0000] {processor.py:840} INFO - DAG(s) 'example_sla_dag' retrieved from /home/airflow/.local/lib/python3.12/site-packages/airflow/example_dags/example_sla_dag.py
[2026-01-29T01:50:13.732+0000] {logging_mixin.py:188} INFO - [2026-01-29T01:50:13.732+0000] {dag.py:3089} INFO - Sync 1 DAGs
[2026-01-29T01:50:13.760+0000] {logging_mixin.py:188} INFO - [2026-01-29T01:50:13.760+0000] {dag.py:3947} INFO - Setting next_dagrun for example_sla_dag to 2026-01-29 01:48:00+00:00, run_after=2026-01-29 01:50:00+00:00
[2026-01-29T01:50:13.792+0000] {processor.py:183} INFO - Processing /home/airflow/.local/lib/python3.12/site-packages/airflow/example_dags/example_sla_dag.py took 0.096 seconds
[2026-01-29T01:50:43.858+0000] {processor.py:161} INFO - Started process (PID=75759) to work on /home/airflow/.local/lib/python3.12/site-packages/airflow/example_dags/example_sla_dag.py
[2026-01-29T01:50:43.859+0000] {processor.py:830} INFO - Processing file /home/airflow/.local/lib/python3.12/site-packages/airflow/example_dags/example_sla_dag.py for tasks to queue
[2026-01-29T01:50:43.861+0000] {logging_mixin.py:188} INFO - [2026-01-29T01:50:43.860+0000] {dagbag.py:545} INFO - Filling up the DagBag from /home/airflow/.local/lib/python3.12/site-packages/airflow/example_dags/example_sla_dag.py
[2026-01-29T01:50:43.869+0000] {processor.py:840} INFO - DAG(s) 'example_sla_dag' retrieved from /home/airflow/.local/lib/python3.12/site-packages/airflow/example_dags/example_sla_dag.py
[2026-01-29T01:50:43.888+0000] {logging_mixin.py:188} INFO - [2026-01-29T01:50:43.888+0000] {dag.py:3089} INFO - Sync 1 DAGs
[2026-01-29T01:50:43.914+0000] {logging_mixin.py:188} INFO - [2026-01-29T01:50:43.914+0000] {dag.py:3947} INFO - Setting next_dagrun for example_sla_dag to 2026-01-29 01:48:00+00:00, run_after=2026-01-29 01:50:00+00:00
[2026-01-29T01:50:43.933+0000] {processor.py:183} INFO - Processing /home/airflow/.local/lib/python3.12/site-packages/airflow/example_dags/example_sla_dag.py took 0.081 seconds
[2026-01-29T01:51:14.175+0000] {processor.py:161} INFO - Started process (PID=75823) to work on /home/airflow/.local/lib/python3.12/site-packages/airflow/example_dags/example_sla_dag.py
[2026-01-29T01:51:14.176+0000] {processor.py:830} INFO - Processing file /home/airflow/.local/lib/python3.12/site-packages/airflow/example_dags/example_sla_dag.py for tasks to queue
[2026-01-29T01:51:14.177+0000] {logging_mixin.py:188} INFO - [2026-01-29T01:51:14.177+0000] {dagbag.py:545} INFO - Filling up the DagBag from /home/airflow/.local/lib/python3.12/site-packages/airflow/example_dags/example_sla_dag.py
[2026-01-29T01:51:14.185+0000] {processor.py:840} INFO - DAG(s) 'example_sla_dag' retrieved from /home/airflow/.local/lib/python3.12/site-packages/airflow/example_dags/example_sla_dag.py
[2026-01-29T01:51:14.206+0000] {logging_mixin.py:188} INFO - [2026-01-29T01:51:14.205+0000] {dag.py:3089} INFO - Sync 1 DAGs
[2026-01-29T01:51:14.232+0000] {logging_mixin.py:188} INFO - [2026-01-29T01:51:14.232+0000] {dag.py:3947} INFO - Setting next_dagrun for example_sla_dag to 2026-01-29 01:48:00+00:00, run_after=2026-01-29 01:50:00+00:00
[2026-01-29T01:51:14.251+0000] {processor.py:183} INFO - Processing /home/airflow/.local/lib/python3.12/site-packages/airflow/example_dags/example_sla_dag.py took 0.082 seconds
[2026-01-29T01:51:45.063+0000] {processor.py:161} INFO - Started process (PID=75882) to work on /home/airflow/.local/lib/python3.12/site-packages/airflow/example_dags/example_sla_dag.py
[2026-01-29T01:51:45.064+0000] {processor.py:830} INFO - Processing file /home/airflow/.local/lib/python3.12/site-packages/airflow/example_dags/example_sla_dag.py for tasks to queue
[2026-01-29T01:51:45.066+0000] {logging_mixin.py:188} INFO - [2026-01-29T01:51:45.066+0000] {dagbag.py:545} INFO - Filling up the DagBag from /home/airflow/.local/lib/python3.12/site-packages/airflow/example_dags/example_sla_dag.py
[2026-01-29T01:51:45.075+0000] {processor.py:840} INFO - DAG(s) 'example_sla_dag' retrieved from /home/airflow/.local/lib/python3.12/site-packages/airflow/example_dags/example_sla_dag.py
[2026-01-29T01:51:45.094+0000] {logging_mixin.py:188} INFO - [2026-01-29T01:51:45.093+0000] {dag.py:3089} INFO - Sync 1 DAGs
[2026-01-29T01:51:45.119+0000] {logging_mixin.py:188} INFO - [2026-01-29T01:51:45.119+0000] {dag.py:3947} INFO - Setting next_dagrun for example_sla_dag to 2026-01-29 01:48:00+00:00, run_after=2026-01-29 01:50:00+00:00
[2026-01-29T01:51:45.137+0000] {processor.py:183} INFO - Processing /home/airflow/.local/lib/python3.12/site-packages/airflow/example_dags/example_sla_dag.py took 0.080 seconds
[2026-01-29T01:52:15.309+0000] {processor.py:161} INFO - Started process (PID=75946) to work on /home/airflow/.local/lib/python3.12/site-packages/airflow/example_dags/example_sla_dag.py
[2026-01-29T01:52:15.310+0000] {processor.py:830} INFO - Processing file /home/airflow/.local/lib/python3.12/site-packages/airflow/example_dags/example_sla_dag.py for tasks to queue
[2026-01-29T01:52:15.311+0000] {logging_mixin.py:188} INFO - [2026-01-29T01:52:15.311+0000] {dagbag.py:545} INFO - Filling up the DagBag from /home/airflow/.local/lib/python3.12/site-packages/airflow/example_dags/example_sla_dag.py
[2026-01-29T01:52:15.319+0000] {processor.py:840} INFO - DAG(s) 'example_sla_dag' retrieved from /home/airflow/.local/lib/python3.12/site-packages/airflow/example_dags/example_sla_dag.py
[2026-01-29T01:52:15.340+0000] {logging_mixin.py:188} INFO - [2026-01-29T01:52:15.339+0000] {dag.py:3089} INFO - Sync 1 DAGs
[2026-01-29T01:52:15.366+0000] {logging_mixin.py:188} INFO - [2026-01-29T01:52:15.366+0000] {dag.py:3947} INFO - Setting next_dagrun for example_sla_dag to 2026-01-29 01:50:00+00:00, run_after=2026-01-29 01:52:00+00:00
[2026-01-29T01:52:15.387+0000] {processor.py:183} INFO - Processing /home/airflow/.local/lib/python3.12/site-packages/airflow/example_dags/example_sla_dag.py took 0.083 seconds
[2026-01-29T01:52:45.518+0000] {processor.py:161} INFO - Started process (PID=76005) to work on /home/airflow/.local/lib/python3.12/site-packages/airflow/example_dags/example_sla_dag.py
[2026-01-29T01:52:45.519+0000] {processor.py:830} INFO - Processing file /home/airflow/.local/lib/python3.12/site-packages/airflow/example_dags/example_sla_dag.py for tasks to queue
[2026-01-29T01:52:45.520+0000] {logging_mixin.py:188} INFO - [2026-01-29T01:52:45.520+0000] {dagbag.py:545} INFO - Filling up the DagBag from /home/airflow/.local/lib/python3.12/site-packages/airflow/example_dags/example_sla_dag.py
[2026-01-29T01:52:45.528+0000] {processor.py:840} INFO - DAG(s) 'example_sla_dag' retrieved from /home/airflow/.local/lib/python3.12/site-packages/airflow/example_dags/example_sla_dag.py
[2026-01-29T01:52:45.547+0000] {logging_mixin.py:188} INFO - [2026-01-29T01:52:45.547+0000] {dag.py:3089} INFO - Sync 1 DAGs
[2026-01-29T01:52:45.572+0000] {logging_mixin.py:188} INFO - [2026-01-29T01:52:45.571+0000] {dag.py:3947} INFO - Setting next_dagrun for example_sla_dag to 2026-01-29 01:50:00+00:00, run_after=2026-01-29 01:52:00+00:00
[2026-01-29T01:52:45.589+0000] {processor.py:183} INFO - Processing /home/airflow/.local/lib/python3.12/site-packages/airflow/example_dags/example_sla_dag.py took 0.077 seconds
[2026-01-29T01:53:15.860+0000] {processor.py:161} INFO - Started process (PID=76069) to work on /home/airflow/.local/lib/python3.12/site-packages/airflow/example_dags/example_sla_dag.py
[2026-01-29T01:53:15.861+0000] {processor.py:830} INFO - Processing file /home/airflow/.local/lib/python3.12/site-packages/airflow/example_dags/example_sla_dag.py for tasks to queue
[2026-01-29T01:53:15.862+0000] {logging_mixin.py:188} INFO - [2026-01-29T01:53:15.862+0000] {dagbag.py:545} INFO - Filling up the DagBag from /home/airflow/.local/lib/python3.12/site-packages/airflow/example_dags/example_sla_dag.py
[2026-01-29T01:53:15.871+0000] {processor.py:840} INFO - DAG(s) 'example_sla_dag' retrieved from /home/airflow/.local/lib/python3.12/site-packages/airflow/example_dags/example_sla_dag.py
[2026-01-29T01:53:15.891+0000] {logging_mixin.py:188} INFO - [2026-01-29T01:53:15.890+0000] {dag.py:3089} INFO - Sync 1 DAGs
[2026-01-29T01:53:15.919+0000] {logging_mixin.py:188} INFO - [2026-01-29T01:53:15.919+0000] {dag.py:3947} INFO - Setting next_dagrun for example_sla_dag to 2026-01-29 01:50:00+00:00, run_after=2026-01-29 01:52:00+00:00
[2026-01-29T01:53:15.941+0000] {processor.py:183} INFO - Processing /home/airflow/.local/lib/python3.12/site-packages/airflow/example_dags/example_sla_dag.py took 0.087 seconds
[2026-01-29T01:53:46.246+0000] {processor.py:161} INFO - Started process (PID=76128) to work on /home/airflow/.local/lib/python3.12/site-packages/airflow/example_dags/example_sla_dag.py
[2026-01-29T01:53:46.247+0000] {processor.py:830} INFO - Processing file /home/airflow/.local/lib/python3.12/site-packages/airflow/example_dags/example_sla_dag.py for tasks to queue
[2026-01-29T01:53:46.249+0000] {logging_mixin.py:188} INFO - [2026-01-29T01:53:46.249+0000] {dagbag.py:545} INFO - Filling up the DagBag from /home/airflow/.local/lib/python3.12/site-packages/airflow/example_dags/example_sla_dag.py
[2026-01-29T01:53:46.257+0000] {processor.py:840} INFO - DAG(s) 'example_sla_dag' retrieved from /home/airflow/.local/lib/python3.12/site-packages/airflow/example_dags/example_sla_dag.py
[2026-01-29T01:53:46.276+0000] {logging_mixin.py:188} INFO - [2026-01-29T01:53:46.276+0000] {dag.py:3089} INFO - Sync 1 DAGs
[2026-01-29T01:53:46.302+0000] {logging_mixin.py:188} INFO - [2026-01-29T01:53:46.302+0000] {dag.py:3947} INFO - Setting next_dagrun for example_sla_dag to 2026-01-29 01:50:00+00:00, run_after=2026-01-29 01:52:00+00:00
[2026-01-29T01:53:46.322+0000] {processor.py:183} INFO - Processing /home/airflow/.local/lib/python3.12/site-packages/airflow/example_dags/example_sla_dag.py took 0.081 seconds
[2026-01-29T01:54:16.839+0000] {processor.py:161} INFO - Started process (PID=76192) to work on /home/airflow/.local/lib/python3.12/site-packages/airflow/example_dags/example_sla_dag.py
[2026-01-29T01:54:16.840+0000] {processor.py:830} INFO - Processing file /home/airflow/.local/lib/python3.12/site-packages/airflow/example_dags/example_sla_dag.py for tasks to queue
[2026-01-29T01:54:16.842+0000] {logging_mixin.py:188} INFO - [2026-01-29T01:54:16.842+0000] {dagbag.py:545} INFO - Filling up the DagBag from /home/airflow/.local/lib/python3.12/site-packages/airflow/example_dags/example_sla_dag.py
[2026-01-29T01:54:16.852+0000] {processor.py:840} INFO - DAG(s) 'example_sla_dag' retrieved from /home/airflow/.local/lib/python3.12/site-packages/airflow/example_dags/example_sla_dag.py
[2026-01-29T01:54:16.874+0000] {logging_mixin.py:188} INFO - [2026-01-29T01:54:16.874+0000] {dag.py:3089} INFO - Sync 1 DAGs
[2026-01-29T01:54:16.903+0000] {logging_mixin.py:188} INFO - [2026-01-29T01:54:16.903+0000] {dag.py:3947} INFO - Setting next_dagrun for example_sla_dag to 2026-01-29 01:52:00+00:00, run_after=2026-01-29 01:54:00+00:00
[2026-01-29T01:54:16.925+0000] {processor.py:183} INFO - Processing /home/airflow/.local/lib/python3.12/site-packages/airflow/example_dags/example_sla_dag.py took 0.094 seconds
[2026-01-29T01:54:47.229+0000] {processor.py:161} INFO - Started process (PID=76251) to work on /home/airflow/.local/lib/python3.12/site-packages/airflow/example_dags/example_sla_dag.py
[2026-01-29T01:54:47.230+0000] {processor.py:830} INFO - Processing file /home/airflow/.local/lib/python3.12/site-packages/airflow/example_dags/example_sla_dag.py for tasks to queue
[2026-01-29T01:54:47.232+0000] {logging_mixin.py:188} INFO - [2026-01-29T01:54:47.232+0000] {dagbag.py:545} INFO - Filling up the DagBag from /home/airflow/.local/lib/python3.12/site-packages/airflow/example_dags/example_sla_dag.py
[2026-01-29T01:54:47.242+0000] {processor.py:840} INFO - DAG(s) 'example_sla_dag' retrieved from /home/airflow/.local/lib/python3.12/site-packages/airflow/example_dags/example_sla_dag.py
[2026-01-29T01:54:47.263+0000] {logging_mixin.py:188} INFO - [2026-01-29T01:54:47.263+0000] {dag.py:3089} INFO - Sync 1 DAGs
[2026-01-29T01:54:47.289+0000] {logging_mixin.py:188} INFO - [2026-01-29T01:54:47.289+0000] {dag.py:3947} INFO - Setting next_dagrun for example_sla_dag to 2026-01-29 01:52:00+00:00, run_after=2026-01-29 01:54:00+00:00
[2026-01-29T01:54:47.310+0000] {processor.py:183} INFO - Processing /home/airflow/.local/lib/python3.12/site-packages/airflow/example_dags/example_sla_dag.py took 0.089 seconds
[2026-01-29T01:55:17.622+0000] {processor.py:161} INFO - Started process (PID=76315) to work on /home/airflow/.local/lib/python3.12/site-packages/airflow/example_dags/example_sla_dag.py
[2026-01-29T01:55:17.622+0000] {processor.py:830} INFO - Processing file /home/airflow/.local/lib/python3.12/site-packages/airflow/example_dags/example_sla_dag.py for tasks to queue
[2026-01-29T01:55:17.624+0000] {logging_mixin.py:188} INFO - [2026-01-29T01:55:17.624+0000] {dagbag.py:545} INFO - Filling up the DagBag from /home/airflow/.local/lib/python3.12/site-packages/airflow/example_dags/example_sla_dag.py
[2026-01-29T01:55:17.632+0000] {processor.py:840} INFO - DAG(s) 'example_sla_dag' retrieved from /home/airflow/.local/lib/python3.12/site-packages/airflow/example_dags/example_sla_dag.py
[2026-01-29T01:55:17.651+0000] {logging_mixin.py:188} INFO - [2026-01-29T01:55:17.651+0000] {dag.py:3089} INFO - Sync 1 DAGs
[2026-01-29T01:55:17.677+0000] {logging_mixin.py:188} INFO - [2026-01-29T01:55:17.677+0000] {dag.py:3947} INFO - Setting next_dagrun for example_sla_dag to 2026-01-29 01:52:00+00:00, run_after=2026-01-29 01:54:00+00:00
[2026-01-29T01:55:17.697+0000] {processor.py:183} INFO - Processing /home/airflow/.local/lib/python3.12/site-packages/airflow/example_dags/example_sla_dag.py took 0.081 seconds
[2026-01-29T01:55:47.962+0000] {processor.py:161} INFO - Started process (PID=76374) to work on /home/airflow/.local/lib/python3.12/site-packages/airflow/example_dags/example_sla_dag.py
[2026-01-29T01:55:47.963+0000] {processor.py:830} INFO - Processing file /home/airflow/.local/lib/python3.12/site-packages/airflow/example_dags/example_sla_dag.py for tasks to queue
[2026-01-29T01:55:47.965+0000] {logging_mixin.py:188} INFO - [2026-01-29T01:55:47.965+0000] {dagbag.py:545} INFO - Filling up the DagBag from /home/airflow/.local/lib/python3.12/site-packages/airflow/example_dags/example_sla_dag.py
[2026-01-29T01:55:47.975+0000] {processor.py:840} INFO - DAG(s) 'example_sla_dag' retrieved from /home/airflow/.local/lib/python3.12/site-packages/airflow/example_dags/example_sla_dag.py
[2026-01-29T01:55:47.996+0000] {logging_mixin.py:188} INFO - [2026-01-29T01:55:47.996+0000] {dag.py:3089} INFO - Sync 1 DAGs
[2026-01-29T01:55:48.023+0000] {logging_mixin.py:188} INFO - [2026-01-29T01:55:48.022+0000] {dag.py:3947} INFO - Setting next_dagrun for example_sla_dag to 2026-01-29 01:52:00+00:00, run_after=2026-01-29 01:54:00+00:00
[2026-01-29T01:55:48.044+0000] {processor.py:183} INFO - Processing /home/airflow/.local/lib/python3.12/site-packages/airflow/example_dags/example_sla_dag.py took 0.090 seconds
[2026-01-29T01:56:18.354+0000] {processor.py:161} INFO - Started process (PID=76438) to work on /home/airflow/.local/lib/python3.12/site-packages/airflow/example_dags/example_sla_dag.py
[2026-01-29T01:56:18.355+0000] {processor.py:830} INFO - Processing file /home/airflow/.local/lib/python3.12/site-packages/airflow/example_dags/example_sla_dag.py for tasks to queue
[2026-01-29T01:56:18.357+0000] {logging_mixin.py:188} INFO - [2026-01-29T01:56:18.357+0000] {dagbag.py:545} INFO - Filling up the DagBag from /home/airflow/.local/lib/python3.12/site-packages/airflow/example_dags/example_sla_dag.py
[2026-01-29T01:56:18.367+0000] {processor.py:840} INFO - DAG(s) 'example_sla_dag' retrieved from /home/airflow/.local/lib/python3.12/site-packages/airflow/example_dags/example_sla_dag.py
[2026-01-29T01:56:18.389+0000] {logging_mixin.py:188} INFO - [2026-01-29T01:56:18.389+0000] {dag.py:3089} INFO - Sync 1 DAGs
[2026-01-29T01:56:18.418+0000] {logging_mixin.py:188} INFO - [2026-01-29T01:56:18.418+0000] {dag.py:3947} INFO - Setting next_dagrun for example_sla_dag to 2026-01-29 01:54:00+00:00, run_after=2026-01-29 01:56:00+00:00
[2026-01-29T01:56:18.439+0000] {processor.py:183} INFO - Processing /home/airflow/.local/lib/python3.12/site-packages/airflow/example_dags/example_sla_dag.py took 0.092 seconds
[2026-01-29T01:56:48.866+0000] {processor.py:161} INFO - Started process (PID=76497) to work on /home/airflow/.local/lib/python3.12/site-packages/airflow/example_dags/example_sla_dag.py
[2026-01-29T01:56:48.867+0000] {processor.py:830} INFO - Processing file /home/airflow/.local/lib/python3.12/site-packages/airflow/example_dags/example_sla_dag.py for tasks to queue
[2026-01-29T01:56:48.869+0000] {logging_mixin.py:188} INFO - [2026-01-29T01:56:48.869+0000] {dagbag.py:545} INFO - Filling up the DagBag from /home/airflow/.local/lib/python3.12/site-packages/airflow/example_dags/example_sla_dag.py
[2026-01-29T01:56:48.880+0000] {processor.py:840} INFO - DAG(s) 'example_sla_dag' retrieved from /home/airflow/.local/lib/python3.12/site-packages/airflow/example_dags/example_sla_dag.py
[2026-01-29T01:56:48.901+0000] {logging_mixin.py:188} INFO - [2026-01-29T01:56:48.900+0000] {dag.py:3089} INFO - Sync 1 DAGs
[2026-01-29T01:56:48.928+0000] {logging_mixin.py:188} INFO - [2026-01-29T01:56:48.928+0000] {dag.py:3947} INFO - Setting next_dagrun for example_sla_dag to 2026-01-29 01:54:00+00:00, run_after=2026-01-29 01:56:00+00:00
[2026-01-29T01:56:48.950+0000] {processor.py:183} INFO - Processing /home/airflow/.local/lib/python3.12/site-packages/airflow/example_dags/example_sla_dag.py took 0.092 seconds
[2026-01-29T01:57:19.202+0000] {processor.py:161} INFO - Started process (PID=76561) to work on /home/airflow/.local/lib/python3.12/site-packages/airflow/example_dags/example_sla_dag.py
[2026-01-29T01:57:19.203+0000] {processor.py:830} INFO - Processing file /home/airflow/.local/lib/python3.12/site-packages/airflow/example_dags/example_sla_dag.py for tasks to queue
[2026-01-29T01:57:19.204+0000] {logging_mixin.py:188} INFO - [2026-01-29T01:57:19.204+0000] {dagbag.py:545} INFO - Filling up the DagBag from /home/airflow/.local/lib/python3.12/site-packages/airflow/example_dags/example_sla_dag.py
[2026-01-29T01:57:19.212+0000] {processor.py:840} INFO - DAG(s) 'example_sla_dag' retrieved from /home/airflow/.local/lib/python3.12/site-packages/airflow/example_dags/example_sla_dag.py
[2026-01-29T01:57:19.231+0000] {logging_mixin.py:188} INFO - [2026-01-29T01:57:19.231+0000] {dag.py:3089} INFO - Sync 1 DAGs
[2026-01-29T01:57:19.257+0000] {logging_mixin.py:188} INFO - [2026-01-29T01:57:19.257+0000] {dag.py:3947} INFO - Setting next_dagrun for example_sla_dag to 2026-01-29 01:54:00+00:00, run_after=2026-01-29 01:56:00+00:00
[2026-01-29T01:57:19.275+0000] {processor.py:183} INFO - Processing /home/airflow/.local/lib/python3.12/site-packages/airflow/example_dags/example_sla_dag.py took 0.079 seconds
[2026-01-29T01:57:49.594+0000] {processor.py:161} INFO - Started process (PID=76620) to work on /home/airflow/.local/lib/python3.12/site-packages/airflow/example_dags/example_sla_dag.py
[2026-01-29T01:57:49.596+0000] {processor.py:830} INFO - Processing file /home/airflow/.local/lib/python3.12/site-packages/airflow/example_dags/example_sla_dag.py for tasks to queue
[2026-01-29T01:57:49.598+0000] {logging_mixin.py:188} INFO - [2026-01-29T01:57:49.597+0000] {dagbag.py:545} INFO - Filling up the DagBag from /home/airflow/.local/lib/python3.12/site-packages/airflow/example_dags/example_sla_dag.py
[2026-01-29T01:57:49.608+0000] {processor.py:840} INFO - DAG(s) 'example_sla_dag' retrieved from /home/airflow/.local/lib/python3.12/site-packages/airflow/example_dags/example_sla_dag.py
[2026-01-29T01:57:49.627+0000] {logging_mixin.py:188} INFO - [2026-01-29T01:57:49.627+0000] {dag.py:3089} INFO - Sync 1 DAGs
[2026-01-29T01:57:49.652+0000] {logging_mixin.py:188} INFO - [2026-01-29T01:57:49.652+0000] {dag.py:3947} INFO - Setting next_dagrun for example_sla_dag to 2026-01-29 01:54:00+00:00, run_after=2026-01-29 01:56:00+00:00
[2026-01-29T01:57:49.673+0000] {processor.py:183} INFO - Processing /home/airflow/.local/lib/python3.12/site-packages/airflow/example_dags/example_sla_dag.py took 0.086 seconds
[2026-01-29T01:58:19.958+0000] {processor.py:161} INFO - Started process (PID=76684) to work on /home/airflow/.local/lib/python3.12/site-packages/airflow/example_dags/example_sla_dag.py
[2026-01-29T01:58:19.959+0000] {processor.py:830} INFO - Processing file /home/airflow/.local/lib/python3.12/site-packages/airflow/example_dags/example_sla_dag.py for tasks to queue
[2026-01-29T01:58:19.961+0000] {logging_mixin.py:188} INFO - [2026-01-29T01:58:19.960+0000] {dagbag.py:545} INFO - Filling up the DagBag from /home/airflow/.local/lib/python3.12/site-packages/airflow/example_dags/example_sla_dag.py
[2026-01-29T01:58:19.970+0000] {processor.py:840} INFO - DAG(s) 'example_sla_dag' retrieved from /home/airflow/.local/lib/python3.12/site-packages/airflow/example_dags/example_sla_dag.py
[2026-01-29T01:58:19.989+0000] {logging_mixin.py:188} INFO - [2026-01-29T01:58:19.988+0000] {dag.py:3089} INFO - Sync 1 DAGs
[2026-01-29T01:58:20.015+0000] {logging_mixin.py:188} INFO - [2026-01-29T01:58:20.015+0000] {dag.py:3947} INFO - Setting next_dagrun for example_sla_dag to 2026-01-29 01:56:00+00:00, run_after=2026-01-29 01:58:00+00:00
[2026-01-29T01:58:20.034+0000] {processor.py:183} INFO - Processing /home/airflow/.local/lib/python3.12/site-packages/airflow/example_dags/example_sla_dag.py took 0.082 seconds
[2026-01-29T01:58:50.441+0000] {processor.py:161} INFO - Started process (PID=76743) to work on /home/airflow/.local/lib/python3.12/site-packages/airflow/example_dags/example_sla_dag.py
[2026-01-29T01:58:50.442+0000] {processor.py:830} INFO - Processing file /home/airflow/.local/lib/python3.12/site-packages/airflow/example_dags/example_sla_dag.py for tasks to queue
[2026-01-29T01:58:50.444+0000] {logging_mixin.py:188} INFO - [2026-01-29T01:58:50.444+0000] {dagbag.py:545} INFO - Filling up the DagBag from /home/airflow/.local/lib/python3.12/site-packages/airflow/example_dags/example_sla_dag.py
[2026-01-29T01:58:50.455+0000] {processor.py:840} INFO - DAG(s) 'example_sla_dag' retrieved from /home/airflow/.local/lib/python3.12/site-packages/airflow/example_dags/example_sla_dag.py
[2026-01-29T01:58:50.476+0000] {logging_mixin.py:188} INFO - [2026-01-29T01:58:50.476+0000] {dag.py:3089} INFO - Sync 1 DAGs
[2026-01-29T01:58:50.504+0000] {logging_mixin.py:188} INFO - [2026-01-29T01:58:50.504+0000] {dag.py:3947} INFO - Setting next_dagrun for example_sla_dag to 2026-01-29 01:56:00+00:00, run_after=2026-01-29 01:58:00+00:00
[2026-01-29T01:58:50.524+0000] {processor.py:183} INFO - Processing /home/airflow/.local/lib/python3.12/site-packages/airflow/example_dags/example_sla_dag.py took 0.090 seconds
[2026-01-29T01:59:20.934+0000] {processor.py:161} INFO - Started process (PID=76807) to work on /home/airflow/.local/lib/python3.12/site-packages/airflow/example_dags/example_sla_dag.py
[2026-01-29T01:59:20.935+0000] {processor.py:830} INFO - Processing file /home/airflow/.local/lib/python3.12/site-packages/airflow/example_dags/example_sla_dag.py for tasks to queue
[2026-01-29T01:59:20.936+0000] {logging_mixin.py:188} INFO - [2026-01-29T01:59:20.936+0000] {dagbag.py:545} INFO - Filling up the DagBag from /home/airflow/.local/lib/python3.12/site-packages/airflow/example_dags/example_sla_dag.py
[2026-01-29T01:59:20.945+0000] {processor.py:840} INFO - DAG(s) 'example_sla_dag' retrieved from /home/airflow/.local/lib/python3.12/site-packages/airflow/example_dags/example_sla_dag.py
[2026-01-29T01:59:20.965+0000] {logging_mixin.py:188} INFO - [2026-01-29T01:59:20.964+0000] {dag.py:3089} INFO - Sync 1 DAGs
[2026-01-29T01:59:20.991+0000] {logging_mixin.py:188} INFO - [2026-01-29T01:59:20.991+0000] {dag.py:3947} INFO - Setting next_dagrun for example_sla_dag to 2026-01-29 01:56:00+00:00, run_after=2026-01-29 01:58:00+00:00
[2026-01-29T01:59:21.012+0000] {processor.py:183} INFO - Processing /home/airflow/.local/lib/python3.12/site-packages/airflow/example_dags/example_sla_dag.py took 0.084 seconds
[2026-01-29T01:59:51.263+0000] {processor.py:161} INFO - Started process (PID=76866) to work on /home/airflow/.local/lib/python3.12/site-packages/airflow/example_dags/example_sla_dag.py
[2026-01-29T01:59:51.264+0000] {processor.py:830} INFO - Processing file /home/airflow/.local/lib/python3.12/site-packages/airflow/example_dags/example_sla_dag.py for tasks to queue
[2026-01-29T01:59:51.266+0000] {logging_mixin.py:188} INFO - [2026-01-29T01:59:51.266+0000] {dagbag.py:545} INFO - Filling up the DagBag from /home/airflow/.local/lib/python3.12/site-packages/airflow/example_dags/example_sla_dag.py
[2026-01-29T01:59:51.275+0000] {processor.py:840} INFO - DAG(s) 'example_sla_dag' retrieved from /home/airflow/.local/lib/python3.12/site-packages/airflow/example_dags/example_sla_dag.py
[2026-01-29T01:59:51.297+0000] {logging_mixin.py:188} INFO - [2026-01-29T01:59:51.296+0000] {dag.py:3089} INFO - Sync 1 DAGs
[2026-01-29T01:59:51.325+0000] {logging_mixin.py:188} INFO - [2026-01-29T01:59:51.324+0000] {dag.py:3947} INFO - Setting next_dagrun for example_sla_dag to 2026-01-29 01:56:00+00:00, run_after=2026-01-29 01:58:00+00:00
[2026-01-29T01:59:51.346+0000] {processor.py:183} INFO - Processing /home/airflow/.local/lib/python3.12/site-packages/airflow/example_dags/example_sla_dag.py took 0.089 seconds
[2026-01-29T02:00:21.513+0000] {processor.py:161} INFO - Started process (PID=76930) to work on /home/airflow/.local/lib/python3.12/site-packages/airflow/example_dags/example_sla_dag.py
[2026-01-29T02:00:21.513+0000] {processor.py:830} INFO - Processing file /home/airflow/.local/lib/python3.12/site-packages/airflow/example_dags/example_sla_dag.py for tasks to queue
[2026-01-29T02:00:21.515+0000] {logging_mixin.py:188} INFO - [2026-01-29T02:00:21.515+0000] {dagbag.py:545} INFO - Filling up the DagBag from /home/airflow/.local/lib/python3.12/site-packages/airflow/example_dags/example_sla_dag.py
[2026-01-29T02:00:21.525+0000] {processor.py:840} INFO - DAG(s) 'example_sla_dag' retrieved from /home/airflow/.local/lib/python3.12/site-packages/airflow/example_dags/example_sla_dag.py
[2026-01-29T02:00:21.544+0000] {logging_mixin.py:188} INFO - [2026-01-29T02:00:21.544+0000] {dag.py:3089} INFO - Sync 1 DAGs
[2026-01-29T02:00:21.570+0000] {logging_mixin.py:188} INFO - [2026-01-29T02:00:21.570+0000] {dag.py:3947} INFO - Setting next_dagrun for example_sla_dag to 2026-01-29 01:58:00+00:00, run_after=2026-01-29 02:00:00+00:00
[2026-01-29T02:00:21.590+0000] {processor.py:183} INFO - Processing /home/airflow/.local/lib/python3.12/site-packages/airflow/example_dags/example_sla_dag.py took 0.084 seconds
[2026-01-29T02:00:51.708+0000] {processor.py:161} INFO - Started process (PID=76989) to work on /home/airflow/.local/lib/python3.12/site-packages/airflow/example_dags/example_sla_dag.py
[2026-01-29T02:00:51.709+0000] {processor.py:830} INFO - Processing file /home/airflow/.local/lib/python3.12/site-packages/airflow/example_dags/example_sla_dag.py for tasks to queue
[2026-01-29T02:00:51.711+0000] {logging_mixin.py:188} INFO - [2026-01-29T02:00:51.710+0000] {dagbag.py:545} INFO - Filling up the DagBag from /home/airflow/.local/lib/python3.12/site-packages/airflow/example_dags/example_sla_dag.py
[2026-01-29T02:00:51.719+0000] {processor.py:840} INFO - DAG(s) 'example_sla_dag' retrieved from /home/airflow/.local/lib/python3.12/site-packages/airflow/example_dags/example_sla_dag.py
[2026-01-29T02:00:51.737+0000] {logging_mixin.py:188} INFO - [2026-01-29T02:00:51.737+0000] {dag.py:3089} INFO - Sync 1 DAGs
[2026-01-29T02:00:51.763+0000] {logging_mixin.py:188} INFO - [2026-01-29T02:00:51.763+0000] {dag.py:3947} INFO - Setting next_dagrun for example_sla_dag to 2026-01-29 01:58:00+00:00, run_after=2026-01-29 02:00:00+00:00
[2026-01-29T02:00:51.782+0000] {processor.py:183} INFO - Processing /home/airflow/.local/lib/python3.12/site-packages/airflow/example_dags/example_sla_dag.py took 0.080 seconds
[2026-01-29T02:01:22.004+0000] {processor.py:161} INFO - Started process (PID=77053) to work on /home/airflow/.local/lib/python3.12/site-packages/airflow/example_dags/example_sla_dag.py
[2026-01-29T02:01:22.005+0000] {processor.py:830} INFO - Processing file /home/airflow/.local/lib/python3.12/site-packages/airflow/example_dags/example_sla_dag.py for tasks to queue
[2026-01-29T02:01:22.007+0000] {logging_mixin.py:188} INFO - [2026-01-29T02:01:22.007+0000] {dagbag.py:545} INFO - Filling up the DagBag from /home/airflow/.local/lib/python3.12/site-packages/airflow/example_dags/example_sla_dag.py
[2026-01-29T02:01:22.016+0000] {processor.py:840} INFO - DAG(s) 'example_sla_dag' retrieved from /home/airflow/.local/lib/python3.12/site-packages/airflow/example_dags/example_sla_dag.py
[2026-01-29T02:01:22.034+0000] {logging_mixin.py:188} INFO - [2026-01-29T02:01:22.034+0000] {dag.py:3089} INFO - Sync 1 DAGs
[2026-01-29T02:01:22.059+0000] {logging_mixin.py:188} INFO - [2026-01-29T02:01:22.058+0000] {dag.py:3947} INFO - Setting next_dagrun for example_sla_dag to 2026-01-29 01:58:00+00:00, run_after=2026-01-29 02:00:00+00:00
[2026-01-29T02:01:22.077+0000] {processor.py:183} INFO - Processing /home/airflow/.local/lib/python3.12/site-packages/airflow/example_dags/example_sla_dag.py took 0.079 seconds
[2026-01-29T02:01:52.309+0000] {processor.py:161} INFO - Started process (PID=77112) to work on /home/airflow/.local/lib/python3.12/site-packages/airflow/example_dags/example_sla_dag.py
[2026-01-29T02:01:52.310+0000] {processor.py:830} INFO - Processing file /home/airflow/.local/lib/python3.12/site-packages/airflow/example_dags/example_sla_dag.py for tasks to queue
[2026-01-29T02:01:52.312+0000] {logging_mixin.py:188} INFO - [2026-01-29T02:01:52.311+0000] {dagbag.py:545} INFO - Filling up the DagBag from /home/airflow/.local/lib/python3.12/site-packages/airflow/example_dags/example_sla_dag.py
[2026-01-29T02:01:52.320+0000] {processor.py:840} INFO - DAG(s) 'example_sla_dag' retrieved from /home/airflow/.local/lib/python3.12/site-packages/airflow/example_dags/example_sla_dag.py
[2026-01-29T02:01:52.340+0000] {logging_mixin.py:188} INFO - [2026-01-29T02:01:52.340+0000] {dag.py:3089} INFO - Sync 1 DAGs
[2026-01-29T02:01:52.366+0000] {logging_mixin.py:188} INFO - [2026-01-29T02:01:52.366+0000] {dag.py:3947} INFO - Setting next_dagrun for example_sla_dag to 2026-01-29 01:58:00+00:00, run_after=2026-01-29 02:00:00+00:00
[2026-01-29T02:01:52.385+0000] {processor.py:183} INFO - Processing /home/airflow/.local/lib/python3.12/site-packages/airflow/example_dags/example_sla_dag.py took 0.082 seconds
[2026-01-29T02:02:22.523+0000] {processor.py:161} INFO - Started process (PID=77176) to work on /home/airflow/.local/lib/python3.12/site-packages/airflow/example_dags/example_sla_dag.py
[2026-01-29T02:02:22.524+0000] {processor.py:830} INFO - Processing file /home/airflow/.local/lib/python3.12/site-packages/airflow/example_dags/example_sla_dag.py for tasks to queue
[2026-01-29T02:02:22.525+0000] {logging_mixin.py:188} INFO - [2026-01-29T02:02:22.525+0000] {dagbag.py:545} INFO - Filling up the DagBag from /home/airflow/.local/lib/python3.12/site-packages/airflow/example_dags/example_sla_dag.py
[2026-01-29T02:02:22.534+0000] {processor.py:840} INFO - DAG(s) 'example_sla_dag' retrieved from /home/airflow/.local/lib/python3.12/site-packages/airflow/example_dags/example_sla_dag.py
[2026-01-29T02:02:22.553+0000] {logging_mixin.py:188} INFO - [2026-01-29T02:02:22.553+0000] {dag.py:3089} INFO - Sync 1 DAGs
[2026-01-29T02:02:22.578+0000] {logging_mixin.py:188} INFO - [2026-01-29T02:02:22.577+0000] {dag.py:3947} INFO - Setting next_dagrun for example_sla_dag to 2026-01-29 02:00:00+00:00, run_after=2026-01-29 02:02:00+00:00
[2026-01-29T02:02:22.598+0000] {processor.py:183} INFO - Processing /home/airflow/.local/lib/python3.12/site-packages/airflow/example_dags/example_sla_dag.py took 0.082 seconds
[2026-01-29T02:02:53.458+0000] {processor.py:161} INFO - Started process (PID=77233) to work on /home/airflow/.local/lib/python3.12/site-packages/airflow/example_dags/example_sla_dag.py
[2026-01-29T02:02:53.459+0000] {processor.py:830} INFO - Processing file /home/airflow/.local/lib/python3.12/site-packages/airflow/example_dags/example_sla_dag.py for tasks to queue
[2026-01-29T02:02:53.461+0000] {logging_mixin.py:188} INFO - [2026-01-29T02:02:53.460+0000] {dagbag.py:545} INFO - Filling up the DagBag from /home/airflow/.local/lib/python3.12/site-packages/airflow/example_dags/example_sla_dag.py
[2026-01-29T02:02:53.470+0000] {processor.py:840} INFO - DAG(s) 'example_sla_dag' retrieved from /home/airflow/.local/lib/python3.12/site-packages/airflow/example_dags/example_sla_dag.py
[2026-01-29T02:02:53.488+0000] {logging_mixin.py:188} INFO - [2026-01-29T02:02:53.488+0000] {dag.py:3089} INFO - Sync 1 DAGs
[2026-01-29T02:02:53.515+0000] {logging_mixin.py:188} INFO - [2026-01-29T02:02:53.515+0000] {dag.py:3947} INFO - Setting next_dagrun for example_sla_dag to 2026-01-29 02:00:00+00:00, run_after=2026-01-29 02:02:00+00:00
[2026-01-29T02:02:53.535+0000] {processor.py:183} INFO - Processing /home/airflow/.local/lib/python3.12/site-packages/airflow/example_dags/example_sla_dag.py took 0.083 seconds
[2026-01-29T02:03:23.837+0000] {processor.py:161} INFO - Started process (PID=77297) to work on /home/airflow/.local/lib/python3.12/site-packages/airflow/example_dags/example_sla_dag.py
[2026-01-29T02:03:23.838+0000] {processor.py:830} INFO - Processing file /home/airflow/.local/lib/python3.12/site-packages/airflow/example_dags/example_sla_dag.py for tasks to queue
[2026-01-29T02:03:23.840+0000] {logging_mixin.py:188} INFO - [2026-01-29T02:03:23.839+0000] {dagbag.py:545} INFO - Filling up the DagBag from /home/airflow/.local/lib/python3.12/site-packages/airflow/example_dags/example_sla_dag.py
[2026-01-29T02:03:23.848+0000] {processor.py:840} INFO - DAG(s) 'example_sla_dag' retrieved from /home/airflow/.local/lib/python3.12/site-packages/airflow/example_dags/example_sla_dag.py
[2026-01-29T02:03:23.868+0000] {logging_mixin.py:188} INFO - [2026-01-29T02:03:23.868+0000] {dag.py:3089} INFO - Sync 1 DAGs
[2026-01-29T02:03:23.896+0000] {logging_mixin.py:188} INFO - [2026-01-29T02:03:23.895+0000] {dag.py:3947} INFO - Setting next_dagrun for example_sla_dag to 2026-01-29 02:00:00+00:00, run_after=2026-01-29 02:02:00+00:00
[2026-01-29T02:03:23.916+0000] {processor.py:183} INFO - Processing /home/airflow/.local/lib/python3.12/site-packages/airflow/example_dags/example_sla_dag.py took 0.085 seconds
[2026-01-29T02:03:54.514+0000] {processor.py:161} INFO - Started process (PID=77356) to work on /home/airflow/.local/lib/python3.12/site-packages/airflow/example_dags/example_sla_dag.py
[2026-01-29T02:03:54.515+0000] {processor.py:830} INFO - Processing file /home/airflow/.local/lib/python3.12/site-packages/airflow/example_dags/example_sla_dag.py for tasks to queue
[2026-01-29T02:03:54.517+0000] {logging_mixin.py:188} INFO - [2026-01-29T02:03:54.516+0000] {dagbag.py:545} INFO - Filling up the DagBag from /home/airflow/.local/lib/python3.12/site-packages/airflow/example_dags/example_sla_dag.py
[2026-01-29T02:03:54.525+0000] {processor.py:840} INFO - DAG(s) 'example_sla_dag' retrieved from /home/airflow/.local/lib/python3.12/site-packages/airflow/example_dags/example_sla_dag.py
[2026-01-29T02:03:54.547+0000] {logging_mixin.py:188} INFO - [2026-01-29T02:03:54.546+0000] {dag.py:3089} INFO - Sync 1 DAGs
[2026-01-29T02:03:54.577+0000] {logging_mixin.py:188} INFO - [2026-01-29T02:03:54.577+0000] {dag.py:3947} INFO - Setting next_dagrun for example_sla_dag to 2026-01-29 02:00:00+00:00, run_after=2026-01-29 02:02:00+00:00
[2026-01-29T02:03:54.598+0000] {processor.py:183} INFO - Processing /home/airflow/.local/lib/python3.12/site-packages/airflow/example_dags/example_sla_dag.py took 0.090 seconds
[2026-01-29T02:04:25.205+0000] {processor.py:161} INFO - Started process (PID=77420) to work on /home/airflow/.local/lib/python3.12/site-packages/airflow/example_dags/example_sla_dag.py
[2026-01-29T02:04:25.205+0000] {processor.py:830} INFO - Processing file /home/airflow/.local/lib/python3.12/site-packages/airflow/example_dags/example_sla_dag.py for tasks to queue
[2026-01-29T02:04:25.207+0000] {logging_mixin.py:188} INFO - [2026-01-29T02:04:25.207+0000] {dagbag.py:545} INFO - Filling up the DagBag from /home/airflow/.local/lib/python3.12/site-packages/airflow/example_dags/example_sla_dag.py
[2026-01-29T02:04:25.216+0000] {processor.py:840} INFO - DAG(s) 'example_sla_dag' retrieved from /home/airflow/.local/lib/python3.12/site-packages/airflow/example_dags/example_sla_dag.py
[2026-01-29T02:04:25.241+0000] {logging_mixin.py:188} INFO - [2026-01-29T02:04:25.240+0000] {dag.py:3089} INFO - Sync 1 DAGs
[2026-01-29T02:04:25.270+0000] {logging_mixin.py:188} INFO - [2026-01-29T02:04:25.270+0000] {dag.py:3947} INFO - Setting next_dagrun for example_sla_dag to 2026-01-29 02:02:00+00:00, run_after=2026-01-29 02:04:00+00:00
[2026-01-29T02:04:25.292+0000] {processor.py:183} INFO - Processing /home/airflow/.local/lib/python3.12/site-packages/airflow/example_dags/example_sla_dag.py took 0.093 seconds
[2026-01-29T02:04:55.459+0000] {processor.py:161} INFO - Started process (PID=77479) to work on /home/airflow/.local/lib/python3.12/site-packages/airflow/example_dags/example_sla_dag.py
[2026-01-29T02:04:55.460+0000] {processor.py:830} INFO - Processing file /home/airflow/.local/lib/python3.12/site-packages/airflow/example_dags/example_sla_dag.py for tasks to queue
[2026-01-29T02:04:55.462+0000] {logging_mixin.py:188} INFO - [2026-01-29T02:04:55.462+0000] {dagbag.py:545} INFO - Filling up the DagBag from /home/airflow/.local/lib/python3.12/site-packages/airflow/example_dags/example_sla_dag.py
[2026-01-29T02:04:55.471+0000] {processor.py:840} INFO - DAG(s) 'example_sla_dag' retrieved from /home/airflow/.local/lib/python3.12/site-packages/airflow/example_dags/example_sla_dag.py
[2026-01-29T02:04:55.492+0000] {logging_mixin.py:188} INFO - [2026-01-29T02:04:55.492+0000] {dag.py:3089} INFO - Sync 1 DAGs
[2026-01-29T02:04:55.520+0000] {logging_mixin.py:188} INFO - [2026-01-29T02:04:55.520+0000] {dag.py:3947} INFO - Setting next_dagrun for example_sla_dag to 2026-01-29 02:02:00+00:00, run_after=2026-01-29 02:04:00+00:00
[2026-01-29T02:04:55.542+0000] {processor.py:183} INFO - Processing /home/airflow/.local/lib/python3.12/site-packages/airflow/example_dags/example_sla_dag.py took 0.089 seconds
[2026-01-29T02:05:25.634+0000] {processor.py:161} INFO - Started process (PID=77542) to work on /home/airflow/.local/lib/python3.12/site-packages/airflow/example_dags/example_sla_dag.py
[2026-01-29T02:05:25.635+0000] {processor.py:830} INFO - Processing file /home/airflow/.local/lib/python3.12/site-packages/airflow/example_dags/example_sla_dag.py for tasks to queue
[2026-01-29T02:05:25.637+0000] {logging_mixin.py:188} INFO - [2026-01-29T02:05:25.636+0000] {dagbag.py:545} INFO - Filling up the DagBag from /home/airflow/.local/lib/python3.12/site-packages/airflow/example_dags/example_sla_dag.py
[2026-01-29T02:05:25.645+0000] {processor.py:840} INFO - DAG(s) 'example_sla_dag' retrieved from /home/airflow/.local/lib/python3.12/site-packages/airflow/example_dags/example_sla_dag.py
[2026-01-29T02:05:25.665+0000] {logging_mixin.py:188} INFO - [2026-01-29T02:05:25.665+0000] {dag.py:3089} INFO - Sync 1 DAGs
[2026-01-29T02:05:25.691+0000] {logging_mixin.py:188} INFO - [2026-01-29T02:05:25.691+0000] {dag.py:3947} INFO - Setting next_dagrun for example_sla_dag to 2026-01-29 02:02:00+00:00, run_after=2026-01-29 02:04:00+00:00
[2026-01-29T02:05:25.710+0000] {processor.py:183} INFO - Processing /home/airflow/.local/lib/python3.12/site-packages/airflow/example_dags/example_sla_dag.py took 0.082 seconds
[2026-01-29T02:05:55.927+0000] {processor.py:161} INFO - Started process (PID=77601) to work on /home/airflow/.local/lib/python3.12/site-packages/airflow/example_dags/example_sla_dag.py
[2026-01-29T02:05:55.928+0000] {processor.py:830} INFO - Processing file /home/airflow/.local/lib/python3.12/site-packages/airflow/example_dags/example_sla_dag.py for tasks to queue
[2026-01-29T02:05:55.930+0000] {logging_mixin.py:188} INFO - [2026-01-29T02:05:55.930+0000] {dagbag.py:545} INFO - Filling up the DagBag from /home/airflow/.local/lib/python3.12/site-packages/airflow/example_dags/example_sla_dag.py
[2026-01-29T02:05:55.938+0000] {processor.py:840} INFO - DAG(s) 'example_sla_dag' retrieved from /home/airflow/.local/lib/python3.12/site-packages/airflow/example_dags/example_sla_dag.py
[2026-01-29T02:05:55.958+0000] {logging_mixin.py:188} INFO - [2026-01-29T02:05:55.958+0000] {dag.py:3089} INFO - Sync 1 DAGs
[2026-01-29T02:05:55.984+0000] {logging_mixin.py:188} INFO - [2026-01-29T02:05:55.984+0000] {dag.py:3947} INFO - Setting next_dagrun for example_sla_dag to 2026-01-29 02:02:00+00:00, run_after=2026-01-29 02:04:00+00:00
[2026-01-29T02:05:56.003+0000] {processor.py:183} INFO - Processing /home/airflow/.local/lib/python3.12/site-packages/airflow/example_dags/example_sla_dag.py took 0.082 seconds
[2026-01-29T02:06:26.366+0000] {processor.py:161} INFO - Started process (PID=77665) to work on /home/airflow/.local/lib/python3.12/site-packages/airflow/example_dags/example_sla_dag.py
[2026-01-29T02:06:26.367+0000] {processor.py:830} INFO - Processing file /home/airflow/.local/lib/python3.12/site-packages/airflow/example_dags/example_sla_dag.py for tasks to queue
[2026-01-29T02:06:26.369+0000] {logging_mixin.py:188} INFO - [2026-01-29T02:06:26.368+0000] {dagbag.py:545} INFO - Filling up the DagBag from /home/airflow/.local/lib/python3.12/site-packages/airflow/example_dags/example_sla_dag.py
[2026-01-29T02:06:26.377+0000] {processor.py:840} INFO - DAG(s) 'example_sla_dag' retrieved from /home/airflow/.local/lib/python3.12/site-packages/airflow/example_dags/example_sla_dag.py
[2026-01-29T02:06:26.396+0000] {logging_mixin.py:188} INFO - [2026-01-29T02:06:26.396+0000] {dag.py:3089} INFO - Sync 1 DAGs
[2026-01-29T02:06:26.422+0000] {logging_mixin.py:188} INFO - [2026-01-29T02:06:26.421+0000] {dag.py:3947} INFO - Setting next_dagrun for example_sla_dag to 2026-01-29 02:04:00+00:00, run_after=2026-01-29 02:06:00+00:00
[2026-01-29T02:06:26.440+0000] {processor.py:183} INFO - Processing /home/airflow/.local/lib/python3.12/site-packages/airflow/example_dags/example_sla_dag.py took 0.080 seconds
[2026-01-29T02:06:56.888+0000] {processor.py:161} INFO - Started process (PID=77724) to work on /home/airflow/.local/lib/python3.12/site-packages/airflow/example_dags/example_sla_dag.py
[2026-01-29T02:06:56.890+0000] {processor.py:830} INFO - Processing file /home/airflow/.local/lib/python3.12/site-packages/airflow/example_dags/example_sla_dag.py for tasks to queue
[2026-01-29T02:06:56.892+0000] {logging_mixin.py:188} INFO - [2026-01-29T02:06:56.891+0000] {dagbag.py:545} INFO - Filling up the DagBag from /home/airflow/.local/lib/python3.12/site-packages/airflow/example_dags/example_sla_dag.py
[2026-01-29T02:06:56.902+0000] {processor.py:840} INFO - DAG(s) 'example_sla_dag' retrieved from /home/airflow/.local/lib/python3.12/site-packages/airflow/example_dags/example_sla_dag.py
[2026-01-29T02:06:56.924+0000] {logging_mixin.py:188} INFO - [2026-01-29T02:06:56.924+0000] {dag.py:3089} INFO - Sync 1 DAGs
[2026-01-29T02:06:56.951+0000] {logging_mixin.py:188} INFO - [2026-01-29T02:06:56.951+0000] {dag.py:3947} INFO - Setting next_dagrun for example_sla_dag to 2026-01-29 02:04:00+00:00, run_after=2026-01-29 02:06:00+00:00
[2026-01-29T02:06:56.973+0000] {processor.py:183} INFO - Processing /home/airflow/.local/lib/python3.12/site-packages/airflow/example_dags/example_sla_dag.py took 0.092 seconds
[2026-01-29T02:07:27.244+0000] {processor.py:161} INFO - Started process (PID=77788) to work on /home/airflow/.local/lib/python3.12/site-packages/airflow/example_dags/example_sla_dag.py
[2026-01-29T02:07:27.245+0000] {processor.py:830} INFO - Processing file /home/airflow/.local/lib/python3.12/site-packages/airflow/example_dags/example_sla_dag.py for tasks to queue
[2026-01-29T02:07:27.246+0000] {logging_mixin.py:188} INFO - [2026-01-29T02:07:27.246+0000] {dagbag.py:545} INFO - Filling up the DagBag from /home/airflow/.local/lib/python3.12/site-packages/airflow/example_dags/example_sla_dag.py
[2026-01-29T02:07:27.255+0000] {processor.py:840} INFO - DAG(s) 'example_sla_dag' retrieved from /home/airflow/.local/lib/python3.12/site-packages/airflow/example_dags/example_sla_dag.py
[2026-01-29T02:07:27.276+0000] {logging_mixin.py:188} INFO - [2026-01-29T02:07:27.276+0000] {dag.py:3089} INFO - Sync 1 DAGs
[2026-01-29T02:07:27.303+0000] {logging_mixin.py:188} INFO - [2026-01-29T02:07:27.303+0000] {dag.py:3947} INFO - Setting next_dagrun for example_sla_dag to 2026-01-29 02:04:00+00:00, run_after=2026-01-29 02:06:00+00:00
[2026-01-29T02:07:27.324+0000] {processor.py:183} INFO - Processing /home/airflow/.local/lib/python3.12/site-packages/airflow/example_dags/example_sla_dag.py took 0.086 seconds
[2026-01-29T02:07:57.752+0000] {processor.py:161} INFO - Started process (PID=77847) to work on /home/airflow/.local/lib/python3.12/site-packages/airflow/example_dags/example_sla_dag.py
[2026-01-29T02:07:57.753+0000] {processor.py:830} INFO - Processing file /home/airflow/.local/lib/python3.12/site-packages/airflow/example_dags/example_sla_dag.py for tasks to queue
[2026-01-29T02:07:57.754+0000] {logging_mixin.py:188} INFO - [2026-01-29T02:07:57.754+0000] {dagbag.py:545} INFO - Filling up the DagBag from /home/airflow/.local/lib/python3.12/site-packages/airflow/example_dags/example_sla_dag.py
[2026-01-29T02:07:57.762+0000] {processor.py:840} INFO - DAG(s) 'example_sla_dag' retrieved from /home/airflow/.local/lib/python3.12/site-packages/airflow/example_dags/example_sla_dag.py
[2026-01-29T02:07:57.782+0000] {logging_mixin.py:188} INFO - [2026-01-29T02:07:57.782+0000] {dag.py:3089} INFO - Sync 1 DAGs
[2026-01-29T02:07:57.809+0000] {logging_mixin.py:188} INFO - [2026-01-29T02:07:57.808+0000] {dag.py:3947} INFO - Setting next_dagrun for example_sla_dag to 2026-01-29 02:04:00+00:00, run_after=2026-01-29 02:06:00+00:00
[2026-01-29T02:07:57.830+0000] {processor.py:183} INFO - Processing /home/airflow/.local/lib/python3.12/site-packages/airflow/example_dags/example_sla_dag.py took 0.083 seconds
[2026-01-29T02:08:28.038+0000] {processor.py:161} INFO - Started process (PID=77911) to work on /home/airflow/.local/lib/python3.12/site-packages/airflow/example_dags/example_sla_dag.py
[2026-01-29T02:08:28.039+0000] {processor.py:830} INFO - Processing file /home/airflow/.local/lib/python3.12/site-packages/airflow/example_dags/example_sla_dag.py for tasks to queue
[2026-01-29T02:08:28.041+0000] {logging_mixin.py:188} INFO - [2026-01-29T02:08:28.040+0000] {dagbag.py:545} INFO - Filling up the DagBag from /home/airflow/.local/lib/python3.12/site-packages/airflow/example_dags/example_sla_dag.py
[2026-01-29T02:08:28.051+0000] {processor.py:840} INFO - DAG(s) 'example_sla_dag' retrieved from /home/airflow/.local/lib/python3.12/site-packages/airflow/example_dags/example_sla_dag.py
[2026-01-29T02:08:28.073+0000] {logging_mixin.py:188} INFO - [2026-01-29T02:08:28.072+0000] {dag.py:3089} INFO - Sync 1 DAGs
[2026-01-29T02:08:28.102+0000] {logging_mixin.py:188} INFO - [2026-01-29T02:08:28.101+0000] {dag.py:3947} INFO - Setting next_dagrun for example_sla_dag to 2026-01-29 02:06:00+00:00, run_after=2026-01-29 02:08:00+00:00
[2026-01-29T02:08:28.123+0000] {processor.py:183} INFO - Processing /home/airflow/.local/lib/python3.12/site-packages/airflow/example_dags/example_sla_dag.py took 0.093 seconds
[2026-01-29T02:08:58.551+0000] {processor.py:161} INFO - Started process (PID=77970) to work on /home/airflow/.local/lib/python3.12/site-packages/airflow/example_dags/example_sla_dag.py
[2026-01-29T02:08:58.552+0000] {processor.py:830} INFO - Processing file /home/airflow/.local/lib/python3.12/site-packages/airflow/example_dags/example_sla_dag.py for tasks to queue
[2026-01-29T02:08:58.554+0000] {logging_mixin.py:188} INFO - [2026-01-29T02:08:58.553+0000] {dagbag.py:545} INFO - Filling up the DagBag from /home/airflow/.local/lib/python3.12/site-packages/airflow/example_dags/example_sla_dag.py
[2026-01-29T02:08:58.562+0000] {processor.py:840} INFO - DAG(s) 'example_sla_dag' retrieved from /home/airflow/.local/lib/python3.12/site-packages/airflow/example_dags/example_sla_dag.py
[2026-01-29T02:08:58.582+0000] {logging_mixin.py:188} INFO - [2026-01-29T02:08:58.582+0000] {dag.py:3089} INFO - Sync 1 DAGs
[2026-01-29T02:08:58.607+0000] {logging_mixin.py:188} INFO - [2026-01-29T02:08:58.607+0000] {dag.py:3947} INFO - Setting next_dagrun for example_sla_dag to 2026-01-29 02:06:00+00:00, run_after=2026-01-29 02:08:00+00:00
[2026-01-29T02:08:58.628+0000] {processor.py:183} INFO - Processing /home/airflow/.local/lib/python3.12/site-packages/airflow/example_dags/example_sla_dag.py took 0.083 seconds
[2026-01-29T02:09:29.357+0000] {processor.py:161} INFO - Started process (PID=78034) to work on /home/airflow/.local/lib/python3.12/site-packages/airflow/example_dags/example_sla_dag.py
[2026-01-29T02:09:29.358+0000] {processor.py:830} INFO - Processing file /home/airflow/.local/lib/python3.12/site-packages/airflow/example_dags/example_sla_dag.py for tasks to queue
[2026-01-29T02:09:29.360+0000] {logging_mixin.py:188} INFO - [2026-01-29T02:09:29.360+0000] {dagbag.py:545} INFO - Filling up the DagBag from /home/airflow/.local/lib/python3.12/site-packages/airflow/example_dags/example_sla_dag.py
[2026-01-29T02:09:29.370+0000] {processor.py:840} INFO - DAG(s) 'example_sla_dag' retrieved from /home/airflow/.local/lib/python3.12/site-packages/airflow/example_dags/example_sla_dag.py
[2026-01-29T02:09:29.390+0000] {logging_mixin.py:188} INFO - [2026-01-29T02:09:29.390+0000] {dag.py:3089} INFO - Sync 1 DAGs
[2026-01-29T02:09:29.418+0000] {logging_mixin.py:188} INFO - [2026-01-29T02:09:29.418+0000] {dag.py:3947} INFO - Setting next_dagrun for example_sla_dag to 2026-01-29 02:06:00+00:00, run_after=2026-01-29 02:08:00+00:00
[2026-01-29T02:09:29.437+0000] {processor.py:183} INFO - Processing /home/airflow/.local/lib/python3.12/site-packages/airflow/example_dags/example_sla_dag.py took 0.087 seconds
[2026-01-29T02:09:59.734+0000] {processor.py:161} INFO - Started process (PID=78093) to work on /home/airflow/.local/lib/python3.12/site-packages/airflow/example_dags/example_sla_dag.py
[2026-01-29T02:09:59.735+0000] {processor.py:830} INFO - Processing file /home/airflow/.local/lib/python3.12/site-packages/airflow/example_dags/example_sla_dag.py for tasks to queue
[2026-01-29T02:09:59.737+0000] {logging_mixin.py:188} INFO - [2026-01-29T02:09:59.737+0000] {dagbag.py:545} INFO - Filling up the DagBag from /home/airflow/.local/lib/python3.12/site-packages/airflow/example_dags/example_sla_dag.py
[2026-01-29T02:09:59.747+0000] {processor.py:840} INFO - DAG(s) 'example_sla_dag' retrieved from /home/airflow/.local/lib/python3.12/site-packages/airflow/example_dags/example_sla_dag.py
[2026-01-29T02:09:59.766+0000] {logging_mixin.py:188} INFO - [2026-01-29T02:09:59.766+0000] {dag.py:3089} INFO - Sync 1 DAGs
[2026-01-29T02:09:59.791+0000] {logging_mixin.py:188} INFO - [2026-01-29T02:09:59.791+0000] {dag.py:3947} INFO - Setting next_dagrun for example_sla_dag to 2026-01-29 02:06:00+00:00, run_after=2026-01-29 02:08:00+00:00
[2026-01-29T02:09:59.812+0000] {processor.py:183} INFO - Processing /home/airflow/.local/lib/python3.12/site-packages/airflow/example_dags/example_sla_dag.py took 0.086 seconds
[2026-01-29T02:10:30.437+0000] {processor.py:161} INFO - Started process (PID=78157) to work on /home/airflow/.local/lib/python3.12/site-packages/airflow/example_dags/example_sla_dag.py
[2026-01-29T02:10:30.438+0000] {processor.py:830} INFO - Processing file /home/airflow/.local/lib/python3.12/site-packages/airflow/example_dags/example_sla_dag.py for tasks to queue
[2026-01-29T02:10:30.439+0000] {logging_mixin.py:188} INFO - [2026-01-29T02:10:30.439+0000] {dagbag.py:545} INFO - Filling up the DagBag from /home/airflow/.local/lib/python3.12/site-packages/airflow/example_dags/example_sla_dag.py
[2026-01-29T02:10:30.447+0000] {processor.py:840} INFO - DAG(s) 'example_sla_dag' retrieved from /home/airflow/.local/lib/python3.12/site-packages/airflow/example_dags/example_sla_dag.py
[2026-01-29T02:10:30.467+0000] {logging_mixin.py:188} INFO - [2026-01-29T02:10:30.467+0000] {dag.py:3089} INFO - Sync 1 DAGs
[2026-01-29T02:10:30.611+0000] {logging_mixin.py:188} INFO - [2026-01-29T02:10:30.611+0000] {dag.py:3947} INFO - Setting next_dagrun for example_sla_dag to 2026-01-29 02:08:00+00:00, run_after=2026-01-29 02:10:00+00:00
[2026-01-29T02:10:30.631+0000] {processor.py:183} INFO - Processing /home/airflow/.local/lib/python3.12/site-packages/airflow/example_dags/example_sla_dag.py took 0.200 seconds
[2026-01-29T02:11:01.331+0000] {processor.py:161} INFO - Started process (PID=78221) to work on /home/airflow/.local/lib/python3.12/site-packages/airflow/example_dags/example_sla_dag.py
[2026-01-29T02:11:01.332+0000] {processor.py:830} INFO - Processing file /home/airflow/.local/lib/python3.12/site-packages/airflow/example_dags/example_sla_dag.py for tasks to queue
[2026-01-29T02:11:01.334+0000] {logging_mixin.py:188} INFO - [2026-01-29T02:11:01.334+0000] {dagbag.py:545} INFO - Filling up the DagBag from /home/airflow/.local/lib/python3.12/site-packages/airflow/example_dags/example_sla_dag.py
[2026-01-29T02:11:01.343+0000] {processor.py:840} INFO - DAG(s) 'example_sla_dag' retrieved from /home/airflow/.local/lib/python3.12/site-packages/airflow/example_dags/example_sla_dag.py
[2026-01-29T02:11:01.364+0000] {logging_mixin.py:188} INFO - [2026-01-29T02:11:01.364+0000] {dag.py:3089} INFO - Sync 1 DAGs
[2026-01-29T02:11:01.393+0000] {logging_mixin.py:188} INFO - [2026-01-29T02:11:01.393+0000] {dag.py:3947} INFO - Setting next_dagrun for example_sla_dag to 2026-01-29 02:08:00+00:00, run_after=2026-01-29 02:10:00+00:00
[2026-01-29T02:11:01.415+0000] {processor.py:183} INFO - Processing /home/airflow/.local/lib/python3.12/site-packages/airflow/example_dags/example_sla_dag.py took 0.092 seconds
[2026-01-29T02:11:31.464+0000] {processor.py:161} INFO - Started process (PID=78280) to work on /home/airflow/.local/lib/python3.12/site-packages/airflow/example_dags/example_sla_dag.py
[2026-01-29T02:11:31.465+0000] {processor.py:830} INFO - Processing file /home/airflow/.local/lib/python3.12/site-packages/airflow/example_dags/example_sla_dag.py for tasks to queue
[2026-01-29T02:11:31.467+0000] {logging_mixin.py:188} INFO - [2026-01-29T02:11:31.467+0000] {dagbag.py:545} INFO - Filling up the DagBag from /home/airflow/.local/lib/python3.12/site-packages/airflow/example_dags/example_sla_dag.py
[2026-01-29T02:11:31.477+0000] {processor.py:840} INFO - DAG(s) 'example_sla_dag' retrieved from /home/airflow/.local/lib/python3.12/site-packages/airflow/example_dags/example_sla_dag.py
[2026-01-29T02:11:31.498+0000] {logging_mixin.py:188} INFO - [2026-01-29T02:11:31.498+0000] {dag.py:3089} INFO - Sync 1 DAGs
[2026-01-29T02:11:31.525+0000] {logging_mixin.py:188} INFO - [2026-01-29T02:11:31.525+0000] {dag.py:3947} INFO - Setting next_dagrun for example_sla_dag to 2026-01-29 02:08:00+00:00, run_after=2026-01-29 02:10:00+00:00
[2026-01-29T02:11:31.545+0000] {processor.py:183} INFO - Processing /home/airflow/.local/lib/python3.12/site-packages/airflow/example_dags/example_sla_dag.py took 0.089 seconds
[2026-01-29T02:12:01.640+0000] {processor.py:161} INFO - Started process (PID=78344) to work on /home/airflow/.local/lib/python3.12/site-packages/airflow/example_dags/example_sla_dag.py
[2026-01-29T02:12:01.641+0000] {processor.py:830} INFO - Processing file /home/airflow/.local/lib/python3.12/site-packages/airflow/example_dags/example_sla_dag.py for tasks to queue
[2026-01-29T02:12:01.643+0000] {logging_mixin.py:188} INFO - [2026-01-29T02:12:01.643+0000] {dagbag.py:545} INFO - Filling up the DagBag from /home/airflow/.local/lib/python3.12/site-packages/airflow/example_dags/example_sla_dag.py
[2026-01-29T02:12:01.656+0000] {processor.py:840} INFO - DAG(s) 'example_sla_dag' retrieved from /home/airflow/.local/lib/python3.12/site-packages/airflow/example_dags/example_sla_dag.py
[2026-01-29T02:12:01.682+0000] {logging_mixin.py:188} INFO - [2026-01-29T02:12:01.682+0000] {dag.py:3089} INFO - Sync 1 DAGs
[2026-01-29T02:12:01.724+0000] {logging_mixin.py:188} INFO - [2026-01-29T02:12:01.724+0000] {dag.py:3947} INFO - Setting next_dagrun for example_sla_dag to 2026-01-29 02:10:00+00:00, run_after=2026-01-29 02:12:00+00:00
[2026-01-29T02:12:01.763+0000] {processor.py:183} INFO - Processing /home/airflow/.local/lib/python3.12/site-packages/airflow/example_dags/example_sla_dag.py took 0.132 seconds
[2026-01-29T02:12:31.799+0000] {processor.py:161} INFO - Started process (PID=78403) to work on /home/airflow/.local/lib/python3.12/site-packages/airflow/example_dags/example_sla_dag.py
[2026-01-29T02:12:31.800+0000] {processor.py:830} INFO - Processing file /home/airflow/.local/lib/python3.12/site-packages/airflow/example_dags/example_sla_dag.py for tasks to queue
[2026-01-29T02:12:31.801+0000] {logging_mixin.py:188} INFO - [2026-01-29T02:12:31.801+0000] {dagbag.py:545} INFO - Filling up the DagBag from /home/airflow/.local/lib/python3.12/site-packages/airflow/example_dags/example_sla_dag.py
[2026-01-29T02:12:31.810+0000] {processor.py:840} INFO - DAG(s) 'example_sla_dag' retrieved from /home/airflow/.local/lib/python3.12/site-packages/airflow/example_dags/example_sla_dag.py
[2026-01-29T02:12:31.830+0000] {logging_mixin.py:188} INFO - [2026-01-29T02:12:31.830+0000] {dag.py:3089} INFO - Sync 1 DAGs
[2026-01-29T02:12:31.857+0000] {logging_mixin.py:188} INFO - [2026-01-29T02:12:31.857+0000] {dag.py:3947} INFO - Setting next_dagrun for example_sla_dag to 2026-01-29 02:10:00+00:00, run_after=2026-01-29 02:12:00+00:00
[2026-01-29T02:12:31.878+0000] {processor.py:183} INFO - Processing /home/airflow/.local/lib/python3.12/site-packages/airflow/example_dags/example_sla_dag.py took 0.084 seconds
[2026-01-29T02:13:02.371+0000] {processor.py:161} INFO - Started process (PID=78467) to work on /home/airflow/.local/lib/python3.12/site-packages/airflow/example_dags/example_sla_dag.py
[2026-01-29T02:13:02.372+0000] {processor.py:830} INFO - Processing file /home/airflow/.local/lib/python3.12/site-packages/airflow/example_dags/example_sla_dag.py for tasks to queue
[2026-01-29T02:13:02.375+0000] {logging_mixin.py:188} INFO - [2026-01-29T02:13:02.374+0000] {dagbag.py:545} INFO - Filling up the DagBag from /home/airflow/.local/lib/python3.12/site-packages/airflow/example_dags/example_sla_dag.py
[2026-01-29T02:13:02.386+0000] {processor.py:840} INFO - DAG(s) 'example_sla_dag' retrieved from /home/airflow/.local/lib/python3.12/site-packages/airflow/example_dags/example_sla_dag.py
[2026-01-29T02:13:02.408+0000] {logging_mixin.py:188} INFO - [2026-01-29T02:13:02.408+0000] {dag.py:3089} INFO - Sync 1 DAGs
[2026-01-29T02:13:02.442+0000] {logging_mixin.py:188} INFO - [2026-01-29T02:13:02.442+0000] {dag.py:3947} INFO - Setting next_dagrun for example_sla_dag to 2026-01-29 02:10:00+00:00, run_after=2026-01-29 02:12:00+00:00
[2026-01-29T02:13:02.466+0000] {processor.py:183} INFO - Processing /home/airflow/.local/lib/python3.12/site-packages/airflow/example_dags/example_sla_dag.py took 0.102 seconds
[2026-01-29T02:13:33.333+0000] {processor.py:161} INFO - Started process (PID=78526) to work on /home/airflow/.local/lib/python3.12/site-packages/airflow/example_dags/example_sla_dag.py
[2026-01-29T02:13:33.333+0000] {processor.py:830} INFO - Processing file /home/airflow/.local/lib/python3.12/site-packages/airflow/example_dags/example_sla_dag.py for tasks to queue
[2026-01-29T02:13:33.335+0000] {logging_mixin.py:188} INFO - [2026-01-29T02:13:33.334+0000] {dagbag.py:545} INFO - Filling up the DagBag from /home/airflow/.local/lib/python3.12/site-packages/airflow/example_dags/example_sla_dag.py
[2026-01-29T02:13:33.343+0000] {processor.py:840} INFO - DAG(s) 'example_sla_dag' retrieved from /home/airflow/.local/lib/python3.12/site-packages/airflow/example_dags/example_sla_dag.py
[2026-01-29T02:13:33.363+0000] {logging_mixin.py:188} INFO - [2026-01-29T02:13:33.362+0000] {dag.py:3089} INFO - Sync 1 DAGs
[2026-01-29T02:13:33.389+0000] {logging_mixin.py:188} INFO - [2026-01-29T02:13:33.389+0000] {dag.py:3947} INFO - Setting next_dagrun for example_sla_dag to 2026-01-29 02:10:00+00:00, run_after=2026-01-29 02:12:00+00:00
[2026-01-29T02:13:33.408+0000] {processor.py:183} INFO - Processing /home/airflow/.local/lib/python3.12/site-packages/airflow/example_dags/example_sla_dag.py took 0.082 seconds
[2026-01-29T02:14:03.593+0000] {processor.py:161} INFO - Started process (PID=78590) to work on /home/airflow/.local/lib/python3.12/site-packages/airflow/example_dags/example_sla_dag.py
[2026-01-29T02:14:03.594+0000] {processor.py:830} INFO - Processing file /home/airflow/.local/lib/python3.12/site-packages/airflow/example_dags/example_sla_dag.py for tasks to queue
[2026-01-29T02:14:03.596+0000] {logging_mixin.py:188} INFO - [2026-01-29T02:14:03.596+0000] {dagbag.py:545} INFO - Filling up the DagBag from /home/airflow/.local/lib/python3.12/site-packages/airflow/example_dags/example_sla_dag.py
[2026-01-29T02:14:03.606+0000] {processor.py:840} INFO - DAG(s) 'example_sla_dag' retrieved from /home/airflow/.local/lib/python3.12/site-packages/airflow/example_dags/example_sla_dag.py
[2026-01-29T02:14:03.626+0000] {logging_mixin.py:188} INFO - [2026-01-29T02:14:03.626+0000] {dag.py:3089} INFO - Sync 1 DAGs
[2026-01-29T02:14:03.659+0000] {logging_mixin.py:188} INFO - [2026-01-29T02:14:03.659+0000] {dag.py:3947} INFO - Setting next_dagrun for example_sla_dag to 2026-01-29 02:12:00+00:00, run_after=2026-01-29 02:14:00+00:00
[2026-01-29T02:14:03.680+0000] {processor.py:183} INFO - Processing /home/airflow/.local/lib/python3.12/site-packages/airflow/example_dags/example_sla_dag.py took 0.094 seconds
[2026-01-29T02:14:33.884+0000] {processor.py:161} INFO - Started process (PID=78649) to work on /home/airflow/.local/lib/python3.12/site-packages/airflow/example_dags/example_sla_dag.py
[2026-01-29T02:14:33.885+0000] {processor.py:830} INFO - Processing file /home/airflow/.local/lib/python3.12/site-packages/airflow/example_dags/example_sla_dag.py for tasks to queue
[2026-01-29T02:14:33.887+0000] {logging_mixin.py:188} INFO - [2026-01-29T02:14:33.886+0000] {dagbag.py:545} INFO - Filling up the DagBag from /home/airflow/.local/lib/python3.12/site-packages/airflow/example_dags/example_sla_dag.py
[2026-01-29T02:14:33.896+0000] {processor.py:840} INFO - DAG(s) 'example_sla_dag' retrieved from /home/airflow/.local/lib/python3.12/site-packages/airflow/example_dags/example_sla_dag.py
[2026-01-29T02:14:33.916+0000] {logging_mixin.py:188} INFO - [2026-01-29T02:14:33.916+0000] {dag.py:3089} INFO - Sync 1 DAGs
[2026-01-29T02:14:33.942+0000] {logging_mixin.py:188} INFO - [2026-01-29T02:14:33.942+0000] {dag.py:3947} INFO - Setting next_dagrun for example_sla_dag to 2026-01-29 02:12:00+00:00, run_after=2026-01-29 02:14:00+00:00
[2026-01-29T02:14:33.962+0000] {processor.py:183} INFO - Processing /home/airflow/.local/lib/python3.12/site-packages/airflow/example_dags/example_sla_dag.py took 0.084 seconds
[2026-01-29T02:15:04.298+0000] {processor.py:161} INFO - Started process (PID=78713) to work on /home/airflow/.local/lib/python3.12/site-packages/airflow/example_dags/example_sla_dag.py
[2026-01-29T02:15:04.299+0000] {processor.py:830} INFO - Processing file /home/airflow/.local/lib/python3.12/site-packages/airflow/example_dags/example_sla_dag.py for tasks to queue
[2026-01-29T02:15:04.301+0000] {logging_mixin.py:188} INFO - [2026-01-29T02:15:04.300+0000] {dagbag.py:545} INFO - Filling up the DagBag from /home/airflow/.local/lib/python3.12/site-packages/airflow/example_dags/example_sla_dag.py
[2026-01-29T02:15:04.310+0000] {processor.py:840} INFO - DAG(s) 'example_sla_dag' retrieved from /home/airflow/.local/lib/python3.12/site-packages/airflow/example_dags/example_sla_dag.py
[2026-01-29T02:15:04.334+0000] {logging_mixin.py:188} INFO - [2026-01-29T02:15:04.333+0000] {dag.py:3089} INFO - Sync 1 DAGs
[2026-01-29T02:15:04.360+0000] {logging_mixin.py:188} INFO - [2026-01-29T02:15:04.360+0000] {dag.py:3947} INFO - Setting next_dagrun for example_sla_dag to 2026-01-29 02:12:00+00:00, run_after=2026-01-29 02:14:00+00:00
[2026-01-29T02:15:04.381+0000] {processor.py:183} INFO - Processing /home/airflow/.local/lib/python3.12/site-packages/airflow/example_dags/example_sla_dag.py took 0.091 seconds
[2026-01-29T02:15:34.530+0000] {processor.py:161} INFO - Started process (PID=78772) to work on /home/airflow/.local/lib/python3.12/site-packages/airflow/example_dags/example_sla_dag.py
[2026-01-29T02:15:34.531+0000] {processor.py:830} INFO - Processing file /home/airflow/.local/lib/python3.12/site-packages/airflow/example_dags/example_sla_dag.py for tasks to queue
[2026-01-29T02:15:34.532+0000] {logging_mixin.py:188} INFO - [2026-01-29T02:15:34.532+0000] {dagbag.py:545} INFO - Filling up the DagBag from /home/airflow/.local/lib/python3.12/site-packages/airflow/example_dags/example_sla_dag.py
[2026-01-29T02:15:34.541+0000] {processor.py:840} INFO - DAG(s) 'example_sla_dag' retrieved from /home/airflow/.local/lib/python3.12/site-packages/airflow/example_dags/example_sla_dag.py
[2026-01-29T02:15:34.562+0000] {logging_mixin.py:188} INFO - [2026-01-29T02:15:34.562+0000] {dag.py:3089} INFO - Sync 1 DAGs
[2026-01-29T02:15:34.589+0000] {logging_mixin.py:188} INFO - [2026-01-29T02:15:34.589+0000] {dag.py:3947} INFO - Setting next_dagrun for example_sla_dag to 2026-01-29 02:12:00+00:00, run_after=2026-01-29 02:14:00+00:00
[2026-01-29T02:15:34.611+0000] {processor.py:183} INFO - Processing /home/airflow/.local/lib/python3.12/site-packages/airflow/example_dags/example_sla_dag.py took 0.087 seconds
[2026-01-29T02:16:04.789+0000] {processor.py:161} INFO - Started process (PID=78836) to work on /home/airflow/.local/lib/python3.12/site-packages/airflow/example_dags/example_sla_dag.py
[2026-01-29T02:16:04.789+0000] {processor.py:830} INFO - Processing file /home/airflow/.local/lib/python3.12/site-packages/airflow/example_dags/example_sla_dag.py for tasks to queue
[2026-01-29T02:16:04.791+0000] {logging_mixin.py:188} INFO - [2026-01-29T02:16:04.791+0000] {dagbag.py:545} INFO - Filling up the DagBag from /home/airflow/.local/lib/python3.12/site-packages/airflow/example_dags/example_sla_dag.py
[2026-01-29T02:16:04.801+0000] {processor.py:840} INFO - DAG(s) 'example_sla_dag' retrieved from /home/airflow/.local/lib/python3.12/site-packages/airflow/example_dags/example_sla_dag.py
[2026-01-29T02:16:04.821+0000] {logging_mixin.py:188} INFO - [2026-01-29T02:16:04.820+0000] {dag.py:3089} INFO - Sync 1 DAGs
[2026-01-29T02:16:04.846+0000] {logging_mixin.py:188} INFO - [2026-01-29T02:16:04.846+0000] {dag.py:3947} INFO - Setting next_dagrun for example_sla_dag to 2026-01-29 02:14:00+00:00, run_after=2026-01-29 02:16:00+00:00
[2026-01-29T02:16:04.868+0000] {processor.py:183} INFO - Processing /home/airflow/.local/lib/python3.12/site-packages/airflow/example_dags/example_sla_dag.py took 0.087 seconds
[2026-01-29T02:16:35.060+0000] {processor.py:161} INFO - Started process (PID=78895) to work on /home/airflow/.local/lib/python3.12/site-packages/airflow/example_dags/example_sla_dag.py
[2026-01-29T02:16:35.062+0000] {processor.py:830} INFO - Processing file /home/airflow/.local/lib/python3.12/site-packages/airflow/example_dags/example_sla_dag.py for tasks to queue
[2026-01-29T02:16:35.064+0000] {logging_mixin.py:188} INFO - [2026-01-29T02:16:35.063+0000] {dagbag.py:545} INFO - Filling up the DagBag from /home/airflow/.local/lib/python3.12/site-packages/airflow/example_dags/example_sla_dag.py
[2026-01-29T02:16:35.073+0000] {processor.py:840} INFO - DAG(s) 'example_sla_dag' retrieved from /home/airflow/.local/lib/python3.12/site-packages/airflow/example_dags/example_sla_dag.py
[2026-01-29T02:16:35.094+0000] {logging_mixin.py:188} INFO - [2026-01-29T02:16:35.093+0000] {dag.py:3089} INFO - Sync 1 DAGs
[2026-01-29T02:16:35.120+0000] {logging_mixin.py:188} INFO - [2026-01-29T02:16:35.119+0000] {dag.py:3947} INFO - Setting next_dagrun for example_sla_dag to 2026-01-29 02:14:00+00:00, run_after=2026-01-29 02:16:00+00:00
[2026-01-29T02:16:35.140+0000] {processor.py:183} INFO - Processing /home/airflow/.local/lib/python3.12/site-packages/airflow/example_dags/example_sla_dag.py took 0.087 seconds
[2026-01-29T02:17:05.398+0000] {processor.py:161} INFO - Started process (PID=78959) to work on /home/airflow/.local/lib/python3.12/site-packages/airflow/example_dags/example_sla_dag.py
[2026-01-29T02:17:05.399+0000] {processor.py:830} INFO - Processing file /home/airflow/.local/lib/python3.12/site-packages/airflow/example_dags/example_sla_dag.py for tasks to queue
[2026-01-29T02:17:05.400+0000] {logging_mixin.py:188} INFO - [2026-01-29T02:17:05.400+0000] {dagbag.py:545} INFO - Filling up the DagBag from /home/airflow/.local/lib/python3.12/site-packages/airflow/example_dags/example_sla_dag.py
[2026-01-29T02:17:05.409+0000] {processor.py:840} INFO - DAG(s) 'example_sla_dag' retrieved from /home/airflow/.local/lib/python3.12/site-packages/airflow/example_dags/example_sla_dag.py
[2026-01-29T02:17:05.428+0000] {logging_mixin.py:188} INFO - [2026-01-29T02:17:05.428+0000] {dag.py:3089} INFO - Sync 1 DAGs
[2026-01-29T02:17:05.455+0000] {logging_mixin.py:188} INFO - [2026-01-29T02:17:05.454+0000] {dag.py:3947} INFO - Setting next_dagrun for example_sla_dag to 2026-01-29 02:14:00+00:00, run_after=2026-01-29 02:16:00+00:00
[2026-01-29T02:17:05.476+0000] {processor.py:183} INFO - Processing /home/airflow/.local/lib/python3.12/site-packages/airflow/example_dags/example_sla_dag.py took 0.084 seconds
[2026-01-29T02:17:35.678+0000] {processor.py:161} INFO - Started process (PID=79018) to work on /home/airflow/.local/lib/python3.12/site-packages/airflow/example_dags/example_sla_dag.py
[2026-01-29T02:17:35.679+0000] {processor.py:830} INFO - Processing file /home/airflow/.local/lib/python3.12/site-packages/airflow/example_dags/example_sla_dag.py for tasks to queue
[2026-01-29T02:17:35.681+0000] {logging_mixin.py:188} INFO - [2026-01-29T02:17:35.680+0000] {dagbag.py:545} INFO - Filling up the DagBag from /home/airflow/.local/lib/python3.12/site-packages/airflow/example_dags/example_sla_dag.py
[2026-01-29T02:17:35.689+0000] {processor.py:840} INFO - DAG(s) 'example_sla_dag' retrieved from /home/airflow/.local/lib/python3.12/site-packages/airflow/example_dags/example_sla_dag.py
[2026-01-29T02:17:35.708+0000] {logging_mixin.py:188} INFO - [2026-01-29T02:17:35.707+0000] {dag.py:3089} INFO - Sync 1 DAGs
[2026-01-29T02:17:35.734+0000] {logging_mixin.py:188} INFO - [2026-01-29T02:17:35.733+0000] {dag.py:3947} INFO - Setting next_dagrun for example_sla_dag to 2026-01-29 02:14:00+00:00, run_after=2026-01-29 02:16:00+00:00
[2026-01-29T02:17:35.751+0000] {processor.py:183} INFO - Processing /home/airflow/.local/lib/python3.12/site-packages/airflow/example_dags/example_sla_dag.py took 0.080 seconds
[2026-01-29T02:18:05.930+0000] {processor.py:161} INFO - Started process (PID=79082) to work on /home/airflow/.local/lib/python3.12/site-packages/airflow/example_dags/example_sla_dag.py
[2026-01-29T02:18:05.930+0000] {processor.py:830} INFO - Processing file /home/airflow/.local/lib/python3.12/site-packages/airflow/example_dags/example_sla_dag.py for tasks to queue
[2026-01-29T02:18:05.932+0000] {logging_mixin.py:188} INFO - [2026-01-29T02:18:05.932+0000] {dagbag.py:545} INFO - Filling up the DagBag from /home/airflow/.local/lib/python3.12/site-packages/airflow/example_dags/example_sla_dag.py
[2026-01-29T02:18:05.941+0000] {processor.py:840} INFO - DAG(s) 'example_sla_dag' retrieved from /home/airflow/.local/lib/python3.12/site-packages/airflow/example_dags/example_sla_dag.py
[2026-01-29T02:18:05.960+0000] {logging_mixin.py:188} INFO - [2026-01-29T02:18:05.959+0000] {dag.py:3089} INFO - Sync 1 DAGs
[2026-01-29T02:18:05.986+0000] {logging_mixin.py:188} INFO - [2026-01-29T02:18:05.985+0000] {dag.py:3947} INFO - Setting next_dagrun for example_sla_dag to 2026-01-29 02:16:00+00:00, run_after=2026-01-29 02:18:00+00:00
[2026-01-29T02:18:06.005+0000] {processor.py:183} INFO - Processing /home/airflow/.local/lib/python3.12/site-packages/airflow/example_dags/example_sla_dag.py took 0.082 seconds
[2026-01-29T02:18:36.345+0000] {processor.py:161} INFO - Started process (PID=79141) to work on /home/airflow/.local/lib/python3.12/site-packages/airflow/example_dags/example_sla_dag.py
[2026-01-29T02:18:36.346+0000] {processor.py:830} INFO - Processing file /home/airflow/.local/lib/python3.12/site-packages/airflow/example_dags/example_sla_dag.py for tasks to queue
[2026-01-29T02:18:36.348+0000] {logging_mixin.py:188} INFO - [2026-01-29T02:18:36.348+0000] {dagbag.py:545} INFO - Filling up the DagBag from /home/airflow/.local/lib/python3.12/site-packages/airflow/example_dags/example_sla_dag.py
[2026-01-29T02:18:36.358+0000] {processor.py:840} INFO - DAG(s) 'example_sla_dag' retrieved from /home/airflow/.local/lib/python3.12/site-packages/airflow/example_dags/example_sla_dag.py
[2026-01-29T02:18:36.379+0000] {logging_mixin.py:188} INFO - [2026-01-29T02:18:36.379+0000] {dag.py:3089} INFO - Sync 1 DAGs
[2026-01-29T02:18:36.406+0000] {logging_mixin.py:188} INFO - [2026-01-29T02:18:36.406+0000] {dag.py:3947} INFO - Setting next_dagrun for example_sla_dag to 2026-01-29 02:16:00+00:00, run_after=2026-01-29 02:18:00+00:00
[2026-01-29T02:18:36.426+0000] {processor.py:183} INFO - Processing /home/airflow/.local/lib/python3.12/site-packages/airflow/example_dags/example_sla_dag.py took 0.088 seconds
[2026-01-29T02:19:06.567+0000] {processor.py:161} INFO - Started process (PID=79205) to work on /home/airflow/.local/lib/python3.12/site-packages/airflow/example_dags/example_sla_dag.py
[2026-01-29T02:19:06.567+0000] {processor.py:830} INFO - Processing file /home/airflow/.local/lib/python3.12/site-packages/airflow/example_dags/example_sla_dag.py for tasks to queue
[2026-01-29T02:19:06.569+0000] {logging_mixin.py:188} INFO - [2026-01-29T02:19:06.569+0000] {dagbag.py:545} INFO - Filling up the DagBag from /home/airflow/.local/lib/python3.12/site-packages/airflow/example_dags/example_sla_dag.py
[2026-01-29T02:19:06.578+0000] {processor.py:840} INFO - DAG(s) 'example_sla_dag' retrieved from /home/airflow/.local/lib/python3.12/site-packages/airflow/example_dags/example_sla_dag.py
[2026-01-29T02:19:06.597+0000] {logging_mixin.py:188} INFO - [2026-01-29T02:19:06.597+0000] {dag.py:3089} INFO - Sync 1 DAGs
[2026-01-29T02:19:06.625+0000] {logging_mixin.py:188} INFO - [2026-01-29T02:19:06.625+0000] {dag.py:3947} INFO - Setting next_dagrun for example_sla_dag to 2026-01-29 02:16:00+00:00, run_after=2026-01-29 02:18:00+00:00
[2026-01-29T02:19:06.646+0000] {processor.py:183} INFO - Processing /home/airflow/.local/lib/python3.12/site-packages/airflow/example_dags/example_sla_dag.py took 0.086 seconds
[2026-01-29T02:19:36.833+0000] {processor.py:161} INFO - Started process (PID=79264) to work on /home/airflow/.local/lib/python3.12/site-packages/airflow/example_dags/example_sla_dag.py
[2026-01-29T02:19:36.834+0000] {processor.py:830} INFO - Processing file /home/airflow/.local/lib/python3.12/site-packages/airflow/example_dags/example_sla_dag.py for tasks to queue
[2026-01-29T02:19:36.835+0000] {logging_mixin.py:188} INFO - [2026-01-29T02:19:36.835+0000] {dagbag.py:545} INFO - Filling up the DagBag from /home/airflow/.local/lib/python3.12/site-packages/airflow/example_dags/example_sla_dag.py
[2026-01-29T02:19:36.844+0000] {processor.py:840} INFO - DAG(s) 'example_sla_dag' retrieved from /home/airflow/.local/lib/python3.12/site-packages/airflow/example_dags/example_sla_dag.py
[2026-01-29T02:19:36.863+0000] {logging_mixin.py:188} INFO - [2026-01-29T02:19:36.863+0000] {dag.py:3089} INFO - Sync 1 DAGs
[2026-01-29T02:19:36.889+0000] {logging_mixin.py:188} INFO - [2026-01-29T02:19:36.889+0000] {dag.py:3947} INFO - Setting next_dagrun for example_sla_dag to 2026-01-29 02:16:00+00:00, run_after=2026-01-29 02:18:00+00:00
[2026-01-29T02:19:36.909+0000] {processor.py:183} INFO - Processing /home/airflow/.local/lib/python3.12/site-packages/airflow/example_dags/example_sla_dag.py took 0.082 seconds
[2026-01-29T02:20:07.030+0000] {processor.py:161} INFO - Started process (PID=79328) to work on /home/airflow/.local/lib/python3.12/site-packages/airflow/example_dags/example_sla_dag.py
[2026-01-29T02:20:07.031+0000] {processor.py:830} INFO - Processing file /home/airflow/.local/lib/python3.12/site-packages/airflow/example_dags/example_sla_dag.py for tasks to queue
[2026-01-29T02:20:07.033+0000] {logging_mixin.py:188} INFO - [2026-01-29T02:20:07.032+0000] {dagbag.py:545} INFO - Filling up the DagBag from /home/airflow/.local/lib/python3.12/site-packages/airflow/example_dags/example_sla_dag.py
[2026-01-29T02:20:07.042+0000] {processor.py:840} INFO - DAG(s) 'example_sla_dag' retrieved from /home/airflow/.local/lib/python3.12/site-packages/airflow/example_dags/example_sla_dag.py
[2026-01-29T02:20:07.062+0000] {logging_mixin.py:188} INFO - [2026-01-29T02:20:07.062+0000] {dag.py:3089} INFO - Sync 1 DAGs
[2026-01-29T02:20:07.089+0000] {logging_mixin.py:188} INFO - [2026-01-29T02:20:07.088+0000] {dag.py:3947} INFO - Setting next_dagrun for example_sla_dag to 2026-01-29 02:18:00+00:00, run_after=2026-01-29 02:20:00+00:00
[2026-01-29T02:20:07.113+0000] {processor.py:183} INFO - Processing /home/airflow/.local/lib/python3.12/site-packages/airflow/example_dags/example_sla_dag.py took 0.090 seconds
[2026-01-29T02:20:37.275+0000] {processor.py:161} INFO - Started process (PID=79387) to work on /home/airflow/.local/lib/python3.12/site-packages/airflow/example_dags/example_sla_dag.py
[2026-01-29T02:20:37.276+0000] {processor.py:830} INFO - Processing file /home/airflow/.local/lib/python3.12/site-packages/airflow/example_dags/example_sla_dag.py for tasks to queue
[2026-01-29T02:20:37.278+0000] {logging_mixin.py:188} INFO - [2026-01-29T02:20:37.278+0000] {dagbag.py:545} INFO - Filling up the DagBag from /home/airflow/.local/lib/python3.12/site-packages/airflow/example_dags/example_sla_dag.py
[2026-01-29T02:20:37.289+0000] {processor.py:840} INFO - DAG(s) 'example_sla_dag' retrieved from /home/airflow/.local/lib/python3.12/site-packages/airflow/example_dags/example_sla_dag.py
[2026-01-29T02:20:37.311+0000] {logging_mixin.py:188} INFO - [2026-01-29T02:20:37.311+0000] {dag.py:3089} INFO - Sync 1 DAGs
[2026-01-29T02:20:37.341+0000] {logging_mixin.py:188} INFO - [2026-01-29T02:20:37.341+0000] {dag.py:3947} INFO - Setting next_dagrun for example_sla_dag to 2026-01-29 02:18:00+00:00, run_after=2026-01-29 02:20:00+00:00
[2026-01-29T02:20:37.361+0000] {processor.py:183} INFO - Processing /home/airflow/.local/lib/python3.12/site-packages/airflow/example_dags/example_sla_dag.py took 0.094 seconds
[2026-01-29T02:21:08.007+0000] {processor.py:161} INFO - Started process (PID=79457) to work on /home/airflow/.local/lib/python3.12/site-packages/airflow/example_dags/example_sla_dag.py
[2026-01-29T02:21:08.008+0000] {processor.py:830} INFO - Processing file /home/airflow/.local/lib/python3.12/site-packages/airflow/example_dags/example_sla_dag.py for tasks to queue
[2026-01-29T02:21:08.010+0000] {logging_mixin.py:188} INFO - [2026-01-29T02:21:08.009+0000] {dagbag.py:545} INFO - Filling up the DagBag from /home/airflow/.local/lib/python3.12/site-packages/airflow/example_dags/example_sla_dag.py
[2026-01-29T02:21:08.018+0000] {processor.py:840} INFO - DAG(s) 'example_sla_dag' retrieved from /home/airflow/.local/lib/python3.12/site-packages/airflow/example_dags/example_sla_dag.py
[2026-01-29T02:21:08.037+0000] {logging_mixin.py:188} INFO - [2026-01-29T02:21:08.037+0000] {dag.py:3089} INFO - Sync 1 DAGs
[2026-01-29T02:21:08.063+0000] {logging_mixin.py:188} INFO - [2026-01-29T02:21:08.063+0000] {dag.py:3947} INFO - Setting next_dagrun for example_sla_dag to 2026-01-29 02:18:00+00:00, run_after=2026-01-29 02:20:00+00:00
[2026-01-29T02:21:08.087+0000] {processor.py:183} INFO - Processing /home/airflow/.local/lib/python3.12/site-packages/airflow/example_dags/example_sla_dag.py took 0.087 seconds
[2026-01-29T02:21:38.253+0000] {processor.py:161} INFO - Started process (PID=79516) to work on /home/airflow/.local/lib/python3.12/site-packages/airflow/example_dags/example_sla_dag.py
[2026-01-29T02:21:38.255+0000] {processor.py:830} INFO - Processing file /home/airflow/.local/lib/python3.12/site-packages/airflow/example_dags/example_sla_dag.py for tasks to queue
[2026-01-29T02:21:38.256+0000] {logging_mixin.py:188} INFO - [2026-01-29T02:21:38.256+0000] {dagbag.py:545} INFO - Filling up the DagBag from /home/airflow/.local/lib/python3.12/site-packages/airflow/example_dags/example_sla_dag.py
[2026-01-29T02:21:38.267+0000] {processor.py:840} INFO - DAG(s) 'example_sla_dag' retrieved from /home/airflow/.local/lib/python3.12/site-packages/airflow/example_dags/example_sla_dag.py
[2026-01-29T02:21:38.288+0000] {logging_mixin.py:188} INFO - [2026-01-29T02:21:38.288+0000] {dag.py:3089} INFO - Sync 1 DAGs
[2026-01-29T02:21:38.316+0000] {logging_mixin.py:188} INFO - [2026-01-29T02:21:38.316+0000] {dag.py:3947} INFO - Setting next_dagrun for example_sla_dag to 2026-01-29 02:18:00+00:00, run_after=2026-01-29 02:20:00+00:00
[2026-01-29T02:21:38.340+0000] {processor.py:183} INFO - Processing /home/airflow/.local/lib/python3.12/site-packages/airflow/example_dags/example_sla_dag.py took 0.093 seconds
[2026-01-29T02:22:08.465+0000] {processor.py:161} INFO - Started process (PID=79580) to work on /home/airflow/.local/lib/python3.12/site-packages/airflow/example_dags/example_sla_dag.py
[2026-01-29T02:22:08.465+0000] {processor.py:830} INFO - Processing file /home/airflow/.local/lib/python3.12/site-packages/airflow/example_dags/example_sla_dag.py for tasks to queue
[2026-01-29T02:22:08.467+0000] {logging_mixin.py:188} INFO - [2026-01-29T02:22:08.467+0000] {dagbag.py:545} INFO - Filling up the DagBag from /home/airflow/.local/lib/python3.12/site-packages/airflow/example_dags/example_sla_dag.py
[2026-01-29T02:22:08.476+0000] {processor.py:840} INFO - DAG(s) 'example_sla_dag' retrieved from /home/airflow/.local/lib/python3.12/site-packages/airflow/example_dags/example_sla_dag.py
[2026-01-29T02:22:08.495+0000] {logging_mixin.py:188} INFO - [2026-01-29T02:22:08.495+0000] {dag.py:3089} INFO - Sync 1 DAGs
[2026-01-29T02:22:08.521+0000] {logging_mixin.py:188} INFO - [2026-01-29T02:22:08.520+0000] {dag.py:3947} INFO - Setting next_dagrun for example_sla_dag to 2026-01-29 02:20:00+00:00, run_after=2026-01-29 02:22:00+00:00
[2026-01-29T02:22:08.540+0000] {processor.py:183} INFO - Processing /home/airflow/.local/lib/python3.12/site-packages/airflow/example_dags/example_sla_dag.py took 0.082 seconds
[2026-01-29T02:22:39.143+0000] {processor.py:161} INFO - Started process (PID=79639) to work on /home/airflow/.local/lib/python3.12/site-packages/airflow/example_dags/example_sla_dag.py
[2026-01-29T02:22:39.144+0000] {processor.py:830} INFO - Processing file /home/airflow/.local/lib/python3.12/site-packages/airflow/example_dags/example_sla_dag.py for tasks to queue
[2026-01-29T02:22:39.147+0000] {logging_mixin.py:188} INFO - [2026-01-29T02:22:39.146+0000] {dagbag.py:545} INFO - Filling up the DagBag from /home/airflow/.local/lib/python3.12/site-packages/airflow/example_dags/example_sla_dag.py
[2026-01-29T02:22:39.157+0000] {processor.py:840} INFO - DAG(s) 'example_sla_dag' retrieved from /home/airflow/.local/lib/python3.12/site-packages/airflow/example_dags/example_sla_dag.py
[2026-01-29T02:22:39.178+0000] {logging_mixin.py:188} INFO - [2026-01-29T02:22:39.178+0000] {dag.py:3089} INFO - Sync 1 DAGs
[2026-01-29T02:22:39.207+0000] {logging_mixin.py:188} INFO - [2026-01-29T02:22:39.207+0000] {dag.py:3947} INFO - Setting next_dagrun for example_sla_dag to 2026-01-29 02:20:00+00:00, run_after=2026-01-29 02:22:00+00:00
[2026-01-29T02:22:39.228+0000] {processor.py:183} INFO - Processing /home/airflow/.local/lib/python3.12/site-packages/airflow/example_dags/example_sla_dag.py took 0.092 seconds
[2026-01-29T02:23:09.854+0000] {processor.py:161} INFO - Started process (PID=79703) to work on /home/airflow/.local/lib/python3.12/site-packages/airflow/example_dags/example_sla_dag.py
[2026-01-29T02:23:09.855+0000] {processor.py:830} INFO - Processing file /home/airflow/.local/lib/python3.12/site-packages/airflow/example_dags/example_sla_dag.py for tasks to queue
[2026-01-29T02:23:09.857+0000] {logging_mixin.py:188} INFO - [2026-01-29T02:23:09.857+0000] {dagbag.py:545} INFO - Filling up the DagBag from /home/airflow/.local/lib/python3.12/site-packages/airflow/example_dags/example_sla_dag.py
[2026-01-29T02:23:09.867+0000] {processor.py:840} INFO - DAG(s) 'example_sla_dag' retrieved from /home/airflow/.local/lib/python3.12/site-packages/airflow/example_dags/example_sla_dag.py
[2026-01-29T02:23:09.889+0000] {logging_mixin.py:188} INFO - [2026-01-29T02:23:09.889+0000] {dag.py:3089} INFO - Sync 1 DAGs
[2026-01-29T02:23:09.925+0000] {logging_mixin.py:188} INFO - [2026-01-29T02:23:09.924+0000] {dag.py:3947} INFO - Setting next_dagrun for example_sla_dag to 2026-01-29 02:20:00+00:00, run_after=2026-01-29 02:22:00+00:00
[2026-01-29T02:23:09.948+0000] {processor.py:183} INFO - Processing /home/airflow/.local/lib/python3.12/site-packages/airflow/example_dags/example_sla_dag.py took 0.102 seconds
[2026-01-29T02:23:40.063+0000] {processor.py:161} INFO - Started process (PID=79762) to work on /home/airflow/.local/lib/python3.12/site-packages/airflow/example_dags/example_sla_dag.py
[2026-01-29T02:23:40.065+0000] {processor.py:830} INFO - Processing file /home/airflow/.local/lib/python3.12/site-packages/airflow/example_dags/example_sla_dag.py for tasks to queue
[2026-01-29T02:23:40.067+0000] {logging_mixin.py:188} INFO - [2026-01-29T02:23:40.066+0000] {dagbag.py:545} INFO - Filling up the DagBag from /home/airflow/.local/lib/python3.12/site-packages/airflow/example_dags/example_sla_dag.py
[2026-01-29T02:23:40.077+0000] {processor.py:840} INFO - DAG(s) 'example_sla_dag' retrieved from /home/airflow/.local/lib/python3.12/site-packages/airflow/example_dags/example_sla_dag.py
[2026-01-29T02:23:40.098+0000] {logging_mixin.py:188} INFO - [2026-01-29T02:23:40.097+0000] {dag.py:3089} INFO - Sync 1 DAGs
[2026-01-29T02:23:40.125+0000] {logging_mixin.py:188} INFO - [2026-01-29T02:23:40.125+0000] {dag.py:3947} INFO - Setting next_dagrun for example_sla_dag to 2026-01-29 02:20:00+00:00, run_after=2026-01-29 02:22:00+00:00
[2026-01-29T02:23:40.144+0000] {processor.py:183} INFO - Processing /home/airflow/.local/lib/python3.12/site-packages/airflow/example_dags/example_sla_dag.py took 0.088 seconds
[2026-01-29T02:24:10.199+0000] {processor.py:161} INFO - Started process (PID=79826) to work on /home/airflow/.local/lib/python3.12/site-packages/airflow/example_dags/example_sla_dag.py
[2026-01-29T02:24:10.200+0000] {processor.py:830} INFO - Processing file /home/airflow/.local/lib/python3.12/site-packages/airflow/example_dags/example_sla_dag.py for tasks to queue
[2026-01-29T02:24:10.201+0000] {logging_mixin.py:188} INFO - [2026-01-29T02:24:10.201+0000] {dagbag.py:545} INFO - Filling up the DagBag from /home/airflow/.local/lib/python3.12/site-packages/airflow/example_dags/example_sla_dag.py
[2026-01-29T02:24:10.210+0000] {processor.py:840} INFO - DAG(s) 'example_sla_dag' retrieved from /home/airflow/.local/lib/python3.12/site-packages/airflow/example_dags/example_sla_dag.py
[2026-01-29T02:24:10.230+0000] {logging_mixin.py:188} INFO - [2026-01-29T02:24:10.230+0000] {dag.py:3089} INFO - Sync 1 DAGs
[2026-01-29T02:24:10.259+0000] {logging_mixin.py:188} INFO - [2026-01-29T02:24:10.259+0000] {dag.py:3947} INFO - Setting next_dagrun for example_sla_dag to 2026-01-29 02:22:00+00:00, run_after=2026-01-29 02:24:00+00:00
[2026-01-29T02:24:10.278+0000] {processor.py:183} INFO - Processing /home/airflow/.local/lib/python3.12/site-packages/airflow/example_dags/example_sla_dag.py took 0.085 seconds
[2026-01-29T02:24:40.631+0000] {processor.py:161} INFO - Started process (PID=79885) to work on /home/airflow/.local/lib/python3.12/site-packages/airflow/example_dags/example_sla_dag.py
[2026-01-29T02:24:40.632+0000] {processor.py:830} INFO - Processing file /home/airflow/.local/lib/python3.12/site-packages/airflow/example_dags/example_sla_dag.py for tasks to queue
[2026-01-29T02:24:40.634+0000] {logging_mixin.py:188} INFO - [2026-01-29T02:24:40.633+0000] {dagbag.py:545} INFO - Filling up the DagBag from /home/airflow/.local/lib/python3.12/site-packages/airflow/example_dags/example_sla_dag.py
[2026-01-29T02:24:40.644+0000] {processor.py:840} INFO - DAG(s) 'example_sla_dag' retrieved from /home/airflow/.local/lib/python3.12/site-packages/airflow/example_dags/example_sla_dag.py
[2026-01-29T02:24:40.666+0000] {logging_mixin.py:188} INFO - [2026-01-29T02:24:40.666+0000] {dag.py:3089} INFO - Sync 1 DAGs
[2026-01-29T02:24:40.693+0000] {logging_mixin.py:188} INFO - [2026-01-29T02:24:40.693+0000] {dag.py:3947} INFO - Setting next_dagrun for example_sla_dag to 2026-01-29 02:22:00+00:00, run_after=2026-01-29 02:24:00+00:00
[2026-01-29T02:24:40.715+0000] {processor.py:183} INFO - Processing /home/airflow/.local/lib/python3.12/site-packages/airflow/example_dags/example_sla_dag.py took 0.092 seconds
[2026-01-29T02:25:10.825+0000] {processor.py:161} INFO - Started process (PID=79949) to work on /home/airflow/.local/lib/python3.12/site-packages/airflow/example_dags/example_sla_dag.py
[2026-01-29T02:25:10.825+0000] {processor.py:830} INFO - Processing file /home/airflow/.local/lib/python3.12/site-packages/airflow/example_dags/example_sla_dag.py for tasks to queue
[2026-01-29T02:25:10.827+0000] {logging_mixin.py:188} INFO - [2026-01-29T02:25:10.827+0000] {dagbag.py:545} INFO - Filling up the DagBag from /home/airflow/.local/lib/python3.12/site-packages/airflow/example_dags/example_sla_dag.py
[2026-01-29T02:25:10.835+0000] {processor.py:840} INFO - DAG(s) 'example_sla_dag' retrieved from /home/airflow/.local/lib/python3.12/site-packages/airflow/example_dags/example_sla_dag.py
[2026-01-29T02:25:10.855+0000] {logging_mixin.py:188} INFO - [2026-01-29T02:25:10.855+0000] {dag.py:3089} INFO - Sync 1 DAGs
[2026-01-29T02:25:10.881+0000] {logging_mixin.py:188} INFO - [2026-01-29T02:25:10.881+0000] {dag.py:3947} INFO - Setting next_dagrun for example_sla_dag to 2026-01-29 02:22:00+00:00, run_after=2026-01-29 02:24:00+00:00
[2026-01-29T02:25:10.900+0000] {processor.py:183} INFO - Processing /home/airflow/.local/lib/python3.12/site-packages/airflow/example_dags/example_sla_dag.py took 0.081 seconds
[2026-01-29T02:25:41.071+0000] {processor.py:161} INFO - Started process (PID=80008) to work on /home/airflow/.local/lib/python3.12/site-packages/airflow/example_dags/example_sla_dag.py
[2026-01-29T02:25:41.072+0000] {processor.py:830} INFO - Processing file /home/airflow/.local/lib/python3.12/site-packages/airflow/example_dags/example_sla_dag.py for tasks to queue
[2026-01-29T02:25:41.073+0000] {logging_mixin.py:188} INFO - [2026-01-29T02:25:41.073+0000] {dagbag.py:545} INFO - Filling up the DagBag from /home/airflow/.local/lib/python3.12/site-packages/airflow/example_dags/example_sla_dag.py
[2026-01-29T02:25:41.082+0000] {processor.py:840} INFO - DAG(s) 'example_sla_dag' retrieved from /home/airflow/.local/lib/python3.12/site-packages/airflow/example_dags/example_sla_dag.py
[2026-01-29T02:25:41.101+0000] {logging_mixin.py:188} INFO - [2026-01-29T02:25:41.101+0000] {dag.py:3089} INFO - Sync 1 DAGs
[2026-01-29T02:25:41.128+0000] {logging_mixin.py:188} INFO - [2026-01-29T02:25:41.128+0000] {dag.py:3947} INFO - Setting next_dagrun for example_sla_dag to 2026-01-29 02:22:00+00:00, run_after=2026-01-29 02:24:00+00:00
[2026-01-29T02:25:41.146+0000] {processor.py:183} INFO - Processing /home/airflow/.local/lib/python3.12/site-packages/airflow/example_dags/example_sla_dag.py took 0.082 seconds
[2026-01-29T02:26:11.250+0000] {processor.py:161} INFO - Started process (PID=80072) to work on /home/airflow/.local/lib/python3.12/site-packages/airflow/example_dags/example_sla_dag.py
[2026-01-29T02:26:11.250+0000] {processor.py:830} INFO - Processing file /home/airflow/.local/lib/python3.12/site-packages/airflow/example_dags/example_sla_dag.py for tasks to queue
[2026-01-29T02:26:11.252+0000] {logging_mixin.py:188} INFO - [2026-01-29T02:26:11.251+0000] {dagbag.py:545} INFO - Filling up the DagBag from /home/airflow/.local/lib/python3.12/site-packages/airflow/example_dags/example_sla_dag.py
[2026-01-29T02:26:11.260+0000] {processor.py:840} INFO - DAG(s) 'example_sla_dag' retrieved from /home/airflow/.local/lib/python3.12/site-packages/airflow/example_dags/example_sla_dag.py
[2026-01-29T02:26:11.280+0000] {logging_mixin.py:188} INFO - [2026-01-29T02:26:11.280+0000] {dag.py:3089} INFO - Sync 1 DAGs
[2026-01-29T02:26:11.306+0000] {logging_mixin.py:188} INFO - [2026-01-29T02:26:11.305+0000] {dag.py:3947} INFO - Setting next_dagrun for example_sla_dag to 2026-01-29 02:24:00+00:00, run_after=2026-01-29 02:26:00+00:00
[2026-01-29T02:26:11.327+0000] {processor.py:183} INFO - Processing /home/airflow/.local/lib/python3.12/site-packages/airflow/example_dags/example_sla_dag.py took 0.083 seconds
[2026-01-29T02:26:41.405+0000] {processor.py:161} INFO - Started process (PID=80131) to work on /home/airflow/.local/lib/python3.12/site-packages/airflow/example_dags/example_sla_dag.py
[2026-01-29T02:26:41.406+0000] {processor.py:830} INFO - Processing file /home/airflow/.local/lib/python3.12/site-packages/airflow/example_dags/example_sla_dag.py for tasks to queue
[2026-01-29T02:26:41.407+0000] {logging_mixin.py:188} INFO - [2026-01-29T02:26:41.407+0000] {dagbag.py:545} INFO - Filling up the DagBag from /home/airflow/.local/lib/python3.12/site-packages/airflow/example_dags/example_sla_dag.py
[2026-01-29T02:26:41.416+0000] {processor.py:840} INFO - DAG(s) 'example_sla_dag' retrieved from /home/airflow/.local/lib/python3.12/site-packages/airflow/example_dags/example_sla_dag.py
[2026-01-29T02:26:41.436+0000] {logging_mixin.py:188} INFO - [2026-01-29T02:26:41.435+0000] {dag.py:3089} INFO - Sync 1 DAGs
[2026-01-29T02:26:41.462+0000] {logging_mixin.py:188} INFO - [2026-01-29T02:26:41.462+0000] {dag.py:3947} INFO - Setting next_dagrun for example_sla_dag to 2026-01-29 02:24:00+00:00, run_after=2026-01-29 02:26:00+00:00
[2026-01-29T02:26:41.482+0000] {processor.py:183} INFO - Processing /home/airflow/.local/lib/python3.12/site-packages/airflow/example_dags/example_sla_dag.py took 0.084 seconds
[2026-01-29T02:27:11.720+0000] {processor.py:161} INFO - Started process (PID=80195) to work on /home/airflow/.local/lib/python3.12/site-packages/airflow/example_dags/example_sla_dag.py
[2026-01-29T02:27:11.721+0000] {processor.py:830} INFO - Processing file /home/airflow/.local/lib/python3.12/site-packages/airflow/example_dags/example_sla_dag.py for tasks to queue
[2026-01-29T02:27:11.723+0000] {logging_mixin.py:188} INFO - [2026-01-29T02:27:11.722+0000] {dagbag.py:545} INFO - Filling up the DagBag from /home/airflow/.local/lib/python3.12/site-packages/airflow/example_dags/example_sla_dag.py
[2026-01-29T02:27:11.732+0000] {processor.py:840} INFO - DAG(s) 'example_sla_dag' retrieved from /home/airflow/.local/lib/python3.12/site-packages/airflow/example_dags/example_sla_dag.py
[2026-01-29T02:27:11.755+0000] {logging_mixin.py:188} INFO - [2026-01-29T02:27:11.754+0000] {dag.py:3089} INFO - Sync 1 DAGs
[2026-01-29T02:27:11.784+0000] {logging_mixin.py:188} INFO - [2026-01-29T02:27:11.784+0000] {dag.py:3947} INFO - Setting next_dagrun for example_sla_dag to 2026-01-29 02:24:00+00:00, run_after=2026-01-29 02:26:00+00:00
[2026-01-29T02:27:11.805+0000] {processor.py:183} INFO - Processing /home/airflow/.local/lib/python3.12/site-packages/airflow/example_dags/example_sla_dag.py took 0.093 seconds
[2026-01-29T02:27:42.153+0000] {processor.py:161} INFO - Started process (PID=80254) to work on /home/airflow/.local/lib/python3.12/site-packages/airflow/example_dags/example_sla_dag.py
[2026-01-29T02:27:42.155+0000] {processor.py:830} INFO - Processing file /home/airflow/.local/lib/python3.12/site-packages/airflow/example_dags/example_sla_dag.py for tasks to queue
[2026-01-29T02:27:42.156+0000] {logging_mixin.py:188} INFO - [2026-01-29T02:27:42.156+0000] {dagbag.py:545} INFO - Filling up the DagBag from /home/airflow/.local/lib/python3.12/site-packages/airflow/example_dags/example_sla_dag.py
[2026-01-29T02:27:42.164+0000] {processor.py:840} INFO - DAG(s) 'example_sla_dag' retrieved from /home/airflow/.local/lib/python3.12/site-packages/airflow/example_dags/example_sla_dag.py
[2026-01-29T02:27:42.183+0000] {logging_mixin.py:188} INFO - [2026-01-29T02:27:42.182+0000] {dag.py:3089} INFO - Sync 1 DAGs
[2026-01-29T02:27:42.207+0000] {logging_mixin.py:188} INFO - [2026-01-29T02:27:42.207+0000] {dag.py:3947} INFO - Setting next_dagrun for example_sla_dag to 2026-01-29 02:24:00+00:00, run_after=2026-01-29 02:26:00+00:00
[2026-01-29T02:27:42.228+0000] {processor.py:183} INFO - Processing /home/airflow/.local/lib/python3.12/site-packages/airflow/example_dags/example_sla_dag.py took 0.080 seconds
[2026-01-29T02:28:12.361+0000] {processor.py:161} INFO - Started process (PID=80318) to work on /home/airflow/.local/lib/python3.12/site-packages/airflow/example_dags/example_sla_dag.py
[2026-01-29T02:28:12.363+0000] {processor.py:830} INFO - Processing file /home/airflow/.local/lib/python3.12/site-packages/airflow/example_dags/example_sla_dag.py for tasks to queue
[2026-01-29T02:28:12.364+0000] {logging_mixin.py:188} INFO - [2026-01-29T02:28:12.364+0000] {dagbag.py:545} INFO - Filling up the DagBag from /home/airflow/.local/lib/python3.12/site-packages/airflow/example_dags/example_sla_dag.py
[2026-01-29T02:28:12.373+0000] {processor.py:840} INFO - DAG(s) 'example_sla_dag' retrieved from /home/airflow/.local/lib/python3.12/site-packages/airflow/example_dags/example_sla_dag.py
[2026-01-29T02:28:12.394+0000] {logging_mixin.py:188} INFO - [2026-01-29T02:28:12.394+0000] {dag.py:3089} INFO - Sync 1 DAGs
[2026-01-29T02:28:12.422+0000] {logging_mixin.py:188} INFO - [2026-01-29T02:28:12.421+0000] {dag.py:3947} INFO - Setting next_dagrun for example_sla_dag to 2026-01-29 02:26:00+00:00, run_after=2026-01-29 02:28:00+00:00
[2026-01-29T02:28:12.443+0000] {processor.py:183} INFO - Processing /home/airflow/.local/lib/python3.12/site-packages/airflow/example_dags/example_sla_dag.py took 0.088 seconds
[2026-01-29T02:28:42.523+0000] {processor.py:161} INFO - Started process (PID=80377) to work on /home/airflow/.local/lib/python3.12/site-packages/airflow/example_dags/example_sla_dag.py
[2026-01-29T02:28:42.524+0000] {processor.py:830} INFO - Processing file /home/airflow/.local/lib/python3.12/site-packages/airflow/example_dags/example_sla_dag.py for tasks to queue
[2026-01-29T02:28:42.526+0000] {logging_mixin.py:188} INFO - [2026-01-29T02:28:42.525+0000] {dagbag.py:545} INFO - Filling up the DagBag from /home/airflow/.local/lib/python3.12/site-packages/airflow/example_dags/example_sla_dag.py
[2026-01-29T02:28:42.534+0000] {processor.py:840} INFO - DAG(s) 'example_sla_dag' retrieved from /home/airflow/.local/lib/python3.12/site-packages/airflow/example_dags/example_sla_dag.py
[2026-01-29T02:28:42.554+0000] {logging_mixin.py:188} INFO - [2026-01-29T02:28:42.554+0000] {dag.py:3089} INFO - Sync 1 DAGs
[2026-01-29T02:28:42.580+0000] {logging_mixin.py:188} INFO - [2026-01-29T02:28:42.580+0000] {dag.py:3947} INFO - Setting next_dagrun for example_sla_dag to 2026-01-29 02:26:00+00:00, run_after=2026-01-29 02:28:00+00:00
[2026-01-29T02:28:42.599+0000] {processor.py:183} INFO - Processing /home/airflow/.local/lib/python3.12/site-packages/airflow/example_dags/example_sla_dag.py took 0.082 seconds
[2026-01-29T02:29:13.070+0000] {processor.py:161} INFO - Started process (PID=80441) to work on /home/airflow/.local/lib/python3.12/site-packages/airflow/example_dags/example_sla_dag.py
[2026-01-29T02:29:13.071+0000] {processor.py:830} INFO - Processing file /home/airflow/.local/lib/python3.12/site-packages/airflow/example_dags/example_sla_dag.py for tasks to queue
[2026-01-29T02:29:13.073+0000] {logging_mixin.py:188} INFO - [2026-01-29T02:29:13.072+0000] {dagbag.py:545} INFO - Filling up the DagBag from /home/airflow/.local/lib/python3.12/site-packages/airflow/example_dags/example_sla_dag.py
[2026-01-29T02:29:13.083+0000] {processor.py:840} INFO - DAG(s) 'example_sla_dag' retrieved from /home/airflow/.local/lib/python3.12/site-packages/airflow/example_dags/example_sla_dag.py
[2026-01-29T02:29:13.103+0000] {logging_mixin.py:188} INFO - [2026-01-29T02:29:13.103+0000] {dag.py:3089} INFO - Sync 1 DAGs
[2026-01-29T02:29:13.129+0000] {logging_mixin.py:188} INFO - [2026-01-29T02:29:13.128+0000] {dag.py:3947} INFO - Setting next_dagrun for example_sla_dag to 2026-01-29 02:26:00+00:00, run_after=2026-01-29 02:28:00+00:00
[2026-01-29T02:29:13.150+0000] {processor.py:183} INFO - Processing /home/airflow/.local/lib/python3.12/site-packages/airflow/example_dags/example_sla_dag.py took 0.088 seconds
[2026-01-29T02:29:43.974+0000] {processor.py:161} INFO - Started process (PID=80498) to work on /home/airflow/.local/lib/python3.12/site-packages/airflow/example_dags/example_sla_dag.py
[2026-01-29T02:29:43.975+0000] {processor.py:830} INFO - Processing file /home/airflow/.local/lib/python3.12/site-packages/airflow/example_dags/example_sla_dag.py for tasks to queue
[2026-01-29T02:29:43.976+0000] {logging_mixin.py:188} INFO - [2026-01-29T02:29:43.976+0000] {dagbag.py:545} INFO - Filling up the DagBag from /home/airflow/.local/lib/python3.12/site-packages/airflow/example_dags/example_sla_dag.py
[2026-01-29T02:29:43.986+0000] {processor.py:840} INFO - DAG(s) 'example_sla_dag' retrieved from /home/airflow/.local/lib/python3.12/site-packages/airflow/example_dags/example_sla_dag.py
[2026-01-29T02:29:44.006+0000] {logging_mixin.py:188} INFO - [2026-01-29T02:29:44.006+0000] {dag.py:3089} INFO - Sync 1 DAGs
[2026-01-29T02:29:44.034+0000] {logging_mixin.py:188} INFO - [2026-01-29T02:29:44.034+0000] {dag.py:3947} INFO - Setting next_dagrun for example_sla_dag to 2026-01-29 02:26:00+00:00, run_after=2026-01-29 02:28:00+00:00
[2026-01-29T02:29:44.053+0000] {processor.py:183} INFO - Processing /home/airflow/.local/lib/python3.12/site-packages/airflow/example_dags/example_sla_dag.py took 0.085 seconds
[2026-01-29T02:30:14.146+0000] {processor.py:161} INFO - Started process (PID=80562) to work on /home/airflow/.local/lib/python3.12/site-packages/airflow/example_dags/example_sla_dag.py
[2026-01-29T02:30:14.147+0000] {processor.py:830} INFO - Processing file /home/airflow/.local/lib/python3.12/site-packages/airflow/example_dags/example_sla_dag.py for tasks to queue
[2026-01-29T02:30:14.150+0000] {logging_mixin.py:188} INFO - [2026-01-29T02:30:14.149+0000] {dagbag.py:545} INFO - Filling up the DagBag from /home/airflow/.local/lib/python3.12/site-packages/airflow/example_dags/example_sla_dag.py
[2026-01-29T02:30:14.160+0000] {processor.py:840} INFO - DAG(s) 'example_sla_dag' retrieved from /home/airflow/.local/lib/python3.12/site-packages/airflow/example_dags/example_sla_dag.py
[2026-01-29T02:30:14.185+0000] {logging_mixin.py:188} INFO - [2026-01-29T02:30:14.185+0000] {dag.py:3089} INFO - Sync 1 DAGs
[2026-01-29T02:30:14.225+0000] {logging_mixin.py:188} INFO - [2026-01-29T02:30:14.224+0000] {dag.py:3947} INFO - Setting next_dagrun for example_sla_dag to 2026-01-29 02:28:00+00:00, run_after=2026-01-29 02:30:00+00:00
[2026-01-29T02:30:14.247+0000] {processor.py:183} INFO - Processing /home/airflow/.local/lib/python3.12/site-packages/airflow/example_dags/example_sla_dag.py took 0.109 seconds
[2026-01-29T02:30:45.028+0000] {processor.py:161} INFO - Started process (PID=80621) to work on /home/airflow/.local/lib/python3.12/site-packages/airflow/example_dags/example_sla_dag.py
[2026-01-29T02:30:45.029+0000] {processor.py:830} INFO - Processing file /home/airflow/.local/lib/python3.12/site-packages/airflow/example_dags/example_sla_dag.py for tasks to queue
[2026-01-29T02:30:45.031+0000] {logging_mixin.py:188} INFO - [2026-01-29T02:30:45.030+0000] {dagbag.py:545} INFO - Filling up the DagBag from /home/airflow/.local/lib/python3.12/site-packages/airflow/example_dags/example_sla_dag.py
[2026-01-29T02:30:45.041+0000] {processor.py:840} INFO - DAG(s) 'example_sla_dag' retrieved from /home/airflow/.local/lib/python3.12/site-packages/airflow/example_dags/example_sla_dag.py
[2026-01-29T02:30:45.061+0000] {logging_mixin.py:188} INFO - [2026-01-29T02:30:45.061+0000] {dag.py:3089} INFO - Sync 1 DAGs
[2026-01-29T02:30:45.091+0000] {logging_mixin.py:188} INFO - [2026-01-29T02:30:45.091+0000] {dag.py:3947} INFO - Setting next_dagrun for example_sla_dag to 2026-01-29 02:28:00+00:00, run_after=2026-01-29 02:30:00+00:00
[2026-01-29T02:30:45.111+0000] {processor.py:183} INFO - Processing /home/airflow/.local/lib/python3.12/site-packages/airflow/example_dags/example_sla_dag.py took 0.090 seconds
[2026-01-29T02:31:15.272+0000] {processor.py:161} INFO - Started process (PID=80685) to work on /home/airflow/.local/lib/python3.12/site-packages/airflow/example_dags/example_sla_dag.py
[2026-01-29T02:31:15.273+0000] {processor.py:830} INFO - Processing file /home/airflow/.local/lib/python3.12/site-packages/airflow/example_dags/example_sla_dag.py for tasks to queue
[2026-01-29T02:31:15.275+0000] {logging_mixin.py:188} INFO - [2026-01-29T02:31:15.275+0000] {dagbag.py:545} INFO - Filling up the DagBag from /home/airflow/.local/lib/python3.12/site-packages/airflow/example_dags/example_sla_dag.py
[2026-01-29T02:31:15.284+0000] {processor.py:840} INFO - DAG(s) 'example_sla_dag' retrieved from /home/airflow/.local/lib/python3.12/site-packages/airflow/example_dags/example_sla_dag.py
[2026-01-29T02:31:15.303+0000] {logging_mixin.py:188} INFO - [2026-01-29T02:31:15.303+0000] {dag.py:3089} INFO - Sync 1 DAGs
[2026-01-29T02:31:15.331+0000] {logging_mixin.py:188} INFO - [2026-01-29T02:31:15.331+0000] {dag.py:3947} INFO - Setting next_dagrun for example_sla_dag to 2026-01-29 02:28:00+00:00, run_after=2026-01-29 02:30:00+00:00
[2026-01-29T02:31:15.351+0000] {processor.py:183} INFO - Processing /home/airflow/.local/lib/python3.12/site-packages/airflow/example_dags/example_sla_dag.py took 0.086 seconds
[2026-01-29T02:31:45.723+0000] {processor.py:161} INFO - Started process (PID=80744) to work on /home/airflow/.local/lib/python3.12/site-packages/airflow/example_dags/example_sla_dag.py
[2026-01-29T02:31:45.724+0000] {processor.py:830} INFO - Processing file /home/airflow/.local/lib/python3.12/site-packages/airflow/example_dags/example_sla_dag.py for tasks to queue
[2026-01-29T02:31:45.726+0000] {logging_mixin.py:188} INFO - [2026-01-29T02:31:45.726+0000] {dagbag.py:545} INFO - Filling up the DagBag from /home/airflow/.local/lib/python3.12/site-packages/airflow/example_dags/example_sla_dag.py
[2026-01-29T02:31:45.736+0000] {processor.py:840} INFO - DAG(s) 'example_sla_dag' retrieved from /home/airflow/.local/lib/python3.12/site-packages/airflow/example_dags/example_sla_dag.py
[2026-01-29T02:31:45.756+0000] {logging_mixin.py:188} INFO - [2026-01-29T02:31:45.756+0000] {dag.py:3089} INFO - Sync 1 DAGs
[2026-01-29T02:31:45.782+0000] {logging_mixin.py:188} INFO - [2026-01-29T02:31:45.782+0000] {dag.py:3947} INFO - Setting next_dagrun for example_sla_dag to 2026-01-29 02:28:00+00:00, run_after=2026-01-29 02:30:00+00:00
[2026-01-29T02:31:45.802+0000] {processor.py:183} INFO - Processing /home/airflow/.local/lib/python3.12/site-packages/airflow/example_dags/example_sla_dag.py took 0.085 seconds
[2026-01-29T02:32:15.954+0000] {processor.py:161} INFO - Started process (PID=80808) to work on /home/airflow/.local/lib/python3.12/site-packages/airflow/example_dags/example_sla_dag.py
[2026-01-29T02:32:15.956+0000] {processor.py:830} INFO - Processing file /home/airflow/.local/lib/python3.12/site-packages/airflow/example_dags/example_sla_dag.py for tasks to queue
[2026-01-29T02:32:15.957+0000] {logging_mixin.py:188} INFO - [2026-01-29T02:32:15.957+0000] {dagbag.py:545} INFO - Filling up the DagBag from /home/airflow/.local/lib/python3.12/site-packages/airflow/example_dags/example_sla_dag.py
[2026-01-29T02:32:15.967+0000] {processor.py:840} INFO - DAG(s) 'example_sla_dag' retrieved from /home/airflow/.local/lib/python3.12/site-packages/airflow/example_dags/example_sla_dag.py
[2026-01-29T02:32:15.986+0000] {logging_mixin.py:188} INFO - [2026-01-29T02:32:15.986+0000] {dag.py:3089} INFO - Sync 1 DAGs
[2026-01-29T02:32:16.017+0000] {logging_mixin.py:188} INFO - [2026-01-29T02:32:16.016+0000] {dag.py:3947} INFO - Setting next_dagrun for example_sla_dag to 2026-01-29 02:30:00+00:00, run_after=2026-01-29 02:32:00+00:00
[2026-01-29T02:32:16.038+0000] {processor.py:183} INFO - Processing /home/airflow/.local/lib/python3.12/site-packages/airflow/example_dags/example_sla_dag.py took 0.090 seconds
[2026-01-29T02:32:46.365+0000] {processor.py:161} INFO - Started process (PID=80867) to work on /home/airflow/.local/lib/python3.12/site-packages/airflow/example_dags/example_sla_dag.py
[2026-01-29T02:32:46.366+0000] {processor.py:830} INFO - Processing file /home/airflow/.local/lib/python3.12/site-packages/airflow/example_dags/example_sla_dag.py for tasks to queue
[2026-01-29T02:32:46.368+0000] {logging_mixin.py:188} INFO - [2026-01-29T02:32:46.368+0000] {dagbag.py:545} INFO - Filling up the DagBag from /home/airflow/.local/lib/python3.12/site-packages/airflow/example_dags/example_sla_dag.py
[2026-01-29T02:32:46.378+0000] {processor.py:840} INFO - DAG(s) 'example_sla_dag' retrieved from /home/airflow/.local/lib/python3.12/site-packages/airflow/example_dags/example_sla_dag.py
[2026-01-29T02:32:46.398+0000] {logging_mixin.py:188} INFO - [2026-01-29T02:32:46.397+0000] {dag.py:3089} INFO - Sync 1 DAGs
[2026-01-29T02:32:46.426+0000] {logging_mixin.py:188} INFO - [2026-01-29T02:32:46.426+0000] {dag.py:3947} INFO - Setting next_dagrun for example_sla_dag to 2026-01-29 02:30:00+00:00, run_after=2026-01-29 02:32:00+00:00
[2026-01-29T02:32:46.447+0000] {processor.py:183} INFO - Processing /home/airflow/.local/lib/python3.12/site-packages/airflow/example_dags/example_sla_dag.py took 0.089 seconds
[2026-01-29T02:33:16.507+0000] {processor.py:161} INFO - Started process (PID=80931) to work on /home/airflow/.local/lib/python3.12/site-packages/airflow/example_dags/example_sla_dag.py
[2026-01-29T02:33:16.508+0000] {processor.py:830} INFO - Processing file /home/airflow/.local/lib/python3.12/site-packages/airflow/example_dags/example_sla_dag.py for tasks to queue
[2026-01-29T02:33:16.510+0000] {logging_mixin.py:188} INFO - [2026-01-29T02:33:16.510+0000] {dagbag.py:545} INFO - Filling up the DagBag from /home/airflow/.local/lib/python3.12/site-packages/airflow/example_dags/example_sla_dag.py
[2026-01-29T02:33:16.520+0000] {processor.py:840} INFO - DAG(s) 'example_sla_dag' retrieved from /home/airflow/.local/lib/python3.12/site-packages/airflow/example_dags/example_sla_dag.py
[2026-01-29T02:33:16.539+0000] {logging_mixin.py:188} INFO - [2026-01-29T02:33:16.539+0000] {dag.py:3089} INFO - Sync 1 DAGs
[2026-01-29T02:33:16.566+0000] {logging_mixin.py:188} INFO - [2026-01-29T02:33:16.565+0000] {dag.py:3947} INFO - Setting next_dagrun for example_sla_dag to 2026-01-29 02:30:00+00:00, run_after=2026-01-29 02:32:00+00:00
[2026-01-29T02:33:16.585+0000] {processor.py:183} INFO - Processing /home/airflow/.local/lib/python3.12/site-packages/airflow/example_dags/example_sla_dag.py took 0.085 seconds
[2026-01-29T02:33:46.650+0000] {processor.py:161} INFO - Started process (PID=80990) to work on /home/airflow/.local/lib/python3.12/site-packages/airflow/example_dags/example_sla_dag.py
[2026-01-29T02:33:46.651+0000] {processor.py:830} INFO - Processing file /home/airflow/.local/lib/python3.12/site-packages/airflow/example_dags/example_sla_dag.py for tasks to queue
[2026-01-29T02:33:46.653+0000] {logging_mixin.py:188} INFO - [2026-01-29T02:33:46.653+0000] {dagbag.py:545} INFO - Filling up the DagBag from /home/airflow/.local/lib/python3.12/site-packages/airflow/example_dags/example_sla_dag.py
[2026-01-29T02:33:46.662+0000] {processor.py:840} INFO - DAG(s) 'example_sla_dag' retrieved from /home/airflow/.local/lib/python3.12/site-packages/airflow/example_dags/example_sla_dag.py
[2026-01-29T02:33:46.680+0000] {logging_mixin.py:188} INFO - [2026-01-29T02:33:46.680+0000] {dag.py:3089} INFO - Sync 1 DAGs
[2026-01-29T02:33:46.706+0000] {logging_mixin.py:188} INFO - [2026-01-29T02:33:46.706+0000] {dag.py:3947} INFO - Setting next_dagrun for example_sla_dag to 2026-01-29 02:30:00+00:00, run_after=2026-01-29 02:32:00+00:00
[2026-01-29T02:33:46.725+0000] {processor.py:183} INFO - Processing /home/airflow/.local/lib/python3.12/site-packages/airflow/example_dags/example_sla_dag.py took 0.082 seconds
[2026-01-29T02:34:17.168+0000] {processor.py:161} INFO - Started process (PID=81054) to work on /home/airflow/.local/lib/python3.12/site-packages/airflow/example_dags/example_sla_dag.py
[2026-01-29T02:34:17.169+0000] {processor.py:830} INFO - Processing file /home/airflow/.local/lib/python3.12/site-packages/airflow/example_dags/example_sla_dag.py for tasks to queue
[2026-01-29T02:34:17.171+0000] {logging_mixin.py:188} INFO - [2026-01-29T02:34:17.170+0000] {dagbag.py:545} INFO - Filling up the DagBag from /home/airflow/.local/lib/python3.12/site-packages/airflow/example_dags/example_sla_dag.py
[2026-01-29T02:34:17.181+0000] {processor.py:840} INFO - DAG(s) 'example_sla_dag' retrieved from /home/airflow/.local/lib/python3.12/site-packages/airflow/example_dags/example_sla_dag.py
[2026-01-29T02:34:17.201+0000] {logging_mixin.py:188} INFO - [2026-01-29T02:34:17.200+0000] {dag.py:3089} INFO - Sync 1 DAGs
[2026-01-29T02:34:17.229+0000] {logging_mixin.py:188} INFO - [2026-01-29T02:34:17.228+0000] {dag.py:3947} INFO - Setting next_dagrun for example_sla_dag to 2026-01-29 02:32:00+00:00, run_after=2026-01-29 02:34:00+00:00
[2026-01-29T02:34:17.248+0000] {processor.py:183} INFO - Processing /home/airflow/.local/lib/python3.12/site-packages/airflow/example_dags/example_sla_dag.py took 0.087 seconds
[2026-01-29T02:34:47.415+0000] {processor.py:161} INFO - Started process (PID=81113) to work on /home/airflow/.local/lib/python3.12/site-packages/airflow/example_dags/example_sla_dag.py
[2026-01-29T02:34:47.415+0000] {processor.py:830} INFO - Processing file /home/airflow/.local/lib/python3.12/site-packages/airflow/example_dags/example_sla_dag.py for tasks to queue
[2026-01-29T02:34:47.417+0000] {logging_mixin.py:188} INFO - [2026-01-29T02:34:47.417+0000] {dagbag.py:545} INFO - Filling up the DagBag from /home/airflow/.local/lib/python3.12/site-packages/airflow/example_dags/example_sla_dag.py
[2026-01-29T02:34:47.427+0000] {processor.py:840} INFO - DAG(s) 'example_sla_dag' retrieved from /home/airflow/.local/lib/python3.12/site-packages/airflow/example_dags/example_sla_dag.py
[2026-01-29T02:34:47.446+0000] {logging_mixin.py:188} INFO - [2026-01-29T02:34:47.446+0000] {dag.py:3089} INFO - Sync 1 DAGs
[2026-01-29T02:34:47.471+0000] {logging_mixin.py:188} INFO - [2026-01-29T02:34:47.471+0000] {dag.py:3947} INFO - Setting next_dagrun for example_sla_dag to 2026-01-29 02:32:00+00:00, run_after=2026-01-29 02:34:00+00:00
[2026-01-29T02:34:47.492+0000] {processor.py:183} INFO - Processing /home/airflow/.local/lib/python3.12/site-packages/airflow/example_dags/example_sla_dag.py took 0.084 seconds
[2026-01-29T02:35:17.569+0000] {processor.py:161} INFO - Started process (PID=81177) to work on /home/airflow/.local/lib/python3.12/site-packages/airflow/example_dags/example_sla_dag.py
[2026-01-29T02:35:17.570+0000] {processor.py:830} INFO - Processing file /home/airflow/.local/lib/python3.12/site-packages/airflow/example_dags/example_sla_dag.py for tasks to queue
[2026-01-29T02:35:17.572+0000] {logging_mixin.py:188} INFO - [2026-01-29T02:35:17.571+0000] {dagbag.py:545} INFO - Filling up the DagBag from /home/airflow/.local/lib/python3.12/site-packages/airflow/example_dags/example_sla_dag.py
[2026-01-29T02:35:17.581+0000] {processor.py:840} INFO - DAG(s) 'example_sla_dag' retrieved from /home/airflow/.local/lib/python3.12/site-packages/airflow/example_dags/example_sla_dag.py
[2026-01-29T02:35:17.599+0000] {logging_mixin.py:188} INFO - [2026-01-29T02:35:17.599+0000] {dag.py:3089} INFO - Sync 1 DAGs
[2026-01-29T02:35:17.624+0000] {logging_mixin.py:188} INFO - [2026-01-29T02:35:17.624+0000] {dag.py:3947} INFO - Setting next_dagrun for example_sla_dag to 2026-01-29 02:32:00+00:00, run_after=2026-01-29 02:34:00+00:00
[2026-01-29T02:35:17.643+0000] {processor.py:183} INFO - Processing /home/airflow/.local/lib/python3.12/site-packages/airflow/example_dags/example_sla_dag.py took 0.081 seconds
[2026-01-29T02:35:47.879+0000] {processor.py:161} INFO - Started process (PID=81236) to work on /home/airflow/.local/lib/python3.12/site-packages/airflow/example_dags/example_sla_dag.py
[2026-01-29T02:35:47.880+0000] {processor.py:830} INFO - Processing file /home/airflow/.local/lib/python3.12/site-packages/airflow/example_dags/example_sla_dag.py for tasks to queue
[2026-01-29T02:35:47.882+0000] {logging_mixin.py:188} INFO - [2026-01-29T02:35:47.881+0000] {dagbag.py:545} INFO - Filling up the DagBag from /home/airflow/.local/lib/python3.12/site-packages/airflow/example_dags/example_sla_dag.py
[2026-01-29T02:35:47.891+0000] {processor.py:840} INFO - DAG(s) 'example_sla_dag' retrieved from /home/airflow/.local/lib/python3.12/site-packages/airflow/example_dags/example_sla_dag.py
[2026-01-29T02:35:47.911+0000] {logging_mixin.py:188} INFO - [2026-01-29T02:35:47.911+0000] {dag.py:3089} INFO - Sync 1 DAGs
[2026-01-29T02:35:47.937+0000] {logging_mixin.py:188} INFO - [2026-01-29T02:35:47.937+0000] {dag.py:3947} INFO - Setting next_dagrun for example_sla_dag to 2026-01-29 02:32:00+00:00, run_after=2026-01-29 02:34:00+00:00
[2026-01-29T02:35:47.956+0000] {processor.py:183} INFO - Processing /home/airflow/.local/lib/python3.12/site-packages/airflow/example_dags/example_sla_dag.py took 0.084 seconds
[2026-01-29T02:36:18.112+0000] {processor.py:161} INFO - Started process (PID=81300) to work on /home/airflow/.local/lib/python3.12/site-packages/airflow/example_dags/example_sla_dag.py
[2026-01-29T02:36:18.112+0000] {processor.py:830} INFO - Processing file /home/airflow/.local/lib/python3.12/site-packages/airflow/example_dags/example_sla_dag.py for tasks to queue
[2026-01-29T02:36:18.114+0000] {logging_mixin.py:188} INFO - [2026-01-29T02:36:18.114+0000] {dagbag.py:545} INFO - Filling up the DagBag from /home/airflow/.local/lib/python3.12/site-packages/airflow/example_dags/example_sla_dag.py
[2026-01-29T02:36:18.124+0000] {processor.py:840} INFO - DAG(s) 'example_sla_dag' retrieved from /home/airflow/.local/lib/python3.12/site-packages/airflow/example_dags/example_sla_dag.py
[2026-01-29T02:36:18.142+0000] {logging_mixin.py:188} INFO - [2026-01-29T02:36:18.142+0000] {dag.py:3089} INFO - Sync 1 DAGs
[2026-01-29T02:36:18.168+0000] {logging_mixin.py:188} INFO - [2026-01-29T02:36:18.168+0000] {dag.py:3947} INFO - Setting next_dagrun for example_sla_dag to 2026-01-29 02:34:00+00:00, run_after=2026-01-29 02:36:00+00:00
[2026-01-29T02:36:18.188+0000] {processor.py:183} INFO - Processing /home/airflow/.local/lib/python3.12/site-packages/airflow/example_dags/example_sla_dag.py took 0.083 seconds
[2026-01-29T02:36:48.504+0000] {processor.py:161} INFO - Started process (PID=81359) to work on /home/airflow/.local/lib/python3.12/site-packages/airflow/example_dags/example_sla_dag.py
[2026-01-29T02:36:48.505+0000] {processor.py:830} INFO - Processing file /home/airflow/.local/lib/python3.12/site-packages/airflow/example_dags/example_sla_dag.py for tasks to queue
[2026-01-29T02:36:48.507+0000] {logging_mixin.py:188} INFO - [2026-01-29T02:36:48.507+0000] {dagbag.py:545} INFO - Filling up the DagBag from /home/airflow/.local/lib/python3.12/site-packages/airflow/example_dags/example_sla_dag.py
[2026-01-29T02:36:48.519+0000] {processor.py:840} INFO - DAG(s) 'example_sla_dag' retrieved from /home/airflow/.local/lib/python3.12/site-packages/airflow/example_dags/example_sla_dag.py
[2026-01-29T02:36:48.538+0000] {logging_mixin.py:188} INFO - [2026-01-29T02:36:48.538+0000] {dag.py:3089} INFO - Sync 1 DAGs
[2026-01-29T02:36:48.564+0000] {logging_mixin.py:188} INFO - [2026-01-29T02:36:48.564+0000] {dag.py:3947} INFO - Setting next_dagrun for example_sla_dag to 2026-01-29 02:34:00+00:00, run_after=2026-01-29 02:36:00+00:00
[2026-01-29T02:36:48.586+0000] {processor.py:183} INFO - Processing /home/airflow/.local/lib/python3.12/site-packages/airflow/example_dags/example_sla_dag.py took 0.090 seconds
[2026-01-29T02:37:18.738+0000] {processor.py:161} INFO - Started process (PID=81423) to work on /home/airflow/.local/lib/python3.12/site-packages/airflow/example_dags/example_sla_dag.py
[2026-01-29T02:37:18.739+0000] {processor.py:830} INFO - Processing file /home/airflow/.local/lib/python3.12/site-packages/airflow/example_dags/example_sla_dag.py for tasks to queue
[2026-01-29T02:37:18.741+0000] {logging_mixin.py:188} INFO - [2026-01-29T02:37:18.740+0000] {dagbag.py:545} INFO - Filling up the DagBag from /home/airflow/.local/lib/python3.12/site-packages/airflow/example_dags/example_sla_dag.py
[2026-01-29T02:37:18.750+0000] {processor.py:840} INFO - DAG(s) 'example_sla_dag' retrieved from /home/airflow/.local/lib/python3.12/site-packages/airflow/example_dags/example_sla_dag.py
[2026-01-29T02:37:18.770+0000] {logging_mixin.py:188} INFO - [2026-01-29T02:37:18.770+0000] {dag.py:3089} INFO - Sync 1 DAGs
[2026-01-29T02:37:18.799+0000] {logging_mixin.py:188} INFO - [2026-01-29T02:37:18.798+0000] {dag.py:3947} INFO - Setting next_dagrun for example_sla_dag to 2026-01-29 02:34:00+00:00, run_after=2026-01-29 02:36:00+00:00
[2026-01-29T02:37:18.820+0000] {processor.py:183} INFO - Processing /home/airflow/.local/lib/python3.12/site-packages/airflow/example_dags/example_sla_dag.py took 0.088 seconds
[2026-01-29T02:37:49.026+0000] {processor.py:161} INFO - Started process (PID=81482) to work on /home/airflow/.local/lib/python3.12/site-packages/airflow/example_dags/example_sla_dag.py
[2026-01-29T02:37:49.027+0000] {processor.py:830} INFO - Processing file /home/airflow/.local/lib/python3.12/site-packages/airflow/example_dags/example_sla_dag.py for tasks to queue
[2026-01-29T02:37:49.029+0000] {logging_mixin.py:188} INFO - [2026-01-29T02:37:49.029+0000] {dagbag.py:545} INFO - Filling up the DagBag from /home/airflow/.local/lib/python3.12/site-packages/airflow/example_dags/example_sla_dag.py
[2026-01-29T02:37:49.040+0000] {processor.py:840} INFO - DAG(s) 'example_sla_dag' retrieved from /home/airflow/.local/lib/python3.12/site-packages/airflow/example_dags/example_sla_dag.py
[2026-01-29T02:37:49.058+0000] {logging_mixin.py:188} INFO - [2026-01-29T02:37:49.058+0000] {dag.py:3089} INFO - Sync 1 DAGs
[2026-01-29T02:37:49.084+0000] {logging_mixin.py:188} INFO - [2026-01-29T02:37:49.083+0000] {dag.py:3947} INFO - Setting next_dagrun for example_sla_dag to 2026-01-29 02:34:00+00:00, run_after=2026-01-29 02:36:00+00:00
[2026-01-29T02:37:49.103+0000] {processor.py:183} INFO - Processing /home/airflow/.local/lib/python3.12/site-packages/airflow/example_dags/example_sla_dag.py took 0.084 seconds
[2026-01-29T02:38:19.357+0000] {processor.py:161} INFO - Started process (PID=81546) to work on /home/airflow/.local/lib/python3.12/site-packages/airflow/example_dags/example_sla_dag.py
[2026-01-29T02:38:19.358+0000] {processor.py:830} INFO - Processing file /home/airflow/.local/lib/python3.12/site-packages/airflow/example_dags/example_sla_dag.py for tasks to queue
[2026-01-29T02:38:19.359+0000] {logging_mixin.py:188} INFO - [2026-01-29T02:38:19.359+0000] {dagbag.py:545} INFO - Filling up the DagBag from /home/airflow/.local/lib/python3.12/site-packages/airflow/example_dags/example_sla_dag.py
[2026-01-29T02:38:19.369+0000] {processor.py:840} INFO - DAG(s) 'example_sla_dag' retrieved from /home/airflow/.local/lib/python3.12/site-packages/airflow/example_dags/example_sla_dag.py
[2026-01-29T02:38:19.389+0000] {logging_mixin.py:188} INFO - [2026-01-29T02:38:19.388+0000] {dag.py:3089} INFO - Sync 1 DAGs
[2026-01-29T02:38:19.419+0000] {logging_mixin.py:188} INFO - [2026-01-29T02:38:19.419+0000] {dag.py:3947} INFO - Setting next_dagrun for example_sla_dag to 2026-01-29 02:36:00+00:00, run_after=2026-01-29 02:38:00+00:00
[2026-01-29T02:38:19.440+0000] {processor.py:183} INFO - Processing /home/airflow/.local/lib/python3.12/site-packages/airflow/example_dags/example_sla_dag.py took 0.089 seconds
[2026-01-29T02:38:49.702+0000] {processor.py:161} INFO - Started process (PID=81605) to work on /home/airflow/.local/lib/python3.12/site-packages/airflow/example_dags/example_sla_dag.py
[2026-01-29T02:38:49.703+0000] {processor.py:830} INFO - Processing file /home/airflow/.local/lib/python3.12/site-packages/airflow/example_dags/example_sla_dag.py for tasks to queue
[2026-01-29T02:38:49.705+0000] {logging_mixin.py:188} INFO - [2026-01-29T02:38:49.705+0000] {dagbag.py:545} INFO - Filling up the DagBag from /home/airflow/.local/lib/python3.12/site-packages/airflow/example_dags/example_sla_dag.py
[2026-01-29T02:38:49.716+0000] {processor.py:840} INFO - DAG(s) 'example_sla_dag' retrieved from /home/airflow/.local/lib/python3.12/site-packages/airflow/example_dags/example_sla_dag.py
[2026-01-29T02:38:49.736+0000] {logging_mixin.py:188} INFO - [2026-01-29T02:38:49.735+0000] {dag.py:3089} INFO - Sync 1 DAGs
[2026-01-29T02:38:49.763+0000] {logging_mixin.py:188} INFO - [2026-01-29T02:38:49.763+0000] {dag.py:3947} INFO - Setting next_dagrun for example_sla_dag to 2026-01-29 02:36:00+00:00, run_after=2026-01-29 02:38:00+00:00
[2026-01-29T02:38:49.782+0000] {processor.py:183} INFO - Processing /home/airflow/.local/lib/python3.12/site-packages/airflow/example_dags/example_sla_dag.py took 0.087 seconds
[2026-01-29T02:39:19.975+0000] {processor.py:161} INFO - Started process (PID=81669) to work on /home/airflow/.local/lib/python3.12/site-packages/airflow/example_dags/example_sla_dag.py
[2026-01-29T02:39:19.976+0000] {processor.py:830} INFO - Processing file /home/airflow/.local/lib/python3.12/site-packages/airflow/example_dags/example_sla_dag.py for tasks to queue
[2026-01-29T02:39:19.978+0000] {logging_mixin.py:188} INFO - [2026-01-29T02:39:19.977+0000] {dagbag.py:545} INFO - Filling up the DagBag from /home/airflow/.local/lib/python3.12/site-packages/airflow/example_dags/example_sla_dag.py
[2026-01-29T02:39:19.988+0000] {processor.py:840} INFO - DAG(s) 'example_sla_dag' retrieved from /home/airflow/.local/lib/python3.12/site-packages/airflow/example_dags/example_sla_dag.py
[2026-01-29T02:39:20.006+0000] {logging_mixin.py:188} INFO - [2026-01-29T02:39:20.006+0000] {dag.py:3089} INFO - Sync 1 DAGs
[2026-01-29T02:39:20.033+0000] {logging_mixin.py:188} INFO - [2026-01-29T02:39:20.033+0000] {dag.py:3947} INFO - Setting next_dagrun for example_sla_dag to 2026-01-29 02:36:00+00:00, run_after=2026-01-29 02:38:00+00:00
[2026-01-29T02:39:20.053+0000] {processor.py:183} INFO - Processing /home/airflow/.local/lib/python3.12/site-packages/airflow/example_dags/example_sla_dag.py took 0.085 seconds
[2026-01-29T02:39:50.280+0000] {processor.py:161} INFO - Started process (PID=81728) to work on /home/airflow/.local/lib/python3.12/site-packages/airflow/example_dags/example_sla_dag.py
[2026-01-29T02:39:50.281+0000] {processor.py:830} INFO - Processing file /home/airflow/.local/lib/python3.12/site-packages/airflow/example_dags/example_sla_dag.py for tasks to queue
[2026-01-29T02:39:50.283+0000] {logging_mixin.py:188} INFO - [2026-01-29T02:39:50.282+0000] {dagbag.py:545} INFO - Filling up the DagBag from /home/airflow/.local/lib/python3.12/site-packages/airflow/example_dags/example_sla_dag.py
[2026-01-29T02:39:50.293+0000] {processor.py:840} INFO - DAG(s) 'example_sla_dag' retrieved from /home/airflow/.local/lib/python3.12/site-packages/airflow/example_dags/example_sla_dag.py
[2026-01-29T02:39:50.313+0000] {logging_mixin.py:188} INFO - [2026-01-29T02:39:50.313+0000] {dag.py:3089} INFO - Sync 1 DAGs
[2026-01-29T02:39:50.343+0000] {logging_mixin.py:188} INFO - [2026-01-29T02:39:50.343+0000] {dag.py:3947} INFO - Setting next_dagrun for example_sla_dag to 2026-01-29 02:36:00+00:00, run_after=2026-01-29 02:38:00+00:00
[2026-01-29T02:39:50.363+0000] {processor.py:183} INFO - Processing /home/airflow/.local/lib/python3.12/site-packages/airflow/example_dags/example_sla_dag.py took 0.091 seconds
[2026-01-29T02:40:20.619+0000] {processor.py:161} INFO - Started process (PID=81792) to work on /home/airflow/.local/lib/python3.12/site-packages/airflow/example_dags/example_sla_dag.py
[2026-01-29T02:40:20.620+0000] {processor.py:830} INFO - Processing file /home/airflow/.local/lib/python3.12/site-packages/airflow/example_dags/example_sla_dag.py for tasks to queue
[2026-01-29T02:40:20.622+0000] {logging_mixin.py:188} INFO - [2026-01-29T02:40:20.622+0000] {dagbag.py:545} INFO - Filling up the DagBag from /home/airflow/.local/lib/python3.12/site-packages/airflow/example_dags/example_sla_dag.py
[2026-01-29T02:40:20.632+0000] {processor.py:840} INFO - DAG(s) 'example_sla_dag' retrieved from /home/airflow/.local/lib/python3.12/site-packages/airflow/example_dags/example_sla_dag.py
[2026-01-29T02:40:20.651+0000] {logging_mixin.py:188} INFO - [2026-01-29T02:40:20.651+0000] {dag.py:3089} INFO - Sync 1 DAGs
[2026-01-29T02:40:20.677+0000] {logging_mixin.py:188} INFO - [2026-01-29T02:40:20.677+0000] {dag.py:3947} INFO - Setting next_dagrun for example_sla_dag to 2026-01-29 02:38:00+00:00, run_after=2026-01-29 02:40:00+00:00
[2026-01-29T02:40:20.696+0000] {processor.py:183} INFO - Processing /home/airflow/.local/lib/python3.12/site-packages/airflow/example_dags/example_sla_dag.py took 0.085 seconds
[2026-01-29T02:40:50.837+0000] {processor.py:161} INFO - Started process (PID=81851) to work on /home/airflow/.local/lib/python3.12/site-packages/airflow/example_dags/example_sla_dag.py
[2026-01-29T02:40:50.838+0000] {processor.py:830} INFO - Processing file /home/airflow/.local/lib/python3.12/site-packages/airflow/example_dags/example_sla_dag.py for tasks to queue
[2026-01-29T02:40:50.840+0000] {logging_mixin.py:188} INFO - [2026-01-29T02:40:50.840+0000] {dagbag.py:545} INFO - Filling up the DagBag from /home/airflow/.local/lib/python3.12/site-packages/airflow/example_dags/example_sla_dag.py
[2026-01-29T02:40:50.851+0000] {processor.py:840} INFO - DAG(s) 'example_sla_dag' retrieved from /home/airflow/.local/lib/python3.12/site-packages/airflow/example_dags/example_sla_dag.py
[2026-01-29T02:40:50.871+0000] {logging_mixin.py:188} INFO - [2026-01-29T02:40:50.870+0000] {dag.py:3089} INFO - Sync 1 DAGs
[2026-01-29T02:40:50.898+0000] {logging_mixin.py:188} INFO - [2026-01-29T02:40:50.898+0000] {dag.py:3947} INFO - Setting next_dagrun for example_sla_dag to 2026-01-29 02:38:00+00:00, run_after=2026-01-29 02:40:00+00:00
[2026-01-29T02:40:50.918+0000] {processor.py:183} INFO - Processing /home/airflow/.local/lib/python3.12/site-packages/airflow/example_dags/example_sla_dag.py took 0.088 seconds
[2026-01-29T02:41:21.202+0000] {processor.py:161} INFO - Started process (PID=81915) to work on /home/airflow/.local/lib/python3.12/site-packages/airflow/example_dags/example_sla_dag.py
[2026-01-29T02:41:21.203+0000] {processor.py:830} INFO - Processing file /home/airflow/.local/lib/python3.12/site-packages/airflow/example_dags/example_sla_dag.py for tasks to queue
[2026-01-29T02:41:21.205+0000] {logging_mixin.py:188} INFO - [2026-01-29T02:41:21.204+0000] {dagbag.py:545} INFO - Filling up the DagBag from /home/airflow/.local/lib/python3.12/site-packages/airflow/example_dags/example_sla_dag.py
[2026-01-29T02:41:21.214+0000] {processor.py:840} INFO - DAG(s) 'example_sla_dag' retrieved from /home/airflow/.local/lib/python3.12/site-packages/airflow/example_dags/example_sla_dag.py
[2026-01-29T02:41:21.232+0000] {logging_mixin.py:188} INFO - [2026-01-29T02:41:21.232+0000] {dag.py:3089} INFO - Sync 1 DAGs
[2026-01-29T02:41:21.258+0000] {logging_mixin.py:188} INFO - [2026-01-29T02:41:21.258+0000] {dag.py:3947} INFO - Setting next_dagrun for example_sla_dag to 2026-01-29 02:38:00+00:00, run_after=2026-01-29 02:40:00+00:00
[2026-01-29T02:41:21.276+0000] {processor.py:183} INFO - Processing /home/airflow/.local/lib/python3.12/site-packages/airflow/example_dags/example_sla_dag.py took 0.082 seconds
[2026-01-29T02:41:51.614+0000] {processor.py:161} INFO - Started process (PID=81974) to work on /home/airflow/.local/lib/python3.12/site-packages/airflow/example_dags/example_sla_dag.py
[2026-01-29T02:41:51.615+0000] {processor.py:830} INFO - Processing file /home/airflow/.local/lib/python3.12/site-packages/airflow/example_dags/example_sla_dag.py for tasks to queue
[2026-01-29T02:41:51.617+0000] {logging_mixin.py:188} INFO - [2026-01-29T02:41:51.617+0000] {dagbag.py:545} INFO - Filling up the DagBag from /home/airflow/.local/lib/python3.12/site-packages/airflow/example_dags/example_sla_dag.py
[2026-01-29T02:41:51.627+0000] {processor.py:840} INFO - DAG(s) 'example_sla_dag' retrieved from /home/airflow/.local/lib/python3.12/site-packages/airflow/example_dags/example_sla_dag.py
[2026-01-29T02:41:51.647+0000] {logging_mixin.py:188} INFO - [2026-01-29T02:41:51.647+0000] {dag.py:3089} INFO - Sync 1 DAGs
[2026-01-29T02:41:51.675+0000] {logging_mixin.py:188} INFO - [2026-01-29T02:41:51.675+0000] {dag.py:3947} INFO - Setting next_dagrun for example_sla_dag to 2026-01-29 02:38:00+00:00, run_after=2026-01-29 02:40:00+00:00
[2026-01-29T02:41:51.696+0000] {processor.py:183} INFO - Processing /home/airflow/.local/lib/python3.12/site-packages/airflow/example_dags/example_sla_dag.py took 0.089 seconds
[2026-01-29T02:42:22.031+0000] {processor.py:161} INFO - Started process (PID=82038) to work on /home/airflow/.local/lib/python3.12/site-packages/airflow/example_dags/example_sla_dag.py
[2026-01-29T02:42:22.032+0000] {processor.py:830} INFO - Processing file /home/airflow/.local/lib/python3.12/site-packages/airflow/example_dags/example_sla_dag.py for tasks to queue
[2026-01-29T02:42:22.034+0000] {logging_mixin.py:188} INFO - [2026-01-29T02:42:22.033+0000] {dagbag.py:545} INFO - Filling up the DagBag from /home/airflow/.local/lib/python3.12/site-packages/airflow/example_dags/example_sla_dag.py
[2026-01-29T02:42:22.043+0000] {processor.py:840} INFO - DAG(s) 'example_sla_dag' retrieved from /home/airflow/.local/lib/python3.12/site-packages/airflow/example_dags/example_sla_dag.py
[2026-01-29T02:42:22.062+0000] {logging_mixin.py:188} INFO - [2026-01-29T02:42:22.061+0000] {dag.py:3089} INFO - Sync 1 DAGs
[2026-01-29T02:42:22.087+0000] {logging_mixin.py:188} INFO - [2026-01-29T02:42:22.087+0000] {dag.py:3947} INFO - Setting next_dagrun for example_sla_dag to 2026-01-29 02:40:00+00:00, run_after=2026-01-29 02:42:00+00:00
[2026-01-29T02:42:22.108+0000] {processor.py:183} INFO - Processing /home/airflow/.local/lib/python3.12/site-packages/airflow/example_dags/example_sla_dag.py took 0.084 seconds
[2026-01-29T02:42:52.335+0000] {processor.py:161} INFO - Started process (PID=82097) to work on /home/airflow/.local/lib/python3.12/site-packages/airflow/example_dags/example_sla_dag.py
[2026-01-29T02:42:52.336+0000] {processor.py:830} INFO - Processing file /home/airflow/.local/lib/python3.12/site-packages/airflow/example_dags/example_sla_dag.py for tasks to queue
[2026-01-29T02:42:52.338+0000] {logging_mixin.py:188} INFO - [2026-01-29T02:42:52.338+0000] {dagbag.py:545} INFO - Filling up the DagBag from /home/airflow/.local/lib/python3.12/site-packages/airflow/example_dags/example_sla_dag.py
[2026-01-29T02:42:52.348+0000] {processor.py:840} INFO - DAG(s) 'example_sla_dag' retrieved from /home/airflow/.local/lib/python3.12/site-packages/airflow/example_dags/example_sla_dag.py
[2026-01-29T02:42:52.367+0000] {logging_mixin.py:188} INFO - [2026-01-29T02:42:52.367+0000] {dag.py:3089} INFO - Sync 1 DAGs
[2026-01-29T02:42:52.392+0000] {logging_mixin.py:188} INFO - [2026-01-29T02:42:52.392+0000] {dag.py:3947} INFO - Setting next_dagrun for example_sla_dag to 2026-01-29 02:40:00+00:00, run_after=2026-01-29 02:42:00+00:00
[2026-01-29T02:42:52.411+0000] {processor.py:183} INFO - Processing /home/airflow/.local/lib/python3.12/site-packages/airflow/example_dags/example_sla_dag.py took 0.083 seconds
[2026-01-29T02:43:22.535+0000] {processor.py:161} INFO - Started process (PID=82161) to work on /home/airflow/.local/lib/python3.12/site-packages/airflow/example_dags/example_sla_dag.py
[2026-01-29T02:43:22.536+0000] {processor.py:830} INFO - Processing file /home/airflow/.local/lib/python3.12/site-packages/airflow/example_dags/example_sla_dag.py for tasks to queue
[2026-01-29T02:43:22.538+0000] {logging_mixin.py:188} INFO - [2026-01-29T02:43:22.538+0000] {dagbag.py:545} INFO - Filling up the DagBag from /home/airflow/.local/lib/python3.12/site-packages/airflow/example_dags/example_sla_dag.py
[2026-01-29T02:43:22.548+0000] {processor.py:840} INFO - DAG(s) 'example_sla_dag' retrieved from /home/airflow/.local/lib/python3.12/site-packages/airflow/example_dags/example_sla_dag.py
[2026-01-29T02:43:22.566+0000] {logging_mixin.py:188} INFO - [2026-01-29T02:43:22.566+0000] {dag.py:3089} INFO - Sync 1 DAGs
[2026-01-29T02:43:22.594+0000] {logging_mixin.py:188} INFO - [2026-01-29T02:43:22.594+0000] {dag.py:3947} INFO - Setting next_dagrun for example_sla_dag to 2026-01-29 02:40:00+00:00, run_after=2026-01-29 02:42:00+00:00
[2026-01-29T02:43:22.614+0000] {processor.py:183} INFO - Processing /home/airflow/.local/lib/python3.12/site-packages/airflow/example_dags/example_sla_dag.py took 0.086 seconds
[2026-01-29T02:43:52.755+0000] {processor.py:161} INFO - Started process (PID=82220) to work on /home/airflow/.local/lib/python3.12/site-packages/airflow/example_dags/example_sla_dag.py
[2026-01-29T02:43:52.756+0000] {processor.py:830} INFO - Processing file /home/airflow/.local/lib/python3.12/site-packages/airflow/example_dags/example_sla_dag.py for tasks to queue
[2026-01-29T02:43:52.758+0000] {logging_mixin.py:188} INFO - [2026-01-29T02:43:52.757+0000] {dagbag.py:545} INFO - Filling up the DagBag from /home/airflow/.local/lib/python3.12/site-packages/airflow/example_dags/example_sla_dag.py
[2026-01-29T02:43:52.767+0000] {processor.py:840} INFO - DAG(s) 'example_sla_dag' retrieved from /home/airflow/.local/lib/python3.12/site-packages/airflow/example_dags/example_sla_dag.py
[2026-01-29T02:43:52.785+0000] {logging_mixin.py:188} INFO - [2026-01-29T02:43:52.785+0000] {dag.py:3089} INFO - Sync 1 DAGs
[2026-01-29T02:43:52.812+0000] {logging_mixin.py:188} INFO - [2026-01-29T02:43:52.812+0000] {dag.py:3947} INFO - Setting next_dagrun for example_sla_dag to 2026-01-29 02:40:00+00:00, run_after=2026-01-29 02:42:00+00:00
[2026-01-29T02:43:52.832+0000] {processor.py:183} INFO - Processing /home/airflow/.local/lib/python3.12/site-packages/airflow/example_dags/example_sla_dag.py took 0.083 seconds
[2026-01-29T02:44:22.995+0000] {processor.py:161} INFO - Started process (PID=82284) to work on /home/airflow/.local/lib/python3.12/site-packages/airflow/example_dags/example_sla_dag.py
[2026-01-29T02:44:22.996+0000] {processor.py:830} INFO - Processing file /home/airflow/.local/lib/python3.12/site-packages/airflow/example_dags/example_sla_dag.py for tasks to queue
[2026-01-29T02:44:22.998+0000] {logging_mixin.py:188} INFO - [2026-01-29T02:44:22.998+0000] {dagbag.py:545} INFO - Filling up the DagBag from /home/airflow/.local/lib/python3.12/site-packages/airflow/example_dags/example_sla_dag.py
[2026-01-29T02:44:23.008+0000] {processor.py:840} INFO - DAG(s) 'example_sla_dag' retrieved from /home/airflow/.local/lib/python3.12/site-packages/airflow/example_dags/example_sla_dag.py
[2026-01-29T02:44:23.027+0000] {logging_mixin.py:188} INFO - [2026-01-29T02:44:23.027+0000] {dag.py:3089} INFO - Sync 1 DAGs
[2026-01-29T02:44:23.056+0000] {logging_mixin.py:188} INFO - [2026-01-29T02:44:23.055+0000] {dag.py:3947} INFO - Setting next_dagrun for example_sla_dag to 2026-01-29 02:42:00+00:00, run_after=2026-01-29 02:44:00+00:00
[2026-01-29T02:44:23.076+0000] {processor.py:183} INFO - Processing /home/airflow/.local/lib/python3.12/site-packages/airflow/example_dags/example_sla_dag.py took 0.088 seconds
[2026-01-29T02:44:53.127+0000] {processor.py:161} INFO - Started process (PID=82343) to work on /home/airflow/.local/lib/python3.12/site-packages/airflow/example_dags/example_sla_dag.py
[2026-01-29T02:44:53.128+0000] {processor.py:830} INFO - Processing file /home/airflow/.local/lib/python3.12/site-packages/airflow/example_dags/example_sla_dag.py for tasks to queue
[2026-01-29T02:44:53.130+0000] {logging_mixin.py:188} INFO - [2026-01-29T02:44:53.129+0000] {dagbag.py:545} INFO - Filling up the DagBag from /home/airflow/.local/lib/python3.12/site-packages/airflow/example_dags/example_sla_dag.py
[2026-01-29T02:44:53.138+0000] {processor.py:840} INFO - DAG(s) 'example_sla_dag' retrieved from /home/airflow/.local/lib/python3.12/site-packages/airflow/example_dags/example_sla_dag.py
[2026-01-29T02:44:53.158+0000] {logging_mixin.py:188} INFO - [2026-01-29T02:44:53.158+0000] {dag.py:3089} INFO - Sync 1 DAGs
[2026-01-29T02:44:53.186+0000] {logging_mixin.py:188} INFO - [2026-01-29T02:44:53.186+0000] {dag.py:3947} INFO - Setting next_dagrun for example_sla_dag to 2026-01-29 02:42:00+00:00, run_after=2026-01-29 02:44:00+00:00
[2026-01-29T02:44:53.207+0000] {processor.py:183} INFO - Processing /home/airflow/.local/lib/python3.12/site-packages/airflow/example_dags/example_sla_dag.py took 0.086 seconds
[2026-01-29T02:45:23.401+0000] {processor.py:161} INFO - Started process (PID=82407) to work on /home/airflow/.local/lib/python3.12/site-packages/airflow/example_dags/example_sla_dag.py
[2026-01-29T02:45:23.402+0000] {processor.py:830} INFO - Processing file /home/airflow/.local/lib/python3.12/site-packages/airflow/example_dags/example_sla_dag.py for tasks to queue
[2026-01-29T02:45:23.404+0000] {logging_mixin.py:188} INFO - [2026-01-29T02:45:23.404+0000] {dagbag.py:545} INFO - Filling up the DagBag from /home/airflow/.local/lib/python3.12/site-packages/airflow/example_dags/example_sla_dag.py
[2026-01-29T02:45:23.414+0000] {processor.py:840} INFO - DAG(s) 'example_sla_dag' retrieved from /home/airflow/.local/lib/python3.12/site-packages/airflow/example_dags/example_sla_dag.py
[2026-01-29T02:45:23.433+0000] {logging_mixin.py:188} INFO - [2026-01-29T02:45:23.433+0000] {dag.py:3089} INFO - Sync 1 DAGs
[2026-01-29T02:45:23.460+0000] {logging_mixin.py:188} INFO - [2026-01-29T02:45:23.460+0000] {dag.py:3947} INFO - Setting next_dagrun for example_sla_dag to 2026-01-29 02:42:00+00:00, run_after=2026-01-29 02:44:00+00:00
[2026-01-29T02:45:23.480+0000] {processor.py:183} INFO - Processing /home/airflow/.local/lib/python3.12/site-packages/airflow/example_dags/example_sla_dag.py took 0.086 seconds
[2026-01-29T02:45:53.717+0000] {processor.py:161} INFO - Started process (PID=82466) to work on /home/airflow/.local/lib/python3.12/site-packages/airflow/example_dags/example_sla_dag.py
[2026-01-29T02:45:53.718+0000] {processor.py:830} INFO - Processing file /home/airflow/.local/lib/python3.12/site-packages/airflow/example_dags/example_sla_dag.py for tasks to queue
[2026-01-29T02:45:53.720+0000] {logging_mixin.py:188} INFO - [2026-01-29T02:45:53.720+0000] {dagbag.py:545} INFO - Filling up the DagBag from /home/airflow/.local/lib/python3.12/site-packages/airflow/example_dags/example_sla_dag.py
[2026-01-29T02:45:53.729+0000] {processor.py:840} INFO - DAG(s) 'example_sla_dag' retrieved from /home/airflow/.local/lib/python3.12/site-packages/airflow/example_dags/example_sla_dag.py
[2026-01-29T02:45:53.749+0000] {logging_mixin.py:188} INFO - [2026-01-29T02:45:53.748+0000] {dag.py:3089} INFO - Sync 1 DAGs
[2026-01-29T02:45:53.775+0000] {logging_mixin.py:188} INFO - [2026-01-29T02:45:53.775+0000] {dag.py:3947} INFO - Setting next_dagrun for example_sla_dag to 2026-01-29 02:42:00+00:00, run_after=2026-01-29 02:44:00+00:00
[2026-01-29T02:45:53.794+0000] {processor.py:183} INFO - Processing /home/airflow/.local/lib/python3.12/site-packages/airflow/example_dags/example_sla_dag.py took 0.083 seconds
[2026-01-29T02:46:24.265+0000] {processor.py:161} INFO - Started process (PID=82530) to work on /home/airflow/.local/lib/python3.12/site-packages/airflow/example_dags/example_sla_dag.py
[2026-01-29T02:46:24.265+0000] {processor.py:830} INFO - Processing file /home/airflow/.local/lib/python3.12/site-packages/airflow/example_dags/example_sla_dag.py for tasks to queue
[2026-01-29T02:46:24.267+0000] {logging_mixin.py:188} INFO - [2026-01-29T02:46:24.267+0000] {dagbag.py:545} INFO - Filling up the DagBag from /home/airflow/.local/lib/python3.12/site-packages/airflow/example_dags/example_sla_dag.py
[2026-01-29T02:46:24.276+0000] {processor.py:840} INFO - DAG(s) 'example_sla_dag' retrieved from /home/airflow/.local/lib/python3.12/site-packages/airflow/example_dags/example_sla_dag.py
[2026-01-29T02:46:24.295+0000] {logging_mixin.py:188} INFO - [2026-01-29T02:46:24.295+0000] {dag.py:3089} INFO - Sync 1 DAGs
[2026-01-29T02:46:24.321+0000] {logging_mixin.py:188} INFO - [2026-01-29T02:46:24.321+0000] {dag.py:3947} INFO - Setting next_dagrun for example_sla_dag to 2026-01-29 02:44:00+00:00, run_after=2026-01-29 02:46:00+00:00
[2026-01-29T02:46:24.341+0000] {processor.py:183} INFO - Processing /home/airflow/.local/lib/python3.12/site-packages/airflow/example_dags/example_sla_dag.py took 0.082 seconds
[2026-01-29T02:46:54.843+0000] {processor.py:161} INFO - Started process (PID=82589) to work on /home/airflow/.local/lib/python3.12/site-packages/airflow/example_dags/example_sla_dag.py
[2026-01-29T02:46:54.844+0000] {processor.py:830} INFO - Processing file /home/airflow/.local/lib/python3.12/site-packages/airflow/example_dags/example_sla_dag.py for tasks to queue
[2026-01-29T02:46:54.846+0000] {logging_mixin.py:188} INFO - [2026-01-29T02:46:54.846+0000] {dagbag.py:545} INFO - Filling up the DagBag from /home/airflow/.local/lib/python3.12/site-packages/airflow/example_dags/example_sla_dag.py
[2026-01-29T02:46:54.857+0000] {processor.py:840} INFO - DAG(s) 'example_sla_dag' retrieved from /home/airflow/.local/lib/python3.12/site-packages/airflow/example_dags/example_sla_dag.py
[2026-01-29T02:46:54.879+0000] {logging_mixin.py:188} INFO - [2026-01-29T02:46:54.879+0000] {dag.py:3089} INFO - Sync 1 DAGs
[2026-01-29T02:46:54.907+0000] {logging_mixin.py:188} INFO - [2026-01-29T02:46:54.906+0000] {dag.py:3947} INFO - Setting next_dagrun for example_sla_dag to 2026-01-29 02:44:00+00:00, run_after=2026-01-29 02:46:00+00:00
[2026-01-29T02:46:54.928+0000] {processor.py:183} INFO - Processing /home/airflow/.local/lib/python3.12/site-packages/airflow/example_dags/example_sla_dag.py took 0.093 seconds
[2026-01-29T02:47:25.447+0000] {processor.py:161} INFO - Started process (PID=82653) to work on /home/airflow/.local/lib/python3.12/site-packages/airflow/example_dags/example_sla_dag.py
[2026-01-29T02:47:25.448+0000] {processor.py:830} INFO - Processing file /home/airflow/.local/lib/python3.12/site-packages/airflow/example_dags/example_sla_dag.py for tasks to queue
[2026-01-29T02:47:25.450+0000] {logging_mixin.py:188} INFO - [2026-01-29T02:47:25.450+0000] {dagbag.py:545} INFO - Filling up the DagBag from /home/airflow/.local/lib/python3.12/site-packages/airflow/example_dags/example_sla_dag.py
[2026-01-29T02:47:25.460+0000] {processor.py:840} INFO - DAG(s) 'example_sla_dag' retrieved from /home/airflow/.local/lib/python3.12/site-packages/airflow/example_dags/example_sla_dag.py
[2026-01-29T02:47:25.480+0000] {logging_mixin.py:188} INFO - [2026-01-29T02:47:25.480+0000] {dag.py:3089} INFO - Sync 1 DAGs
[2026-01-29T02:47:25.506+0000] {logging_mixin.py:188} INFO - [2026-01-29T02:47:25.506+0000] {dag.py:3947} INFO - Setting next_dagrun for example_sla_dag to 2026-01-29 02:44:00+00:00, run_after=2026-01-29 02:46:00+00:00
[2026-01-29T02:47:25.526+0000] {processor.py:183} INFO - Processing /home/airflow/.local/lib/python3.12/site-packages/airflow/example_dags/example_sla_dag.py took 0.086 seconds
[2026-01-29T02:47:55.921+0000] {processor.py:161} INFO - Started process (PID=82712) to work on /home/airflow/.local/lib/python3.12/site-packages/airflow/example_dags/example_sla_dag.py
[2026-01-29T02:47:55.922+0000] {processor.py:830} INFO - Processing file /home/airflow/.local/lib/python3.12/site-packages/airflow/example_dags/example_sla_dag.py for tasks to queue
[2026-01-29T02:47:55.924+0000] {logging_mixin.py:188} INFO - [2026-01-29T02:47:55.924+0000] {dagbag.py:545} INFO - Filling up the DagBag from /home/airflow/.local/lib/python3.12/site-packages/airflow/example_dags/example_sla_dag.py
[2026-01-29T02:47:55.934+0000] {processor.py:840} INFO - DAG(s) 'example_sla_dag' retrieved from /home/airflow/.local/lib/python3.12/site-packages/airflow/example_dags/example_sla_dag.py
[2026-01-29T02:47:55.954+0000] {logging_mixin.py:188} INFO - [2026-01-29T02:47:55.954+0000] {dag.py:3089} INFO - Sync 1 DAGs
[2026-01-29T02:47:55.980+0000] {logging_mixin.py:188} INFO - [2026-01-29T02:47:55.980+0000] {dag.py:3947} INFO - Setting next_dagrun for example_sla_dag to 2026-01-29 02:44:00+00:00, run_after=2026-01-29 02:46:00+00:00
[2026-01-29T02:47:55.998+0000] {processor.py:183} INFO - Processing /home/airflow/.local/lib/python3.12/site-packages/airflow/example_dags/example_sla_dag.py took 0.085 seconds
[2026-01-29T02:48:26.470+0000] {processor.py:161} INFO - Started process (PID=82776) to work on /home/airflow/.local/lib/python3.12/site-packages/airflow/example_dags/example_sla_dag.py
[2026-01-29T02:48:26.471+0000] {processor.py:830} INFO - Processing file /home/airflow/.local/lib/python3.12/site-packages/airflow/example_dags/example_sla_dag.py for tasks to queue
[2026-01-29T02:48:26.473+0000] {logging_mixin.py:188} INFO - [2026-01-29T02:48:26.473+0000] {dagbag.py:545} INFO - Filling up the DagBag from /home/airflow/.local/lib/python3.12/site-packages/airflow/example_dags/example_sla_dag.py
[2026-01-29T02:48:26.483+0000] {processor.py:840} INFO - DAG(s) 'example_sla_dag' retrieved from /home/airflow/.local/lib/python3.12/site-packages/airflow/example_dags/example_sla_dag.py
[2026-01-29T02:48:26.503+0000] {logging_mixin.py:188} INFO - [2026-01-29T02:48:26.502+0000] {dag.py:3089} INFO - Sync 1 DAGs
[2026-01-29T02:48:26.528+0000] {logging_mixin.py:188} INFO - [2026-01-29T02:48:26.528+0000] {dag.py:3947} INFO - Setting next_dagrun for example_sla_dag to 2026-01-29 02:46:00+00:00, run_after=2026-01-29 02:48:00+00:00
[2026-01-29T02:48:26.547+0000] {processor.py:183} INFO - Processing /home/airflow/.local/lib/python3.12/site-packages/airflow/example_dags/example_sla_dag.py took 0.084 seconds
[2026-01-29T02:48:57.354+0000] {processor.py:161} INFO - Started process (PID=82833) to work on /home/airflow/.local/lib/python3.12/site-packages/airflow/example_dags/example_sla_dag.py
[2026-01-29T02:48:57.355+0000] {processor.py:830} INFO - Processing file /home/airflow/.local/lib/python3.12/site-packages/airflow/example_dags/example_sla_dag.py for tasks to queue
[2026-01-29T02:48:57.357+0000] {logging_mixin.py:188} INFO - [2026-01-29T02:48:57.356+0000] {dagbag.py:545} INFO - Filling up the DagBag from /home/airflow/.local/lib/python3.12/site-packages/airflow/example_dags/example_sla_dag.py
[2026-01-29T02:48:57.367+0000] {processor.py:840} INFO - DAG(s) 'example_sla_dag' retrieved from /home/airflow/.local/lib/python3.12/site-packages/airflow/example_dags/example_sla_dag.py
[2026-01-29T02:48:57.387+0000] {logging_mixin.py:188} INFO - [2026-01-29T02:48:57.387+0000] {dag.py:3089} INFO - Sync 1 DAGs
[2026-01-29T02:48:57.415+0000] {logging_mixin.py:188} INFO - [2026-01-29T02:48:57.415+0000] {dag.py:3947} INFO - Setting next_dagrun for example_sla_dag to 2026-01-29 02:46:00+00:00, run_after=2026-01-29 02:48:00+00:00
[2026-01-29T02:48:57.434+0000] {processor.py:183} INFO - Processing /home/airflow/.local/lib/python3.12/site-packages/airflow/example_dags/example_sla_dag.py took 0.088 seconds
[2026-01-29T02:49:27.681+0000] {processor.py:161} INFO - Started process (PID=82897) to work on /home/airflow/.local/lib/python3.12/site-packages/airflow/example_dags/example_sla_dag.py
[2026-01-29T02:49:27.682+0000] {processor.py:830} INFO - Processing file /home/airflow/.local/lib/python3.12/site-packages/airflow/example_dags/example_sla_dag.py for tasks to queue
[2026-01-29T02:49:27.684+0000] {logging_mixin.py:188} INFO - [2026-01-29T02:49:27.684+0000] {dagbag.py:545} INFO - Filling up the DagBag from /home/airflow/.local/lib/python3.12/site-packages/airflow/example_dags/example_sla_dag.py
[2026-01-29T02:49:27.694+0000] {processor.py:840} INFO - DAG(s) 'example_sla_dag' retrieved from /home/airflow/.local/lib/python3.12/site-packages/airflow/example_dags/example_sla_dag.py
[2026-01-29T02:49:27.713+0000] {logging_mixin.py:188} INFO - [2026-01-29T02:49:27.713+0000] {dag.py:3089} INFO - Sync 1 DAGs
[2026-01-29T02:49:27.741+0000] {logging_mixin.py:188} INFO - [2026-01-29T02:49:27.741+0000] {dag.py:3947} INFO - Setting next_dagrun for example_sla_dag to 2026-01-29 02:46:00+00:00, run_after=2026-01-29 02:48:00+00:00
[2026-01-29T02:49:27.768+0000] {processor.py:183} INFO - Processing /home/airflow/.local/lib/python3.12/site-packages/airflow/example_dags/example_sla_dag.py took 0.094 seconds
[2026-01-29T02:49:57.840+0000] {processor.py:161} INFO - Started process (PID=82956) to work on /home/airflow/.local/lib/python3.12/site-packages/airflow/example_dags/example_sla_dag.py
[2026-01-29T02:49:57.841+0000] {processor.py:830} INFO - Processing file /home/airflow/.local/lib/python3.12/site-packages/airflow/example_dags/example_sla_dag.py for tasks to queue
[2026-01-29T02:49:57.843+0000] {logging_mixin.py:188} INFO - [2026-01-29T02:49:57.843+0000] {dagbag.py:545} INFO - Filling up the DagBag from /home/airflow/.local/lib/python3.12/site-packages/airflow/example_dags/example_sla_dag.py
[2026-01-29T02:49:57.853+0000] {processor.py:840} INFO - DAG(s) 'example_sla_dag' retrieved from /home/airflow/.local/lib/python3.12/site-packages/airflow/example_dags/example_sla_dag.py
[2026-01-29T02:49:57.874+0000] {logging_mixin.py:188} INFO - [2026-01-29T02:49:57.873+0000] {dag.py:3089} INFO - Sync 1 DAGs
[2026-01-29T02:49:57.903+0000] {logging_mixin.py:188} INFO - [2026-01-29T02:49:57.902+0000] {dag.py:3947} INFO - Setting next_dagrun for example_sla_dag to 2026-01-29 02:46:00+00:00, run_after=2026-01-29 02:48:00+00:00
[2026-01-29T02:49:57.922+0000] {processor.py:183} INFO - Processing /home/airflow/.local/lib/python3.12/site-packages/airflow/example_dags/example_sla_dag.py took 0.090 seconds
[2026-01-29T02:50:28.208+0000] {processor.py:161} INFO - Started process (PID=83020) to work on /home/airflow/.local/lib/python3.12/site-packages/airflow/example_dags/example_sla_dag.py
[2026-01-29T02:50:28.208+0000] {processor.py:830} INFO - Processing file /home/airflow/.local/lib/python3.12/site-packages/airflow/example_dags/example_sla_dag.py for tasks to queue
[2026-01-29T02:50:28.210+0000] {logging_mixin.py:188} INFO - [2026-01-29T02:50:28.210+0000] {dagbag.py:545} INFO - Filling up the DagBag from /home/airflow/.local/lib/python3.12/site-packages/airflow/example_dags/example_sla_dag.py
[2026-01-29T02:50:28.220+0000] {processor.py:840} INFO - DAG(s) 'example_sla_dag' retrieved from /home/airflow/.local/lib/python3.12/site-packages/airflow/example_dags/example_sla_dag.py
[2026-01-29T02:50:28.240+0000] {logging_mixin.py:188} INFO - [2026-01-29T02:50:28.240+0000] {dag.py:3089} INFO - Sync 1 DAGs
[2026-01-29T02:50:28.266+0000] {logging_mixin.py:188} INFO - [2026-01-29T02:50:28.266+0000] {dag.py:3947} INFO - Setting next_dagrun for example_sla_dag to 2026-01-29 02:48:00+00:00, run_after=2026-01-29 02:50:00+00:00
[2026-01-29T02:50:28.285+0000] {processor.py:183} INFO - Processing /home/airflow/.local/lib/python3.12/site-packages/airflow/example_dags/example_sla_dag.py took 0.085 seconds
[2026-01-29T02:50:58.724+0000] {processor.py:161} INFO - Started process (PID=83079) to work on /home/airflow/.local/lib/python3.12/site-packages/airflow/example_dags/example_sla_dag.py
[2026-01-29T02:50:58.725+0000] {processor.py:830} INFO - Processing file /home/airflow/.local/lib/python3.12/site-packages/airflow/example_dags/example_sla_dag.py for tasks to queue
[2026-01-29T02:50:58.726+0000] {logging_mixin.py:188} INFO - [2026-01-29T02:50:58.726+0000] {dagbag.py:545} INFO - Filling up the DagBag from /home/airflow/.local/lib/python3.12/site-packages/airflow/example_dags/example_sla_dag.py
[2026-01-29T02:50:58.735+0000] {processor.py:840} INFO - DAG(s) 'example_sla_dag' retrieved from /home/airflow/.local/lib/python3.12/site-packages/airflow/example_dags/example_sla_dag.py
[2026-01-29T02:50:58.754+0000] {logging_mixin.py:188} INFO - [2026-01-29T02:50:58.754+0000] {dag.py:3089} INFO - Sync 1 DAGs
[2026-01-29T02:50:58.781+0000] {logging_mixin.py:188} INFO - [2026-01-29T02:50:58.781+0000] {dag.py:3947} INFO - Setting next_dagrun for example_sla_dag to 2026-01-29 02:48:00+00:00, run_after=2026-01-29 02:50:00+00:00
[2026-01-29T02:50:58.801+0000] {processor.py:183} INFO - Processing /home/airflow/.local/lib/python3.12/site-packages/airflow/example_dags/example_sla_dag.py took 0.083 seconds
[2026-01-29T02:51:29.392+0000] {processor.py:161} INFO - Started process (PID=83143) to work on /home/airflow/.local/lib/python3.12/site-packages/airflow/example_dags/example_sla_dag.py
[2026-01-29T02:51:29.393+0000] {processor.py:830} INFO - Processing file /home/airflow/.local/lib/python3.12/site-packages/airflow/example_dags/example_sla_dag.py for tasks to queue
[2026-01-29T02:51:29.395+0000] {logging_mixin.py:188} INFO - [2026-01-29T02:51:29.395+0000] {dagbag.py:545} INFO - Filling up the DagBag from /home/airflow/.local/lib/python3.12/site-packages/airflow/example_dags/example_sla_dag.py
[2026-01-29T02:51:29.404+0000] {processor.py:840} INFO - DAG(s) 'example_sla_dag' retrieved from /home/airflow/.local/lib/python3.12/site-packages/airflow/example_dags/example_sla_dag.py
[2026-01-29T02:51:29.424+0000] {logging_mixin.py:188} INFO - [2026-01-29T02:51:29.423+0000] {dag.py:3089} INFO - Sync 1 DAGs
[2026-01-29T02:51:29.586+0000] {logging_mixin.py:188} INFO - [2026-01-29T02:51:29.586+0000] {dag.py:3947} INFO - Setting next_dagrun for example_sla_dag to 2026-01-29 02:48:00+00:00, run_after=2026-01-29 02:50:00+00:00
[2026-01-29T02:51:29.605+0000] {processor.py:183} INFO - Processing /home/airflow/.local/lib/python3.12/site-packages/airflow/example_dags/example_sla_dag.py took 0.219 seconds
[2026-01-29T02:51:59.862+0000] {processor.py:161} INFO - Started process (PID=83202) to work on /home/airflow/.local/lib/python3.12/site-packages/airflow/example_dags/example_sla_dag.py
[2026-01-29T02:51:59.863+0000] {processor.py:830} INFO - Processing file /home/airflow/.local/lib/python3.12/site-packages/airflow/example_dags/example_sla_dag.py for tasks to queue
[2026-01-29T02:51:59.865+0000] {logging_mixin.py:188} INFO - [2026-01-29T02:51:59.865+0000] {dagbag.py:545} INFO - Filling up the DagBag from /home/airflow/.local/lib/python3.12/site-packages/airflow/example_dags/example_sla_dag.py
[2026-01-29T02:51:59.876+0000] {processor.py:840} INFO - DAG(s) 'example_sla_dag' retrieved from /home/airflow/.local/lib/python3.12/site-packages/airflow/example_dags/example_sla_dag.py
[2026-01-29T02:51:59.902+0000] {logging_mixin.py:188} INFO - [2026-01-29T02:51:59.902+0000] {dag.py:3089} INFO - Sync 1 DAGs
[2026-01-29T02:51:59.930+0000] {logging_mixin.py:188} INFO - [2026-01-29T02:51:59.929+0000] {dag.py:3947} INFO - Setting next_dagrun for example_sla_dag to 2026-01-29 02:48:00+00:00, run_after=2026-01-29 02:50:00+00:00
[2026-01-29T02:51:59.949+0000] {processor.py:183} INFO - Processing /home/airflow/.local/lib/python3.12/site-packages/airflow/example_dags/example_sla_dag.py took 0.094 seconds
[2026-01-29T02:52:30.340+0000] {processor.py:161} INFO - Started process (PID=83266) to work on /home/airflow/.local/lib/python3.12/site-packages/airflow/example_dags/example_sla_dag.py
[2026-01-29T02:52:30.341+0000] {processor.py:830} INFO - Processing file /home/airflow/.local/lib/python3.12/site-packages/airflow/example_dags/example_sla_dag.py for tasks to queue
[2026-01-29T02:52:30.343+0000] {logging_mixin.py:188} INFO - [2026-01-29T02:52:30.342+0000] {dagbag.py:545} INFO - Filling up the DagBag from /home/airflow/.local/lib/python3.12/site-packages/airflow/example_dags/example_sla_dag.py
[2026-01-29T02:52:30.353+0000] {processor.py:840} INFO - DAG(s) 'example_sla_dag' retrieved from /home/airflow/.local/lib/python3.12/site-packages/airflow/example_dags/example_sla_dag.py
[2026-01-29T02:52:30.373+0000] {logging_mixin.py:188} INFO - [2026-01-29T02:52:30.373+0000] {dag.py:3089} INFO - Sync 1 DAGs
[2026-01-29T02:52:30.401+0000] {logging_mixin.py:188} INFO - [2026-01-29T02:52:30.401+0000] {dag.py:3947} INFO - Setting next_dagrun for example_sla_dag to 2026-01-29 02:50:00+00:00, run_after=2026-01-29 02:52:00+00:00
[2026-01-29T02:52:30.420+0000] {processor.py:183} INFO - Processing /home/airflow/.local/lib/python3.12/site-packages/airflow/example_dags/example_sla_dag.py took 0.088 seconds
[2026-01-29T02:53:00.722+0000] {processor.py:161} INFO - Started process (PID=83325) to work on /home/airflow/.local/lib/python3.12/site-packages/airflow/example_dags/example_sla_dag.py
[2026-01-29T02:53:00.723+0000] {processor.py:830} INFO - Processing file /home/airflow/.local/lib/python3.12/site-packages/airflow/example_dags/example_sla_dag.py for tasks to queue
[2026-01-29T02:53:00.725+0000] {logging_mixin.py:188} INFO - [2026-01-29T02:53:00.725+0000] {dagbag.py:545} INFO - Filling up the DagBag from /home/airflow/.local/lib/python3.12/site-packages/airflow/example_dags/example_sla_dag.py
[2026-01-29T02:53:00.735+0000] {processor.py:840} INFO - DAG(s) 'example_sla_dag' retrieved from /home/airflow/.local/lib/python3.12/site-packages/airflow/example_dags/example_sla_dag.py
[2026-01-29T02:53:00.756+0000] {logging_mixin.py:188} INFO - [2026-01-29T02:53:00.755+0000] {dag.py:3089} INFO - Sync 1 DAGs
[2026-01-29T02:53:00.784+0000] {logging_mixin.py:188} INFO - [2026-01-29T02:53:00.784+0000] {dag.py:3947} INFO - Setting next_dagrun for example_sla_dag to 2026-01-29 02:50:00+00:00, run_after=2026-01-29 02:52:00+00:00
[2026-01-29T02:53:00.803+0000] {processor.py:183} INFO - Processing /home/airflow/.local/lib/python3.12/site-packages/airflow/example_dags/example_sla_dag.py took 0.088 seconds
[2026-01-29T02:53:31.214+0000] {processor.py:161} INFO - Started process (PID=83389) to work on /home/airflow/.local/lib/python3.12/site-packages/airflow/example_dags/example_sla_dag.py
[2026-01-29T02:53:31.216+0000] {processor.py:830} INFO - Processing file /home/airflow/.local/lib/python3.12/site-packages/airflow/example_dags/example_sla_dag.py for tasks to queue
[2026-01-29T02:53:31.218+0000] {logging_mixin.py:188} INFO - [2026-01-29T02:53:31.217+0000] {dagbag.py:545} INFO - Filling up the DagBag from /home/airflow/.local/lib/python3.12/site-packages/airflow/example_dags/example_sla_dag.py
[2026-01-29T02:53:31.228+0000] {processor.py:840} INFO - DAG(s) 'example_sla_dag' retrieved from /home/airflow/.local/lib/python3.12/site-packages/airflow/example_dags/example_sla_dag.py
[2026-01-29T02:53:31.380+0000] {logging_mixin.py:188} INFO - [2026-01-29T02:53:31.380+0000] {dag.py:3089} INFO - Sync 1 DAGs
[2026-01-29T02:53:31.403+0000] {logging_mixin.py:188} INFO - [2026-01-29T02:53:31.402+0000] {dag.py:3947} INFO - Setting next_dagrun for example_sla_dag to 2026-01-29 02:50:00+00:00, run_after=2026-01-29 02:52:00+00:00
[2026-01-29T02:53:31.421+0000] {processor.py:183} INFO - Processing /home/airflow/.local/lib/python3.12/site-packages/airflow/example_dags/example_sla_dag.py took 0.214 seconds
[2026-01-29T02:54:01.634+0000] {processor.py:161} INFO - Started process (PID=83453) to work on /home/airflow/.local/lib/python3.12/site-packages/airflow/example_dags/example_sla_dag.py
[2026-01-29T02:54:01.636+0000] {processor.py:830} INFO - Processing file /home/airflow/.local/lib/python3.12/site-packages/airflow/example_dags/example_sla_dag.py for tasks to queue
[2026-01-29T02:54:01.638+0000] {logging_mixin.py:188} INFO - [2026-01-29T02:54:01.638+0000] {dagbag.py:545} INFO - Filling up the DagBag from /home/airflow/.local/lib/python3.12/site-packages/airflow/example_dags/example_sla_dag.py
[2026-01-29T02:54:01.652+0000] {processor.py:840} INFO - DAG(s) 'example_sla_dag' retrieved from /home/airflow/.local/lib/python3.12/site-packages/airflow/example_dags/example_sla_dag.py
[2026-01-29T02:54:01.679+0000] {logging_mixin.py:188} INFO - [2026-01-29T02:54:01.679+0000] {dag.py:3089} INFO - Sync 1 DAGs
[2026-01-29T02:54:01.720+0000] {logging_mixin.py:188} INFO - [2026-01-29T02:54:01.720+0000] {dag.py:3947} INFO - Setting next_dagrun for example_sla_dag to 2026-01-29 02:52:00+00:00, run_after=2026-01-29 02:54:00+00:00
[2026-01-29T02:54:01.748+0000] {processor.py:183} INFO - Processing /home/airflow/.local/lib/python3.12/site-packages/airflow/example_dags/example_sla_dag.py took 0.123 seconds
[2026-01-29T02:54:31.835+0000] {processor.py:161} INFO - Started process (PID=83512) to work on /home/airflow/.local/lib/python3.12/site-packages/airflow/example_dags/example_sla_dag.py
[2026-01-29T02:54:31.836+0000] {processor.py:830} INFO - Processing file /home/airflow/.local/lib/python3.12/site-packages/airflow/example_dags/example_sla_dag.py for tasks to queue
[2026-01-29T02:54:31.838+0000] {logging_mixin.py:188} INFO - [2026-01-29T02:54:31.838+0000] {dagbag.py:545} INFO - Filling up the DagBag from /home/airflow/.local/lib/python3.12/site-packages/airflow/example_dags/example_sla_dag.py
[2026-01-29T02:54:31.848+0000] {processor.py:840} INFO - DAG(s) 'example_sla_dag' retrieved from /home/airflow/.local/lib/python3.12/site-packages/airflow/example_dags/example_sla_dag.py
[2026-01-29T02:54:31.867+0000] {logging_mixin.py:188} INFO - [2026-01-29T02:54:31.867+0000] {dag.py:3089} INFO - Sync 1 DAGs
[2026-01-29T02:54:31.894+0000] {logging_mixin.py:188} INFO - [2026-01-29T02:54:31.894+0000] {dag.py:3947} INFO - Setting next_dagrun for example_sla_dag to 2026-01-29 02:52:00+00:00, run_after=2026-01-29 02:54:00+00:00
[2026-01-29T02:54:31.915+0000] {processor.py:183} INFO - Processing /home/airflow/.local/lib/python3.12/site-packages/airflow/example_dags/example_sla_dag.py took 0.087 seconds
[2026-01-29T02:55:02.034+0000] {processor.py:161} INFO - Started process (PID=83576) to work on /home/airflow/.local/lib/python3.12/site-packages/airflow/example_dags/example_sla_dag.py
[2026-01-29T02:55:02.035+0000] {processor.py:830} INFO - Processing file /home/airflow/.local/lib/python3.12/site-packages/airflow/example_dags/example_sla_dag.py for tasks to queue
[2026-01-29T02:55:02.038+0000] {logging_mixin.py:188} INFO - [2026-01-29T02:55:02.037+0000] {dagbag.py:545} INFO - Filling up the DagBag from /home/airflow/.local/lib/python3.12/site-packages/airflow/example_dags/example_sla_dag.py
[2026-01-29T02:55:02.051+0000] {processor.py:840} INFO - DAG(s) 'example_sla_dag' retrieved from /home/airflow/.local/lib/python3.12/site-packages/airflow/example_dags/example_sla_dag.py
[2026-01-29T02:55:02.070+0000] {logging_mixin.py:188} INFO - [2026-01-29T02:55:02.070+0000] {dag.py:3089} INFO - Sync 1 DAGs
[2026-01-29T02:55:02.105+0000] {logging_mixin.py:188} INFO - [2026-01-29T02:55:02.104+0000] {dag.py:3947} INFO - Setting next_dagrun for example_sla_dag to 2026-01-29 02:52:00+00:00, run_after=2026-01-29 02:54:00+00:00
[2026-01-29T02:55:02.127+0000] {processor.py:183} INFO - Processing /home/airflow/.local/lib/python3.12/site-packages/airflow/example_dags/example_sla_dag.py took 0.102 seconds
[2026-01-29T02:55:32.878+0000] {processor.py:161} INFO - Started process (PID=83635) to work on /home/airflow/.local/lib/python3.12/site-packages/airflow/example_dags/example_sla_dag.py
[2026-01-29T02:55:32.879+0000] {processor.py:830} INFO - Processing file /home/airflow/.local/lib/python3.12/site-packages/airflow/example_dags/example_sla_dag.py for tasks to queue
[2026-01-29T02:55:32.881+0000] {logging_mixin.py:188} INFO - [2026-01-29T02:55:32.880+0000] {dagbag.py:545} INFO - Filling up the DagBag from /home/airflow/.local/lib/python3.12/site-packages/airflow/example_dags/example_sla_dag.py
[2026-01-29T02:55:32.890+0000] {processor.py:840} INFO - DAG(s) 'example_sla_dag' retrieved from /home/airflow/.local/lib/python3.12/site-packages/airflow/example_dags/example_sla_dag.py
[2026-01-29T02:55:32.910+0000] {logging_mixin.py:188} INFO - [2026-01-29T02:55:32.910+0000] {dag.py:3089} INFO - Sync 1 DAGs
[2026-01-29T02:55:32.937+0000] {logging_mixin.py:188} INFO - [2026-01-29T02:55:32.937+0000] {dag.py:3947} INFO - Setting next_dagrun for example_sla_dag to 2026-01-29 02:52:00+00:00, run_after=2026-01-29 02:54:00+00:00
[2026-01-29T02:55:32.957+0000] {processor.py:183} INFO - Processing /home/airflow/.local/lib/python3.12/site-packages/airflow/example_dags/example_sla_dag.py took 0.086 seconds
[2026-01-29T02:56:03.792+0000] {processor.py:161} INFO - Started process (PID=83699) to work on /home/airflow/.local/lib/python3.12/site-packages/airflow/example_dags/example_sla_dag.py
[2026-01-29T02:56:03.793+0000] {processor.py:830} INFO - Processing file /home/airflow/.local/lib/python3.12/site-packages/airflow/example_dags/example_sla_dag.py for tasks to queue
[2026-01-29T02:56:03.795+0000] {logging_mixin.py:188} INFO - [2026-01-29T02:56:03.794+0000] {dagbag.py:545} INFO - Filling up the DagBag from /home/airflow/.local/lib/python3.12/site-packages/airflow/example_dags/example_sla_dag.py
[2026-01-29T02:56:03.804+0000] {processor.py:840} INFO - DAG(s) 'example_sla_dag' retrieved from /home/airflow/.local/lib/python3.12/site-packages/airflow/example_dags/example_sla_dag.py
[2026-01-29T02:56:03.824+0000] {logging_mixin.py:188} INFO - [2026-01-29T02:56:03.823+0000] {dag.py:3089} INFO - Sync 1 DAGs
[2026-01-29T02:56:03.852+0000] {logging_mixin.py:188} INFO - [2026-01-29T02:56:03.852+0000] {dag.py:3947} INFO - Setting next_dagrun for example_sla_dag to 2026-01-29 02:54:00+00:00, run_after=2026-01-29 02:56:00+00:00
[2026-01-29T02:56:03.871+0000] {processor.py:183} INFO - Processing /home/airflow/.local/lib/python3.12/site-packages/airflow/example_dags/example_sla_dag.py took 0.086 seconds
[2026-01-29T02:56:33.946+0000] {processor.py:161} INFO - Started process (PID=83758) to work on /home/airflow/.local/lib/python3.12/site-packages/airflow/example_dags/example_sla_dag.py
[2026-01-29T02:56:33.946+0000] {processor.py:830} INFO - Processing file /home/airflow/.local/lib/python3.12/site-packages/airflow/example_dags/example_sla_dag.py for tasks to queue
[2026-01-29T02:56:33.948+0000] {logging_mixin.py:188} INFO - [2026-01-29T02:56:33.948+0000] {dagbag.py:545} INFO - Filling up the DagBag from /home/airflow/.local/lib/python3.12/site-packages/airflow/example_dags/example_sla_dag.py
[2026-01-29T02:56:33.958+0000] {processor.py:840} INFO - DAG(s) 'example_sla_dag' retrieved from /home/airflow/.local/lib/python3.12/site-packages/airflow/example_dags/example_sla_dag.py
[2026-01-29T02:56:33.976+0000] {logging_mixin.py:188} INFO - [2026-01-29T02:56:33.976+0000] {dag.py:3089} INFO - Sync 1 DAGs
[2026-01-29T02:56:34.002+0000] {logging_mixin.py:188} INFO - [2026-01-29T02:56:34.002+0000] {dag.py:3947} INFO - Setting next_dagrun for example_sla_dag to 2026-01-29 02:54:00+00:00, run_after=2026-01-29 02:56:00+00:00
[2026-01-29T02:56:34.022+0000] {processor.py:183} INFO - Processing /home/airflow/.local/lib/python3.12/site-packages/airflow/example_dags/example_sla_dag.py took 0.083 seconds
[2026-01-29T02:57:04.294+0000] {processor.py:161} INFO - Started process (PID=83822) to work on /home/airflow/.local/lib/python3.12/site-packages/airflow/example_dags/example_sla_dag.py
[2026-01-29T02:57:04.295+0000] {processor.py:830} INFO - Processing file /home/airflow/.local/lib/python3.12/site-packages/airflow/example_dags/example_sla_dag.py for tasks to queue
[2026-01-29T02:57:04.297+0000] {logging_mixin.py:188} INFO - [2026-01-29T02:57:04.297+0000] {dagbag.py:545} INFO - Filling up the DagBag from /home/airflow/.local/lib/python3.12/site-packages/airflow/example_dags/example_sla_dag.py
[2026-01-29T02:57:04.307+0000] {processor.py:840} INFO - DAG(s) 'example_sla_dag' retrieved from /home/airflow/.local/lib/python3.12/site-packages/airflow/example_dags/example_sla_dag.py
[2026-01-29T02:57:04.329+0000] {logging_mixin.py:188} INFO - [2026-01-29T02:57:04.329+0000] {dag.py:3089} INFO - Sync 1 DAGs
[2026-01-29T02:57:04.358+0000] {logging_mixin.py:188} INFO - [2026-01-29T02:57:04.358+0000] {dag.py:3947} INFO - Setting next_dagrun for example_sla_dag to 2026-01-29 02:54:00+00:00, run_after=2026-01-29 02:56:00+00:00
[2026-01-29T02:57:04.381+0000] {processor.py:183} INFO - Processing /home/airflow/.local/lib/python3.12/site-packages/airflow/example_dags/example_sla_dag.py took 0.095 seconds
[2026-01-29T02:57:34.453+0000] {processor.py:161} INFO - Started process (PID=83881) to work on /home/airflow/.local/lib/python3.12/site-packages/airflow/example_dags/example_sla_dag.py
[2026-01-29T02:57:34.453+0000] {processor.py:830} INFO - Processing file /home/airflow/.local/lib/python3.12/site-packages/airflow/example_dags/example_sla_dag.py for tasks to queue
[2026-01-29T02:57:34.455+0000] {logging_mixin.py:188} INFO - [2026-01-29T02:57:34.455+0000] {dagbag.py:545} INFO - Filling up the DagBag from /home/airflow/.local/lib/python3.12/site-packages/airflow/example_dags/example_sla_dag.py
[2026-01-29T02:57:34.466+0000] {processor.py:840} INFO - DAG(s) 'example_sla_dag' retrieved from /home/airflow/.local/lib/python3.12/site-packages/airflow/example_dags/example_sla_dag.py
[2026-01-29T02:57:34.487+0000] {logging_mixin.py:188} INFO - [2026-01-29T02:57:34.487+0000] {dag.py:3089} INFO - Sync 1 DAGs
[2026-01-29T02:57:34.516+0000] {logging_mixin.py:188} INFO - [2026-01-29T02:57:34.516+0000] {dag.py:3947} INFO - Setting next_dagrun for example_sla_dag to 2026-01-29 02:54:00+00:00, run_after=2026-01-29 02:56:00+00:00
[2026-01-29T02:57:34.537+0000] {processor.py:183} INFO - Processing /home/airflow/.local/lib/python3.12/site-packages/airflow/example_dags/example_sla_dag.py took 0.090 seconds
[2026-01-29T02:58:04.803+0000] {processor.py:161} INFO - Started process (PID=83945) to work on /home/airflow/.local/lib/python3.12/site-packages/airflow/example_dags/example_sla_dag.py
[2026-01-29T02:58:04.805+0000] {processor.py:830} INFO - Processing file /home/airflow/.local/lib/python3.12/site-packages/airflow/example_dags/example_sla_dag.py for tasks to queue
[2026-01-29T02:58:04.807+0000] {logging_mixin.py:188} INFO - [2026-01-29T02:58:04.806+0000] {dagbag.py:545} INFO - Filling up the DagBag from /home/airflow/.local/lib/python3.12/site-packages/airflow/example_dags/example_sla_dag.py
[2026-01-29T02:58:04.817+0000] {processor.py:840} INFO - DAG(s) 'example_sla_dag' retrieved from /home/airflow/.local/lib/python3.12/site-packages/airflow/example_dags/example_sla_dag.py
[2026-01-29T02:58:04.837+0000] {logging_mixin.py:188} INFO - [2026-01-29T02:58:04.837+0000] {dag.py:3089} INFO - Sync 1 DAGs
[2026-01-29T02:58:04.865+0000] {logging_mixin.py:188} INFO - [2026-01-29T02:58:04.865+0000] {dag.py:3947} INFO - Setting next_dagrun for example_sla_dag to 2026-01-29 02:56:00+00:00, run_after=2026-01-29 02:58:00+00:00
[2026-01-29T02:58:04.886+0000] {processor.py:183} INFO - Processing /home/airflow/.local/lib/python3.12/site-packages/airflow/example_dags/example_sla_dag.py took 0.090 seconds
[2026-01-29T02:58:35.170+0000] {processor.py:161} INFO - Started process (PID=84004) to work on /home/airflow/.local/lib/python3.12/site-packages/airflow/example_dags/example_sla_dag.py
[2026-01-29T02:58:35.171+0000] {processor.py:830} INFO - Processing file /home/airflow/.local/lib/python3.12/site-packages/airflow/example_dags/example_sla_dag.py for tasks to queue
[2026-01-29T02:58:35.173+0000] {logging_mixin.py:188} INFO - [2026-01-29T02:58:35.173+0000] {dagbag.py:545} INFO - Filling up the DagBag from /home/airflow/.local/lib/python3.12/site-packages/airflow/example_dags/example_sla_dag.py
[2026-01-29T02:58:35.183+0000] {processor.py:840} INFO - DAG(s) 'example_sla_dag' retrieved from /home/airflow/.local/lib/python3.12/site-packages/airflow/example_dags/example_sla_dag.py
[2026-01-29T02:58:35.205+0000] {logging_mixin.py:188} INFO - [2026-01-29T02:58:35.204+0000] {dag.py:3089} INFO - Sync 1 DAGs
[2026-01-29T02:58:35.236+0000] {logging_mixin.py:188} INFO - [2026-01-29T02:58:35.235+0000] {dag.py:3947} INFO - Setting next_dagrun for example_sla_dag to 2026-01-29 02:56:00+00:00, run_after=2026-01-29 02:58:00+00:00
[2026-01-29T02:58:35.256+0000] {processor.py:183} INFO - Processing /home/airflow/.local/lib/python3.12/site-packages/airflow/example_dags/example_sla_dag.py took 0.093 seconds
[2026-01-29T02:59:05.535+0000] {processor.py:161} INFO - Started process (PID=84068) to work on /home/airflow/.local/lib/python3.12/site-packages/airflow/example_dags/example_sla_dag.py
[2026-01-29T02:59:05.536+0000] {processor.py:830} INFO - Processing file /home/airflow/.local/lib/python3.12/site-packages/airflow/example_dags/example_sla_dag.py for tasks to queue
[2026-01-29T02:59:05.538+0000] {logging_mixin.py:188} INFO - [2026-01-29T02:59:05.537+0000] {dagbag.py:545} INFO - Filling up the DagBag from /home/airflow/.local/lib/python3.12/site-packages/airflow/example_dags/example_sla_dag.py
[2026-01-29T02:59:05.548+0000] {processor.py:840} INFO - DAG(s) 'example_sla_dag' retrieved from /home/airflow/.local/lib/python3.12/site-packages/airflow/example_dags/example_sla_dag.py
[2026-01-29T02:59:05.568+0000] {logging_mixin.py:188} INFO - [2026-01-29T02:59:05.568+0000] {dag.py:3089} INFO - Sync 1 DAGs
[2026-01-29T02:59:05.596+0000] {logging_mixin.py:188} INFO - [2026-01-29T02:59:05.596+0000] {dag.py:3947} INFO - Setting next_dagrun for example_sla_dag to 2026-01-29 02:56:00+00:00, run_after=2026-01-29 02:58:00+00:00
[2026-01-29T02:59:05.616+0000] {processor.py:183} INFO - Processing /home/airflow/.local/lib/python3.12/site-packages/airflow/example_dags/example_sla_dag.py took 0.088 seconds
[2026-01-29T02:59:35.894+0000] {processor.py:161} INFO - Started process (PID=84127) to work on /home/airflow/.local/lib/python3.12/site-packages/airflow/example_dags/example_sla_dag.py
[2026-01-29T02:59:35.895+0000] {processor.py:830} INFO - Processing file /home/airflow/.local/lib/python3.12/site-packages/airflow/example_dags/example_sla_dag.py for tasks to queue
[2026-01-29T02:59:35.897+0000] {logging_mixin.py:188} INFO - [2026-01-29T02:59:35.896+0000] {dagbag.py:545} INFO - Filling up the DagBag from /home/airflow/.local/lib/python3.12/site-packages/airflow/example_dags/example_sla_dag.py
[2026-01-29T02:59:35.906+0000] {processor.py:840} INFO - DAG(s) 'example_sla_dag' retrieved from /home/airflow/.local/lib/python3.12/site-packages/airflow/example_dags/example_sla_dag.py
[2026-01-29T02:59:35.926+0000] {logging_mixin.py:188} INFO - [2026-01-29T02:59:35.926+0000] {dag.py:3089} INFO - Sync 1 DAGs
[2026-01-29T02:59:35.954+0000] {logging_mixin.py:188} INFO - [2026-01-29T02:59:35.954+0000] {dag.py:3947} INFO - Setting next_dagrun for example_sla_dag to 2026-01-29 02:56:00+00:00, run_after=2026-01-29 02:58:00+00:00
[2026-01-29T02:59:35.974+0000] {processor.py:183} INFO - Processing /home/airflow/.local/lib/python3.12/site-packages/airflow/example_dags/example_sla_dag.py took 0.088 seconds
[2026-01-29T03:00:06.267+0000] {processor.py:161} INFO - Started process (PID=84191) to work on /home/airflow/.local/lib/python3.12/site-packages/airflow/example_dags/example_sla_dag.py
[2026-01-29T03:00:06.268+0000] {processor.py:830} INFO - Processing file /home/airflow/.local/lib/python3.12/site-packages/airflow/example_dags/example_sla_dag.py for tasks to queue
[2026-01-29T03:00:06.270+0000] {logging_mixin.py:188} INFO - [2026-01-29T03:00:06.270+0000] {dagbag.py:545} INFO - Filling up the DagBag from /home/airflow/.local/lib/python3.12/site-packages/airflow/example_dags/example_sla_dag.py
[2026-01-29T03:00:06.280+0000] {processor.py:840} INFO - DAG(s) 'example_sla_dag' retrieved from /home/airflow/.local/lib/python3.12/site-packages/airflow/example_dags/example_sla_dag.py
[2026-01-29T03:00:06.298+0000] {logging_mixin.py:188} INFO - [2026-01-29T03:00:06.298+0000] {dag.py:3089} INFO - Sync 1 DAGs
[2026-01-29T03:00:06.324+0000] {logging_mixin.py:188} INFO - [2026-01-29T03:00:06.324+0000] {dag.py:3947} INFO - Setting next_dagrun for example_sla_dag to 2026-01-29 02:58:00+00:00, run_after=2026-01-29 03:00:00+00:00
[2026-01-29T03:00:06.346+0000] {processor.py:183} INFO - Processing /home/airflow/.local/lib/python3.12/site-packages/airflow/example_dags/example_sla_dag.py took 0.086 seconds
[2026-01-29T03:00:36.630+0000] {processor.py:161} INFO - Started process (PID=84250) to work on /home/airflow/.local/lib/python3.12/site-packages/airflow/example_dags/example_sla_dag.py
[2026-01-29T03:00:36.631+0000] {processor.py:830} INFO - Processing file /home/airflow/.local/lib/python3.12/site-packages/airflow/example_dags/example_sla_dag.py for tasks to queue
[2026-01-29T03:00:36.633+0000] {logging_mixin.py:188} INFO - [2026-01-29T03:00:36.633+0000] {dagbag.py:545} INFO - Filling up the DagBag from /home/airflow/.local/lib/python3.12/site-packages/airflow/example_dags/example_sla_dag.py
[2026-01-29T03:00:36.644+0000] {processor.py:840} INFO - DAG(s) 'example_sla_dag' retrieved from /home/airflow/.local/lib/python3.12/site-packages/airflow/example_dags/example_sla_dag.py
[2026-01-29T03:00:36.664+0000] {logging_mixin.py:188} INFO - [2026-01-29T03:00:36.664+0000] {dag.py:3089} INFO - Sync 1 DAGs
[2026-01-29T03:00:36.691+0000] {logging_mixin.py:188} INFO - [2026-01-29T03:00:36.691+0000] {dag.py:3947} INFO - Setting next_dagrun for example_sla_dag to 2026-01-29 02:58:00+00:00, run_after=2026-01-29 03:00:00+00:00
[2026-01-29T03:00:36.711+0000] {processor.py:183} INFO - Processing /home/airflow/.local/lib/python3.12/site-packages/airflow/example_dags/example_sla_dag.py took 0.088 seconds
[2026-01-29T03:01:06.803+0000] {processor.py:161} INFO - Started process (PID=84314) to work on /home/airflow/.local/lib/python3.12/site-packages/airflow/example_dags/example_sla_dag.py
[2026-01-29T03:01:06.804+0000] {processor.py:830} INFO - Processing file /home/airflow/.local/lib/python3.12/site-packages/airflow/example_dags/example_sla_dag.py for tasks to queue
[2026-01-29T03:01:06.805+0000] {logging_mixin.py:188} INFO - [2026-01-29T03:01:06.805+0000] {dagbag.py:545} INFO - Filling up the DagBag from /home/airflow/.local/lib/python3.12/site-packages/airflow/example_dags/example_sla_dag.py
[2026-01-29T03:01:06.815+0000] {processor.py:840} INFO - DAG(s) 'example_sla_dag' retrieved from /home/airflow/.local/lib/python3.12/site-packages/airflow/example_dags/example_sla_dag.py
[2026-01-29T03:01:06.833+0000] {logging_mixin.py:188} INFO - [2026-01-29T03:01:06.833+0000] {dag.py:3089} INFO - Sync 1 DAGs
[2026-01-29T03:01:06.859+0000] {logging_mixin.py:188} INFO - [2026-01-29T03:01:06.859+0000] {dag.py:3947} INFO - Setting next_dagrun for example_sla_dag to 2026-01-29 02:58:00+00:00, run_after=2026-01-29 03:00:00+00:00
[2026-01-29T03:01:06.879+0000] {processor.py:183} INFO - Processing /home/airflow/.local/lib/python3.12/site-packages/airflow/example_dags/example_sla_dag.py took 0.083 seconds
[2026-01-29T03:01:37.339+0000] {processor.py:161} INFO - Started process (PID=84373) to work on /home/airflow/.local/lib/python3.12/site-packages/airflow/example_dags/example_sla_dag.py
[2026-01-29T03:01:37.340+0000] {processor.py:830} INFO - Processing file /home/airflow/.local/lib/python3.12/site-packages/airflow/example_dags/example_sla_dag.py for tasks to queue
[2026-01-29T03:01:37.342+0000] {logging_mixin.py:188} INFO - [2026-01-29T03:01:37.341+0000] {dagbag.py:545} INFO - Filling up the DagBag from /home/airflow/.local/lib/python3.12/site-packages/airflow/example_dags/example_sla_dag.py
[2026-01-29T03:01:37.352+0000] {processor.py:840} INFO - DAG(s) 'example_sla_dag' retrieved from /home/airflow/.local/lib/python3.12/site-packages/airflow/example_dags/example_sla_dag.py
[2026-01-29T03:01:37.371+0000] {logging_mixin.py:188} INFO - [2026-01-29T03:01:37.370+0000] {dag.py:3089} INFO - Sync 1 DAGs
[2026-01-29T03:01:37.396+0000] {logging_mixin.py:188} INFO - [2026-01-29T03:01:37.396+0000] {dag.py:3947} INFO - Setting next_dagrun for example_sla_dag to 2026-01-29 02:58:00+00:00, run_after=2026-01-29 03:00:00+00:00
[2026-01-29T03:01:37.418+0000] {processor.py:183} INFO - Processing /home/airflow/.local/lib/python3.12/site-packages/airflow/example_dags/example_sla_dag.py took 0.087 seconds
[2026-01-29T03:02:07.657+0000] {processor.py:161} INFO - Started process (PID=84437) to work on /home/airflow/.local/lib/python3.12/site-packages/airflow/example_dags/example_sla_dag.py
[2026-01-29T03:02:07.658+0000] {processor.py:830} INFO - Processing file /home/airflow/.local/lib/python3.12/site-packages/airflow/example_dags/example_sla_dag.py for tasks to queue
[2026-01-29T03:02:07.660+0000] {logging_mixin.py:188} INFO - [2026-01-29T03:02:07.659+0000] {dagbag.py:545} INFO - Filling up the DagBag from /home/airflow/.local/lib/python3.12/site-packages/airflow/example_dags/example_sla_dag.py
[2026-01-29T03:02:07.668+0000] {processor.py:840} INFO - DAG(s) 'example_sla_dag' retrieved from /home/airflow/.local/lib/python3.12/site-packages/airflow/example_dags/example_sla_dag.py
[2026-01-29T03:02:07.688+0000] {logging_mixin.py:188} INFO - [2026-01-29T03:02:07.688+0000] {dag.py:3089} INFO - Sync 1 DAGs
[2026-01-29T03:02:07.717+0000] {logging_mixin.py:188} INFO - [2026-01-29T03:02:07.717+0000] {dag.py:3947} INFO - Setting next_dagrun for example_sla_dag to 2026-01-29 03:00:00+00:00, run_after=2026-01-29 03:02:00+00:00
[2026-01-29T03:02:07.736+0000] {processor.py:183} INFO - Processing /home/airflow/.local/lib/python3.12/site-packages/airflow/example_dags/example_sla_dag.py took 0.086 seconds
[2026-01-29T03:02:37.950+0000] {processor.py:161} INFO - Started process (PID=84496) to work on /home/airflow/.local/lib/python3.12/site-packages/airflow/example_dags/example_sla_dag.py
[2026-01-29T03:02:37.951+0000] {processor.py:830} INFO - Processing file /home/airflow/.local/lib/python3.12/site-packages/airflow/example_dags/example_sla_dag.py for tasks to queue
[2026-01-29T03:02:37.952+0000] {logging_mixin.py:188} INFO - [2026-01-29T03:02:37.952+0000] {dagbag.py:545} INFO - Filling up the DagBag from /home/airflow/.local/lib/python3.12/site-packages/airflow/example_dags/example_sla_dag.py
[2026-01-29T03:02:37.961+0000] {processor.py:840} INFO - DAG(s) 'example_sla_dag' retrieved from /home/airflow/.local/lib/python3.12/site-packages/airflow/example_dags/example_sla_dag.py
[2026-01-29T03:02:37.980+0000] {logging_mixin.py:188} INFO - [2026-01-29T03:02:37.980+0000] {dag.py:3089} INFO - Sync 1 DAGs
[2026-01-29T03:02:38.006+0000] {logging_mixin.py:188} INFO - [2026-01-29T03:02:38.005+0000] {dag.py:3947} INFO - Setting next_dagrun for example_sla_dag to 2026-01-29 03:00:00+00:00, run_after=2026-01-29 03:02:00+00:00
[2026-01-29T03:02:38.024+0000] {processor.py:183} INFO - Processing /home/airflow/.local/lib/python3.12/site-packages/airflow/example_dags/example_sla_dag.py took 0.081 seconds
[2026-01-29T03:03:08.330+0000] {processor.py:161} INFO - Started process (PID=84561) to work on /home/airflow/.local/lib/python3.12/site-packages/airflow/example_dags/example_sla_dag.py
[2026-01-29T03:03:08.331+0000] {processor.py:830} INFO - Processing file /home/airflow/.local/lib/python3.12/site-packages/airflow/example_dags/example_sla_dag.py for tasks to queue
[2026-01-29T03:03:08.333+0000] {logging_mixin.py:188} INFO - [2026-01-29T03:03:08.332+0000] {dagbag.py:545} INFO - Filling up the DagBag from /home/airflow/.local/lib/python3.12/site-packages/airflow/example_dags/example_sla_dag.py
[2026-01-29T03:03:08.343+0000] {processor.py:840} INFO - DAG(s) 'example_sla_dag' retrieved from /home/airflow/.local/lib/python3.12/site-packages/airflow/example_dags/example_sla_dag.py
[2026-01-29T03:03:08.363+0000] {logging_mixin.py:188} INFO - [2026-01-29T03:03:08.363+0000] {dag.py:3089} INFO - Sync 1 DAGs
[2026-01-29T03:03:08.390+0000] {logging_mixin.py:188} INFO - [2026-01-29T03:03:08.390+0000] {dag.py:3947} INFO - Setting next_dagrun for example_sla_dag to 2026-01-29 03:00:00+00:00, run_after=2026-01-29 03:02:00+00:00
[2026-01-29T03:03:08.411+0000] {processor.py:183} INFO - Processing /home/airflow/.local/lib/python3.12/site-packages/airflow/example_dags/example_sla_dag.py took 0.088 seconds
[2026-01-29T03:03:38.558+0000] {processor.py:161} INFO - Started process (PID=84620) to work on /home/airflow/.local/lib/python3.12/site-packages/airflow/example_dags/example_sla_dag.py
[2026-01-29T03:03:38.560+0000] {processor.py:830} INFO - Processing file /home/airflow/.local/lib/python3.12/site-packages/airflow/example_dags/example_sla_dag.py for tasks to queue
[2026-01-29T03:03:38.561+0000] {logging_mixin.py:188} INFO - [2026-01-29T03:03:38.561+0000] {dagbag.py:545} INFO - Filling up the DagBag from /home/airflow/.local/lib/python3.12/site-packages/airflow/example_dags/example_sla_dag.py
[2026-01-29T03:03:38.571+0000] {processor.py:840} INFO - DAG(s) 'example_sla_dag' retrieved from /home/airflow/.local/lib/python3.12/site-packages/airflow/example_dags/example_sla_dag.py
[2026-01-29T03:03:38.590+0000] {logging_mixin.py:188} INFO - [2026-01-29T03:03:38.590+0000] {dag.py:3089} INFO - Sync 1 DAGs
[2026-01-29T03:03:38.620+0000] {logging_mixin.py:188} INFO - [2026-01-29T03:03:38.620+0000] {dag.py:3947} INFO - Setting next_dagrun for example_sla_dag to 2026-01-29 03:00:00+00:00, run_after=2026-01-29 03:02:00+00:00
[2026-01-29T03:03:38.643+0000] {processor.py:183} INFO - Processing /home/airflow/.local/lib/python3.12/site-packages/airflow/example_dags/example_sla_dag.py took 0.091 seconds
[2026-01-29T03:04:09.052+0000] {processor.py:161} INFO - Started process (PID=84684) to work on /home/airflow/.local/lib/python3.12/site-packages/airflow/example_dags/example_sla_dag.py
[2026-01-29T03:04:09.053+0000] {processor.py:830} INFO - Processing file /home/airflow/.local/lib/python3.12/site-packages/airflow/example_dags/example_sla_dag.py for tasks to queue
[2026-01-29T03:04:09.055+0000] {logging_mixin.py:188} INFO - [2026-01-29T03:04:09.055+0000] {dagbag.py:545} INFO - Filling up the DagBag from /home/airflow/.local/lib/python3.12/site-packages/airflow/example_dags/example_sla_dag.py
[2026-01-29T03:04:09.065+0000] {processor.py:840} INFO - DAG(s) 'example_sla_dag' retrieved from /home/airflow/.local/lib/python3.12/site-packages/airflow/example_dags/example_sla_dag.py
[2026-01-29T03:04:09.084+0000] {logging_mixin.py:188} INFO - [2026-01-29T03:04:09.084+0000] {dag.py:3089} INFO - Sync 1 DAGs
[2026-01-29T03:04:09.111+0000] {logging_mixin.py:188} INFO - [2026-01-29T03:04:09.111+0000] {dag.py:3947} INFO - Setting next_dagrun for example_sla_dag to 2026-01-29 03:02:00+00:00, run_after=2026-01-29 03:04:00+00:00
[2026-01-29T03:04:09.132+0000] {processor.py:183} INFO - Processing /home/airflow/.local/lib/python3.12/site-packages/airflow/example_dags/example_sla_dag.py took 0.087 seconds
[2026-01-29T03:04:39.199+0000] {processor.py:161} INFO - Started process (PID=84743) to work on /home/airflow/.local/lib/python3.12/site-packages/airflow/example_dags/example_sla_dag.py
[2026-01-29T03:04:39.200+0000] {processor.py:830} INFO - Processing file /home/airflow/.local/lib/python3.12/site-packages/airflow/example_dags/example_sla_dag.py for tasks to queue
[2026-01-29T03:04:39.202+0000] {logging_mixin.py:188} INFO - [2026-01-29T03:04:39.202+0000] {dagbag.py:545} INFO - Filling up the DagBag from /home/airflow/.local/lib/python3.12/site-packages/airflow/example_dags/example_sla_dag.py
[2026-01-29T03:04:39.212+0000] {processor.py:840} INFO - DAG(s) 'example_sla_dag' retrieved from /home/airflow/.local/lib/python3.12/site-packages/airflow/example_dags/example_sla_dag.py
[2026-01-29T03:04:39.233+0000] {logging_mixin.py:188} INFO - [2026-01-29T03:04:39.233+0000] {dag.py:3089} INFO - Sync 1 DAGs
[2026-01-29T03:04:39.260+0000] {logging_mixin.py:188} INFO - [2026-01-29T03:04:39.260+0000] {dag.py:3947} INFO - Setting next_dagrun for example_sla_dag to 2026-01-29 03:02:00+00:00, run_after=2026-01-29 03:04:00+00:00
[2026-01-29T03:04:39.279+0000] {processor.py:183} INFO - Processing /home/airflow/.local/lib/python3.12/site-packages/airflow/example_dags/example_sla_dag.py took 0.088 seconds
[2026-01-29T03:05:09.523+0000] {processor.py:161} INFO - Started process (PID=84807) to work on /home/airflow/.local/lib/python3.12/site-packages/airflow/example_dags/example_sla_dag.py
[2026-01-29T03:05:09.524+0000] {processor.py:830} INFO - Processing file /home/airflow/.local/lib/python3.12/site-packages/airflow/example_dags/example_sla_dag.py for tasks to queue
[2026-01-29T03:05:09.526+0000] {logging_mixin.py:188} INFO - [2026-01-29T03:05:09.525+0000] {dagbag.py:545} INFO - Filling up the DagBag from /home/airflow/.local/lib/python3.12/site-packages/airflow/example_dags/example_sla_dag.py
[2026-01-29T03:05:09.536+0000] {processor.py:840} INFO - DAG(s) 'example_sla_dag' retrieved from /home/airflow/.local/lib/python3.12/site-packages/airflow/example_dags/example_sla_dag.py
[2026-01-29T03:05:09.556+0000] {logging_mixin.py:188} INFO - [2026-01-29T03:05:09.556+0000] {dag.py:3089} INFO - Sync 1 DAGs
[2026-01-29T03:05:09.584+0000] {logging_mixin.py:188} INFO - [2026-01-29T03:05:09.584+0000] {dag.py:3947} INFO - Setting next_dagrun for example_sla_dag to 2026-01-29 03:02:00+00:00, run_after=2026-01-29 03:04:00+00:00
[2026-01-29T03:05:09.605+0000] {processor.py:183} INFO - Processing /home/airflow/.local/lib/python3.12/site-packages/airflow/example_dags/example_sla_dag.py took 0.089 seconds
[2026-01-29T03:05:39.850+0000] {processor.py:161} INFO - Started process (PID=84866) to work on /home/airflow/.local/lib/python3.12/site-packages/airflow/example_dags/example_sla_dag.py
[2026-01-29T03:05:39.851+0000] {processor.py:830} INFO - Processing file /home/airflow/.local/lib/python3.12/site-packages/airflow/example_dags/example_sla_dag.py for tasks to queue
[2026-01-29T03:05:39.853+0000] {logging_mixin.py:188} INFO - [2026-01-29T03:05:39.852+0000] {dagbag.py:545} INFO - Filling up the DagBag from /home/airflow/.local/lib/python3.12/site-packages/airflow/example_dags/example_sla_dag.py
[2026-01-29T03:05:39.863+0000] {processor.py:840} INFO - DAG(s) 'example_sla_dag' retrieved from /home/airflow/.local/lib/python3.12/site-packages/airflow/example_dags/example_sla_dag.py
[2026-01-29T03:05:39.889+0000] {logging_mixin.py:188} INFO - [2026-01-29T03:05:39.889+0000] {dag.py:3089} INFO - Sync 1 DAGs
[2026-01-29T03:05:39.920+0000] {logging_mixin.py:188} INFO - [2026-01-29T03:05:39.919+0000] {dag.py:3947} INFO - Setting next_dagrun for example_sla_dag to 2026-01-29 03:02:00+00:00, run_after=2026-01-29 03:04:00+00:00
[2026-01-29T03:05:39.939+0000] {processor.py:183} INFO - Processing /home/airflow/.local/lib/python3.12/site-packages/airflow/example_dags/example_sla_dag.py took 0.097 seconds
[2026-01-29T03:06:10.739+0000] {processor.py:161} INFO - Started process (PID=84930) to work on /home/airflow/.local/lib/python3.12/site-packages/airflow/example_dags/example_sla_dag.py
[2026-01-29T03:06:10.740+0000] {processor.py:830} INFO - Processing file /home/airflow/.local/lib/python3.12/site-packages/airflow/example_dags/example_sla_dag.py for tasks to queue
[2026-01-29T03:06:10.742+0000] {logging_mixin.py:188} INFO - [2026-01-29T03:06:10.742+0000] {dagbag.py:545} INFO - Filling up the DagBag from /home/airflow/.local/lib/python3.12/site-packages/airflow/example_dags/example_sla_dag.py
[2026-01-29T03:06:10.752+0000] {processor.py:840} INFO - DAG(s) 'example_sla_dag' retrieved from /home/airflow/.local/lib/python3.12/site-packages/airflow/example_dags/example_sla_dag.py
[2026-01-29T03:06:10.773+0000] {logging_mixin.py:188} INFO - [2026-01-29T03:06:10.772+0000] {dag.py:3089} INFO - Sync 1 DAGs
[2026-01-29T03:06:10.801+0000] {logging_mixin.py:188} INFO - [2026-01-29T03:06:10.800+0000] {dag.py:3947} INFO - Setting next_dagrun for example_sla_dag to 2026-01-29 03:04:00+00:00, run_after=2026-01-29 03:06:00+00:00
[2026-01-29T03:06:10.821+0000] {processor.py:183} INFO - Processing /home/airflow/.local/lib/python3.12/site-packages/airflow/example_dags/example_sla_dag.py took 0.089 seconds
[2026-01-29T03:06:41.028+0000] {processor.py:161} INFO - Started process (PID=84989) to work on /home/airflow/.local/lib/python3.12/site-packages/airflow/example_dags/example_sla_dag.py
[2026-01-29T03:06:41.029+0000] {processor.py:830} INFO - Processing file /home/airflow/.local/lib/python3.12/site-packages/airflow/example_dags/example_sla_dag.py for tasks to queue
[2026-01-29T03:06:41.031+0000] {logging_mixin.py:188} INFO - [2026-01-29T03:06:41.031+0000] {dagbag.py:545} INFO - Filling up the DagBag from /home/airflow/.local/lib/python3.12/site-packages/airflow/example_dags/example_sla_dag.py
[2026-01-29T03:06:41.042+0000] {processor.py:840} INFO - DAG(s) 'example_sla_dag' retrieved from /home/airflow/.local/lib/python3.12/site-packages/airflow/example_dags/example_sla_dag.py
[2026-01-29T03:06:41.062+0000] {logging_mixin.py:188} INFO - [2026-01-29T03:06:41.062+0000] {dag.py:3089} INFO - Sync 1 DAGs
[2026-01-29T03:06:41.090+0000] {logging_mixin.py:188} INFO - [2026-01-29T03:06:41.090+0000] {dag.py:3947} INFO - Setting next_dagrun for example_sla_dag to 2026-01-29 03:04:00+00:00, run_after=2026-01-29 03:06:00+00:00
[2026-01-29T03:06:41.110+0000] {processor.py:183} INFO - Processing /home/airflow/.local/lib/python3.12/site-packages/airflow/example_dags/example_sla_dag.py took 0.089 seconds
[2026-01-29T03:07:11.179+0000] {processor.py:161} INFO - Started process (PID=85053) to work on /home/airflow/.local/lib/python3.12/site-packages/airflow/example_dags/example_sla_dag.py
[2026-01-29T03:07:11.180+0000] {processor.py:830} INFO - Processing file /home/airflow/.local/lib/python3.12/site-packages/airflow/example_dags/example_sla_dag.py for tasks to queue
[2026-01-29T03:07:11.182+0000] {logging_mixin.py:188} INFO - [2026-01-29T03:07:11.182+0000] {dagbag.py:545} INFO - Filling up the DagBag from /home/airflow/.local/lib/python3.12/site-packages/airflow/example_dags/example_sla_dag.py
[2026-01-29T03:07:11.192+0000] {processor.py:840} INFO - DAG(s) 'example_sla_dag' retrieved from /home/airflow/.local/lib/python3.12/site-packages/airflow/example_dags/example_sla_dag.py
[2026-01-29T03:07:11.211+0000] {logging_mixin.py:188} INFO - [2026-01-29T03:07:11.211+0000] {dag.py:3089} INFO - Sync 1 DAGs
[2026-01-29T03:07:11.237+0000] {logging_mixin.py:188} INFO - [2026-01-29T03:07:11.237+0000] {dag.py:3947} INFO - Setting next_dagrun for example_sla_dag to 2026-01-29 03:04:00+00:00, run_after=2026-01-29 03:06:00+00:00
[2026-01-29T03:07:11.258+0000] {processor.py:183} INFO - Processing /home/airflow/.local/lib/python3.12/site-packages/airflow/example_dags/example_sla_dag.py took 0.086 seconds
[2026-01-29T03:07:41.483+0000] {processor.py:161} INFO - Started process (PID=85112) to work on /home/airflow/.local/lib/python3.12/site-packages/airflow/example_dags/example_sla_dag.py
[2026-01-29T03:07:41.484+0000] {processor.py:830} INFO - Processing file /home/airflow/.local/lib/python3.12/site-packages/airflow/example_dags/example_sla_dag.py for tasks to queue
[2026-01-29T03:07:41.486+0000] {logging_mixin.py:188} INFO - [2026-01-29T03:07:41.485+0000] {dagbag.py:545} INFO - Filling up the DagBag from /home/airflow/.local/lib/python3.12/site-packages/airflow/example_dags/example_sla_dag.py
[2026-01-29T03:07:41.494+0000] {processor.py:840} INFO - DAG(s) 'example_sla_dag' retrieved from /home/airflow/.local/lib/python3.12/site-packages/airflow/example_dags/example_sla_dag.py
[2026-01-29T03:07:41.513+0000] {logging_mixin.py:188} INFO - [2026-01-29T03:07:41.512+0000] {dag.py:3089} INFO - Sync 1 DAGs
[2026-01-29T03:07:41.538+0000] {logging_mixin.py:188} INFO - [2026-01-29T03:07:41.538+0000] {dag.py:3947} INFO - Setting next_dagrun for example_sla_dag to 2026-01-29 03:04:00+00:00, run_after=2026-01-29 03:06:00+00:00
[2026-01-29T03:07:41.556+0000] {processor.py:183} INFO - Processing /home/airflow/.local/lib/python3.12/site-packages/airflow/example_dags/example_sla_dag.py took 0.079 seconds
[2026-01-29T03:08:11.615+0000] {processor.py:161} INFO - Started process (PID=85175) to work on /home/airflow/.local/lib/python3.12/site-packages/airflow/example_dags/example_sla_dag.py
[2026-01-29T03:08:11.616+0000] {processor.py:830} INFO - Processing file /home/airflow/.local/lib/python3.12/site-packages/airflow/example_dags/example_sla_dag.py for tasks to queue
[2026-01-29T03:08:11.617+0000] {logging_mixin.py:188} INFO - [2026-01-29T03:08:11.617+0000] {dagbag.py:545} INFO - Filling up the DagBag from /home/airflow/.local/lib/python3.12/site-packages/airflow/example_dags/example_sla_dag.py
[2026-01-29T03:08:11.628+0000] {processor.py:840} INFO - DAG(s) 'example_sla_dag' retrieved from /home/airflow/.local/lib/python3.12/site-packages/airflow/example_dags/example_sla_dag.py
[2026-01-29T03:08:11.648+0000] {logging_mixin.py:188} INFO - [2026-01-29T03:08:11.647+0000] {dag.py:3089} INFO - Sync 1 DAGs
[2026-01-29T03:08:11.675+0000] {logging_mixin.py:188} INFO - [2026-01-29T03:08:11.675+0000] {dag.py:3947} INFO - Setting next_dagrun for example_sla_dag to 2026-01-29 03:06:00+00:00, run_after=2026-01-29 03:08:00+00:00
[2026-01-29T03:08:11.694+0000] {processor.py:183} INFO - Processing /home/airflow/.local/lib/python3.12/site-packages/airflow/example_dags/example_sla_dag.py took 0.087 seconds
[2026-01-29T03:08:42.158+0000] {processor.py:161} INFO - Started process (PID=85241) to work on /home/airflow/.local/lib/python3.12/site-packages/airflow/example_dags/example_sla_dag.py
[2026-01-29T03:08:42.159+0000] {processor.py:830} INFO - Processing file /home/airflow/.local/lib/python3.12/site-packages/airflow/example_dags/example_sla_dag.py for tasks to queue
[2026-01-29T03:08:42.160+0000] {logging_mixin.py:188} INFO - [2026-01-29T03:08:42.160+0000] {dagbag.py:545} INFO - Filling up the DagBag from /home/airflow/.local/lib/python3.12/site-packages/airflow/example_dags/example_sla_dag.py
[2026-01-29T03:08:42.168+0000] {processor.py:840} INFO - DAG(s) 'example_sla_dag' retrieved from /home/airflow/.local/lib/python3.12/site-packages/airflow/example_dags/example_sla_dag.py
[2026-01-29T03:08:42.187+0000] {logging_mixin.py:188} INFO - [2026-01-29T03:08:42.187+0000] {dag.py:3089} INFO - Sync 1 DAGs
[2026-01-29T03:08:42.220+0000] {logging_mixin.py:188} INFO - [2026-01-29T03:08:42.219+0000] {dag.py:3947} INFO - Setting next_dagrun for example_sla_dag to 2026-01-29 03:06:00+00:00, run_after=2026-01-29 03:08:00+00:00
[2026-01-29T03:08:42.240+0000] {processor.py:183} INFO - Processing /home/airflow/.local/lib/python3.12/site-packages/airflow/example_dags/example_sla_dag.py took 0.088 seconds
[2026-01-29T03:09:12.535+0000] {processor.py:161} INFO - Started process (PID=85305) to work on /home/airflow/.local/lib/python3.12/site-packages/airflow/example_dags/example_sla_dag.py
[2026-01-29T03:09:12.536+0000] {processor.py:830} INFO - Processing file /home/airflow/.local/lib/python3.12/site-packages/airflow/example_dags/example_sla_dag.py for tasks to queue
[2026-01-29T03:09:12.538+0000] {logging_mixin.py:188} INFO - [2026-01-29T03:09:12.537+0000] {dagbag.py:545} INFO - Filling up the DagBag from /home/airflow/.local/lib/python3.12/site-packages/airflow/example_dags/example_sla_dag.py
[2026-01-29T03:09:12.546+0000] {processor.py:840} INFO - DAG(s) 'example_sla_dag' retrieved from /home/airflow/.local/lib/python3.12/site-packages/airflow/example_dags/example_sla_dag.py
[2026-01-29T03:09:12.564+0000] {logging_mixin.py:188} INFO - [2026-01-29T03:09:12.564+0000] {dag.py:3089} INFO - Sync 1 DAGs
[2026-01-29T03:09:12.591+0000] {logging_mixin.py:188} INFO - [2026-01-29T03:09:12.590+0000] {dag.py:3947} INFO - Setting next_dagrun for example_sla_dag to 2026-01-29 03:06:00+00:00, run_after=2026-01-29 03:08:00+00:00
[2026-01-29T03:09:12.609+0000] {processor.py:183} INFO - Processing /home/airflow/.local/lib/python3.12/site-packages/airflow/example_dags/example_sla_dag.py took 0.079 seconds
[2026-01-29T03:09:42.706+0000] {processor.py:161} INFO - Started process (PID=85363) to work on /home/airflow/.local/lib/python3.12/site-packages/airflow/example_dags/example_sla_dag.py
[2026-01-29T03:09:42.707+0000] {processor.py:830} INFO - Processing file /home/airflow/.local/lib/python3.12/site-packages/airflow/example_dags/example_sla_dag.py for tasks to queue
[2026-01-29T03:09:42.709+0000] {logging_mixin.py:188} INFO - [2026-01-29T03:09:42.709+0000] {dagbag.py:545} INFO - Filling up the DagBag from /home/airflow/.local/lib/python3.12/site-packages/airflow/example_dags/example_sla_dag.py
[2026-01-29T03:09:42.718+0000] {processor.py:840} INFO - DAG(s) 'example_sla_dag' retrieved from /home/airflow/.local/lib/python3.12/site-packages/airflow/example_dags/example_sla_dag.py
[2026-01-29T03:09:42.742+0000] {logging_mixin.py:188} INFO - [2026-01-29T03:09:42.741+0000] {dag.py:3089} INFO - Sync 1 DAGs
[2026-01-29T03:09:42.771+0000] {logging_mixin.py:188} INFO - [2026-01-29T03:09:42.771+0000] {dag.py:3947} INFO - Setting next_dagrun for example_sla_dag to 2026-01-29 03:06:00+00:00, run_after=2026-01-29 03:08:00+00:00
[2026-01-29T03:09:42.797+0000] {processor.py:183} INFO - Processing /home/airflow/.local/lib/python3.12/site-packages/airflow/example_dags/example_sla_dag.py took 0.097 seconds
[2026-01-29T03:10:13.218+0000] {processor.py:161} INFO - Started process (PID=85428) to work on /home/airflow/.local/lib/python3.12/site-packages/airflow/example_dags/example_sla_dag.py
[2026-01-29T03:10:13.219+0000] {processor.py:830} INFO - Processing file /home/airflow/.local/lib/python3.12/site-packages/airflow/example_dags/example_sla_dag.py for tasks to queue
[2026-01-29T03:10:13.220+0000] {logging_mixin.py:188} INFO - [2026-01-29T03:10:13.220+0000] {dagbag.py:545} INFO - Filling up the DagBag from /home/airflow/.local/lib/python3.12/site-packages/airflow/example_dags/example_sla_dag.py
[2026-01-29T03:10:13.229+0000] {processor.py:840} INFO - DAG(s) 'example_sla_dag' retrieved from /home/airflow/.local/lib/python3.12/site-packages/airflow/example_dags/example_sla_dag.py
[2026-01-29T03:10:13.249+0000] {logging_mixin.py:188} INFO - [2026-01-29T03:10:13.249+0000] {dag.py:3089} INFO - Sync 1 DAGs
[2026-01-29T03:10:13.279+0000] {logging_mixin.py:188} INFO - [2026-01-29T03:10:13.279+0000] {dag.py:3947} INFO - Setting next_dagrun for example_sla_dag to 2026-01-29 03:08:00+00:00, run_after=2026-01-29 03:10:00+00:00
[2026-01-29T03:10:13.301+0000] {processor.py:183} INFO - Processing /home/airflow/.local/lib/python3.12/site-packages/airflow/example_dags/example_sla_dag.py took 0.089 seconds
[2026-01-29T03:10:43.383+0000] {processor.py:161} INFO - Started process (PID=85486) to work on /home/airflow/.local/lib/python3.12/site-packages/airflow/example_dags/example_sla_dag.py
[2026-01-29T03:10:43.385+0000] {processor.py:830} INFO - Processing file /home/airflow/.local/lib/python3.12/site-packages/airflow/example_dags/example_sla_dag.py for tasks to queue
[2026-01-29T03:10:43.387+0000] {logging_mixin.py:188} INFO - [2026-01-29T03:10:43.386+0000] {dagbag.py:545} INFO - Filling up the DagBag from /home/airflow/.local/lib/python3.12/site-packages/airflow/example_dags/example_sla_dag.py
[2026-01-29T03:10:43.397+0000] {processor.py:840} INFO - DAG(s) 'example_sla_dag' retrieved from /home/airflow/.local/lib/python3.12/site-packages/airflow/example_dags/example_sla_dag.py
[2026-01-29T03:10:43.420+0000] {logging_mixin.py:188} INFO - [2026-01-29T03:10:43.419+0000] {dag.py:3089} INFO - Sync 1 DAGs
[2026-01-29T03:10:43.449+0000] {logging_mixin.py:188} INFO - [2026-01-29T03:10:43.449+0000] {dag.py:3947} INFO - Setting next_dagrun for example_sla_dag to 2026-01-29 03:08:00+00:00, run_after=2026-01-29 03:10:00+00:00
[2026-01-29T03:10:43.471+0000] {processor.py:183} INFO - Processing /home/airflow/.local/lib/python3.12/site-packages/airflow/example_dags/example_sla_dag.py took 0.095 seconds
[2026-01-29T03:11:13.543+0000] {processor.py:161} INFO - Started process (PID=85550) to work on /home/airflow/.local/lib/python3.12/site-packages/airflow/example_dags/example_sla_dag.py
[2026-01-29T03:11:13.544+0000] {processor.py:830} INFO - Processing file /home/airflow/.local/lib/python3.12/site-packages/airflow/example_dags/example_sla_dag.py for tasks to queue
[2026-01-29T03:11:13.546+0000] {logging_mixin.py:188} INFO - [2026-01-29T03:11:13.545+0000] {dagbag.py:545} INFO - Filling up the DagBag from /home/airflow/.local/lib/python3.12/site-packages/airflow/example_dags/example_sla_dag.py
[2026-01-29T03:11:13.556+0000] {processor.py:840} INFO - DAG(s) 'example_sla_dag' retrieved from /home/airflow/.local/lib/python3.12/site-packages/airflow/example_dags/example_sla_dag.py
[2026-01-29T03:11:13.576+0000] {logging_mixin.py:188} INFO - [2026-01-29T03:11:13.575+0000] {dag.py:3089} INFO - Sync 1 DAGs
[2026-01-29T03:11:13.603+0000] {logging_mixin.py:188} INFO - [2026-01-29T03:11:13.602+0000] {dag.py:3947} INFO - Setting next_dagrun for example_sla_dag to 2026-01-29 03:08:00+00:00, run_after=2026-01-29 03:10:00+00:00
[2026-01-29T03:11:13.622+0000] {processor.py:183} INFO - Processing /home/airflow/.local/lib/python3.12/site-packages/airflow/example_dags/example_sla_dag.py took 0.087 seconds
[2026-01-29T03:11:43.717+0000] {processor.py:161} INFO - Started process (PID=85609) to work on /home/airflow/.local/lib/python3.12/site-packages/airflow/example_dags/example_sla_dag.py
[2026-01-29T03:11:43.718+0000] {processor.py:830} INFO - Processing file /home/airflow/.local/lib/python3.12/site-packages/airflow/example_dags/example_sla_dag.py for tasks to queue
[2026-01-29T03:11:43.720+0000] {logging_mixin.py:188} INFO - [2026-01-29T03:11:43.720+0000] {dagbag.py:545} INFO - Filling up the DagBag from /home/airflow/.local/lib/python3.12/site-packages/airflow/example_dags/example_sla_dag.py
[2026-01-29T03:11:43.731+0000] {processor.py:840} INFO - DAG(s) 'example_sla_dag' retrieved from /home/airflow/.local/lib/python3.12/site-packages/airflow/example_dags/example_sla_dag.py
[2026-01-29T03:11:43.752+0000] {logging_mixin.py:188} INFO - [2026-01-29T03:11:43.751+0000] {dag.py:3089} INFO - Sync 1 DAGs
[2026-01-29T03:11:43.779+0000] {logging_mixin.py:188} INFO - [2026-01-29T03:11:43.779+0000] {dag.py:3947} INFO - Setting next_dagrun for example_sla_dag to 2026-01-29 03:08:00+00:00, run_after=2026-01-29 03:10:00+00:00
[2026-01-29T03:11:43.799+0000] {processor.py:183} INFO - Processing /home/airflow/.local/lib/python3.12/site-packages/airflow/example_dags/example_sla_dag.py took 0.089 seconds
[2026-01-29T03:12:13.965+0000] {processor.py:161} INFO - Started process (PID=85673) to work on /home/airflow/.local/lib/python3.12/site-packages/airflow/example_dags/example_sla_dag.py
[2026-01-29T03:12:13.966+0000] {processor.py:830} INFO - Processing file /home/airflow/.local/lib/python3.12/site-packages/airflow/example_dags/example_sla_dag.py for tasks to queue
[2026-01-29T03:12:13.968+0000] {logging_mixin.py:188} INFO - [2026-01-29T03:12:13.968+0000] {dagbag.py:545} INFO - Filling up the DagBag from /home/airflow/.local/lib/python3.12/site-packages/airflow/example_dags/example_sla_dag.py
[2026-01-29T03:12:13.978+0000] {processor.py:840} INFO - DAG(s) 'example_sla_dag' retrieved from /home/airflow/.local/lib/python3.12/site-packages/airflow/example_dags/example_sla_dag.py
[2026-01-29T03:12:13.998+0000] {logging_mixin.py:188} INFO - [2026-01-29T03:12:13.998+0000] {dag.py:3089} INFO - Sync 1 DAGs
[2026-01-29T03:12:14.026+0000] {logging_mixin.py:188} INFO - [2026-01-29T03:12:14.026+0000] {dag.py:3947} INFO - Setting next_dagrun for example_sla_dag to 2026-01-29 03:10:00+00:00, run_after=2026-01-29 03:12:00+00:00
[2026-01-29T03:12:14.046+0000] {processor.py:183} INFO - Processing /home/airflow/.local/lib/python3.12/site-packages/airflow/example_dags/example_sla_dag.py took 0.087 seconds
[2026-01-29T03:12:44.150+0000] {processor.py:161} INFO - Started process (PID=85732) to work on /home/airflow/.local/lib/python3.12/site-packages/airflow/example_dags/example_sla_dag.py
[2026-01-29T03:12:44.151+0000] {processor.py:830} INFO - Processing file /home/airflow/.local/lib/python3.12/site-packages/airflow/example_dags/example_sla_dag.py for tasks to queue
[2026-01-29T03:12:44.153+0000] {logging_mixin.py:188} INFO - [2026-01-29T03:12:44.153+0000] {dagbag.py:545} INFO - Filling up the DagBag from /home/airflow/.local/lib/python3.12/site-packages/airflow/example_dags/example_sla_dag.py
[2026-01-29T03:12:44.165+0000] {processor.py:840} INFO - DAG(s) 'example_sla_dag' retrieved from /home/airflow/.local/lib/python3.12/site-packages/airflow/example_dags/example_sla_dag.py
[2026-01-29T03:12:44.188+0000] {logging_mixin.py:188} INFO - [2026-01-29T03:12:44.187+0000] {dag.py:3089} INFO - Sync 1 DAGs
[2026-01-29T03:12:44.216+0000] {logging_mixin.py:188} INFO - [2026-01-29T03:12:44.216+0000] {dag.py:3947} INFO - Setting next_dagrun for example_sla_dag to 2026-01-29 03:10:00+00:00, run_after=2026-01-29 03:12:00+00:00
[2026-01-29T03:12:44.237+0000] {processor.py:183} INFO - Processing /home/airflow/.local/lib/python3.12/site-packages/airflow/example_dags/example_sla_dag.py took 0.094 seconds
[2026-01-29T03:13:14.442+0000] {processor.py:161} INFO - Started process (PID=85796) to work on /home/airflow/.local/lib/python3.12/site-packages/airflow/example_dags/example_sla_dag.py
[2026-01-29T03:13:14.443+0000] {processor.py:830} INFO - Processing file /home/airflow/.local/lib/python3.12/site-packages/airflow/example_dags/example_sla_dag.py for tasks to queue
[2026-01-29T03:13:14.444+0000] {logging_mixin.py:188} INFO - [2026-01-29T03:13:14.444+0000] {dagbag.py:545} INFO - Filling up the DagBag from /home/airflow/.local/lib/python3.12/site-packages/airflow/example_dags/example_sla_dag.py
[2026-01-29T03:13:14.453+0000] {processor.py:840} INFO - DAG(s) 'example_sla_dag' retrieved from /home/airflow/.local/lib/python3.12/site-packages/airflow/example_dags/example_sla_dag.py
[2026-01-29T03:13:14.477+0000] {logging_mixin.py:188} INFO - [2026-01-29T03:13:14.476+0000] {dag.py:3089} INFO - Sync 1 DAGs
[2026-01-29T03:13:14.506+0000] {logging_mixin.py:188} INFO - [2026-01-29T03:13:14.505+0000] {dag.py:3947} INFO - Setting next_dagrun for example_sla_dag to 2026-01-29 03:10:00+00:00, run_after=2026-01-29 03:12:00+00:00
[2026-01-29T03:13:14.524+0000] {processor.py:183} INFO - Processing /home/airflow/.local/lib/python3.12/site-packages/airflow/example_dags/example_sla_dag.py took 0.088 seconds
[2026-01-29T03:13:44.634+0000] {processor.py:161} INFO - Started process (PID=85853) to work on /home/airflow/.local/lib/python3.12/site-packages/airflow/example_dags/example_sla_dag.py
[2026-01-29T03:13:44.635+0000] {processor.py:830} INFO - Processing file /home/airflow/.local/lib/python3.12/site-packages/airflow/example_dags/example_sla_dag.py for tasks to queue
[2026-01-29T03:13:44.637+0000] {logging_mixin.py:188} INFO - [2026-01-29T03:13:44.637+0000] {dagbag.py:545} INFO - Filling up the DagBag from /home/airflow/.local/lib/python3.12/site-packages/airflow/example_dags/example_sla_dag.py
[2026-01-29T03:13:44.648+0000] {processor.py:840} INFO - DAG(s) 'example_sla_dag' retrieved from /home/airflow/.local/lib/python3.12/site-packages/airflow/example_dags/example_sla_dag.py
[2026-01-29T03:13:44.671+0000] {logging_mixin.py:188} INFO - [2026-01-29T03:13:44.670+0000] {dag.py:3089} INFO - Sync 1 DAGs
[2026-01-29T03:13:44.701+0000] {logging_mixin.py:188} INFO - [2026-01-29T03:13:44.701+0000] {dag.py:3947} INFO - Setting next_dagrun for example_sla_dag to 2026-01-29 03:10:00+00:00, run_after=2026-01-29 03:12:00+00:00
[2026-01-29T03:13:44.720+0000] {processor.py:183} INFO - Processing /home/airflow/.local/lib/python3.12/site-packages/airflow/example_dags/example_sla_dag.py took 0.094 seconds
[2026-01-29T03:14:14.786+0000] {processor.py:161} INFO - Started process (PID=85917) to work on /home/airflow/.local/lib/python3.12/site-packages/airflow/example_dags/example_sla_dag.py
[2026-01-29T03:14:14.787+0000] {processor.py:830} INFO - Processing file /home/airflow/.local/lib/python3.12/site-packages/airflow/example_dags/example_sla_dag.py for tasks to queue
[2026-01-29T03:14:14.789+0000] {logging_mixin.py:188} INFO - [2026-01-29T03:14:14.789+0000] {dagbag.py:545} INFO - Filling up the DagBag from /home/airflow/.local/lib/python3.12/site-packages/airflow/example_dags/example_sla_dag.py
[2026-01-29T03:14:14.800+0000] {processor.py:840} INFO - DAG(s) 'example_sla_dag' retrieved from /home/airflow/.local/lib/python3.12/site-packages/airflow/example_dags/example_sla_dag.py
[2026-01-29T03:14:14.818+0000] {logging_mixin.py:188} INFO - [2026-01-29T03:14:14.817+0000] {dag.py:3089} INFO - Sync 1 DAGs
[2026-01-29T03:14:14.843+0000] {logging_mixin.py:188} INFO - [2026-01-29T03:14:14.843+0000] {dag.py:3947} INFO - Setting next_dagrun for example_sla_dag to 2026-01-29 03:12:00+00:00, run_after=2026-01-29 03:14:00+00:00
[2026-01-29T03:14:14.862+0000] {processor.py:183} INFO - Processing /home/airflow/.local/lib/python3.12/site-packages/airflow/example_dags/example_sla_dag.py took 0.083 seconds
[2026-01-29T03:14:45.595+0000] {processor.py:161} INFO - Started process (PID=85976) to work on /home/airflow/.local/lib/python3.12/site-packages/airflow/example_dags/example_sla_dag.py
[2026-01-29T03:14:45.596+0000] {processor.py:830} INFO - Processing file /home/airflow/.local/lib/python3.12/site-packages/airflow/example_dags/example_sla_dag.py for tasks to queue
[2026-01-29T03:14:45.598+0000] {logging_mixin.py:188} INFO - [2026-01-29T03:14:45.597+0000] {dagbag.py:545} INFO - Filling up the DagBag from /home/airflow/.local/lib/python3.12/site-packages/airflow/example_dags/example_sla_dag.py
[2026-01-29T03:14:45.608+0000] {processor.py:840} INFO - DAG(s) 'example_sla_dag' retrieved from /home/airflow/.local/lib/python3.12/site-packages/airflow/example_dags/example_sla_dag.py
[2026-01-29T03:14:45.629+0000] {logging_mixin.py:188} INFO - [2026-01-29T03:14:45.628+0000] {dag.py:3089} INFO - Sync 1 DAGs
[2026-01-29T03:14:45.657+0000] {logging_mixin.py:188} INFO - [2026-01-29T03:14:45.656+0000] {dag.py:3947} INFO - Setting next_dagrun for example_sla_dag to 2026-01-29 03:12:00+00:00, run_after=2026-01-29 03:14:00+00:00
[2026-01-29T03:14:45.677+0000] {processor.py:183} INFO - Processing /home/airflow/.local/lib/python3.12/site-packages/airflow/example_dags/example_sla_dag.py took 0.089 seconds
[2026-01-29T03:15:15.939+0000] {processor.py:161} INFO - Started process (PID=86040) to work on /home/airflow/.local/lib/python3.12/site-packages/airflow/example_dags/example_sla_dag.py
[2026-01-29T03:15:15.939+0000] {processor.py:830} INFO - Processing file /home/airflow/.local/lib/python3.12/site-packages/airflow/example_dags/example_sla_dag.py for tasks to queue
[2026-01-29T03:15:15.941+0000] {logging_mixin.py:188} INFO - [2026-01-29T03:15:15.941+0000] {dagbag.py:545} INFO - Filling up the DagBag from /home/airflow/.local/lib/python3.12/site-packages/airflow/example_dags/example_sla_dag.py
[2026-01-29T03:15:15.951+0000] {processor.py:840} INFO - DAG(s) 'example_sla_dag' retrieved from /home/airflow/.local/lib/python3.12/site-packages/airflow/example_dags/example_sla_dag.py
[2026-01-29T03:15:15.970+0000] {logging_mixin.py:188} INFO - [2026-01-29T03:15:15.970+0000] {dag.py:3089} INFO - Sync 1 DAGs
[2026-01-29T03:15:15.996+0000] {logging_mixin.py:188} INFO - [2026-01-29T03:15:15.996+0000] {dag.py:3947} INFO - Setting next_dagrun for example_sla_dag to 2026-01-29 03:12:00+00:00, run_after=2026-01-29 03:14:00+00:00
[2026-01-29T03:15:16.015+0000] {processor.py:183} INFO - Processing /home/airflow/.local/lib/python3.12/site-packages/airflow/example_dags/example_sla_dag.py took 0.083 seconds
[2026-01-29T03:15:46.307+0000] {processor.py:161} INFO - Started process (PID=86099) to work on /home/airflow/.local/lib/python3.12/site-packages/airflow/example_dags/example_sla_dag.py
[2026-01-29T03:15:46.308+0000] {processor.py:830} INFO - Processing file /home/airflow/.local/lib/python3.12/site-packages/airflow/example_dags/example_sla_dag.py for tasks to queue
[2026-01-29T03:15:46.310+0000] {logging_mixin.py:188} INFO - [2026-01-29T03:15:46.309+0000] {dagbag.py:545} INFO - Filling up the DagBag from /home/airflow/.local/lib/python3.12/site-packages/airflow/example_dags/example_sla_dag.py
[2026-01-29T03:15:46.319+0000] {processor.py:840} INFO - DAG(s) 'example_sla_dag' retrieved from /home/airflow/.local/lib/python3.12/site-packages/airflow/example_dags/example_sla_dag.py
[2026-01-29T03:15:46.340+0000] {logging_mixin.py:188} INFO - [2026-01-29T03:15:46.339+0000] {dag.py:3089} INFO - Sync 1 DAGs
[2026-01-29T03:15:46.369+0000] {logging_mixin.py:188} INFO - [2026-01-29T03:15:46.369+0000] {dag.py:3947} INFO - Setting next_dagrun for example_sla_dag to 2026-01-29 03:12:00+00:00, run_after=2026-01-29 03:14:00+00:00
[2026-01-29T03:15:46.389+0000] {processor.py:183} INFO - Processing /home/airflow/.local/lib/python3.12/site-packages/airflow/example_dags/example_sla_dag.py took 0.088 seconds
[2026-01-29T03:16:16.447+0000] {processor.py:161} INFO - Started process (PID=86163) to work on /home/airflow/.local/lib/python3.12/site-packages/airflow/example_dags/example_sla_dag.py
[2026-01-29T03:16:16.448+0000] {processor.py:830} INFO - Processing file /home/airflow/.local/lib/python3.12/site-packages/airflow/example_dags/example_sla_dag.py for tasks to queue
[2026-01-29T03:16:16.450+0000] {logging_mixin.py:188} INFO - [2026-01-29T03:16:16.449+0000] {dagbag.py:545} INFO - Filling up the DagBag from /home/airflow/.local/lib/python3.12/site-packages/airflow/example_dags/example_sla_dag.py
[2026-01-29T03:16:16.460+0000] {processor.py:840} INFO - DAG(s) 'example_sla_dag' retrieved from /home/airflow/.local/lib/python3.12/site-packages/airflow/example_dags/example_sla_dag.py
[2026-01-29T03:16:16.482+0000] {logging_mixin.py:188} INFO - [2026-01-29T03:16:16.482+0000] {dag.py:3089} INFO - Sync 1 DAGs
[2026-01-29T03:16:16.514+0000] {logging_mixin.py:188} INFO - [2026-01-29T03:16:16.514+0000] {dag.py:3947} INFO - Setting next_dagrun for example_sla_dag to 2026-01-29 03:14:00+00:00, run_after=2026-01-29 03:16:00+00:00
[2026-01-29T03:16:16.535+0000] {processor.py:183} INFO - Processing /home/airflow/.local/lib/python3.12/site-packages/airflow/example_dags/example_sla_dag.py took 0.094 seconds
[2026-01-29T03:16:46.617+0000] {processor.py:161} INFO - Started process (PID=86222) to work on /home/airflow/.local/lib/python3.12/site-packages/airflow/example_dags/example_sla_dag.py
[2026-01-29T03:16:46.618+0000] {processor.py:830} INFO - Processing file /home/airflow/.local/lib/python3.12/site-packages/airflow/example_dags/example_sla_dag.py for tasks to queue
[2026-01-29T03:16:46.620+0000] {logging_mixin.py:188} INFO - [2026-01-29T03:16:46.620+0000] {dagbag.py:545} INFO - Filling up the DagBag from /home/airflow/.local/lib/python3.12/site-packages/airflow/example_dags/example_sla_dag.py
[2026-01-29T03:16:46.631+0000] {processor.py:840} INFO - DAG(s) 'example_sla_dag' retrieved from /home/airflow/.local/lib/python3.12/site-packages/airflow/example_dags/example_sla_dag.py
[2026-01-29T03:16:46.651+0000] {logging_mixin.py:188} INFO - [2026-01-29T03:16:46.651+0000] {dag.py:3089} INFO - Sync 1 DAGs
[2026-01-29T03:16:46.678+0000] {logging_mixin.py:188} INFO - [2026-01-29T03:16:46.678+0000] {dag.py:3947} INFO - Setting next_dagrun for example_sla_dag to 2026-01-29 03:14:00+00:00, run_after=2026-01-29 03:16:00+00:00
[2026-01-29T03:16:46.698+0000] {processor.py:183} INFO - Processing /home/airflow/.local/lib/python3.12/site-packages/airflow/example_dags/example_sla_dag.py took 0.089 seconds
[2026-01-29T03:17:16.795+0000] {processor.py:161} INFO - Started process (PID=86286) to work on /home/airflow/.local/lib/python3.12/site-packages/airflow/example_dags/example_sla_dag.py
[2026-01-29T03:17:16.796+0000] {processor.py:830} INFO - Processing file /home/airflow/.local/lib/python3.12/site-packages/airflow/example_dags/example_sla_dag.py for tasks to queue
[2026-01-29T03:17:16.798+0000] {logging_mixin.py:188} INFO - [2026-01-29T03:17:16.797+0000] {dagbag.py:545} INFO - Filling up the DagBag from /home/airflow/.local/lib/python3.12/site-packages/airflow/example_dags/example_sla_dag.py
[2026-01-29T03:17:16.808+0000] {processor.py:840} INFO - DAG(s) 'example_sla_dag' retrieved from /home/airflow/.local/lib/python3.12/site-packages/airflow/example_dags/example_sla_dag.py
[2026-01-29T03:17:16.826+0000] {logging_mixin.py:188} INFO - [2026-01-29T03:17:16.826+0000] {dag.py:3089} INFO - Sync 1 DAGs
[2026-01-29T03:17:16.852+0000] {logging_mixin.py:188} INFO - [2026-01-29T03:17:16.852+0000] {dag.py:3947} INFO - Setting next_dagrun for example_sla_dag to 2026-01-29 03:14:00+00:00, run_after=2026-01-29 03:16:00+00:00
[2026-01-29T03:17:16.870+0000] {processor.py:183} INFO - Processing /home/airflow/.local/lib/python3.12/site-packages/airflow/example_dags/example_sla_dag.py took 0.083 seconds
[2026-01-29T03:17:47.130+0000] {processor.py:161} INFO - Started process (PID=86345) to work on /home/airflow/.local/lib/python3.12/site-packages/airflow/example_dags/example_sla_dag.py
[2026-01-29T03:17:47.131+0000] {processor.py:830} INFO - Processing file /home/airflow/.local/lib/python3.12/site-packages/airflow/example_dags/example_sla_dag.py for tasks to queue
[2026-01-29T03:17:47.133+0000] {logging_mixin.py:188} INFO - [2026-01-29T03:17:47.132+0000] {dagbag.py:545} INFO - Filling up the DagBag from /home/airflow/.local/lib/python3.12/site-packages/airflow/example_dags/example_sla_dag.py
[2026-01-29T03:17:47.143+0000] {processor.py:840} INFO - DAG(s) 'example_sla_dag' retrieved from /home/airflow/.local/lib/python3.12/site-packages/airflow/example_dags/example_sla_dag.py
[2026-01-29T03:17:47.164+0000] {logging_mixin.py:188} INFO - [2026-01-29T03:17:47.163+0000] {dag.py:3089} INFO - Sync 1 DAGs
[2026-01-29T03:17:47.191+0000] {logging_mixin.py:188} INFO - [2026-01-29T03:17:47.191+0000] {dag.py:3947} INFO - Setting next_dagrun for example_sla_dag to 2026-01-29 03:14:00+00:00, run_after=2026-01-29 03:16:00+00:00
[2026-01-29T03:17:47.210+0000] {processor.py:183} INFO - Processing /home/airflow/.local/lib/python3.12/site-packages/airflow/example_dags/example_sla_dag.py took 0.089 seconds
[2026-01-29T03:18:17.950+0000] {processor.py:161} INFO - Started process (PID=86409) to work on /home/airflow/.local/lib/python3.12/site-packages/airflow/example_dags/example_sla_dag.py
[2026-01-29T03:18:17.951+0000] {processor.py:830} INFO - Processing file /home/airflow/.local/lib/python3.12/site-packages/airflow/example_dags/example_sla_dag.py for tasks to queue
[2026-01-29T03:18:17.953+0000] {logging_mixin.py:188} INFO - [2026-01-29T03:18:17.952+0000] {dagbag.py:545} INFO - Filling up the DagBag from /home/airflow/.local/lib/python3.12/site-packages/airflow/example_dags/example_sla_dag.py
[2026-01-29T03:18:17.963+0000] {processor.py:840} INFO - DAG(s) 'example_sla_dag' retrieved from /home/airflow/.local/lib/python3.12/site-packages/airflow/example_dags/example_sla_dag.py
[2026-01-29T03:18:17.984+0000] {logging_mixin.py:188} INFO - [2026-01-29T03:18:17.983+0000] {dag.py:3089} INFO - Sync 1 DAGs
[2026-01-29T03:18:18.011+0000] {logging_mixin.py:188} INFO - [2026-01-29T03:18:18.011+0000] {dag.py:3947} INFO - Setting next_dagrun for example_sla_dag to 2026-01-29 03:16:00+00:00, run_after=2026-01-29 03:18:00+00:00
[2026-01-29T03:18:18.031+0000] {processor.py:183} INFO - Processing /home/airflow/.local/lib/python3.12/site-packages/airflow/example_dags/example_sla_dag.py took 0.089 seconds
[2026-01-29T03:18:48.176+0000] {processor.py:161} INFO - Started process (PID=86468) to work on /home/airflow/.local/lib/python3.12/site-packages/airflow/example_dags/example_sla_dag.py
[2026-01-29T03:18:48.177+0000] {processor.py:830} INFO - Processing file /home/airflow/.local/lib/python3.12/site-packages/airflow/example_dags/example_sla_dag.py for tasks to queue
[2026-01-29T03:18:48.179+0000] {logging_mixin.py:188} INFO - [2026-01-29T03:18:48.178+0000] {dagbag.py:545} INFO - Filling up the DagBag from /home/airflow/.local/lib/python3.12/site-packages/airflow/example_dags/example_sla_dag.py
[2026-01-29T03:18:48.189+0000] {processor.py:840} INFO - DAG(s) 'example_sla_dag' retrieved from /home/airflow/.local/lib/python3.12/site-packages/airflow/example_dags/example_sla_dag.py
[2026-01-29T03:18:48.209+0000] {logging_mixin.py:188} INFO - [2026-01-29T03:18:48.208+0000] {dag.py:3089} INFO - Sync 1 DAGs
[2026-01-29T03:18:48.237+0000] {logging_mixin.py:188} INFO - [2026-01-29T03:18:48.237+0000] {dag.py:3947} INFO - Setting next_dagrun for example_sla_dag to 2026-01-29 03:16:00+00:00, run_after=2026-01-29 03:18:00+00:00
[2026-01-29T03:18:48.257+0000] {processor.py:183} INFO - Processing /home/airflow/.local/lib/python3.12/site-packages/airflow/example_dags/example_sla_dag.py took 0.089 seconds
[2026-01-29T03:19:18.328+0000] {processor.py:161} INFO - Started process (PID=86532) to work on /home/airflow/.local/lib/python3.12/site-packages/airflow/example_dags/example_sla_dag.py
[2026-01-29T03:19:18.329+0000] {processor.py:830} INFO - Processing file /home/airflow/.local/lib/python3.12/site-packages/airflow/example_dags/example_sla_dag.py for tasks to queue
[2026-01-29T03:19:18.331+0000] {logging_mixin.py:188} INFO - [2026-01-29T03:19:18.330+0000] {dagbag.py:545} INFO - Filling up the DagBag from /home/airflow/.local/lib/python3.12/site-packages/airflow/example_dags/example_sla_dag.py
[2026-01-29T03:19:18.340+0000] {processor.py:840} INFO - DAG(s) 'example_sla_dag' retrieved from /home/airflow/.local/lib/python3.12/site-packages/airflow/example_dags/example_sla_dag.py
[2026-01-29T03:19:18.360+0000] {logging_mixin.py:188} INFO - [2026-01-29T03:19:18.360+0000] {dag.py:3089} INFO - Sync 1 DAGs
[2026-01-29T03:19:18.387+0000] {logging_mixin.py:188} INFO - [2026-01-29T03:19:18.387+0000] {dag.py:3947} INFO - Setting next_dagrun for example_sla_dag to 2026-01-29 03:16:00+00:00, run_after=2026-01-29 03:18:00+00:00
[2026-01-29T03:19:18.406+0000] {processor.py:183} INFO - Processing /home/airflow/.local/lib/python3.12/site-packages/airflow/example_dags/example_sla_dag.py took 0.086 seconds
[2026-01-29T03:19:48.594+0000] {processor.py:161} INFO - Started process (PID=86591) to work on /home/airflow/.local/lib/python3.12/site-packages/airflow/example_dags/example_sla_dag.py
[2026-01-29T03:19:48.595+0000] {processor.py:830} INFO - Processing file /home/airflow/.local/lib/python3.12/site-packages/airflow/example_dags/example_sla_dag.py for tasks to queue
[2026-01-29T03:19:48.597+0000] {logging_mixin.py:188} INFO - [2026-01-29T03:19:48.596+0000] {dagbag.py:545} INFO - Filling up the DagBag from /home/airflow/.local/lib/python3.12/site-packages/airflow/example_dags/example_sla_dag.py
[2026-01-29T03:19:48.607+0000] {processor.py:840} INFO - DAG(s) 'example_sla_dag' retrieved from /home/airflow/.local/lib/python3.12/site-packages/airflow/example_dags/example_sla_dag.py
[2026-01-29T03:19:48.626+0000] {logging_mixin.py:188} INFO - [2026-01-29T03:19:48.626+0000] {dag.py:3089} INFO - Sync 1 DAGs
[2026-01-29T03:19:48.653+0000] {logging_mixin.py:188} INFO - [2026-01-29T03:19:48.652+0000] {dag.py:3947} INFO - Setting next_dagrun for example_sla_dag to 2026-01-29 03:16:00+00:00, run_after=2026-01-29 03:18:00+00:00
[2026-01-29T03:19:48.672+0000] {processor.py:183} INFO - Processing /home/airflow/.local/lib/python3.12/site-packages/airflow/example_dags/example_sla_dag.py took 0.085 seconds
[2026-01-29T03:20:18.752+0000] {processor.py:161} INFO - Started process (PID=86655) to work on /home/airflow/.local/lib/python3.12/site-packages/airflow/example_dags/example_sla_dag.py
[2026-01-29T03:20:18.752+0000] {processor.py:830} INFO - Processing file /home/airflow/.local/lib/python3.12/site-packages/airflow/example_dags/example_sla_dag.py for tasks to queue
[2026-01-29T03:20:18.754+0000] {logging_mixin.py:188} INFO - [2026-01-29T03:20:18.754+0000] {dagbag.py:545} INFO - Filling up the DagBag from /home/airflow/.local/lib/python3.12/site-packages/airflow/example_dags/example_sla_dag.py
[2026-01-29T03:20:18.764+0000] {processor.py:840} INFO - DAG(s) 'example_sla_dag' retrieved from /home/airflow/.local/lib/python3.12/site-packages/airflow/example_dags/example_sla_dag.py
[2026-01-29T03:20:18.782+0000] {logging_mixin.py:188} INFO - [2026-01-29T03:20:18.782+0000] {dag.py:3089} INFO - Sync 1 DAGs
[2026-01-29T03:20:18.807+0000] {logging_mixin.py:188} INFO - [2026-01-29T03:20:18.807+0000] {dag.py:3947} INFO - Setting next_dagrun for example_sla_dag to 2026-01-29 03:18:00+00:00, run_after=2026-01-29 03:20:00+00:00
[2026-01-29T03:20:18.826+0000] {processor.py:183} INFO - Processing /home/airflow/.local/lib/python3.12/site-packages/airflow/example_dags/example_sla_dag.py took 0.082 seconds
[2026-01-29T03:20:49.035+0000] {processor.py:161} INFO - Started process (PID=86714) to work on /home/airflow/.local/lib/python3.12/site-packages/airflow/example_dags/example_sla_dag.py
[2026-01-29T03:20:49.036+0000] {processor.py:830} INFO - Processing file /home/airflow/.local/lib/python3.12/site-packages/airflow/example_dags/example_sla_dag.py for tasks to queue
[2026-01-29T03:20:49.038+0000] {logging_mixin.py:188} INFO - [2026-01-29T03:20:49.038+0000] {dagbag.py:545} INFO - Filling up the DagBag from /home/airflow/.local/lib/python3.12/site-packages/airflow/example_dags/example_sla_dag.py
[2026-01-29T03:20:49.049+0000] {processor.py:840} INFO - DAG(s) 'example_sla_dag' retrieved from /home/airflow/.local/lib/python3.12/site-packages/airflow/example_dags/example_sla_dag.py
[2026-01-29T03:20:49.068+0000] {logging_mixin.py:188} INFO - [2026-01-29T03:20:49.068+0000] {dag.py:3089} INFO - Sync 1 DAGs
[2026-01-29T03:20:49.096+0000] {logging_mixin.py:188} INFO - [2026-01-29T03:20:49.096+0000] {dag.py:3947} INFO - Setting next_dagrun for example_sla_dag to 2026-01-29 03:18:00+00:00, run_after=2026-01-29 03:20:00+00:00
[2026-01-29T03:20:49.115+0000] {processor.py:183} INFO - Processing /home/airflow/.local/lib/python3.12/site-packages/airflow/example_dags/example_sla_dag.py took 0.087 seconds
[2026-01-29T03:21:19.361+0000] {processor.py:161} INFO - Started process (PID=86778) to work on /home/airflow/.local/lib/python3.12/site-packages/airflow/example_dags/example_sla_dag.py
[2026-01-29T03:21:19.361+0000] {processor.py:830} INFO - Processing file /home/airflow/.local/lib/python3.12/site-packages/airflow/example_dags/example_sla_dag.py for tasks to queue
[2026-01-29T03:21:19.363+0000] {logging_mixin.py:188} INFO - [2026-01-29T03:21:19.363+0000] {dagbag.py:545} INFO - Filling up the DagBag from /home/airflow/.local/lib/python3.12/site-packages/airflow/example_dags/example_sla_dag.py
[2026-01-29T03:21:19.372+0000] {processor.py:840} INFO - DAG(s) 'example_sla_dag' retrieved from /home/airflow/.local/lib/python3.12/site-packages/airflow/example_dags/example_sla_dag.py
[2026-01-29T03:21:19.391+0000] {logging_mixin.py:188} INFO - [2026-01-29T03:21:19.390+0000] {dag.py:3089} INFO - Sync 1 DAGs
[2026-01-29T03:21:19.417+0000] {logging_mixin.py:188} INFO - [2026-01-29T03:21:19.416+0000] {dag.py:3947} INFO - Setting next_dagrun for example_sla_dag to 2026-01-29 03:18:00+00:00, run_after=2026-01-29 03:20:00+00:00
[2026-01-29T03:21:19.436+0000] {processor.py:183} INFO - Processing /home/airflow/.local/lib/python3.12/site-packages/airflow/example_dags/example_sla_dag.py took 0.082 seconds
[2026-01-29T03:21:49.766+0000] {processor.py:161} INFO - Started process (PID=86837) to work on /home/airflow/.local/lib/python3.12/site-packages/airflow/example_dags/example_sla_dag.py
[2026-01-29T03:21:49.768+0000] {processor.py:830} INFO - Processing file /home/airflow/.local/lib/python3.12/site-packages/airflow/example_dags/example_sla_dag.py for tasks to queue
[2026-01-29T03:21:49.770+0000] {logging_mixin.py:188} INFO - [2026-01-29T03:21:49.769+0000] {dagbag.py:545} INFO - Filling up the DagBag from /home/airflow/.local/lib/python3.12/site-packages/airflow/example_dags/example_sla_dag.py
[2026-01-29T03:21:49.780+0000] {processor.py:840} INFO - DAG(s) 'example_sla_dag' retrieved from /home/airflow/.local/lib/python3.12/site-packages/airflow/example_dags/example_sla_dag.py
[2026-01-29T03:21:49.800+0000] {logging_mixin.py:188} INFO - [2026-01-29T03:21:49.799+0000] {dag.py:3089} INFO - Sync 1 DAGs
[2026-01-29T03:21:49.827+0000] {logging_mixin.py:188} INFO - [2026-01-29T03:21:49.827+0000] {dag.py:3947} INFO - Setting next_dagrun for example_sla_dag to 2026-01-29 03:18:00+00:00, run_after=2026-01-29 03:20:00+00:00
[2026-01-29T03:21:49.847+0000] {processor.py:183} INFO - Processing /home/airflow/.local/lib/python3.12/site-packages/airflow/example_dags/example_sla_dag.py took 0.088 seconds
[2026-01-29T03:22:20.210+0000] {processor.py:161} INFO - Started process (PID=86901) to work on /home/airflow/.local/lib/python3.12/site-packages/airflow/example_dags/example_sla_dag.py
[2026-01-29T03:22:20.211+0000] {processor.py:830} INFO - Processing file /home/airflow/.local/lib/python3.12/site-packages/airflow/example_dags/example_sla_dag.py for tasks to queue
[2026-01-29T03:22:20.213+0000] {logging_mixin.py:188} INFO - [2026-01-29T03:22:20.212+0000] {dagbag.py:545} INFO - Filling up the DagBag from /home/airflow/.local/lib/python3.12/site-packages/airflow/example_dags/example_sla_dag.py
[2026-01-29T03:22:20.222+0000] {processor.py:840} INFO - DAG(s) 'example_sla_dag' retrieved from /home/airflow/.local/lib/python3.12/site-packages/airflow/example_dags/example_sla_dag.py
[2026-01-29T03:22:20.240+0000] {logging_mixin.py:188} INFO - [2026-01-29T03:22:20.240+0000] {dag.py:3089} INFO - Sync 1 DAGs
[2026-01-29T03:22:20.267+0000] {logging_mixin.py:188} INFO - [2026-01-29T03:22:20.267+0000] {dag.py:3947} INFO - Setting next_dagrun for example_sla_dag to 2026-01-29 03:20:00+00:00, run_after=2026-01-29 03:22:00+00:00
[2026-01-29T03:22:20.287+0000] {processor.py:183} INFO - Processing /home/airflow/.local/lib/python3.12/site-packages/airflow/example_dags/example_sla_dag.py took 0.083 seconds
[2026-01-29T03:22:50.521+0000] {processor.py:161} INFO - Started process (PID=86960) to work on /home/airflow/.local/lib/python3.12/site-packages/airflow/example_dags/example_sla_dag.py
[2026-01-29T03:22:50.522+0000] {processor.py:830} INFO - Processing file /home/airflow/.local/lib/python3.12/site-packages/airflow/example_dags/example_sla_dag.py for tasks to queue
[2026-01-29T03:22:50.524+0000] {logging_mixin.py:188} INFO - [2026-01-29T03:22:50.523+0000] {dagbag.py:545} INFO - Filling up the DagBag from /home/airflow/.local/lib/python3.12/site-packages/airflow/example_dags/example_sla_dag.py
[2026-01-29T03:22:50.533+0000] {processor.py:840} INFO - DAG(s) 'example_sla_dag' retrieved from /home/airflow/.local/lib/python3.12/site-packages/airflow/example_dags/example_sla_dag.py
[2026-01-29T03:22:50.551+0000] {logging_mixin.py:188} INFO - [2026-01-29T03:22:50.551+0000] {dag.py:3089} INFO - Sync 1 DAGs
[2026-01-29T03:22:50.580+0000] {logging_mixin.py:188} INFO - [2026-01-29T03:22:50.579+0000] {dag.py:3947} INFO - Setting next_dagrun for example_sla_dag to 2026-01-29 03:20:00+00:00, run_after=2026-01-29 03:22:00+00:00
[2026-01-29T03:22:50.601+0000] {processor.py:183} INFO - Processing /home/airflow/.local/lib/python3.12/site-packages/airflow/example_dags/example_sla_dag.py took 0.087 seconds
[2026-01-29T03:23:21.284+0000] {processor.py:161} INFO - Started process (PID=87024) to work on /home/airflow/.local/lib/python3.12/site-packages/airflow/example_dags/example_sla_dag.py
[2026-01-29T03:23:21.285+0000] {processor.py:830} INFO - Processing file /home/airflow/.local/lib/python3.12/site-packages/airflow/example_dags/example_sla_dag.py for tasks to queue
[2026-01-29T03:23:21.287+0000] {logging_mixin.py:188} INFO - [2026-01-29T03:23:21.287+0000] {dagbag.py:545} INFO - Filling up the DagBag from /home/airflow/.local/lib/python3.12/site-packages/airflow/example_dags/example_sla_dag.py
[2026-01-29T03:23:21.296+0000] {processor.py:840} INFO - DAG(s) 'example_sla_dag' retrieved from /home/airflow/.local/lib/python3.12/site-packages/airflow/example_dags/example_sla_dag.py
[2026-01-29T03:23:21.315+0000] {logging_mixin.py:188} INFO - [2026-01-29T03:23:21.315+0000] {dag.py:3089} INFO - Sync 1 DAGs
[2026-01-29T03:23:21.342+0000] {logging_mixin.py:188} INFO - [2026-01-29T03:23:21.342+0000] {dag.py:3947} INFO - Setting next_dagrun for example_sla_dag to 2026-01-29 03:20:00+00:00, run_after=2026-01-29 03:22:00+00:00
[2026-01-29T03:23:21.362+0000] {processor.py:183} INFO - Processing /home/airflow/.local/lib/python3.12/site-packages/airflow/example_dags/example_sla_dag.py took 0.084 seconds
[2026-01-29T03:23:51.641+0000] {processor.py:161} INFO - Started process (PID=87083) to work on /home/airflow/.local/lib/python3.12/site-packages/airflow/example_dags/example_sla_dag.py
[2026-01-29T03:23:51.642+0000] {processor.py:830} INFO - Processing file /home/airflow/.local/lib/python3.12/site-packages/airflow/example_dags/example_sla_dag.py for tasks to queue
[2026-01-29T03:23:51.644+0000] {logging_mixin.py:188} INFO - [2026-01-29T03:23:51.644+0000] {dagbag.py:545} INFO - Filling up the DagBag from /home/airflow/.local/lib/python3.12/site-packages/airflow/example_dags/example_sla_dag.py
[2026-01-29T03:23:51.655+0000] {processor.py:840} INFO - DAG(s) 'example_sla_dag' retrieved from /home/airflow/.local/lib/python3.12/site-packages/airflow/example_dags/example_sla_dag.py
[2026-01-29T03:23:51.675+0000] {logging_mixin.py:188} INFO - [2026-01-29T03:23:51.675+0000] {dag.py:3089} INFO - Sync 1 DAGs
[2026-01-29T03:23:51.706+0000] {logging_mixin.py:188} INFO - [2026-01-29T03:23:51.706+0000] {dag.py:3947} INFO - Setting next_dagrun for example_sla_dag to 2026-01-29 03:20:00+00:00, run_after=2026-01-29 03:22:00+00:00
[2026-01-29T03:23:51.727+0000] {processor.py:183} INFO - Processing /home/airflow/.local/lib/python3.12/site-packages/airflow/example_dags/example_sla_dag.py took 0.094 seconds
[2026-01-29T03:24:21.780+0000] {processor.py:161} INFO - Started process (PID=87147) to work on /home/airflow/.local/lib/python3.12/site-packages/airflow/example_dags/example_sla_dag.py
[2026-01-29T03:24:21.781+0000] {processor.py:830} INFO - Processing file /home/airflow/.local/lib/python3.12/site-packages/airflow/example_dags/example_sla_dag.py for tasks to queue
[2026-01-29T03:24:21.783+0000] {logging_mixin.py:188} INFO - [2026-01-29T03:24:21.782+0000] {dagbag.py:545} INFO - Filling up the DagBag from /home/airflow/.local/lib/python3.12/site-packages/airflow/example_dags/example_sla_dag.py
[2026-01-29T03:24:21.793+0000] {processor.py:840} INFO - DAG(s) 'example_sla_dag' retrieved from /home/airflow/.local/lib/python3.12/site-packages/airflow/example_dags/example_sla_dag.py
[2026-01-29T03:24:21.813+0000] {logging_mixin.py:188} INFO - [2026-01-29T03:24:21.813+0000] {dag.py:3089} INFO - Sync 1 DAGs
[2026-01-29T03:24:21.841+0000] {logging_mixin.py:188} INFO - [2026-01-29T03:24:21.841+0000] {dag.py:3947} INFO - Setting next_dagrun for example_sla_dag to 2026-01-29 03:22:00+00:00, run_after=2026-01-29 03:24:00+00:00
[2026-01-29T03:24:21.862+0000] {processor.py:183} INFO - Processing /home/airflow/.local/lib/python3.12/site-packages/airflow/example_dags/example_sla_dag.py took 0.089 seconds
[2026-01-29T03:24:52.215+0000] {processor.py:161} INFO - Started process (PID=87206) to work on /home/airflow/.local/lib/python3.12/site-packages/airflow/example_dags/example_sla_dag.py
[2026-01-29T03:24:52.216+0000] {processor.py:830} INFO - Processing file /home/airflow/.local/lib/python3.12/site-packages/airflow/example_dags/example_sla_dag.py for tasks to queue
[2026-01-29T03:24:52.218+0000] {logging_mixin.py:188} INFO - [2026-01-29T03:24:52.218+0000] {dagbag.py:545} INFO - Filling up the DagBag from /home/airflow/.local/lib/python3.12/site-packages/airflow/example_dags/example_sla_dag.py
[2026-01-29T03:24:52.228+0000] {processor.py:840} INFO - DAG(s) 'example_sla_dag' retrieved from /home/airflow/.local/lib/python3.12/site-packages/airflow/example_dags/example_sla_dag.py
[2026-01-29T03:24:52.248+0000] {logging_mixin.py:188} INFO - [2026-01-29T03:24:52.248+0000] {dag.py:3089} INFO - Sync 1 DAGs
[2026-01-29T03:24:52.276+0000] {logging_mixin.py:188} INFO - [2026-01-29T03:24:52.276+0000] {dag.py:3947} INFO - Setting next_dagrun for example_sla_dag to 2026-01-29 03:22:00+00:00, run_after=2026-01-29 03:24:00+00:00
[2026-01-29T03:24:52.294+0000] {processor.py:183} INFO - Processing /home/airflow/.local/lib/python3.12/site-packages/airflow/example_dags/example_sla_dag.py took 0.087 seconds
[2026-01-29T03:25:22.759+0000] {processor.py:161} INFO - Started process (PID=87270) to work on /home/airflow/.local/lib/python3.12/site-packages/airflow/example_dags/example_sla_dag.py
[2026-01-29T03:25:22.760+0000] {processor.py:830} INFO - Processing file /home/airflow/.local/lib/python3.12/site-packages/airflow/example_dags/example_sla_dag.py for tasks to queue
[2026-01-29T03:25:22.762+0000] {logging_mixin.py:188} INFO - [2026-01-29T03:25:22.762+0000] {dagbag.py:545} INFO - Filling up the DagBag from /home/airflow/.local/lib/python3.12/site-packages/airflow/example_dags/example_sla_dag.py
[2026-01-29T03:25:22.772+0000] {processor.py:840} INFO - DAG(s) 'example_sla_dag' retrieved from /home/airflow/.local/lib/python3.12/site-packages/airflow/example_dags/example_sla_dag.py
[2026-01-29T03:25:22.791+0000] {logging_mixin.py:188} INFO - [2026-01-29T03:25:22.790+0000] {dag.py:3089} INFO - Sync 1 DAGs
[2026-01-29T03:25:22.816+0000] {logging_mixin.py:188} INFO - [2026-01-29T03:25:22.816+0000] {dag.py:3947} INFO - Setting next_dagrun for example_sla_dag to 2026-01-29 03:22:00+00:00, run_after=2026-01-29 03:24:00+00:00
[2026-01-29T03:25:22.835+0000] {processor.py:183} INFO - Processing /home/airflow/.local/lib/python3.12/site-packages/airflow/example_dags/example_sla_dag.py took 0.083 seconds
[2026-01-29T03:25:53.202+0000] {processor.py:161} INFO - Started process (PID=87329) to work on /home/airflow/.local/lib/python3.12/site-packages/airflow/example_dags/example_sla_dag.py
[2026-01-29T03:25:53.203+0000] {processor.py:830} INFO - Processing file /home/airflow/.local/lib/python3.12/site-packages/airflow/example_dags/example_sla_dag.py for tasks to queue
[2026-01-29T03:25:53.205+0000] {logging_mixin.py:188} INFO - [2026-01-29T03:25:53.204+0000] {dagbag.py:545} INFO - Filling up the DagBag from /home/airflow/.local/lib/python3.12/site-packages/airflow/example_dags/example_sla_dag.py
[2026-01-29T03:25:53.214+0000] {processor.py:840} INFO - DAG(s) 'example_sla_dag' retrieved from /home/airflow/.local/lib/python3.12/site-packages/airflow/example_dags/example_sla_dag.py
[2026-01-29T03:25:53.232+0000] {logging_mixin.py:188} INFO - [2026-01-29T03:25:53.232+0000] {dag.py:3089} INFO - Sync 1 DAGs
[2026-01-29T03:25:53.259+0000] {logging_mixin.py:188} INFO - [2026-01-29T03:25:53.259+0000] {dag.py:3947} INFO - Setting next_dagrun for example_sla_dag to 2026-01-29 03:22:00+00:00, run_after=2026-01-29 03:24:00+00:00
[2026-01-29T03:25:53.278+0000] {processor.py:183} INFO - Processing /home/airflow/.local/lib/python3.12/site-packages/airflow/example_dags/example_sla_dag.py took 0.084 seconds
[2026-01-29T03:26:23.584+0000] {processor.py:161} INFO - Started process (PID=87393) to work on /home/airflow/.local/lib/python3.12/site-packages/airflow/example_dags/example_sla_dag.py
[2026-01-29T03:26:23.585+0000] {processor.py:830} INFO - Processing file /home/airflow/.local/lib/python3.12/site-packages/airflow/example_dags/example_sla_dag.py for tasks to queue
[2026-01-29T03:26:23.587+0000] {logging_mixin.py:188} INFO - [2026-01-29T03:26:23.586+0000] {dagbag.py:545} INFO - Filling up the DagBag from /home/airflow/.local/lib/python3.12/site-packages/airflow/example_dags/example_sla_dag.py
[2026-01-29T03:26:23.597+0000] {processor.py:840} INFO - DAG(s) 'example_sla_dag' retrieved from /home/airflow/.local/lib/python3.12/site-packages/airflow/example_dags/example_sla_dag.py
[2026-01-29T03:26:23.615+0000] {logging_mixin.py:188} INFO - [2026-01-29T03:26:23.615+0000] {dag.py:3089} INFO - Sync 1 DAGs
[2026-01-29T03:26:23.641+0000] {logging_mixin.py:188} INFO - [2026-01-29T03:26:23.640+0000] {dag.py:3947} INFO - Setting next_dagrun for example_sla_dag to 2026-01-29 03:24:00+00:00, run_after=2026-01-29 03:26:00+00:00
[2026-01-29T03:26:23.660+0000] {processor.py:183} INFO - Processing /home/airflow/.local/lib/python3.12/site-packages/airflow/example_dags/example_sla_dag.py took 0.083 seconds
[2026-01-29T03:26:54.086+0000] {processor.py:161} INFO - Started process (PID=87452) to work on /home/airflow/.local/lib/python3.12/site-packages/airflow/example_dags/example_sla_dag.py
[2026-01-29T03:26:54.087+0000] {processor.py:830} INFO - Processing file /home/airflow/.local/lib/python3.12/site-packages/airflow/example_dags/example_sla_dag.py for tasks to queue
[2026-01-29T03:26:54.089+0000] {logging_mixin.py:188} INFO - [2026-01-29T03:26:54.088+0000] {dagbag.py:545} INFO - Filling up the DagBag from /home/airflow/.local/lib/python3.12/site-packages/airflow/example_dags/example_sla_dag.py
[2026-01-29T03:26:54.099+0000] {processor.py:840} INFO - DAG(s) 'example_sla_dag' retrieved from /home/airflow/.local/lib/python3.12/site-packages/airflow/example_dags/example_sla_dag.py
[2026-01-29T03:26:54.120+0000] {logging_mixin.py:188} INFO - [2026-01-29T03:26:54.120+0000] {dag.py:3089} INFO - Sync 1 DAGs
[2026-01-29T03:26:54.148+0000] {logging_mixin.py:188} INFO - [2026-01-29T03:26:54.148+0000] {dag.py:3947} INFO - Setting next_dagrun for example_sla_dag to 2026-01-29 03:24:00+00:00, run_after=2026-01-29 03:26:00+00:00
[2026-01-29T03:26:54.167+0000] {processor.py:183} INFO - Processing /home/airflow/.local/lib/python3.12/site-packages/airflow/example_dags/example_sla_dag.py took 0.089 seconds
[2026-01-29T03:27:24.794+0000] {processor.py:161} INFO - Started process (PID=87516) to work on /home/airflow/.local/lib/python3.12/site-packages/airflow/example_dags/example_sla_dag.py
[2026-01-29T03:27:24.795+0000] {processor.py:830} INFO - Processing file /home/airflow/.local/lib/python3.12/site-packages/airflow/example_dags/example_sla_dag.py for tasks to queue
[2026-01-29T03:27:24.797+0000] {logging_mixin.py:188} INFO - [2026-01-29T03:27:24.797+0000] {dagbag.py:545} INFO - Filling up the DagBag from /home/airflow/.local/lib/python3.12/site-packages/airflow/example_dags/example_sla_dag.py
[2026-01-29T03:27:24.808+0000] {processor.py:840} INFO - DAG(s) 'example_sla_dag' retrieved from /home/airflow/.local/lib/python3.12/site-packages/airflow/example_dags/example_sla_dag.py
[2026-01-29T03:27:24.826+0000] {logging_mixin.py:188} INFO - [2026-01-29T03:27:24.826+0000] {dag.py:3089} INFO - Sync 1 DAGs
[2026-01-29T03:27:24.852+0000] {logging_mixin.py:188} INFO - [2026-01-29T03:27:24.851+0000] {dag.py:3947} INFO - Setting next_dagrun for example_sla_dag to 2026-01-29 03:24:00+00:00, run_after=2026-01-29 03:26:00+00:00
[2026-01-29T03:27:24.871+0000] {processor.py:183} INFO - Processing /home/airflow/.local/lib/python3.12/site-packages/airflow/example_dags/example_sla_dag.py took 0.084 seconds
[2026-01-29T03:27:55.375+0000] {processor.py:161} INFO - Started process (PID=87575) to work on /home/airflow/.local/lib/python3.12/site-packages/airflow/example_dags/example_sla_dag.py
[2026-01-29T03:27:55.376+0000] {processor.py:830} INFO - Processing file /home/airflow/.local/lib/python3.12/site-packages/airflow/example_dags/example_sla_dag.py for tasks to queue
[2026-01-29T03:27:55.377+0000] {logging_mixin.py:188} INFO - [2026-01-29T03:27:55.377+0000] {dagbag.py:545} INFO - Filling up the DagBag from /home/airflow/.local/lib/python3.12/site-packages/airflow/example_dags/example_sla_dag.py
[2026-01-29T03:27:55.387+0000] {processor.py:840} INFO - DAG(s) 'example_sla_dag' retrieved from /home/airflow/.local/lib/python3.12/site-packages/airflow/example_dags/example_sla_dag.py
[2026-01-29T03:27:55.407+0000] {logging_mixin.py:188} INFO - [2026-01-29T03:27:55.407+0000] {dag.py:3089} INFO - Sync 1 DAGs
[2026-01-29T03:27:55.435+0000] {logging_mixin.py:188} INFO - [2026-01-29T03:27:55.435+0000] {dag.py:3947} INFO - Setting next_dagrun for example_sla_dag to 2026-01-29 03:24:00+00:00, run_after=2026-01-29 03:26:00+00:00
[2026-01-29T03:27:55.455+0000] {processor.py:183} INFO - Processing /home/airflow/.local/lib/python3.12/site-packages/airflow/example_dags/example_sla_dag.py took 0.087 seconds
[2026-01-29T03:28:26.098+0000] {processor.py:161} INFO - Started process (PID=87639) to work on /home/airflow/.local/lib/python3.12/site-packages/airflow/example_dags/example_sla_dag.py
[2026-01-29T03:28:26.099+0000] {processor.py:830} INFO - Processing file /home/airflow/.local/lib/python3.12/site-packages/airflow/example_dags/example_sla_dag.py for tasks to queue
[2026-01-29T03:28:26.101+0000] {logging_mixin.py:188} INFO - [2026-01-29T03:28:26.101+0000] {dagbag.py:545} INFO - Filling up the DagBag from /home/airflow/.local/lib/python3.12/site-packages/airflow/example_dags/example_sla_dag.py
[2026-01-29T03:28:26.112+0000] {processor.py:840} INFO - DAG(s) 'example_sla_dag' retrieved from /home/airflow/.local/lib/python3.12/site-packages/airflow/example_dags/example_sla_dag.py
[2026-01-29T03:28:26.132+0000] {logging_mixin.py:188} INFO - [2026-01-29T03:28:26.132+0000] {dag.py:3089} INFO - Sync 1 DAGs
[2026-01-29T03:28:26.161+0000] {logging_mixin.py:188} INFO - [2026-01-29T03:28:26.160+0000] {dag.py:3947} INFO - Setting next_dagrun for example_sla_dag to 2026-01-29 03:26:00+00:00, run_after=2026-01-29 03:28:00+00:00
[2026-01-29T03:28:26.180+0000] {processor.py:183} INFO - Processing /home/airflow/.local/lib/python3.12/site-packages/airflow/example_dags/example_sla_dag.py took 0.089 seconds
[2026-01-29T03:28:56.611+0000] {processor.py:161} INFO - Started process (PID=87698) to work on /home/airflow/.local/lib/python3.12/site-packages/airflow/example_dags/example_sla_dag.py
[2026-01-29T03:28:56.612+0000] {processor.py:830} INFO - Processing file /home/airflow/.local/lib/python3.12/site-packages/airflow/example_dags/example_sla_dag.py for tasks to queue
[2026-01-29T03:28:56.614+0000] {logging_mixin.py:188} INFO - [2026-01-29T03:28:56.613+0000] {dagbag.py:545} INFO - Filling up the DagBag from /home/airflow/.local/lib/python3.12/site-packages/airflow/example_dags/example_sla_dag.py
[2026-01-29T03:28:56.623+0000] {processor.py:840} INFO - DAG(s) 'example_sla_dag' retrieved from /home/airflow/.local/lib/python3.12/site-packages/airflow/example_dags/example_sla_dag.py
[2026-01-29T03:28:56.642+0000] {logging_mixin.py:188} INFO - [2026-01-29T03:28:56.642+0000] {dag.py:3089} INFO - Sync 1 DAGs
[2026-01-29T03:28:56.668+0000] {logging_mixin.py:188} INFO - [2026-01-29T03:28:56.668+0000] {dag.py:3947} INFO - Setting next_dagrun for example_sla_dag to 2026-01-29 03:26:00+00:00, run_after=2026-01-29 03:28:00+00:00
[2026-01-29T03:28:56.688+0000] {processor.py:183} INFO - Processing /home/airflow/.local/lib/python3.12/site-packages/airflow/example_dags/example_sla_dag.py took 0.083 seconds
[2026-01-29T03:29:27.282+0000] {processor.py:161} INFO - Started process (PID=87762) to work on /home/airflow/.local/lib/python3.12/site-packages/airflow/example_dags/example_sla_dag.py
[2026-01-29T03:29:27.283+0000] {processor.py:830} INFO - Processing file /home/airflow/.local/lib/python3.12/site-packages/airflow/example_dags/example_sla_dag.py for tasks to queue
[2026-01-29T03:29:27.285+0000] {logging_mixin.py:188} INFO - [2026-01-29T03:29:27.285+0000] {dagbag.py:545} INFO - Filling up the DagBag from /home/airflow/.local/lib/python3.12/site-packages/airflow/example_dags/example_sla_dag.py
[2026-01-29T03:29:27.294+0000] {processor.py:840} INFO - DAG(s) 'example_sla_dag' retrieved from /home/airflow/.local/lib/python3.12/site-packages/airflow/example_dags/example_sla_dag.py
[2026-01-29T03:29:27.315+0000] {logging_mixin.py:188} INFO - [2026-01-29T03:29:27.314+0000] {dag.py:3089} INFO - Sync 1 DAGs
[2026-01-29T03:29:27.341+0000] {logging_mixin.py:188} INFO - [2026-01-29T03:29:27.341+0000] {dag.py:3947} INFO - Setting next_dagrun for example_sla_dag to 2026-01-29 03:26:00+00:00, run_after=2026-01-29 03:28:00+00:00
[2026-01-29T03:29:27.360+0000] {processor.py:183} INFO - Processing /home/airflow/.local/lib/python3.12/site-packages/airflow/example_dags/example_sla_dag.py took 0.085 seconds
[2026-01-29T03:29:57.756+0000] {processor.py:161} INFO - Started process (PID=87821) to work on /home/airflow/.local/lib/python3.12/site-packages/airflow/example_dags/example_sla_dag.py
[2026-01-29T03:29:57.757+0000] {processor.py:830} INFO - Processing file /home/airflow/.local/lib/python3.12/site-packages/airflow/example_dags/example_sla_dag.py for tasks to queue
[2026-01-29T03:29:57.759+0000] {logging_mixin.py:188} INFO - [2026-01-29T03:29:57.758+0000] {dagbag.py:545} INFO - Filling up the DagBag from /home/airflow/.local/lib/python3.12/site-packages/airflow/example_dags/example_sla_dag.py
[2026-01-29T03:29:57.768+0000] {processor.py:840} INFO - DAG(s) 'example_sla_dag' retrieved from /home/airflow/.local/lib/python3.12/site-packages/airflow/example_dags/example_sla_dag.py
[2026-01-29T03:29:57.788+0000] {logging_mixin.py:188} INFO - [2026-01-29T03:29:57.788+0000] {dag.py:3089} INFO - Sync 1 DAGs
[2026-01-29T03:29:57.817+0000] {logging_mixin.py:188} INFO - [2026-01-29T03:29:57.816+0000] {dag.py:3947} INFO - Setting next_dagrun for example_sla_dag to 2026-01-29 03:26:00+00:00, run_after=2026-01-29 03:28:00+00:00
[2026-01-29T03:29:57.836+0000] {processor.py:183} INFO - Processing /home/airflow/.local/lib/python3.12/site-packages/airflow/example_dags/example_sla_dag.py took 0.086 seconds
[2026-01-29T03:30:28.115+0000] {processor.py:161} INFO - Started process (PID=87885) to work on /home/airflow/.local/lib/python3.12/site-packages/airflow/example_dags/example_sla_dag.py
[2026-01-29T03:30:28.116+0000] {processor.py:830} INFO - Processing file /home/airflow/.local/lib/python3.12/site-packages/airflow/example_dags/example_sla_dag.py for tasks to queue
[2026-01-29T03:30:28.118+0000] {logging_mixin.py:188} INFO - [2026-01-29T03:30:28.118+0000] {dagbag.py:545} INFO - Filling up the DagBag from /home/airflow/.local/lib/python3.12/site-packages/airflow/example_dags/example_sla_dag.py
[2026-01-29T03:30:28.128+0000] {processor.py:840} INFO - DAG(s) 'example_sla_dag' retrieved from /home/airflow/.local/lib/python3.12/site-packages/airflow/example_dags/example_sla_dag.py
[2026-01-29T03:30:28.146+0000] {logging_mixin.py:188} INFO - [2026-01-29T03:30:28.146+0000] {dag.py:3089} INFO - Sync 1 DAGs
[2026-01-29T03:30:28.172+0000] {logging_mixin.py:188} INFO - [2026-01-29T03:30:28.172+0000] {dag.py:3947} INFO - Setting next_dagrun for example_sla_dag to 2026-01-29 03:28:00+00:00, run_after=2026-01-29 03:30:00+00:00
[2026-01-29T03:30:28.191+0000] {processor.py:183} INFO - Processing /home/airflow/.local/lib/python3.12/site-packages/airflow/example_dags/example_sla_dag.py took 0.083 seconds
[2026-01-29T03:30:58.319+0000] {processor.py:161} INFO - Started process (PID=87944) to work on /home/airflow/.local/lib/python3.12/site-packages/airflow/example_dags/example_sla_dag.py
[2026-01-29T03:30:58.320+0000] {processor.py:830} INFO - Processing file /home/airflow/.local/lib/python3.12/site-packages/airflow/example_dags/example_sla_dag.py for tasks to queue
[2026-01-29T03:30:58.322+0000] {logging_mixin.py:188} INFO - [2026-01-29T03:30:58.322+0000] {dagbag.py:545} INFO - Filling up the DagBag from /home/airflow/.local/lib/python3.12/site-packages/airflow/example_dags/example_sla_dag.py
[2026-01-29T03:30:58.333+0000] {processor.py:840} INFO - DAG(s) 'example_sla_dag' retrieved from /home/airflow/.local/lib/python3.12/site-packages/airflow/example_dags/example_sla_dag.py
[2026-01-29T03:30:58.353+0000] {logging_mixin.py:188} INFO - [2026-01-29T03:30:58.353+0000] {dag.py:3089} INFO - Sync 1 DAGs
[2026-01-29T03:30:58.381+0000] {logging_mixin.py:188} INFO - [2026-01-29T03:30:58.381+0000] {dag.py:3947} INFO - Setting next_dagrun for example_sla_dag to 2026-01-29 03:28:00+00:00, run_after=2026-01-29 03:30:00+00:00
[2026-01-29T03:30:58.401+0000] {processor.py:183} INFO - Processing /home/airflow/.local/lib/python3.12/site-packages/airflow/example_dags/example_sla_dag.py took 0.089 seconds
[2026-01-29T03:31:28.449+0000] {processor.py:161} INFO - Started process (PID=88008) to work on /home/airflow/.local/lib/python3.12/site-packages/airflow/example_dags/example_sla_dag.py
[2026-01-29T03:31:28.450+0000] {processor.py:830} INFO - Processing file /home/airflow/.local/lib/python3.12/site-packages/airflow/example_dags/example_sla_dag.py for tasks to queue
[2026-01-29T03:31:28.452+0000] {logging_mixin.py:188} INFO - [2026-01-29T03:31:28.452+0000] {dagbag.py:545} INFO - Filling up the DagBag from /home/airflow/.local/lib/python3.12/site-packages/airflow/example_dags/example_sla_dag.py
[2026-01-29T03:31:28.462+0000] {processor.py:840} INFO - DAG(s) 'example_sla_dag' retrieved from /home/airflow/.local/lib/python3.12/site-packages/airflow/example_dags/example_sla_dag.py
[2026-01-29T03:31:28.480+0000] {logging_mixin.py:188} INFO - [2026-01-29T03:31:28.480+0000] {dag.py:3089} INFO - Sync 1 DAGs
[2026-01-29T03:31:28.505+0000] {logging_mixin.py:188} INFO - [2026-01-29T03:31:28.505+0000] {dag.py:3947} INFO - Setting next_dagrun for example_sla_dag to 2026-01-29 03:28:00+00:00, run_after=2026-01-29 03:30:00+00:00
[2026-01-29T03:31:28.524+0000] {processor.py:183} INFO - Processing /home/airflow/.local/lib/python3.12/site-packages/airflow/example_dags/example_sla_dag.py took 0.082 seconds
[2026-01-29T03:31:58.702+0000] {processor.py:161} INFO - Started process (PID=88067) to work on /home/airflow/.local/lib/python3.12/site-packages/airflow/example_dags/example_sla_dag.py
[2026-01-29T03:31:58.703+0000] {processor.py:830} INFO - Processing file /home/airflow/.local/lib/python3.12/site-packages/airflow/example_dags/example_sla_dag.py for tasks to queue
[2026-01-29T03:31:58.705+0000] {logging_mixin.py:188} INFO - [2026-01-29T03:31:58.705+0000] {dagbag.py:545} INFO - Filling up the DagBag from /home/airflow/.local/lib/python3.12/site-packages/airflow/example_dags/example_sla_dag.py
[2026-01-29T03:31:58.716+0000] {processor.py:840} INFO - DAG(s) 'example_sla_dag' retrieved from /home/airflow/.local/lib/python3.12/site-packages/airflow/example_dags/example_sla_dag.py
[2026-01-29T03:31:58.736+0000] {logging_mixin.py:188} INFO - [2026-01-29T03:31:58.736+0000] {dag.py:3089} INFO - Sync 1 DAGs
[2026-01-29T03:31:58.762+0000] {logging_mixin.py:188} INFO - [2026-01-29T03:31:58.762+0000] {dag.py:3947} INFO - Setting next_dagrun for example_sla_dag to 2026-01-29 03:28:00+00:00, run_after=2026-01-29 03:30:00+00:00
[2026-01-29T03:31:58.781+0000] {processor.py:183} INFO - Processing /home/airflow/.local/lib/python3.12/site-packages/airflow/example_dags/example_sla_dag.py took 0.086 seconds
[2026-01-29T03:32:28.957+0000] {processor.py:161} INFO - Started process (PID=88131) to work on /home/airflow/.local/lib/python3.12/site-packages/airflow/example_dags/example_sla_dag.py
[2026-01-29T03:32:28.958+0000] {processor.py:830} INFO - Processing file /home/airflow/.local/lib/python3.12/site-packages/airflow/example_dags/example_sla_dag.py for tasks to queue
[2026-01-29T03:32:28.960+0000] {logging_mixin.py:188} INFO - [2026-01-29T03:32:28.960+0000] {dagbag.py:545} INFO - Filling up the DagBag from /home/airflow/.local/lib/python3.12/site-packages/airflow/example_dags/example_sla_dag.py
[2026-01-29T03:32:28.970+0000] {processor.py:840} INFO - DAG(s) 'example_sla_dag' retrieved from /home/airflow/.local/lib/python3.12/site-packages/airflow/example_dags/example_sla_dag.py
[2026-01-29T03:32:28.989+0000] {logging_mixin.py:188} INFO - [2026-01-29T03:32:28.989+0000] {dag.py:3089} INFO - Sync 1 DAGs
[2026-01-29T03:32:29.017+0000] {logging_mixin.py:188} INFO - [2026-01-29T03:32:29.017+0000] {dag.py:3947} INFO - Setting next_dagrun for example_sla_dag to 2026-01-29 03:30:00+00:00, run_after=2026-01-29 03:32:00+00:00
[2026-01-29T03:32:29.035+0000] {processor.py:183} INFO - Processing /home/airflow/.local/lib/python3.12/site-packages/airflow/example_dags/example_sla_dag.py took 0.085 seconds
[2026-01-29T03:32:59.274+0000] {processor.py:161} INFO - Started process (PID=88190) to work on /home/airflow/.local/lib/python3.12/site-packages/airflow/example_dags/example_sla_dag.py
[2026-01-29T03:32:59.275+0000] {processor.py:830} INFO - Processing file /home/airflow/.local/lib/python3.12/site-packages/airflow/example_dags/example_sla_dag.py for tasks to queue
[2026-01-29T03:32:59.277+0000] {logging_mixin.py:188} INFO - [2026-01-29T03:32:59.277+0000] {dagbag.py:545} INFO - Filling up the DagBag from /home/airflow/.local/lib/python3.12/site-packages/airflow/example_dags/example_sla_dag.py
[2026-01-29T03:32:59.287+0000] {processor.py:840} INFO - DAG(s) 'example_sla_dag' retrieved from /home/airflow/.local/lib/python3.12/site-packages/airflow/example_dags/example_sla_dag.py
[2026-01-29T03:32:59.308+0000] {logging_mixin.py:188} INFO - [2026-01-29T03:32:59.308+0000] {dag.py:3089} INFO - Sync 1 DAGs
[2026-01-29T03:32:59.336+0000] {logging_mixin.py:188} INFO - [2026-01-29T03:32:59.336+0000] {dag.py:3947} INFO - Setting next_dagrun for example_sla_dag to 2026-01-29 03:30:00+00:00, run_after=2026-01-29 03:32:00+00:00
[2026-01-29T03:32:59.356+0000] {processor.py:183} INFO - Processing /home/airflow/.local/lib/python3.12/site-packages/airflow/example_dags/example_sla_dag.py took 0.089 seconds
[2026-01-29T03:33:29.743+0000] {processor.py:161} INFO - Started process (PID=88254) to work on /home/airflow/.local/lib/python3.12/site-packages/airflow/example_dags/example_sla_dag.py
[2026-01-29T03:33:29.744+0000] {processor.py:830} INFO - Processing file /home/airflow/.local/lib/python3.12/site-packages/airflow/example_dags/example_sla_dag.py for tasks to queue
[2026-01-29T03:33:29.746+0000] {logging_mixin.py:188} INFO - [2026-01-29T03:33:29.745+0000] {dagbag.py:545} INFO - Filling up the DagBag from /home/airflow/.local/lib/python3.12/site-packages/airflow/example_dags/example_sla_dag.py
[2026-01-29T03:33:29.756+0000] {processor.py:840} INFO - DAG(s) 'example_sla_dag' retrieved from /home/airflow/.local/lib/python3.12/site-packages/airflow/example_dags/example_sla_dag.py
[2026-01-29T03:33:29.777+0000] {logging_mixin.py:188} INFO - [2026-01-29T03:33:29.777+0000] {dag.py:3089} INFO - Sync 1 DAGs
[2026-01-29T03:33:29.804+0000] {logging_mixin.py:188} INFO - [2026-01-29T03:33:29.804+0000] {dag.py:3947} INFO - Setting next_dagrun for example_sla_dag to 2026-01-29 03:30:00+00:00, run_after=2026-01-29 03:32:00+00:00
[2026-01-29T03:33:29.824+0000] {processor.py:183} INFO - Processing /home/airflow/.local/lib/python3.12/site-packages/airflow/example_dags/example_sla_dag.py took 0.088 seconds
[2026-01-29T03:34:00.240+0000] {processor.py:161} INFO - Started process (PID=88313) to work on /home/airflow/.local/lib/python3.12/site-packages/airflow/example_dags/example_sla_dag.py
[2026-01-29T03:34:00.241+0000] {processor.py:830} INFO - Processing file /home/airflow/.local/lib/python3.12/site-packages/airflow/example_dags/example_sla_dag.py for tasks to queue
[2026-01-29T03:34:00.242+0000] {logging_mixin.py:188} INFO - [2026-01-29T03:34:00.242+0000] {dagbag.py:545} INFO - Filling up the DagBag from /home/airflow/.local/lib/python3.12/site-packages/airflow/example_dags/example_sla_dag.py
[2026-01-29T03:34:00.251+0000] {processor.py:840} INFO - DAG(s) 'example_sla_dag' retrieved from /home/airflow/.local/lib/python3.12/site-packages/airflow/example_dags/example_sla_dag.py
[2026-01-29T03:34:00.269+0000] {logging_mixin.py:188} INFO - [2026-01-29T03:34:00.269+0000] {dag.py:3089} INFO - Sync 1 DAGs
[2026-01-29T03:34:00.294+0000] {logging_mixin.py:188} INFO - [2026-01-29T03:34:00.293+0000] {dag.py:3947} INFO - Setting next_dagrun for example_sla_dag to 2026-01-29 03:32:00+00:00, run_after=2026-01-29 03:34:00+00:00
[2026-01-29T03:34:00.313+0000] {processor.py:183} INFO - Processing /home/airflow/.local/lib/python3.12/site-packages/airflow/example_dags/example_sla_dag.py took 0.079 seconds
[2026-01-29T03:34:30.634+0000] {processor.py:161} INFO - Started process (PID=88377) to work on /home/airflow/.local/lib/python3.12/site-packages/airflow/example_dags/example_sla_dag.py
[2026-01-29T03:34:30.635+0000] {processor.py:830} INFO - Processing file /home/airflow/.local/lib/python3.12/site-packages/airflow/example_dags/example_sla_dag.py for tasks to queue
[2026-01-29T03:34:30.637+0000] {logging_mixin.py:188} INFO - [2026-01-29T03:34:30.636+0000] {dagbag.py:545} INFO - Filling up the DagBag from /home/airflow/.local/lib/python3.12/site-packages/airflow/example_dags/example_sla_dag.py
[2026-01-29T03:34:30.647+0000] {processor.py:840} INFO - DAG(s) 'example_sla_dag' retrieved from /home/airflow/.local/lib/python3.12/site-packages/airflow/example_dags/example_sla_dag.py
[2026-01-29T03:34:30.668+0000] {logging_mixin.py:188} INFO - [2026-01-29T03:34:30.668+0000] {dag.py:3089} INFO - Sync 1 DAGs
[2026-01-29T03:34:30.822+0000] {logging_mixin.py:188} INFO - [2026-01-29T03:34:30.822+0000] {dag.py:3947} INFO - Setting next_dagrun for example_sla_dag to 2026-01-29 03:32:00+00:00, run_after=2026-01-29 03:34:00+00:00
[2026-01-29T03:34:30.841+0000] {processor.py:183} INFO - Processing /home/airflow/.local/lib/python3.12/site-packages/airflow/example_dags/example_sla_dag.py took 0.214 seconds
[2026-01-29T03:35:01.003+0000] {processor.py:161} INFO - Started process (PID=88436) to work on /home/airflow/.local/lib/python3.12/site-packages/airflow/example_dags/example_sla_dag.py
[2026-01-29T03:35:01.004+0000] {processor.py:830} INFO - Processing file /home/airflow/.local/lib/python3.12/site-packages/airflow/example_dags/example_sla_dag.py for tasks to queue
[2026-01-29T03:35:01.006+0000] {logging_mixin.py:188} INFO - [2026-01-29T03:35:01.005+0000] {dagbag.py:545} INFO - Filling up the DagBag from /home/airflow/.local/lib/python3.12/site-packages/airflow/example_dags/example_sla_dag.py
[2026-01-29T03:35:01.015+0000] {processor.py:840} INFO - DAG(s) 'example_sla_dag' retrieved from /home/airflow/.local/lib/python3.12/site-packages/airflow/example_dags/example_sla_dag.py
[2026-01-29T03:35:01.036+0000] {logging_mixin.py:188} INFO - [2026-01-29T03:35:01.035+0000] {dag.py:3089} INFO - Sync 1 DAGs
[2026-01-29T03:35:01.066+0000] {logging_mixin.py:188} INFO - [2026-01-29T03:35:01.066+0000] {dag.py:3947} INFO - Setting next_dagrun for example_sla_dag to 2026-01-29 03:32:00+00:00, run_after=2026-01-29 03:34:00+00:00
[2026-01-29T03:35:01.255+0000] {processor.py:183} INFO - Processing /home/airflow/.local/lib/python3.12/site-packages/airflow/example_dags/example_sla_dag.py took 0.258 seconds
[2026-01-29T03:35:31.741+0000] {processor.py:161} INFO - Started process (PID=88498) to work on /home/airflow/.local/lib/python3.12/site-packages/airflow/example_dags/example_sla_dag.py
[2026-01-29T03:35:31.741+0000] {processor.py:830} INFO - Processing file /home/airflow/.local/lib/python3.12/site-packages/airflow/example_dags/example_sla_dag.py for tasks to queue
[2026-01-29T03:35:31.743+0000] {logging_mixin.py:188} INFO - [2026-01-29T03:35:31.743+0000] {dagbag.py:545} INFO - Filling up the DagBag from /home/airflow/.local/lib/python3.12/site-packages/airflow/example_dags/example_sla_dag.py
[2026-01-29T03:35:31.752+0000] {processor.py:840} INFO - DAG(s) 'example_sla_dag' retrieved from /home/airflow/.local/lib/python3.12/site-packages/airflow/example_dags/example_sla_dag.py
[2026-01-29T03:35:31.771+0000] {logging_mixin.py:188} INFO - [2026-01-29T03:35:31.771+0000] {dag.py:3089} INFO - Sync 1 DAGs
[2026-01-29T03:35:31.797+0000] {logging_mixin.py:188} INFO - [2026-01-29T03:35:31.797+0000] {dag.py:3947} INFO - Setting next_dagrun for example_sla_dag to 2026-01-29 03:32:00+00:00, run_after=2026-01-29 03:34:00+00:00
[2026-01-29T03:35:31.816+0000] {processor.py:183} INFO - Processing /home/airflow/.local/lib/python3.12/site-packages/airflow/example_dags/example_sla_dag.py took 0.081 seconds
[2026-01-29T03:36:02.614+0000] {processor.py:161} INFO - Started process (PID=88562) to work on /home/airflow/.local/lib/python3.12/site-packages/airflow/example_dags/example_sla_dag.py
[2026-01-29T03:36:02.615+0000] {processor.py:830} INFO - Processing file /home/airflow/.local/lib/python3.12/site-packages/airflow/example_dags/example_sla_dag.py for tasks to queue
[2026-01-29T03:36:02.617+0000] {logging_mixin.py:188} INFO - [2026-01-29T03:36:02.617+0000] {dagbag.py:545} INFO - Filling up the DagBag from /home/airflow/.local/lib/python3.12/site-packages/airflow/example_dags/example_sla_dag.py
[2026-01-29T03:36:02.628+0000] {processor.py:840} INFO - DAG(s) 'example_sla_dag' retrieved from /home/airflow/.local/lib/python3.12/site-packages/airflow/example_dags/example_sla_dag.py
[2026-01-29T03:36:02.650+0000] {logging_mixin.py:188} INFO - [2026-01-29T03:36:02.650+0000] {dag.py:3089} INFO - Sync 1 DAGs
[2026-01-29T03:36:02.680+0000] {logging_mixin.py:188} INFO - [2026-01-29T03:36:02.680+0000] {dag.py:3947} INFO - Setting next_dagrun for example_sla_dag to 2026-01-29 03:34:00+00:00, run_after=2026-01-29 03:36:00+00:00
[2026-01-29T03:36:02.702+0000] {processor.py:183} INFO - Processing /home/airflow/.local/lib/python3.12/site-packages/airflow/example_dags/example_sla_dag.py took 0.096 seconds
[2026-01-29T03:36:32.743+0000] {processor.py:161} INFO - Started process (PID=88621) to work on /home/airflow/.local/lib/python3.12/site-packages/airflow/example_dags/example_sla_dag.py
[2026-01-29T03:36:32.744+0000] {processor.py:830} INFO - Processing file /home/airflow/.local/lib/python3.12/site-packages/airflow/example_dags/example_sla_dag.py for tasks to queue
[2026-01-29T03:36:32.746+0000] {logging_mixin.py:188} INFO - [2026-01-29T03:36:32.746+0000] {dagbag.py:545} INFO - Filling up the DagBag from /home/airflow/.local/lib/python3.12/site-packages/airflow/example_dags/example_sla_dag.py
[2026-01-29T03:36:32.755+0000] {processor.py:840} INFO - DAG(s) 'example_sla_dag' retrieved from /home/airflow/.local/lib/python3.12/site-packages/airflow/example_dags/example_sla_dag.py
[2026-01-29T03:36:32.775+0000] {logging_mixin.py:188} INFO - [2026-01-29T03:36:32.775+0000] {dag.py:3089} INFO - Sync 1 DAGs
[2026-01-29T03:36:32.805+0000] {logging_mixin.py:188} INFO - [2026-01-29T03:36:32.805+0000] {dag.py:3947} INFO - Setting next_dagrun for example_sla_dag to 2026-01-29 03:34:00+00:00, run_after=2026-01-29 03:36:00+00:00
[2026-01-29T03:36:32.827+0000] {processor.py:183} INFO - Processing /home/airflow/.local/lib/python3.12/site-packages/airflow/example_dags/example_sla_dag.py took 0.090 seconds
[2026-01-29T03:37:03.006+0000] {processor.py:161} INFO - Started process (PID=88685) to work on /home/airflow/.local/lib/python3.12/site-packages/airflow/example_dags/example_sla_dag.py
[2026-01-29T03:37:03.007+0000] {processor.py:830} INFO - Processing file /home/airflow/.local/lib/python3.12/site-packages/airflow/example_dags/example_sla_dag.py for tasks to queue
[2026-01-29T03:37:03.008+0000] {logging_mixin.py:188} INFO - [2026-01-29T03:37:03.008+0000] {dagbag.py:545} INFO - Filling up the DagBag from /home/airflow/.local/lib/python3.12/site-packages/airflow/example_dags/example_sla_dag.py
[2026-01-29T03:37:03.018+0000] {processor.py:840} INFO - DAG(s) 'example_sla_dag' retrieved from /home/airflow/.local/lib/python3.12/site-packages/airflow/example_dags/example_sla_dag.py
[2026-01-29T03:37:03.043+0000] {logging_mixin.py:188} INFO - [2026-01-29T03:37:03.042+0000] {dag.py:3089} INFO - Sync 1 DAGs
[2026-01-29T03:37:03.082+0000] {logging_mixin.py:188} INFO - [2026-01-29T03:37:03.081+0000] {dag.py:3947} INFO - Setting next_dagrun for example_sla_dag to 2026-01-29 03:34:00+00:00, run_after=2026-01-29 03:36:00+00:00
[2026-01-29T03:37:03.107+0000] {processor.py:183} INFO - Processing /home/airflow/.local/lib/python3.12/site-packages/airflow/example_dags/example_sla_dag.py took 0.108 seconds
[2026-01-29T03:37:33.291+0000] {processor.py:161} INFO - Started process (PID=88744) to work on /home/airflow/.local/lib/python3.12/site-packages/airflow/example_dags/example_sla_dag.py
[2026-01-29T03:37:33.292+0000] {processor.py:830} INFO - Processing file /home/airflow/.local/lib/python3.12/site-packages/airflow/example_dags/example_sla_dag.py for tasks to queue
[2026-01-29T03:37:33.294+0000] {logging_mixin.py:188} INFO - [2026-01-29T03:37:33.294+0000] {dagbag.py:545} INFO - Filling up the DagBag from /home/airflow/.local/lib/python3.12/site-packages/airflow/example_dags/example_sla_dag.py
[2026-01-29T03:37:33.304+0000] {processor.py:840} INFO - DAG(s) 'example_sla_dag' retrieved from /home/airflow/.local/lib/python3.12/site-packages/airflow/example_dags/example_sla_dag.py
[2026-01-29T03:37:33.323+0000] {logging_mixin.py:188} INFO - [2026-01-29T03:37:33.323+0000] {dag.py:3089} INFO - Sync 1 DAGs
[2026-01-29T03:37:33.350+0000] {logging_mixin.py:188} INFO - [2026-01-29T03:37:33.349+0000] {dag.py:3947} INFO - Setting next_dagrun for example_sla_dag to 2026-01-29 03:34:00+00:00, run_after=2026-01-29 03:36:00+00:00
[2026-01-29T03:37:33.368+0000] {processor.py:183} INFO - Processing /home/airflow/.local/lib/python3.12/site-packages/airflow/example_dags/example_sla_dag.py took 0.084 seconds
[2026-01-29T03:38:04.350+0000] {processor.py:161} INFO - Started process (PID=88808) to work on /home/airflow/.local/lib/python3.12/site-packages/airflow/example_dags/example_sla_dag.py
[2026-01-29T03:38:04.351+0000] {processor.py:830} INFO - Processing file /home/airflow/.local/lib/python3.12/site-packages/airflow/example_dags/example_sla_dag.py for tasks to queue
[2026-01-29T03:38:04.353+0000] {logging_mixin.py:188} INFO - [2026-01-29T03:38:04.352+0000] {dagbag.py:545} INFO - Filling up the DagBag from /home/airflow/.local/lib/python3.12/site-packages/airflow/example_dags/example_sla_dag.py
[2026-01-29T03:38:04.362+0000] {processor.py:840} INFO - DAG(s) 'example_sla_dag' retrieved from /home/airflow/.local/lib/python3.12/site-packages/airflow/example_dags/example_sla_dag.py
[2026-01-29T03:38:04.385+0000] {logging_mixin.py:188} INFO - [2026-01-29T03:38:04.385+0000] {dag.py:3089} INFO - Sync 1 DAGs
[2026-01-29T03:38:04.425+0000] {logging_mixin.py:188} INFO - [2026-01-29T03:38:04.425+0000] {dag.py:3947} INFO - Setting next_dagrun for example_sla_dag to 2026-01-29 03:36:00+00:00, run_after=2026-01-29 03:38:00+00:00
[2026-01-29T03:38:04.452+0000] {processor.py:183} INFO - Processing /home/airflow/.local/lib/python3.12/site-packages/airflow/example_dags/example_sla_dag.py took 0.108 seconds
[2026-01-29T03:38:34.506+0000] {processor.py:161} INFO - Started process (PID=88867) to work on /home/airflow/.local/lib/python3.12/site-packages/airflow/example_dags/example_sla_dag.py
[2026-01-29T03:38:34.507+0000] {processor.py:830} INFO - Processing file /home/airflow/.local/lib/python3.12/site-packages/airflow/example_dags/example_sla_dag.py for tasks to queue
[2026-01-29T03:38:34.509+0000] {logging_mixin.py:188} INFO - [2026-01-29T03:38:34.508+0000] {dagbag.py:545} INFO - Filling up the DagBag from /home/airflow/.local/lib/python3.12/site-packages/airflow/example_dags/example_sla_dag.py
[2026-01-29T03:38:34.519+0000] {processor.py:840} INFO - DAG(s) 'example_sla_dag' retrieved from /home/airflow/.local/lib/python3.12/site-packages/airflow/example_dags/example_sla_dag.py
[2026-01-29T03:38:34.542+0000] {logging_mixin.py:188} INFO - [2026-01-29T03:38:34.541+0000] {dag.py:3089} INFO - Sync 1 DAGs
[2026-01-29T03:38:34.578+0000] {logging_mixin.py:188} INFO - [2026-01-29T03:38:34.578+0000] {dag.py:3947} INFO - Setting next_dagrun for example_sla_dag to 2026-01-29 03:36:00+00:00, run_after=2026-01-29 03:38:00+00:00
[2026-01-29T03:38:34.598+0000] {processor.py:183} INFO - Processing /home/airflow/.local/lib/python3.12/site-packages/airflow/example_dags/example_sla_dag.py took 0.099 seconds
[2026-01-29T03:39:04.792+0000] {processor.py:161} INFO - Started process (PID=88931) to work on /home/airflow/.local/lib/python3.12/site-packages/airflow/example_dags/example_sla_dag.py
[2026-01-29T03:39:04.793+0000] {processor.py:830} INFO - Processing file /home/airflow/.local/lib/python3.12/site-packages/airflow/example_dags/example_sla_dag.py for tasks to queue
[2026-01-29T03:39:04.795+0000] {logging_mixin.py:188} INFO - [2026-01-29T03:39:04.795+0000] {dagbag.py:545} INFO - Filling up the DagBag from /home/airflow/.local/lib/python3.12/site-packages/airflow/example_dags/example_sla_dag.py
[2026-01-29T03:39:04.804+0000] {processor.py:840} INFO - DAG(s) 'example_sla_dag' retrieved from /home/airflow/.local/lib/python3.12/site-packages/airflow/example_dags/example_sla_dag.py
[2026-01-29T03:39:04.822+0000] {logging_mixin.py:188} INFO - [2026-01-29T03:39:04.821+0000] {dag.py:3089} INFO - Sync 1 DAGs
[2026-01-29T03:39:04.847+0000] {logging_mixin.py:188} INFO - [2026-01-29T03:39:04.846+0000] {dag.py:3947} INFO - Setting next_dagrun for example_sla_dag to 2026-01-29 03:36:00+00:00, run_after=2026-01-29 03:38:00+00:00
[2026-01-29T03:39:04.867+0000] {processor.py:183} INFO - Processing /home/airflow/.local/lib/python3.12/site-packages/airflow/example_dags/example_sla_dag.py took 0.081 seconds
[2026-01-29T03:39:34.982+0000] {processor.py:161} INFO - Started process (PID=88990) to work on /home/airflow/.local/lib/python3.12/site-packages/airflow/example_dags/example_sla_dag.py
[2026-01-29T03:39:34.982+0000] {processor.py:830} INFO - Processing file /home/airflow/.local/lib/python3.12/site-packages/airflow/example_dags/example_sla_dag.py for tasks to queue
[2026-01-29T03:39:34.984+0000] {logging_mixin.py:188} INFO - [2026-01-29T03:39:34.984+0000] {dagbag.py:545} INFO - Filling up the DagBag from /home/airflow/.local/lib/python3.12/site-packages/airflow/example_dags/example_sla_dag.py
[2026-01-29T03:39:34.994+0000] {processor.py:840} INFO - DAG(s) 'example_sla_dag' retrieved from /home/airflow/.local/lib/python3.12/site-packages/airflow/example_dags/example_sla_dag.py
[2026-01-29T03:39:35.014+0000] {logging_mixin.py:188} INFO - [2026-01-29T03:39:35.013+0000] {dag.py:3089} INFO - Sync 1 DAGs
[2026-01-29T03:39:35.041+0000] {logging_mixin.py:188} INFO - [2026-01-29T03:39:35.041+0000] {dag.py:3947} INFO - Setting next_dagrun for example_sla_dag to 2026-01-29 03:36:00+00:00, run_after=2026-01-29 03:38:00+00:00
[2026-01-29T03:39:35.060+0000] {processor.py:183} INFO - Processing /home/airflow/.local/lib/python3.12/site-packages/airflow/example_dags/example_sla_dag.py took 0.086 seconds
[2026-01-29T03:40:05.244+0000] {processor.py:161} INFO - Started process (PID=89054) to work on /home/airflow/.local/lib/python3.12/site-packages/airflow/example_dags/example_sla_dag.py
[2026-01-29T03:40:05.245+0000] {processor.py:830} INFO - Processing file /home/airflow/.local/lib/python3.12/site-packages/airflow/example_dags/example_sla_dag.py for tasks to queue
[2026-01-29T03:40:05.247+0000] {logging_mixin.py:188} INFO - [2026-01-29T03:40:05.247+0000] {dagbag.py:545} INFO - Filling up the DagBag from /home/airflow/.local/lib/python3.12/site-packages/airflow/example_dags/example_sla_dag.py
[2026-01-29T03:40:05.257+0000] {processor.py:840} INFO - DAG(s) 'example_sla_dag' retrieved from /home/airflow/.local/lib/python3.12/site-packages/airflow/example_dags/example_sla_dag.py
[2026-01-29T03:40:05.275+0000] {logging_mixin.py:188} INFO - [2026-01-29T03:40:05.275+0000] {dag.py:3089} INFO - Sync 1 DAGs
[2026-01-29T03:40:05.300+0000] {logging_mixin.py:188} INFO - [2026-01-29T03:40:05.300+0000] {dag.py:3947} INFO - Setting next_dagrun for example_sla_dag to 2026-01-29 03:38:00+00:00, run_after=2026-01-29 03:40:00+00:00
[2026-01-29T03:40:05.319+0000] {processor.py:183} INFO - Processing /home/airflow/.local/lib/python3.12/site-packages/airflow/example_dags/example_sla_dag.py took 0.083 seconds
[2026-01-29T03:40:35.378+0000] {processor.py:161} INFO - Started process (PID=89113) to work on /home/airflow/.local/lib/python3.12/site-packages/airflow/example_dags/example_sla_dag.py
[2026-01-29T03:40:35.379+0000] {processor.py:830} INFO - Processing file /home/airflow/.local/lib/python3.12/site-packages/airflow/example_dags/example_sla_dag.py for tasks to queue
[2026-01-29T03:40:35.381+0000] {logging_mixin.py:188} INFO - [2026-01-29T03:40:35.381+0000] {dagbag.py:545} INFO - Filling up the DagBag from /home/airflow/.local/lib/python3.12/site-packages/airflow/example_dags/example_sla_dag.py
[2026-01-29T03:40:35.391+0000] {processor.py:840} INFO - DAG(s) 'example_sla_dag' retrieved from /home/airflow/.local/lib/python3.12/site-packages/airflow/example_dags/example_sla_dag.py
[2026-01-29T03:40:35.412+0000] {logging_mixin.py:188} INFO - [2026-01-29T03:40:35.412+0000] {dag.py:3089} INFO - Sync 1 DAGs
[2026-01-29T03:40:35.445+0000] {logging_mixin.py:188} INFO - [2026-01-29T03:40:35.445+0000] {dag.py:3947} INFO - Setting next_dagrun for example_sla_dag to 2026-01-29 03:38:00+00:00, run_after=2026-01-29 03:40:00+00:00
[2026-01-29T03:40:35.465+0000] {processor.py:183} INFO - Processing /home/airflow/.local/lib/python3.12/site-packages/airflow/example_dags/example_sla_dag.py took 0.094 seconds
[2026-01-29T03:41:06.135+0000] {processor.py:161} INFO - Started process (PID=89177) to work on /home/airflow/.local/lib/python3.12/site-packages/airflow/example_dags/example_sla_dag.py
[2026-01-29T03:41:06.136+0000] {processor.py:830} INFO - Processing file /home/airflow/.local/lib/python3.12/site-packages/airflow/example_dags/example_sla_dag.py for tasks to queue
[2026-01-29T03:41:06.138+0000] {logging_mixin.py:188} INFO - [2026-01-29T03:41:06.138+0000] {dagbag.py:545} INFO - Filling up the DagBag from /home/airflow/.local/lib/python3.12/site-packages/airflow/example_dags/example_sla_dag.py
[2026-01-29T03:41:06.149+0000] {processor.py:840} INFO - DAG(s) 'example_sla_dag' retrieved from /home/airflow/.local/lib/python3.12/site-packages/airflow/example_dags/example_sla_dag.py
[2026-01-29T03:41:06.168+0000] {logging_mixin.py:188} INFO - [2026-01-29T03:41:06.168+0000] {dag.py:3089} INFO - Sync 1 DAGs
[2026-01-29T03:41:06.196+0000] {logging_mixin.py:188} INFO - [2026-01-29T03:41:06.196+0000] {dag.py:3947} INFO - Setting next_dagrun for example_sla_dag to 2026-01-29 03:38:00+00:00, run_after=2026-01-29 03:40:00+00:00
[2026-01-29T03:41:06.217+0000] {processor.py:183} INFO - Processing /home/airflow/.local/lib/python3.12/site-packages/airflow/example_dags/example_sla_dag.py took 0.089 seconds
[2026-01-29T03:41:36.912+0000] {processor.py:161} INFO - Started process (PID=89236) to work on /home/airflow/.local/lib/python3.12/site-packages/airflow/example_dags/example_sla_dag.py
[2026-01-29T03:41:36.913+0000] {processor.py:830} INFO - Processing file /home/airflow/.local/lib/python3.12/site-packages/airflow/example_dags/example_sla_dag.py for tasks to queue
[2026-01-29T03:41:36.915+0000] {logging_mixin.py:188} INFO - [2026-01-29T03:41:36.914+0000] {dagbag.py:545} INFO - Filling up the DagBag from /home/airflow/.local/lib/python3.12/site-packages/airflow/example_dags/example_sla_dag.py
[2026-01-29T03:41:36.925+0000] {processor.py:840} INFO - DAG(s) 'example_sla_dag' retrieved from /home/airflow/.local/lib/python3.12/site-packages/airflow/example_dags/example_sla_dag.py
[2026-01-29T03:41:36.943+0000] {logging_mixin.py:188} INFO - [2026-01-29T03:41:36.943+0000] {dag.py:3089} INFO - Sync 1 DAGs
[2026-01-29T03:41:36.968+0000] {logging_mixin.py:188} INFO - [2026-01-29T03:41:36.968+0000] {dag.py:3947} INFO - Setting next_dagrun for example_sla_dag to 2026-01-29 03:38:00+00:00, run_after=2026-01-29 03:40:00+00:00
[2026-01-29T03:41:36.988+0000] {processor.py:183} INFO - Processing /home/airflow/.local/lib/python3.12/site-packages/airflow/example_dags/example_sla_dag.py took 0.084 seconds
[2026-01-29T03:42:07.660+0000] {processor.py:161} INFO - Started process (PID=89300) to work on /home/airflow/.local/lib/python3.12/site-packages/airflow/example_dags/example_sla_dag.py
[2026-01-29T03:42:07.661+0000] {processor.py:830} INFO - Processing file /home/airflow/.local/lib/python3.12/site-packages/airflow/example_dags/example_sla_dag.py for tasks to queue
[2026-01-29T03:42:07.663+0000] {logging_mixin.py:188} INFO - [2026-01-29T03:42:07.662+0000] {dagbag.py:545} INFO - Filling up the DagBag from /home/airflow/.local/lib/python3.12/site-packages/airflow/example_dags/example_sla_dag.py
[2026-01-29T03:42:07.673+0000] {processor.py:840} INFO - DAG(s) 'example_sla_dag' retrieved from /home/airflow/.local/lib/python3.12/site-packages/airflow/example_dags/example_sla_dag.py
[2026-01-29T03:42:07.697+0000] {logging_mixin.py:188} INFO - [2026-01-29T03:42:07.697+0000] {dag.py:3089} INFO - Sync 1 DAGs
[2026-01-29T03:42:07.728+0000] {logging_mixin.py:188} INFO - [2026-01-29T03:42:07.728+0000] {dag.py:3947} INFO - Setting next_dagrun for example_sla_dag to 2026-01-29 03:40:00+00:00, run_after=2026-01-29 03:42:00+00:00
[2026-01-29T03:42:07.752+0000] {processor.py:183} INFO - Processing /home/airflow/.local/lib/python3.12/site-packages/airflow/example_dags/example_sla_dag.py took 0.098 seconds
[2026-01-29T03:42:38.406+0000] {processor.py:161} INFO - Started process (PID=89359) to work on /home/airflow/.local/lib/python3.12/site-packages/airflow/example_dags/example_sla_dag.py
[2026-01-29T03:42:38.407+0000] {processor.py:830} INFO - Processing file /home/airflow/.local/lib/python3.12/site-packages/airflow/example_dags/example_sla_dag.py for tasks to queue
[2026-01-29T03:42:38.409+0000] {logging_mixin.py:188} INFO - [2026-01-29T03:42:38.408+0000] {dagbag.py:545} INFO - Filling up the DagBag from /home/airflow/.local/lib/python3.12/site-packages/airflow/example_dags/example_sla_dag.py
[2026-01-29T03:42:38.419+0000] {processor.py:840} INFO - DAG(s) 'example_sla_dag' retrieved from /home/airflow/.local/lib/python3.12/site-packages/airflow/example_dags/example_sla_dag.py
[2026-01-29T03:42:38.440+0000] {logging_mixin.py:188} INFO - [2026-01-29T03:42:38.439+0000] {dag.py:3089} INFO - Sync 1 DAGs
[2026-01-29T03:42:38.467+0000] {logging_mixin.py:188} INFO - [2026-01-29T03:42:38.467+0000] {dag.py:3947} INFO - Setting next_dagrun for example_sla_dag to 2026-01-29 03:40:00+00:00, run_after=2026-01-29 03:42:00+00:00
[2026-01-29T03:42:38.488+0000] {processor.py:183} INFO - Processing /home/airflow/.local/lib/python3.12/site-packages/airflow/example_dags/example_sla_dag.py took 0.090 seconds
[2026-01-29T03:43:09.090+0000] {processor.py:161} INFO - Started process (PID=89423) to work on /home/airflow/.local/lib/python3.12/site-packages/airflow/example_dags/example_sla_dag.py
[2026-01-29T03:43:09.091+0000] {processor.py:830} INFO - Processing file /home/airflow/.local/lib/python3.12/site-packages/airflow/example_dags/example_sla_dag.py for tasks to queue
[2026-01-29T03:43:09.093+0000] {logging_mixin.py:188} INFO - [2026-01-29T03:43:09.093+0000] {dagbag.py:545} INFO - Filling up the DagBag from /home/airflow/.local/lib/python3.12/site-packages/airflow/example_dags/example_sla_dag.py
[2026-01-29T03:43:09.103+0000] {processor.py:840} INFO - DAG(s) 'example_sla_dag' retrieved from /home/airflow/.local/lib/python3.12/site-packages/airflow/example_dags/example_sla_dag.py
[2026-01-29T03:43:09.129+0000] {logging_mixin.py:188} INFO - [2026-01-29T03:43:09.129+0000] {dag.py:3089} INFO - Sync 1 DAGs
[2026-01-29T03:43:09.159+0000] {logging_mixin.py:188} INFO - [2026-01-29T03:43:09.159+0000] {dag.py:3947} INFO - Setting next_dagrun for example_sla_dag to 2026-01-29 03:40:00+00:00, run_after=2026-01-29 03:42:00+00:00
[2026-01-29T03:43:09.178+0000] {processor.py:183} INFO - Processing /home/airflow/.local/lib/python3.12/site-packages/airflow/example_dags/example_sla_dag.py took 0.095 seconds
[2026-01-29T03:43:39.671+0000] {processor.py:161} INFO - Started process (PID=89482) to work on /home/airflow/.local/lib/python3.12/site-packages/airflow/example_dags/example_sla_dag.py
[2026-01-29T03:43:39.672+0000] {processor.py:830} INFO - Processing file /home/airflow/.local/lib/python3.12/site-packages/airflow/example_dags/example_sla_dag.py for tasks to queue
[2026-01-29T03:43:39.674+0000] {logging_mixin.py:188} INFO - [2026-01-29T03:43:39.673+0000] {dagbag.py:545} INFO - Filling up the DagBag from /home/airflow/.local/lib/python3.12/site-packages/airflow/example_dags/example_sla_dag.py
[2026-01-29T03:43:39.682+0000] {processor.py:840} INFO - DAG(s) 'example_sla_dag' retrieved from /home/airflow/.local/lib/python3.12/site-packages/airflow/example_dags/example_sla_dag.py
[2026-01-29T03:43:39.703+0000] {logging_mixin.py:188} INFO - [2026-01-29T03:43:39.703+0000] {dag.py:3089} INFO - Sync 1 DAGs
[2026-01-29T03:43:39.734+0000] {logging_mixin.py:188} INFO - [2026-01-29T03:43:39.734+0000] {dag.py:3947} INFO - Setting next_dagrun for example_sla_dag to 2026-01-29 03:40:00+00:00, run_after=2026-01-29 03:42:00+00:00
[2026-01-29T03:43:39.755+0000] {processor.py:183} INFO - Processing /home/airflow/.local/lib/python3.12/site-packages/airflow/example_dags/example_sla_dag.py took 0.091 seconds
[2026-01-29T03:44:10.400+0000] {processor.py:161} INFO - Started process (PID=89546) to work on /home/airflow/.local/lib/python3.12/site-packages/airflow/example_dags/example_sla_dag.py
[2026-01-29T03:44:10.402+0000] {processor.py:830} INFO - Processing file /home/airflow/.local/lib/python3.12/site-packages/airflow/example_dags/example_sla_dag.py for tasks to queue
[2026-01-29T03:44:10.403+0000] {logging_mixin.py:188} INFO - [2026-01-29T03:44:10.403+0000] {dagbag.py:545} INFO - Filling up the DagBag from /home/airflow/.local/lib/python3.12/site-packages/airflow/example_dags/example_sla_dag.py
[2026-01-29T03:44:10.412+0000] {processor.py:840} INFO - DAG(s) 'example_sla_dag' retrieved from /home/airflow/.local/lib/python3.12/site-packages/airflow/example_dags/example_sla_dag.py
[2026-01-29T03:44:10.431+0000] {logging_mixin.py:188} INFO - [2026-01-29T03:44:10.431+0000] {dag.py:3089} INFO - Sync 1 DAGs
[2026-01-29T03:44:10.458+0000] {logging_mixin.py:188} INFO - [2026-01-29T03:44:10.458+0000] {dag.py:3947} INFO - Setting next_dagrun for example_sla_dag to 2026-01-29 03:42:00+00:00, run_after=2026-01-29 03:44:00+00:00
[2026-01-29T03:44:10.479+0000] {processor.py:183} INFO - Processing /home/airflow/.local/lib/python3.12/site-packages/airflow/example_dags/example_sla_dag.py took 0.085 seconds
[2026-01-29T03:44:41.128+0000] {processor.py:161} INFO - Started process (PID=89605) to work on /home/airflow/.local/lib/python3.12/site-packages/airflow/example_dags/example_sla_dag.py
[2026-01-29T03:44:41.129+0000] {processor.py:830} INFO - Processing file /home/airflow/.local/lib/python3.12/site-packages/airflow/example_dags/example_sla_dag.py for tasks to queue
[2026-01-29T03:44:41.131+0000] {logging_mixin.py:188} INFO - [2026-01-29T03:44:41.130+0000] {dagbag.py:545} INFO - Filling up the DagBag from /home/airflow/.local/lib/python3.12/site-packages/airflow/example_dags/example_sla_dag.py
[2026-01-29T03:44:41.141+0000] {processor.py:840} INFO - DAG(s) 'example_sla_dag' retrieved from /home/airflow/.local/lib/python3.12/site-packages/airflow/example_dags/example_sla_dag.py
[2026-01-29T03:44:41.160+0000] {logging_mixin.py:188} INFO - [2026-01-29T03:44:41.160+0000] {dag.py:3089} INFO - Sync 1 DAGs
[2026-01-29T03:44:41.185+0000] {logging_mixin.py:188} INFO - [2026-01-29T03:44:41.185+0000] {dag.py:3947} INFO - Setting next_dagrun for example_sla_dag to 2026-01-29 03:42:00+00:00, run_after=2026-01-29 03:44:00+00:00
[2026-01-29T03:44:41.204+0000] {processor.py:183} INFO - Processing /home/airflow/.local/lib/python3.12/site-packages/airflow/example_dags/example_sla_dag.py took 0.084 seconds
[2026-01-29T03:45:11.819+0000] {processor.py:161} INFO - Started process (PID=89669) to work on /home/airflow/.local/lib/python3.12/site-packages/airflow/example_dags/example_sla_dag.py
[2026-01-29T03:45:11.820+0000] {processor.py:830} INFO - Processing file /home/airflow/.local/lib/python3.12/site-packages/airflow/example_dags/example_sla_dag.py for tasks to queue
[2026-01-29T03:45:11.821+0000] {logging_mixin.py:188} INFO - [2026-01-29T03:45:11.821+0000] {dagbag.py:545} INFO - Filling up the DagBag from /home/airflow/.local/lib/python3.12/site-packages/airflow/example_dags/example_sla_dag.py
[2026-01-29T03:45:11.831+0000] {processor.py:840} INFO - DAG(s) 'example_sla_dag' retrieved from /home/airflow/.local/lib/python3.12/site-packages/airflow/example_dags/example_sla_dag.py
[2026-01-29T03:45:11.851+0000] {logging_mixin.py:188} INFO - [2026-01-29T03:45:11.850+0000] {dag.py:3089} INFO - Sync 1 DAGs
[2026-01-29T03:45:11.877+0000] {logging_mixin.py:188} INFO - [2026-01-29T03:45:11.877+0000] {dag.py:3947} INFO - Setting next_dagrun for example_sla_dag to 2026-01-29 03:42:00+00:00, run_after=2026-01-29 03:44:00+00:00
[2026-01-29T03:45:11.897+0000] {processor.py:183} INFO - Processing /home/airflow/.local/lib/python3.12/site-packages/airflow/example_dags/example_sla_dag.py took 0.085 seconds
[2026-01-29T03:45:42.475+0000] {processor.py:161} INFO - Started process (PID=89728) to work on /home/airflow/.local/lib/python3.12/site-packages/airflow/example_dags/example_sla_dag.py
[2026-01-29T03:45:42.477+0000] {processor.py:830} INFO - Processing file /home/airflow/.local/lib/python3.12/site-packages/airflow/example_dags/example_sla_dag.py for tasks to queue
[2026-01-29T03:45:42.479+0000] {logging_mixin.py:188} INFO - [2026-01-29T03:45:42.479+0000] {dagbag.py:545} INFO - Filling up the DagBag from /home/airflow/.local/lib/python3.12/site-packages/airflow/example_dags/example_sla_dag.py
[2026-01-29T03:45:42.492+0000] {processor.py:840} INFO - DAG(s) 'example_sla_dag' retrieved from /home/airflow/.local/lib/python3.12/site-packages/airflow/example_dags/example_sla_dag.py
[2026-01-29T03:45:42.513+0000] {logging_mixin.py:188} INFO - [2026-01-29T03:45:42.512+0000] {dag.py:3089} INFO - Sync 1 DAGs
[2026-01-29T03:45:42.540+0000] {logging_mixin.py:188} INFO - [2026-01-29T03:45:42.540+0000] {dag.py:3947} INFO - Setting next_dagrun for example_sla_dag to 2026-01-29 03:42:00+00:00, run_after=2026-01-29 03:44:00+00:00
[2026-01-29T03:45:42.561+0000] {processor.py:183} INFO - Processing /home/airflow/.local/lib/python3.12/site-packages/airflow/example_dags/example_sla_dag.py took 0.094 seconds
[2026-01-29T03:46:13.201+0000] {processor.py:161} INFO - Started process (PID=89792) to work on /home/airflow/.local/lib/python3.12/site-packages/airflow/example_dags/example_sla_dag.py
[2026-01-29T03:46:13.202+0000] {processor.py:830} INFO - Processing file /home/airflow/.local/lib/python3.12/site-packages/airflow/example_dags/example_sla_dag.py for tasks to queue
[2026-01-29T03:46:13.204+0000] {logging_mixin.py:188} INFO - [2026-01-29T03:46:13.204+0000] {dagbag.py:545} INFO - Filling up the DagBag from /home/airflow/.local/lib/python3.12/site-packages/airflow/example_dags/example_sla_dag.py
[2026-01-29T03:46:13.215+0000] {processor.py:840} INFO - DAG(s) 'example_sla_dag' retrieved from /home/airflow/.local/lib/python3.12/site-packages/airflow/example_dags/example_sla_dag.py
[2026-01-29T03:46:13.236+0000] {logging_mixin.py:188} INFO - [2026-01-29T03:46:13.235+0000] {dag.py:3089} INFO - Sync 1 DAGs
[2026-01-29T03:46:13.263+0000] {logging_mixin.py:188} INFO - [2026-01-29T03:46:13.263+0000] {dag.py:3947} INFO - Setting next_dagrun for example_sla_dag to 2026-01-29 03:44:00+00:00, run_after=2026-01-29 03:46:00+00:00
[2026-01-29T03:46:13.283+0000] {processor.py:183} INFO - Processing /home/airflow/.local/lib/python3.12/site-packages/airflow/example_dags/example_sla_dag.py took 0.089 seconds
[2026-01-29T03:46:43.911+0000] {processor.py:161} INFO - Started process (PID=89851) to work on /home/airflow/.local/lib/python3.12/site-packages/airflow/example_dags/example_sla_dag.py
[2026-01-29T03:46:43.913+0000] {processor.py:830} INFO - Processing file /home/airflow/.local/lib/python3.12/site-packages/airflow/example_dags/example_sla_dag.py for tasks to queue
[2026-01-29T03:46:43.915+0000] {logging_mixin.py:188} INFO - [2026-01-29T03:46:43.914+0000] {dagbag.py:545} INFO - Filling up the DagBag from /home/airflow/.local/lib/python3.12/site-packages/airflow/example_dags/example_sla_dag.py
[2026-01-29T03:46:43.925+0000] {processor.py:840} INFO - DAG(s) 'example_sla_dag' retrieved from /home/airflow/.local/lib/python3.12/site-packages/airflow/example_dags/example_sla_dag.py
[2026-01-29T03:46:43.946+0000] {logging_mixin.py:188} INFO - [2026-01-29T03:46:43.945+0000] {dag.py:3089} INFO - Sync 1 DAGs
[2026-01-29T03:46:43.973+0000] {logging_mixin.py:188} INFO - [2026-01-29T03:46:43.973+0000] {dag.py:3947} INFO - Setting next_dagrun for example_sla_dag to 2026-01-29 03:44:00+00:00, run_after=2026-01-29 03:46:00+00:00
[2026-01-29T03:46:43.992+0000] {processor.py:183} INFO - Processing /home/airflow/.local/lib/python3.12/site-packages/airflow/example_dags/example_sla_dag.py took 0.088 seconds
[2026-01-29T03:47:14.796+0000] {processor.py:161} INFO - Started process (PID=89915) to work on /home/airflow/.local/lib/python3.12/site-packages/airflow/example_dags/example_sla_dag.py
[2026-01-29T03:47:14.797+0000] {processor.py:830} INFO - Processing file /home/airflow/.local/lib/python3.12/site-packages/airflow/example_dags/example_sla_dag.py for tasks to queue
[2026-01-29T03:47:14.799+0000] {logging_mixin.py:188} INFO - [2026-01-29T03:47:14.799+0000] {dagbag.py:545} INFO - Filling up the DagBag from /home/airflow/.local/lib/python3.12/site-packages/airflow/example_dags/example_sla_dag.py
[2026-01-29T03:47:14.808+0000] {processor.py:840} INFO - DAG(s) 'example_sla_dag' retrieved from /home/airflow/.local/lib/python3.12/site-packages/airflow/example_dags/example_sla_dag.py
[2026-01-29T03:47:14.828+0000] {logging_mixin.py:188} INFO - [2026-01-29T03:47:14.827+0000] {dag.py:3089} INFO - Sync 1 DAGs
[2026-01-29T03:47:14.854+0000] {logging_mixin.py:188} INFO - [2026-01-29T03:47:14.853+0000] {dag.py:3947} INFO - Setting next_dagrun for example_sla_dag to 2026-01-29 03:44:00+00:00, run_after=2026-01-29 03:46:00+00:00
[2026-01-29T03:47:14.873+0000] {processor.py:183} INFO - Processing /home/airflow/.local/lib/python3.12/site-packages/airflow/example_dags/example_sla_dag.py took 0.083 seconds
[2026-01-29T03:47:45.530+0000] {processor.py:161} INFO - Started process (PID=89974) to work on /home/airflow/.local/lib/python3.12/site-packages/airflow/example_dags/example_sla_dag.py
[2026-01-29T03:47:45.531+0000] {processor.py:830} INFO - Processing file /home/airflow/.local/lib/python3.12/site-packages/airflow/example_dags/example_sla_dag.py for tasks to queue
[2026-01-29T03:47:45.533+0000] {logging_mixin.py:188} INFO - [2026-01-29T03:47:45.533+0000] {dagbag.py:545} INFO - Filling up the DagBag from /home/airflow/.local/lib/python3.12/site-packages/airflow/example_dags/example_sla_dag.py
[2026-01-29T03:47:45.544+0000] {processor.py:840} INFO - DAG(s) 'example_sla_dag' retrieved from /home/airflow/.local/lib/python3.12/site-packages/airflow/example_dags/example_sla_dag.py
[2026-01-29T03:47:45.564+0000] {logging_mixin.py:188} INFO - [2026-01-29T03:47:45.564+0000] {dag.py:3089} INFO - Sync 1 DAGs
[2026-01-29T03:47:45.592+0000] {logging_mixin.py:188} INFO - [2026-01-29T03:47:45.592+0000] {dag.py:3947} INFO - Setting next_dagrun for example_sla_dag to 2026-01-29 03:44:00+00:00, run_after=2026-01-29 03:46:00+00:00
[2026-01-29T03:47:45.613+0000] {processor.py:183} INFO - Processing /home/airflow/.local/lib/python3.12/site-packages/airflow/example_dags/example_sla_dag.py took 0.090 seconds
[2026-01-29T03:48:16.511+0000] {processor.py:161} INFO - Started process (PID=90044) to work on /home/airflow/.local/lib/python3.12/site-packages/airflow/example_dags/example_sla_dag.py
[2026-01-29T03:48:16.512+0000] {processor.py:830} INFO - Processing file /home/airflow/.local/lib/python3.12/site-packages/airflow/example_dags/example_sla_dag.py for tasks to queue
[2026-01-29T03:48:16.514+0000] {logging_mixin.py:188} INFO - [2026-01-29T03:48:16.514+0000] {dagbag.py:545} INFO - Filling up the DagBag from /home/airflow/.local/lib/python3.12/site-packages/airflow/example_dags/example_sla_dag.py
[2026-01-29T03:48:16.525+0000] {processor.py:840} INFO - DAG(s) 'example_sla_dag' retrieved from /home/airflow/.local/lib/python3.12/site-packages/airflow/example_dags/example_sla_dag.py
[2026-01-29T03:48:16.544+0000] {logging_mixin.py:188} INFO - [2026-01-29T03:48:16.544+0000] {dag.py:3089} INFO - Sync 1 DAGs
[2026-01-29T03:48:16.573+0000] {logging_mixin.py:188} INFO - [2026-01-29T03:48:16.573+0000] {dag.py:3947} INFO - Setting next_dagrun for example_sla_dag to 2026-01-29 03:46:00+00:00, run_after=2026-01-29 03:48:00+00:00
[2026-01-29T03:48:16.595+0000] {processor.py:183} INFO - Processing /home/airflow/.local/lib/python3.12/site-packages/airflow/example_dags/example_sla_dag.py took 0.091 seconds
[2026-01-29T03:48:47.249+0000] {processor.py:161} INFO - Started process (PID=90103) to work on /home/airflow/.local/lib/python3.12/site-packages/airflow/example_dags/example_sla_dag.py
[2026-01-29T03:48:47.250+0000] {processor.py:830} INFO - Processing file /home/airflow/.local/lib/python3.12/site-packages/airflow/example_dags/example_sla_dag.py for tasks to queue
[2026-01-29T03:48:47.252+0000] {logging_mixin.py:188} INFO - [2026-01-29T03:48:47.252+0000] {dagbag.py:545} INFO - Filling up the DagBag from /home/airflow/.local/lib/python3.12/site-packages/airflow/example_dags/example_sla_dag.py
[2026-01-29T03:48:47.263+0000] {processor.py:840} INFO - DAG(s) 'example_sla_dag' retrieved from /home/airflow/.local/lib/python3.12/site-packages/airflow/example_dags/example_sla_dag.py
[2026-01-29T03:48:47.284+0000] {logging_mixin.py:188} INFO - [2026-01-29T03:48:47.284+0000] {dag.py:3089} INFO - Sync 1 DAGs
[2026-01-29T03:48:47.312+0000] {logging_mixin.py:188} INFO - [2026-01-29T03:48:47.312+0000] {dag.py:3947} INFO - Setting next_dagrun for example_sla_dag to 2026-01-29 03:46:00+00:00, run_after=2026-01-29 03:48:00+00:00
[2026-01-29T03:48:47.335+0000] {processor.py:183} INFO - Processing /home/airflow/.local/lib/python3.12/site-packages/airflow/example_dags/example_sla_dag.py took 0.093 seconds
[2026-01-29T03:49:18.106+0000] {processor.py:161} INFO - Started process (PID=90167) to work on /home/airflow/.local/lib/python3.12/site-packages/airflow/example_dags/example_sla_dag.py
[2026-01-29T03:49:18.107+0000] {processor.py:830} INFO - Processing file /home/airflow/.local/lib/python3.12/site-packages/airflow/example_dags/example_sla_dag.py for tasks to queue
[2026-01-29T03:49:18.109+0000] {logging_mixin.py:188} INFO - [2026-01-29T03:49:18.108+0000] {dagbag.py:545} INFO - Filling up the DagBag from /home/airflow/.local/lib/python3.12/site-packages/airflow/example_dags/example_sla_dag.py
[2026-01-29T03:49:18.119+0000] {processor.py:840} INFO - DAG(s) 'example_sla_dag' retrieved from /home/airflow/.local/lib/python3.12/site-packages/airflow/example_dags/example_sla_dag.py
[2026-01-29T03:49:18.140+0000] {logging_mixin.py:188} INFO - [2026-01-29T03:49:18.140+0000] {dag.py:3089} INFO - Sync 1 DAGs
[2026-01-29T03:49:18.169+0000] {logging_mixin.py:188} INFO - [2026-01-29T03:49:18.168+0000] {dag.py:3947} INFO - Setting next_dagrun for example_sla_dag to 2026-01-29 03:46:00+00:00, run_after=2026-01-29 03:48:00+00:00
[2026-01-29T03:49:18.189+0000] {processor.py:183} INFO - Processing /home/airflow/.local/lib/python3.12/site-packages/airflow/example_dags/example_sla_dag.py took 0.090 seconds
[2026-01-29T03:49:48.825+0000] {processor.py:161} INFO - Started process (PID=90226) to work on /home/airflow/.local/lib/python3.12/site-packages/airflow/example_dags/example_sla_dag.py
[2026-01-29T03:49:48.826+0000] {processor.py:830} INFO - Processing file /home/airflow/.local/lib/python3.12/site-packages/airflow/example_dags/example_sla_dag.py for tasks to queue
[2026-01-29T03:49:48.827+0000] {logging_mixin.py:188} INFO - [2026-01-29T03:49:48.827+0000] {dagbag.py:545} INFO - Filling up the DagBag from /home/airflow/.local/lib/python3.12/site-packages/airflow/example_dags/example_sla_dag.py
[2026-01-29T03:49:48.837+0000] {processor.py:840} INFO - DAG(s) 'example_sla_dag' retrieved from /home/airflow/.local/lib/python3.12/site-packages/airflow/example_dags/example_sla_dag.py
[2026-01-29T03:49:48.856+0000] {logging_mixin.py:188} INFO - [2026-01-29T03:49:48.855+0000] {dag.py:3089} INFO - Sync 1 DAGs
[2026-01-29T03:49:48.883+0000] {logging_mixin.py:188} INFO - [2026-01-29T03:49:48.883+0000] {dag.py:3947} INFO - Setting next_dagrun for example_sla_dag to 2026-01-29 03:46:00+00:00, run_after=2026-01-29 03:48:00+00:00
[2026-01-29T03:49:48.904+0000] {processor.py:183} INFO - Processing /home/airflow/.local/lib/python3.12/site-packages/airflow/example_dags/example_sla_dag.py took 0.085 seconds
[2026-01-29T03:50:19.851+0000] {processor.py:161} INFO - Started process (PID=90290) to work on /home/airflow/.local/lib/python3.12/site-packages/airflow/example_dags/example_sla_dag.py
[2026-01-29T03:50:19.852+0000] {processor.py:830} INFO - Processing file /home/airflow/.local/lib/python3.12/site-packages/airflow/example_dags/example_sla_dag.py for tasks to queue
[2026-01-29T03:50:19.854+0000] {logging_mixin.py:188} INFO - [2026-01-29T03:50:19.854+0000] {dagbag.py:545} INFO - Filling up the DagBag from /home/airflow/.local/lib/python3.12/site-packages/airflow/example_dags/example_sla_dag.py
[2026-01-29T03:50:19.864+0000] {processor.py:840} INFO - DAG(s) 'example_sla_dag' retrieved from /home/airflow/.local/lib/python3.12/site-packages/airflow/example_dags/example_sla_dag.py
[2026-01-29T03:50:19.883+0000] {logging_mixin.py:188} INFO - [2026-01-29T03:50:19.883+0000] {dag.py:3089} INFO - Sync 1 DAGs
[2026-01-29T03:50:19.908+0000] {logging_mixin.py:188} INFO - [2026-01-29T03:50:19.908+0000] {dag.py:3947} INFO - Setting next_dagrun for example_sla_dag to 2026-01-29 03:48:00+00:00, run_after=2026-01-29 03:50:00+00:00
[2026-01-29T03:50:19.927+0000] {processor.py:183} INFO - Processing /home/airflow/.local/lib/python3.12/site-packages/airflow/example_dags/example_sla_dag.py took 0.083 seconds
[2026-01-29T03:50:50.002+0000] {processor.py:161} INFO - Started process (PID=90349) to work on /home/airflow/.local/lib/python3.12/site-packages/airflow/example_dags/example_sla_dag.py
[2026-01-29T03:50:50.003+0000] {processor.py:830} INFO - Processing file /home/airflow/.local/lib/python3.12/site-packages/airflow/example_dags/example_sla_dag.py for tasks to queue
[2026-01-29T03:50:50.005+0000] {logging_mixin.py:188} INFO - [2026-01-29T03:50:50.004+0000] {dagbag.py:545} INFO - Filling up the DagBag from /home/airflow/.local/lib/python3.12/site-packages/airflow/example_dags/example_sla_dag.py
[2026-01-29T03:50:50.015+0000] {processor.py:840} INFO - DAG(s) 'example_sla_dag' retrieved from /home/airflow/.local/lib/python3.12/site-packages/airflow/example_dags/example_sla_dag.py
[2026-01-29T03:50:50.034+0000] {logging_mixin.py:188} INFO - [2026-01-29T03:50:50.034+0000] {dag.py:3089} INFO - Sync 1 DAGs
[2026-01-29T03:50:50.061+0000] {logging_mixin.py:188} INFO - [2026-01-29T03:50:50.061+0000] {dag.py:3947} INFO - Setting next_dagrun for example_sla_dag to 2026-01-29 03:48:00+00:00, run_after=2026-01-29 03:50:00+00:00
[2026-01-29T03:50:50.081+0000] {processor.py:183} INFO - Processing /home/airflow/.local/lib/python3.12/site-packages/airflow/example_dags/example_sla_dag.py took 0.087 seconds
[2026-01-29T03:51:20.190+0000] {processor.py:161} INFO - Started process (PID=90413) to work on /home/airflow/.local/lib/python3.12/site-packages/airflow/example_dags/example_sla_dag.py
[2026-01-29T03:51:20.191+0000] {processor.py:830} INFO - Processing file /home/airflow/.local/lib/python3.12/site-packages/airflow/example_dags/example_sla_dag.py for tasks to queue
[2026-01-29T03:51:20.193+0000] {logging_mixin.py:188} INFO - [2026-01-29T03:51:20.192+0000] {dagbag.py:545} INFO - Filling up the DagBag from /home/airflow/.local/lib/python3.12/site-packages/airflow/example_dags/example_sla_dag.py
[2026-01-29T03:51:20.202+0000] {processor.py:840} INFO - DAG(s) 'example_sla_dag' retrieved from /home/airflow/.local/lib/python3.12/site-packages/airflow/example_dags/example_sla_dag.py
[2026-01-29T03:51:20.221+0000] {logging_mixin.py:188} INFO - [2026-01-29T03:51:20.221+0000] {dag.py:3089} INFO - Sync 1 DAGs
[2026-01-29T03:51:20.250+0000] {logging_mixin.py:188} INFO - [2026-01-29T03:51:20.250+0000] {dag.py:3947} INFO - Setting next_dagrun for example_sla_dag to 2026-01-29 03:48:00+00:00, run_after=2026-01-29 03:50:00+00:00
[2026-01-29T03:51:20.272+0000] {processor.py:183} INFO - Processing /home/airflow/.local/lib/python3.12/site-packages/airflow/example_dags/example_sla_dag.py took 0.089 seconds
[2026-01-29T03:51:50.981+0000] {processor.py:161} INFO - Started process (PID=90472) to work on /home/airflow/.local/lib/python3.12/site-packages/airflow/example_dags/example_sla_dag.py
[2026-01-29T03:51:50.982+0000] {processor.py:830} INFO - Processing file /home/airflow/.local/lib/python3.12/site-packages/airflow/example_dags/example_sla_dag.py for tasks to queue
[2026-01-29T03:51:50.984+0000] {logging_mixin.py:188} INFO - [2026-01-29T03:51:50.983+0000] {dagbag.py:545} INFO - Filling up the DagBag from /home/airflow/.local/lib/python3.12/site-packages/airflow/example_dags/example_sla_dag.py
[2026-01-29T03:51:50.993+0000] {processor.py:840} INFO - DAG(s) 'example_sla_dag' retrieved from /home/airflow/.local/lib/python3.12/site-packages/airflow/example_dags/example_sla_dag.py
[2026-01-29T03:51:51.011+0000] {logging_mixin.py:188} INFO - [2026-01-29T03:51:51.011+0000] {dag.py:3089} INFO - Sync 1 DAGs
[2026-01-29T03:51:51.038+0000] {logging_mixin.py:188} INFO - [2026-01-29T03:51:51.038+0000] {dag.py:3947} INFO - Setting next_dagrun for example_sla_dag to 2026-01-29 03:48:00+00:00, run_after=2026-01-29 03:50:00+00:00
[2026-01-29T03:51:51.058+0000] {processor.py:183} INFO - Processing /home/airflow/.local/lib/python3.12/site-packages/airflow/example_dags/example_sla_dag.py took 0.083 seconds
[2026-01-29T03:52:21.320+0000] {processor.py:161} INFO - Started process (PID=90536) to work on /home/airflow/.local/lib/python3.12/site-packages/airflow/example_dags/example_sla_dag.py
[2026-01-29T03:52:21.321+0000] {processor.py:830} INFO - Processing file /home/airflow/.local/lib/python3.12/site-packages/airflow/example_dags/example_sla_dag.py for tasks to queue
[2026-01-29T03:52:21.323+0000] {logging_mixin.py:188} INFO - [2026-01-29T03:52:21.323+0000] {dagbag.py:545} INFO - Filling up the DagBag from /home/airflow/.local/lib/python3.12/site-packages/airflow/example_dags/example_sla_dag.py
[2026-01-29T03:52:21.333+0000] {processor.py:840} INFO - DAG(s) 'example_sla_dag' retrieved from /home/airflow/.local/lib/python3.12/site-packages/airflow/example_dags/example_sla_dag.py
[2026-01-29T03:52:21.352+0000] {logging_mixin.py:188} INFO - [2026-01-29T03:52:21.352+0000] {dag.py:3089} INFO - Sync 1 DAGs
[2026-01-29T03:52:21.378+0000] {logging_mixin.py:188} INFO - [2026-01-29T03:52:21.378+0000] {dag.py:3947} INFO - Setting next_dagrun for example_sla_dag to 2026-01-29 03:50:00+00:00, run_after=2026-01-29 03:52:00+00:00
[2026-01-29T03:52:21.398+0000] {processor.py:183} INFO - Processing /home/airflow/.local/lib/python3.12/site-packages/airflow/example_dags/example_sla_dag.py took 0.085 seconds
[2026-01-29T03:52:51.558+0000] {processor.py:161} INFO - Started process (PID=90595) to work on /home/airflow/.local/lib/python3.12/site-packages/airflow/example_dags/example_sla_dag.py
[2026-01-29T03:52:51.559+0000] {processor.py:830} INFO - Processing file /home/airflow/.local/lib/python3.12/site-packages/airflow/example_dags/example_sla_dag.py for tasks to queue
[2026-01-29T03:52:51.561+0000] {logging_mixin.py:188} INFO - [2026-01-29T03:52:51.560+0000] {dagbag.py:545} INFO - Filling up the DagBag from /home/airflow/.local/lib/python3.12/site-packages/airflow/example_dags/example_sla_dag.py
[2026-01-29T03:52:51.570+0000] {processor.py:840} INFO - DAG(s) 'example_sla_dag' retrieved from /home/airflow/.local/lib/python3.12/site-packages/airflow/example_dags/example_sla_dag.py
[2026-01-29T03:52:51.589+0000] {logging_mixin.py:188} INFO - [2026-01-29T03:52:51.589+0000] {dag.py:3089} INFO - Sync 1 DAGs
[2026-01-29T03:52:51.614+0000] {logging_mixin.py:188} INFO - [2026-01-29T03:52:51.614+0000] {dag.py:3947} INFO - Setting next_dagrun for example_sla_dag to 2026-01-29 03:50:00+00:00, run_after=2026-01-29 03:52:00+00:00
[2026-01-29T03:52:51.633+0000] {processor.py:183} INFO - Processing /home/airflow/.local/lib/python3.12/site-packages/airflow/example_dags/example_sla_dag.py took 0.083 seconds
[2026-01-29T03:53:21.830+0000] {processor.py:161} INFO - Started process (PID=90659) to work on /home/airflow/.local/lib/python3.12/site-packages/airflow/example_dags/example_sla_dag.py
[2026-01-29T03:53:21.831+0000] {processor.py:830} INFO - Processing file /home/airflow/.local/lib/python3.12/site-packages/airflow/example_dags/example_sla_dag.py for tasks to queue
[2026-01-29T03:53:21.833+0000] {logging_mixin.py:188} INFO - [2026-01-29T03:53:21.833+0000] {dagbag.py:545} INFO - Filling up the DagBag from /home/airflow/.local/lib/python3.12/site-packages/airflow/example_dags/example_sla_dag.py
[2026-01-29T03:53:21.843+0000] {processor.py:840} INFO - DAG(s) 'example_sla_dag' retrieved from /home/airflow/.local/lib/python3.12/site-packages/airflow/example_dags/example_sla_dag.py
[2026-01-29T03:53:21.863+0000] {logging_mixin.py:188} INFO - [2026-01-29T03:53:21.863+0000] {dag.py:3089} INFO - Sync 1 DAGs
[2026-01-29T03:53:21.890+0000] {logging_mixin.py:188} INFO - [2026-01-29T03:53:21.890+0000] {dag.py:3947} INFO - Setting next_dagrun for example_sla_dag to 2026-01-29 03:50:00+00:00, run_after=2026-01-29 03:52:00+00:00
[2026-01-29T03:53:21.910+0000] {processor.py:183} INFO - Processing /home/airflow/.local/lib/python3.12/site-packages/airflow/example_dags/example_sla_dag.py took 0.087 seconds
[2026-01-29T03:53:52.202+0000] {processor.py:161} INFO - Started process (PID=90718) to work on /home/airflow/.local/lib/python3.12/site-packages/airflow/example_dags/example_sla_dag.py
[2026-01-29T03:53:52.203+0000] {processor.py:830} INFO - Processing file /home/airflow/.local/lib/python3.12/site-packages/airflow/example_dags/example_sla_dag.py for tasks to queue
[2026-01-29T03:53:52.204+0000] {logging_mixin.py:188} INFO - [2026-01-29T03:53:52.204+0000] {dagbag.py:545} INFO - Filling up the DagBag from /home/airflow/.local/lib/python3.12/site-packages/airflow/example_dags/example_sla_dag.py
[2026-01-29T03:53:52.214+0000] {processor.py:840} INFO - DAG(s) 'example_sla_dag' retrieved from /home/airflow/.local/lib/python3.12/site-packages/airflow/example_dags/example_sla_dag.py
[2026-01-29T03:53:52.233+0000] {logging_mixin.py:188} INFO - [2026-01-29T03:53:52.232+0000] {dag.py:3089} INFO - Sync 1 DAGs
[2026-01-29T03:53:52.259+0000] {logging_mixin.py:188} INFO - [2026-01-29T03:53:52.258+0000] {dag.py:3947} INFO - Setting next_dagrun for example_sla_dag to 2026-01-29 03:50:00+00:00, run_after=2026-01-29 03:52:00+00:00
[2026-01-29T03:53:52.278+0000] {processor.py:183} INFO - Processing /home/airflow/.local/lib/python3.12/site-packages/airflow/example_dags/example_sla_dag.py took 0.084 seconds
[2026-01-29T03:54:22.478+0000] {processor.py:161} INFO - Started process (PID=90782) to work on /home/airflow/.local/lib/python3.12/site-packages/airflow/example_dags/example_sla_dag.py
[2026-01-29T03:54:22.479+0000] {processor.py:830} INFO - Processing file /home/airflow/.local/lib/python3.12/site-packages/airflow/example_dags/example_sla_dag.py for tasks to queue
[2026-01-29T03:54:22.481+0000] {logging_mixin.py:188} INFO - [2026-01-29T03:54:22.480+0000] {dagbag.py:545} INFO - Filling up the DagBag from /home/airflow/.local/lib/python3.12/site-packages/airflow/example_dags/example_sla_dag.py
[2026-01-29T03:54:22.491+0000] {processor.py:840} INFO - DAG(s) 'example_sla_dag' retrieved from /home/airflow/.local/lib/python3.12/site-packages/airflow/example_dags/example_sla_dag.py
[2026-01-29T03:54:22.512+0000] {logging_mixin.py:188} INFO - [2026-01-29T03:54:22.511+0000] {dag.py:3089} INFO - Sync 1 DAGs
[2026-01-29T03:54:22.539+0000] {logging_mixin.py:188} INFO - [2026-01-29T03:54:22.539+0000] {dag.py:3947} INFO - Setting next_dagrun for example_sla_dag to 2026-01-29 03:52:00+00:00, run_after=2026-01-29 03:54:00+00:00
[2026-01-29T03:54:22.560+0000] {processor.py:183} INFO - Processing /home/airflow/.local/lib/python3.12/site-packages/airflow/example_dags/example_sla_dag.py took 0.090 seconds
[2026-01-29T03:54:52.778+0000] {processor.py:161} INFO - Started process (PID=90841) to work on /home/airflow/.local/lib/python3.12/site-packages/airflow/example_dags/example_sla_dag.py
[2026-01-29T03:54:52.779+0000] {processor.py:830} INFO - Processing file /home/airflow/.local/lib/python3.12/site-packages/airflow/example_dags/example_sla_dag.py for tasks to queue
[2026-01-29T03:54:52.781+0000] {logging_mixin.py:188} INFO - [2026-01-29T03:54:52.781+0000] {dagbag.py:545} INFO - Filling up the DagBag from /home/airflow/.local/lib/python3.12/site-packages/airflow/example_dags/example_sla_dag.py
[2026-01-29T03:54:52.791+0000] {processor.py:840} INFO - DAG(s) 'example_sla_dag' retrieved from /home/airflow/.local/lib/python3.12/site-packages/airflow/example_dags/example_sla_dag.py
[2026-01-29T03:54:52.809+0000] {logging_mixin.py:188} INFO - [2026-01-29T03:54:52.809+0000] {dag.py:3089} INFO - Sync 1 DAGs
[2026-01-29T03:54:52.834+0000] {logging_mixin.py:188} INFO - [2026-01-29T03:54:52.834+0000] {dag.py:3947} INFO - Setting next_dagrun for example_sla_dag to 2026-01-29 03:52:00+00:00, run_after=2026-01-29 03:54:00+00:00
[2026-01-29T03:54:52.853+0000] {processor.py:183} INFO - Processing /home/airflow/.local/lib/python3.12/site-packages/airflow/example_dags/example_sla_dag.py took 0.082 seconds
[2026-01-29T03:55:22.954+0000] {processor.py:161} INFO - Started process (PID=90905) to work on /home/airflow/.local/lib/python3.12/site-packages/airflow/example_dags/example_sla_dag.py
[2026-01-29T03:55:22.955+0000] {processor.py:830} INFO - Processing file /home/airflow/.local/lib/python3.12/site-packages/airflow/example_dags/example_sla_dag.py for tasks to queue
[2026-01-29T03:55:22.957+0000] {logging_mixin.py:188} INFO - [2026-01-29T03:55:22.956+0000] {dagbag.py:545} INFO - Filling up the DagBag from /home/airflow/.local/lib/python3.12/site-packages/airflow/example_dags/example_sla_dag.py
[2026-01-29T03:55:22.967+0000] {processor.py:840} INFO - DAG(s) 'example_sla_dag' retrieved from /home/airflow/.local/lib/python3.12/site-packages/airflow/example_dags/example_sla_dag.py
[2026-01-29T03:55:22.990+0000] {logging_mixin.py:188} INFO - [2026-01-29T03:55:22.990+0000] {dag.py:3089} INFO - Sync 1 DAGs
[2026-01-29T03:55:23.020+0000] {logging_mixin.py:188} INFO - [2026-01-29T03:55:23.019+0000] {dag.py:3947} INFO - Setting next_dagrun for example_sla_dag to 2026-01-29 03:52:00+00:00, run_after=2026-01-29 03:54:00+00:00
[2026-01-29T03:55:23.041+0000] {processor.py:183} INFO - Processing /home/airflow/.local/lib/python3.12/site-packages/airflow/example_dags/example_sla_dag.py took 0.095 seconds
[2026-01-29T03:55:53.272+0000] {processor.py:161} INFO - Started process (PID=90964) to work on /home/airflow/.local/lib/python3.12/site-packages/airflow/example_dags/example_sla_dag.py
[2026-01-29T03:55:53.272+0000] {processor.py:830} INFO - Processing file /home/airflow/.local/lib/python3.12/site-packages/airflow/example_dags/example_sla_dag.py for tasks to queue
[2026-01-29T03:55:53.274+0000] {logging_mixin.py:188} INFO - [2026-01-29T03:55:53.274+0000] {dagbag.py:545} INFO - Filling up the DagBag from /home/airflow/.local/lib/python3.12/site-packages/airflow/example_dags/example_sla_dag.py
[2026-01-29T03:55:53.286+0000] {processor.py:840} INFO - DAG(s) 'example_sla_dag' retrieved from /home/airflow/.local/lib/python3.12/site-packages/airflow/example_dags/example_sla_dag.py
[2026-01-29T03:55:53.310+0000] {logging_mixin.py:188} INFO - [2026-01-29T03:55:53.310+0000] {dag.py:3089} INFO - Sync 1 DAGs
[2026-01-29T03:55:53.346+0000] {logging_mixin.py:188} INFO - [2026-01-29T03:55:53.346+0000] {dag.py:3947} INFO - Setting next_dagrun for example_sla_dag to 2026-01-29 03:52:00+00:00, run_after=2026-01-29 03:54:00+00:00
[2026-01-29T03:55:53.370+0000] {processor.py:183} INFO - Processing /home/airflow/.local/lib/python3.12/site-packages/airflow/example_dags/example_sla_dag.py took 0.106 seconds
[2026-01-29T03:56:23.655+0000] {processor.py:161} INFO - Started process (PID=91028) to work on /home/airflow/.local/lib/python3.12/site-packages/airflow/example_dags/example_sla_dag.py
[2026-01-29T03:56:23.656+0000] {processor.py:830} INFO - Processing file /home/airflow/.local/lib/python3.12/site-packages/airflow/example_dags/example_sla_dag.py for tasks to queue
[2026-01-29T03:56:23.658+0000] {logging_mixin.py:188} INFO - [2026-01-29T03:56:23.658+0000] {dagbag.py:545} INFO - Filling up the DagBag from /home/airflow/.local/lib/python3.12/site-packages/airflow/example_dags/example_sla_dag.py
[2026-01-29T03:56:23.668+0000] {processor.py:840} INFO - DAG(s) 'example_sla_dag' retrieved from /home/airflow/.local/lib/python3.12/site-packages/airflow/example_dags/example_sla_dag.py
[2026-01-29T03:56:23.687+0000] {logging_mixin.py:188} INFO - [2026-01-29T03:56:23.687+0000] {dag.py:3089} INFO - Sync 1 DAGs
[2026-01-29T03:56:23.714+0000] {logging_mixin.py:188} INFO - [2026-01-29T03:56:23.714+0000] {dag.py:3947} INFO - Setting next_dagrun for example_sla_dag to 2026-01-29 03:54:00+00:00, run_after=2026-01-29 03:56:00+00:00
[2026-01-29T03:56:23.733+0000] {processor.py:183} INFO - Processing /home/airflow/.local/lib/python3.12/site-packages/airflow/example_dags/example_sla_dag.py took 0.085 seconds
[2026-01-29T03:56:54.594+0000] {processor.py:161} INFO - Started process (PID=91087) to work on /home/airflow/.local/lib/python3.12/site-packages/airflow/example_dags/example_sla_dag.py
[2026-01-29T03:56:54.595+0000] {processor.py:830} INFO - Processing file /home/airflow/.local/lib/python3.12/site-packages/airflow/example_dags/example_sla_dag.py for tasks to queue
[2026-01-29T03:56:54.597+0000] {logging_mixin.py:188} INFO - [2026-01-29T03:56:54.596+0000] {dagbag.py:545} INFO - Filling up the DagBag from /home/airflow/.local/lib/python3.12/site-packages/airflow/example_dags/example_sla_dag.py
[2026-01-29T03:56:54.606+0000] {processor.py:840} INFO - DAG(s) 'example_sla_dag' retrieved from /home/airflow/.local/lib/python3.12/site-packages/airflow/example_dags/example_sla_dag.py
[2026-01-29T03:56:54.625+0000] {logging_mixin.py:188} INFO - [2026-01-29T03:56:54.625+0000] {dag.py:3089} INFO - Sync 1 DAGs
[2026-01-29T03:56:54.650+0000] {logging_mixin.py:188} INFO - [2026-01-29T03:56:54.650+0000] {dag.py:3947} INFO - Setting next_dagrun for example_sla_dag to 2026-01-29 03:54:00+00:00, run_after=2026-01-29 03:56:00+00:00
[2026-01-29T03:56:54.669+0000] {processor.py:183} INFO - Processing /home/airflow/.local/lib/python3.12/site-packages/airflow/example_dags/example_sla_dag.py took 0.082 seconds
[2026-01-29T03:57:25.409+0000] {processor.py:161} INFO - Started process (PID=91151) to work on /home/airflow/.local/lib/python3.12/site-packages/airflow/example_dags/example_sla_dag.py
[2026-01-29T03:57:25.410+0000] {processor.py:830} INFO - Processing file /home/airflow/.local/lib/python3.12/site-packages/airflow/example_dags/example_sla_dag.py for tasks to queue
[2026-01-29T03:57:25.412+0000] {logging_mixin.py:188} INFO - [2026-01-29T03:57:25.412+0000] {dagbag.py:545} INFO - Filling up the DagBag from /home/airflow/.local/lib/python3.12/site-packages/airflow/example_dags/example_sla_dag.py
[2026-01-29T03:57:25.423+0000] {processor.py:840} INFO - DAG(s) 'example_sla_dag' retrieved from /home/airflow/.local/lib/python3.12/site-packages/airflow/example_dags/example_sla_dag.py
[2026-01-29T03:57:25.444+0000] {logging_mixin.py:188} INFO - [2026-01-29T03:57:25.444+0000] {dag.py:3089} INFO - Sync 1 DAGs
[2026-01-29T03:57:25.472+0000] {logging_mixin.py:188} INFO - [2026-01-29T03:57:25.472+0000] {dag.py:3947} INFO - Setting next_dagrun for example_sla_dag to 2026-01-29 03:54:00+00:00, run_after=2026-01-29 03:56:00+00:00
[2026-01-29T03:57:25.493+0000] {processor.py:183} INFO - Processing /home/airflow/.local/lib/python3.12/site-packages/airflow/example_dags/example_sla_dag.py took 0.092 seconds
[2026-01-29T03:57:55.542+0000] {processor.py:161} INFO - Started process (PID=91210) to work on /home/airflow/.local/lib/python3.12/site-packages/airflow/example_dags/example_sla_dag.py
[2026-01-29T03:57:55.543+0000] {processor.py:830} INFO - Processing file /home/airflow/.local/lib/python3.12/site-packages/airflow/example_dags/example_sla_dag.py for tasks to queue
[2026-01-29T03:57:55.545+0000] {logging_mixin.py:188} INFO - [2026-01-29T03:57:55.545+0000] {dagbag.py:545} INFO - Filling up the DagBag from /home/airflow/.local/lib/python3.12/site-packages/airflow/example_dags/example_sla_dag.py
[2026-01-29T03:57:55.555+0000] {processor.py:840} INFO - DAG(s) 'example_sla_dag' retrieved from /home/airflow/.local/lib/python3.12/site-packages/airflow/example_dags/example_sla_dag.py
[2026-01-29T03:57:55.573+0000] {logging_mixin.py:188} INFO - [2026-01-29T03:57:55.573+0000] {dag.py:3089} INFO - Sync 1 DAGs
[2026-01-29T03:57:55.599+0000] {logging_mixin.py:188} INFO - [2026-01-29T03:57:55.598+0000] {dag.py:3947} INFO - Setting next_dagrun for example_sla_dag to 2026-01-29 03:54:00+00:00, run_after=2026-01-29 03:56:00+00:00
[2026-01-29T03:57:55.618+0000] {processor.py:183} INFO - Processing /home/airflow/.local/lib/python3.12/site-packages/airflow/example_dags/example_sla_dag.py took 0.083 seconds
[2026-01-29T03:58:25.777+0000] {processor.py:161} INFO - Started process (PID=91274) to work on /home/airflow/.local/lib/python3.12/site-packages/airflow/example_dags/example_sla_dag.py
[2026-01-29T03:58:25.778+0000] {processor.py:830} INFO - Processing file /home/airflow/.local/lib/python3.12/site-packages/airflow/example_dags/example_sla_dag.py for tasks to queue
[2026-01-29T03:58:25.780+0000] {logging_mixin.py:188} INFO - [2026-01-29T03:58:25.779+0000] {dagbag.py:545} INFO - Filling up the DagBag from /home/airflow/.local/lib/python3.12/site-packages/airflow/example_dags/example_sla_dag.py
[2026-01-29T03:58:25.788+0000] {processor.py:840} INFO - DAG(s) 'example_sla_dag' retrieved from /home/airflow/.local/lib/python3.12/site-packages/airflow/example_dags/example_sla_dag.py
[2026-01-29T03:58:25.807+0000] {logging_mixin.py:188} INFO - [2026-01-29T03:58:25.807+0000] {dag.py:3089} INFO - Sync 1 DAGs
[2026-01-29T03:58:25.834+0000] {logging_mixin.py:188} INFO - [2026-01-29T03:58:25.834+0000] {dag.py:3947} INFO - Setting next_dagrun for example_sla_dag to 2026-01-29 03:56:00+00:00, run_after=2026-01-29 03:58:00+00:00
[2026-01-29T03:58:25.855+0000] {processor.py:183} INFO - Processing /home/airflow/.local/lib/python3.12/site-packages/airflow/example_dags/example_sla_dag.py took 0.085 seconds
[2026-01-29T03:58:55.919+0000] {processor.py:161} INFO - Started process (PID=91333) to work on /home/airflow/.local/lib/python3.12/site-packages/airflow/example_dags/example_sla_dag.py
[2026-01-29T03:58:55.920+0000] {processor.py:830} INFO - Processing file /home/airflow/.local/lib/python3.12/site-packages/airflow/example_dags/example_sla_dag.py for tasks to queue
[2026-01-29T03:58:55.921+0000] {logging_mixin.py:188} INFO - [2026-01-29T03:58:55.921+0000] {dagbag.py:545} INFO - Filling up the DagBag from /home/airflow/.local/lib/python3.12/site-packages/airflow/example_dags/example_sla_dag.py
[2026-01-29T03:58:55.931+0000] {processor.py:840} INFO - DAG(s) 'example_sla_dag' retrieved from /home/airflow/.local/lib/python3.12/site-packages/airflow/example_dags/example_sla_dag.py
[2026-01-29T03:58:55.951+0000] {logging_mixin.py:188} INFO - [2026-01-29T03:58:55.950+0000] {dag.py:3089} INFO - Sync 1 DAGs
[2026-01-29T03:58:55.976+0000] {logging_mixin.py:188} INFO - [2026-01-29T03:58:55.976+0000] {dag.py:3947} INFO - Setting next_dagrun for example_sla_dag to 2026-01-29 03:56:00+00:00, run_after=2026-01-29 03:58:00+00:00
[2026-01-29T03:58:55.996+0000] {processor.py:183} INFO - Processing /home/airflow/.local/lib/python3.12/site-packages/airflow/example_dags/example_sla_dag.py took 0.084 seconds
[2026-01-29T03:59:26.170+0000] {processor.py:161} INFO - Started process (PID=91397) to work on /home/airflow/.local/lib/python3.12/site-packages/airflow/example_dags/example_sla_dag.py
[2026-01-29T03:59:26.171+0000] {processor.py:830} INFO - Processing file /home/airflow/.local/lib/python3.12/site-packages/airflow/example_dags/example_sla_dag.py for tasks to queue
[2026-01-29T03:59:26.173+0000] {logging_mixin.py:188} INFO - [2026-01-29T03:59:26.172+0000] {dagbag.py:545} INFO - Filling up the DagBag from /home/airflow/.local/lib/python3.12/site-packages/airflow/example_dags/example_sla_dag.py
[2026-01-29T03:59:26.183+0000] {processor.py:840} INFO - DAG(s) 'example_sla_dag' retrieved from /home/airflow/.local/lib/python3.12/site-packages/airflow/example_dags/example_sla_dag.py
[2026-01-29T03:59:26.203+0000] {logging_mixin.py:188} INFO - [2026-01-29T03:59:26.203+0000] {dag.py:3089} INFO - Sync 1 DAGs
[2026-01-29T03:59:26.232+0000] {logging_mixin.py:188} INFO - [2026-01-29T03:59:26.232+0000] {dag.py:3947} INFO - Setting next_dagrun for example_sla_dag to 2026-01-29 03:56:00+00:00, run_after=2026-01-29 03:58:00+00:00
[2026-01-29T03:59:26.251+0000] {processor.py:183} INFO - Processing /home/airflow/.local/lib/python3.12/site-packages/airflow/example_dags/example_sla_dag.py took 0.089 seconds
[2026-01-29T03:59:56.927+0000] {processor.py:161} INFO - Started process (PID=91456) to work on /home/airflow/.local/lib/python3.12/site-packages/airflow/example_dags/example_sla_dag.py
[2026-01-29T03:59:56.928+0000] {processor.py:830} INFO - Processing file /home/airflow/.local/lib/python3.12/site-packages/airflow/example_dags/example_sla_dag.py for tasks to queue
[2026-01-29T03:59:56.930+0000] {logging_mixin.py:188} INFO - [2026-01-29T03:59:56.929+0000] {dagbag.py:545} INFO - Filling up the DagBag from /home/airflow/.local/lib/python3.12/site-packages/airflow/example_dags/example_sla_dag.py
[2026-01-29T03:59:56.939+0000] {processor.py:840} INFO - DAG(s) 'example_sla_dag' retrieved from /home/airflow/.local/lib/python3.12/site-packages/airflow/example_dags/example_sla_dag.py
[2026-01-29T03:59:56.958+0000] {logging_mixin.py:188} INFO - [2026-01-29T03:59:56.958+0000] {dag.py:3089} INFO - Sync 1 DAGs
[2026-01-29T03:59:56.986+0000] {logging_mixin.py:188} INFO - [2026-01-29T03:59:56.986+0000] {dag.py:3947} INFO - Setting next_dagrun for example_sla_dag to 2026-01-29 03:56:00+00:00, run_after=2026-01-29 03:58:00+00:00
[2026-01-29T03:59:57.006+0000] {processor.py:183} INFO - Processing /home/airflow/.local/lib/python3.12/site-packages/airflow/example_dags/example_sla_dag.py took 0.086 seconds
[2026-01-29T04:00:27.089+0000] {processor.py:161} INFO - Started process (PID=91520) to work on /home/airflow/.local/lib/python3.12/site-packages/airflow/example_dags/example_sla_dag.py
[2026-01-29T04:00:27.090+0000] {processor.py:830} INFO - Processing file /home/airflow/.local/lib/python3.12/site-packages/airflow/example_dags/example_sla_dag.py for tasks to queue
[2026-01-29T04:00:27.092+0000] {logging_mixin.py:188} INFO - [2026-01-29T04:00:27.092+0000] {dagbag.py:545} INFO - Filling up the DagBag from /home/airflow/.local/lib/python3.12/site-packages/airflow/example_dags/example_sla_dag.py
[2026-01-29T04:00:27.103+0000] {processor.py:840} INFO - DAG(s) 'example_sla_dag' retrieved from /home/airflow/.local/lib/python3.12/site-packages/airflow/example_dags/example_sla_dag.py
[2026-01-29T04:00:27.125+0000] {logging_mixin.py:188} INFO - [2026-01-29T04:00:27.125+0000] {dag.py:3089} INFO - Sync 1 DAGs
[2026-01-29T04:00:27.153+0000] {logging_mixin.py:188} INFO - [2026-01-29T04:00:27.153+0000] {dag.py:3947} INFO - Setting next_dagrun for example_sla_dag to 2026-01-29 03:58:00+00:00, run_after=2026-01-29 04:00:00+00:00
[2026-01-29T04:00:27.173+0000] {processor.py:183} INFO - Processing /home/airflow/.local/lib/python3.12/site-packages/airflow/example_dags/example_sla_dag.py took 0.091 seconds
[2026-01-29T04:00:57.290+0000] {processor.py:161} INFO - Started process (PID=91579) to work on /home/airflow/.local/lib/python3.12/site-packages/airflow/example_dags/example_sla_dag.py
[2026-01-29T04:00:57.291+0000] {processor.py:830} INFO - Processing file /home/airflow/.local/lib/python3.12/site-packages/airflow/example_dags/example_sla_dag.py for tasks to queue
[2026-01-29T04:00:57.293+0000] {logging_mixin.py:188} INFO - [2026-01-29T04:00:57.293+0000] {dagbag.py:545} INFO - Filling up the DagBag from /home/airflow/.local/lib/python3.12/site-packages/airflow/example_dags/example_sla_dag.py
[2026-01-29T04:00:57.303+0000] {processor.py:840} INFO - DAG(s) 'example_sla_dag' retrieved from /home/airflow/.local/lib/python3.12/site-packages/airflow/example_dags/example_sla_dag.py
[2026-01-29T04:00:57.322+0000] {logging_mixin.py:188} INFO - [2026-01-29T04:00:57.322+0000] {dag.py:3089} INFO - Sync 1 DAGs
[2026-01-29T04:00:57.348+0000] {logging_mixin.py:188} INFO - [2026-01-29T04:00:57.348+0000] {dag.py:3947} INFO - Setting next_dagrun for example_sla_dag to 2026-01-29 03:58:00+00:00, run_after=2026-01-29 04:00:00+00:00
[2026-01-29T04:00:57.366+0000] {processor.py:183} INFO - Processing /home/airflow/.local/lib/python3.12/site-packages/airflow/example_dags/example_sla_dag.py took 0.083 seconds
[2026-01-29T04:01:27.501+0000] {processor.py:161} INFO - Started process (PID=91643) to work on /home/airflow/.local/lib/python3.12/site-packages/airflow/example_dags/example_sla_dag.py
[2026-01-29T04:01:27.502+0000] {processor.py:830} INFO - Processing file /home/airflow/.local/lib/python3.12/site-packages/airflow/example_dags/example_sla_dag.py for tasks to queue
[2026-01-29T04:01:27.504+0000] {logging_mixin.py:188} INFO - [2026-01-29T04:01:27.503+0000] {dagbag.py:545} INFO - Filling up the DagBag from /home/airflow/.local/lib/python3.12/site-packages/airflow/example_dags/example_sla_dag.py
[2026-01-29T04:01:27.514+0000] {processor.py:840} INFO - DAG(s) 'example_sla_dag' retrieved from /home/airflow/.local/lib/python3.12/site-packages/airflow/example_dags/example_sla_dag.py
[2026-01-29T04:01:27.532+0000] {logging_mixin.py:188} INFO - [2026-01-29T04:01:27.531+0000] {dag.py:3089} INFO - Sync 1 DAGs
[2026-01-29T04:01:27.557+0000] {logging_mixin.py:188} INFO - [2026-01-29T04:01:27.556+0000] {dag.py:3947} INFO - Setting next_dagrun for example_sla_dag to 2026-01-29 03:58:00+00:00, run_after=2026-01-29 04:00:00+00:00
[2026-01-29T04:01:27.577+0000] {processor.py:183} INFO - Processing /home/airflow/.local/lib/python3.12/site-packages/airflow/example_dags/example_sla_dag.py took 0.083 seconds
[2026-01-29T04:01:57.709+0000] {processor.py:161} INFO - Started process (PID=91702) to work on /home/airflow/.local/lib/python3.12/site-packages/airflow/example_dags/example_sla_dag.py
[2026-01-29T04:01:57.710+0000] {processor.py:830} INFO - Processing file /home/airflow/.local/lib/python3.12/site-packages/airflow/example_dags/example_sla_dag.py for tasks to queue
[2026-01-29T04:01:57.712+0000] {logging_mixin.py:188} INFO - [2026-01-29T04:01:57.711+0000] {dagbag.py:545} INFO - Filling up the DagBag from /home/airflow/.local/lib/python3.12/site-packages/airflow/example_dags/example_sla_dag.py
[2026-01-29T04:01:57.722+0000] {processor.py:840} INFO - DAG(s) 'example_sla_dag' retrieved from /home/airflow/.local/lib/python3.12/site-packages/airflow/example_dags/example_sla_dag.py
[2026-01-29T04:01:57.741+0000] {logging_mixin.py:188} INFO - [2026-01-29T04:01:57.741+0000] {dag.py:3089} INFO - Sync 1 DAGs
[2026-01-29T04:01:57.767+0000] {logging_mixin.py:188} INFO - [2026-01-29T04:01:57.767+0000] {dag.py:3947} INFO - Setting next_dagrun for example_sla_dag to 2026-01-29 03:58:00+00:00, run_after=2026-01-29 04:00:00+00:00
[2026-01-29T04:01:57.787+0000] {processor.py:183} INFO - Processing /home/airflow/.local/lib/python3.12/site-packages/airflow/example_dags/example_sla_dag.py took 0.085 seconds
[2026-01-29T04:02:27.930+0000] {processor.py:161} INFO - Started process (PID=91766) to work on /home/airflow/.local/lib/python3.12/site-packages/airflow/example_dags/example_sla_dag.py
[2026-01-29T04:02:27.931+0000] {processor.py:830} INFO - Processing file /home/airflow/.local/lib/python3.12/site-packages/airflow/example_dags/example_sla_dag.py for tasks to queue
[2026-01-29T04:02:27.933+0000] {logging_mixin.py:188} INFO - [2026-01-29T04:02:27.932+0000] {dagbag.py:545} INFO - Filling up the DagBag from /home/airflow/.local/lib/python3.12/site-packages/airflow/example_dags/example_sla_dag.py
[2026-01-29T04:02:27.942+0000] {processor.py:840} INFO - DAG(s) 'example_sla_dag' retrieved from /home/airflow/.local/lib/python3.12/site-packages/airflow/example_dags/example_sla_dag.py
[2026-01-29T04:02:27.960+0000] {logging_mixin.py:188} INFO - [2026-01-29T04:02:27.960+0000] {dag.py:3089} INFO - Sync 1 DAGs
[2026-01-29T04:02:27.986+0000] {logging_mixin.py:188} INFO - [2026-01-29T04:02:27.986+0000] {dag.py:3947} INFO - Setting next_dagrun for example_sla_dag to 2026-01-29 04:00:00+00:00, run_after=2026-01-29 04:02:00+00:00
[2026-01-29T04:02:28.006+0000] {processor.py:183} INFO - Processing /home/airflow/.local/lib/python3.12/site-packages/airflow/example_dags/example_sla_dag.py took 0.083 seconds
[2026-01-29T04:02:58.170+0000] {processor.py:161} INFO - Started process (PID=91825) to work on /home/airflow/.local/lib/python3.12/site-packages/airflow/example_dags/example_sla_dag.py
[2026-01-29T04:02:58.171+0000] {processor.py:830} INFO - Processing file /home/airflow/.local/lib/python3.12/site-packages/airflow/example_dags/example_sla_dag.py for tasks to queue
[2026-01-29T04:02:58.173+0000] {logging_mixin.py:188} INFO - [2026-01-29T04:02:58.173+0000] {dagbag.py:545} INFO - Filling up the DagBag from /home/airflow/.local/lib/python3.12/site-packages/airflow/example_dags/example_sla_dag.py
[2026-01-29T04:02:58.183+0000] {processor.py:840} INFO - DAG(s) 'example_sla_dag' retrieved from /home/airflow/.local/lib/python3.12/site-packages/airflow/example_dags/example_sla_dag.py
[2026-01-29T04:02:58.203+0000] {logging_mixin.py:188} INFO - [2026-01-29T04:02:58.203+0000] {dag.py:3089} INFO - Sync 1 DAGs
[2026-01-29T04:02:58.231+0000] {logging_mixin.py:188} INFO - [2026-01-29T04:02:58.231+0000] {dag.py:3947} INFO - Setting next_dagrun for example_sla_dag to 2026-01-29 04:00:00+00:00, run_after=2026-01-29 04:02:00+00:00
[2026-01-29T04:02:58.251+0000] {processor.py:183} INFO - Processing /home/airflow/.local/lib/python3.12/site-packages/airflow/example_dags/example_sla_dag.py took 0.088 seconds
[2026-01-29T04:03:28.403+0000] {processor.py:161} INFO - Started process (PID=91889) to work on /home/airflow/.local/lib/python3.12/site-packages/airflow/example_dags/example_sla_dag.py
[2026-01-29T04:03:28.404+0000] {processor.py:830} INFO - Processing file /home/airflow/.local/lib/python3.12/site-packages/airflow/example_dags/example_sla_dag.py for tasks to queue
[2026-01-29T04:03:28.406+0000] {logging_mixin.py:188} INFO - [2026-01-29T04:03:28.406+0000] {dagbag.py:545} INFO - Filling up the DagBag from /home/airflow/.local/lib/python3.12/site-packages/airflow/example_dags/example_sla_dag.py
[2026-01-29T04:03:28.416+0000] {processor.py:840} INFO - DAG(s) 'example_sla_dag' retrieved from /home/airflow/.local/lib/python3.12/site-packages/airflow/example_dags/example_sla_dag.py
[2026-01-29T04:03:28.434+0000] {logging_mixin.py:188} INFO - [2026-01-29T04:03:28.434+0000] {dag.py:3089} INFO - Sync 1 DAGs
[2026-01-29T04:03:28.460+0000] {logging_mixin.py:188} INFO - [2026-01-29T04:03:28.460+0000] {dag.py:3947} INFO - Setting next_dagrun for example_sla_dag to 2026-01-29 04:00:00+00:00, run_after=2026-01-29 04:02:00+00:00
[2026-01-29T04:03:28.488+0000] {processor.py:183} INFO - Processing /home/airflow/.local/lib/python3.12/site-packages/airflow/example_dags/example_sla_dag.py took 0.092 seconds
[2026-01-29T04:03:58.542+0000] {processor.py:161} INFO - Started process (PID=91948) to work on /home/airflow/.local/lib/python3.12/site-packages/airflow/example_dags/example_sla_dag.py
[2026-01-29T04:03:58.543+0000] {processor.py:830} INFO - Processing file /home/airflow/.local/lib/python3.12/site-packages/airflow/example_dags/example_sla_dag.py for tasks to queue
[2026-01-29T04:03:58.544+0000] {logging_mixin.py:188} INFO - [2026-01-29T04:03:58.544+0000] {dagbag.py:545} INFO - Filling up the DagBag from /home/airflow/.local/lib/python3.12/site-packages/airflow/example_dags/example_sla_dag.py
[2026-01-29T04:03:58.553+0000] {processor.py:840} INFO - DAG(s) 'example_sla_dag' retrieved from /home/airflow/.local/lib/python3.12/site-packages/airflow/example_dags/example_sla_dag.py
[2026-01-29T04:03:58.573+0000] {logging_mixin.py:188} INFO - [2026-01-29T04:03:58.573+0000] {dag.py:3089} INFO - Sync 1 DAGs
[2026-01-29T04:03:58.601+0000] {logging_mixin.py:188} INFO - [2026-01-29T04:03:58.601+0000] {dag.py:3947} INFO - Setting next_dagrun for example_sla_dag to 2026-01-29 04:00:00+00:00, run_after=2026-01-29 04:02:00+00:00
[2026-01-29T04:03:58.621+0000] {processor.py:183} INFO - Processing /home/airflow/.local/lib/python3.12/site-packages/airflow/example_dags/example_sla_dag.py took 0.085 seconds
[2026-01-29T04:04:29.440+0000] {processor.py:161} INFO - Started process (PID=92010) to work on /home/airflow/.local/lib/python3.12/site-packages/airflow/example_dags/example_sla_dag.py
[2026-01-29T04:04:29.441+0000] {processor.py:830} INFO - Processing file /home/airflow/.local/lib/python3.12/site-packages/airflow/example_dags/example_sla_dag.py for tasks to queue
[2026-01-29T04:04:29.443+0000] {logging_mixin.py:188} INFO - [2026-01-29T04:04:29.442+0000] {dagbag.py:545} INFO - Filling up the DagBag from /home/airflow/.local/lib/python3.12/site-packages/airflow/example_dags/example_sla_dag.py
[2026-01-29T04:04:29.453+0000] {processor.py:840} INFO - DAG(s) 'example_sla_dag' retrieved from /home/airflow/.local/lib/python3.12/site-packages/airflow/example_dags/example_sla_dag.py
[2026-01-29T04:04:29.473+0000] {logging_mixin.py:188} INFO - [2026-01-29T04:04:29.473+0000] {dag.py:3089} INFO - Sync 1 DAGs
[2026-01-29T04:04:29.501+0000] {logging_mixin.py:188} INFO - [2026-01-29T04:04:29.501+0000] {dag.py:3947} INFO - Setting next_dagrun for example_sla_dag to 2026-01-29 04:02:00+00:00, run_after=2026-01-29 04:04:00+00:00
[2026-01-29T04:04:29.521+0000] {processor.py:183} INFO - Processing /home/airflow/.local/lib/python3.12/site-packages/airflow/example_dags/example_sla_dag.py took 0.089 seconds
[2026-01-29T04:04:59.594+0000] {processor.py:161} INFO - Started process (PID=92069) to work on /home/airflow/.local/lib/python3.12/site-packages/airflow/example_dags/example_sla_dag.py
[2026-01-29T04:04:59.595+0000] {processor.py:830} INFO - Processing file /home/airflow/.local/lib/python3.12/site-packages/airflow/example_dags/example_sla_dag.py for tasks to queue
[2026-01-29T04:04:59.596+0000] {logging_mixin.py:188} INFO - [2026-01-29T04:04:59.596+0000] {dagbag.py:545} INFO - Filling up the DagBag from /home/airflow/.local/lib/python3.12/site-packages/airflow/example_dags/example_sla_dag.py
[2026-01-29T04:04:59.605+0000] {processor.py:840} INFO - DAG(s) 'example_sla_dag' retrieved from /home/airflow/.local/lib/python3.12/site-packages/airflow/example_dags/example_sla_dag.py
[2026-01-29T04:04:59.629+0000] {logging_mixin.py:188} INFO - [2026-01-29T04:04:59.629+0000] {dag.py:3089} INFO - Sync 1 DAGs
[2026-01-29T04:04:59.662+0000] {logging_mixin.py:188} INFO - [2026-01-29T04:04:59.662+0000] {dag.py:3947} INFO - Setting next_dagrun for example_sla_dag to 2026-01-29 04:02:00+00:00, run_after=2026-01-29 04:04:00+00:00
[2026-01-29T04:04:59.682+0000] {processor.py:183} INFO - Processing /home/airflow/.local/lib/python3.12/site-packages/airflow/example_dags/example_sla_dag.py took 0.096 seconds
[2026-01-29T04:05:29.999+0000] {processor.py:161} INFO - Started process (PID=92133) to work on /home/airflow/.local/lib/python3.12/site-packages/airflow/example_dags/example_sla_dag.py
[2026-01-29T04:05:29.999+0000] {processor.py:830} INFO - Processing file /home/airflow/.local/lib/python3.12/site-packages/airflow/example_dags/example_sla_dag.py for tasks to queue
[2026-01-29T04:05:30.001+0000] {logging_mixin.py:188} INFO - [2026-01-29T04:05:30.001+0000] {dagbag.py:545} INFO - Filling up the DagBag from /home/airflow/.local/lib/python3.12/site-packages/airflow/example_dags/example_sla_dag.py
[2026-01-29T04:05:30.011+0000] {processor.py:840} INFO - DAG(s) 'example_sla_dag' retrieved from /home/airflow/.local/lib/python3.12/site-packages/airflow/example_dags/example_sla_dag.py
[2026-01-29T04:05:30.031+0000] {logging_mixin.py:188} INFO - [2026-01-29T04:05:30.031+0000] {dag.py:3089} INFO - Sync 1 DAGs
[2026-01-29T04:05:30.059+0000] {logging_mixin.py:188} INFO - [2026-01-29T04:05:30.059+0000] {dag.py:3947} INFO - Setting next_dagrun for example_sla_dag to 2026-01-29 04:02:00+00:00, run_after=2026-01-29 04:04:00+00:00
[2026-01-29T04:05:30.079+0000] {processor.py:183} INFO - Processing /home/airflow/.local/lib/python3.12/site-packages/airflow/example_dags/example_sla_dag.py took 0.088 seconds
[2026-01-29T04:06:00.199+0000] {processor.py:161} INFO - Started process (PID=92192) to work on /home/airflow/.local/lib/python3.12/site-packages/airflow/example_dags/example_sla_dag.py
[2026-01-29T04:06:00.200+0000] {processor.py:830} INFO - Processing file /home/airflow/.local/lib/python3.12/site-packages/airflow/example_dags/example_sla_dag.py for tasks to queue
[2026-01-29T04:06:00.202+0000] {logging_mixin.py:188} INFO - [2026-01-29T04:06:00.201+0000] {dagbag.py:545} INFO - Filling up the DagBag from /home/airflow/.local/lib/python3.12/site-packages/airflow/example_dags/example_sla_dag.py
[2026-01-29T04:06:00.212+0000] {processor.py:840} INFO - DAG(s) 'example_sla_dag' retrieved from /home/airflow/.local/lib/python3.12/site-packages/airflow/example_dags/example_sla_dag.py
[2026-01-29T04:06:00.232+0000] {logging_mixin.py:188} INFO - [2026-01-29T04:06:00.232+0000] {dag.py:3089} INFO - Sync 1 DAGs
[2026-01-29T04:06:00.261+0000] {logging_mixin.py:188} INFO - [2026-01-29T04:06:00.260+0000] {dag.py:3947} INFO - Setting next_dagrun for example_sla_dag to 2026-01-29 04:04:00+00:00, run_after=2026-01-29 04:06:00+00:00
[2026-01-29T04:06:00.280+0000] {processor.py:183} INFO - Processing /home/airflow/.local/lib/python3.12/site-packages/airflow/example_dags/example_sla_dag.py took 0.089 seconds
[2026-01-29T04:06:30.339+0000] {processor.py:161} INFO - Started process (PID=92256) to work on /home/airflow/.local/lib/python3.12/site-packages/airflow/example_dags/example_sla_dag.py
[2026-01-29T04:06:30.339+0000] {processor.py:830} INFO - Processing file /home/airflow/.local/lib/python3.12/site-packages/airflow/example_dags/example_sla_dag.py for tasks to queue
[2026-01-29T04:06:30.341+0000] {logging_mixin.py:188} INFO - [2026-01-29T04:06:30.341+0000] {dagbag.py:545} INFO - Filling up the DagBag from /home/airflow/.local/lib/python3.12/site-packages/airflow/example_dags/example_sla_dag.py
[2026-01-29T04:06:30.351+0000] {processor.py:840} INFO - DAG(s) 'example_sla_dag' retrieved from /home/airflow/.local/lib/python3.12/site-packages/airflow/example_dags/example_sla_dag.py
[2026-01-29T04:06:30.369+0000] {logging_mixin.py:188} INFO - [2026-01-29T04:06:30.368+0000] {dag.py:3089} INFO - Sync 1 DAGs
[2026-01-29T04:06:30.395+0000] {logging_mixin.py:188} INFO - [2026-01-29T04:06:30.395+0000] {dag.py:3947} INFO - Setting next_dagrun for example_sla_dag to 2026-01-29 04:04:00+00:00, run_after=2026-01-29 04:06:00+00:00
[2026-01-29T04:06:30.414+0000] {processor.py:183} INFO - Processing /home/airflow/.local/lib/python3.12/site-packages/airflow/example_dags/example_sla_dag.py took 0.082 seconds
[2026-01-29T04:07:00.666+0000] {processor.py:161} INFO - Started process (PID=92320) to work on /home/airflow/.local/lib/python3.12/site-packages/airflow/example_dags/example_sla_dag.py
[2026-01-29T04:07:00.668+0000] {processor.py:830} INFO - Processing file /home/airflow/.local/lib/python3.12/site-packages/airflow/example_dags/example_sla_dag.py for tasks to queue
[2026-01-29T04:07:00.670+0000] {logging_mixin.py:188} INFO - [2026-01-29T04:07:00.670+0000] {dagbag.py:545} INFO - Filling up the DagBag from /home/airflow/.local/lib/python3.12/site-packages/airflow/example_dags/example_sla_dag.py
[2026-01-29T04:07:00.681+0000] {processor.py:840} INFO - DAG(s) 'example_sla_dag' retrieved from /home/airflow/.local/lib/python3.12/site-packages/airflow/example_dags/example_sla_dag.py
[2026-01-29T04:07:00.708+0000] {logging_mixin.py:188} INFO - [2026-01-29T04:07:00.708+0000] {dag.py:3089} INFO - Sync 1 DAGs
[2026-01-29T04:07:00.750+0000] {logging_mixin.py:188} INFO - [2026-01-29T04:07:00.749+0000] {dag.py:3947} INFO - Setting next_dagrun for example_sla_dag to 2026-01-29 04:04:00+00:00, run_after=2026-01-29 04:06:00+00:00
[2026-01-29T04:07:00.778+0000] {processor.py:183} INFO - Processing /home/airflow/.local/lib/python3.12/site-packages/airflow/example_dags/example_sla_dag.py took 0.120 seconds
[2026-01-29T04:07:30.966+0000] {processor.py:161} INFO - Started process (PID=92379) to work on /home/airflow/.local/lib/python3.12/site-packages/airflow/example_dags/example_sla_dag.py
[2026-01-29T04:07:30.967+0000] {processor.py:830} INFO - Processing file /home/airflow/.local/lib/python3.12/site-packages/airflow/example_dags/example_sla_dag.py for tasks to queue
[2026-01-29T04:07:30.969+0000] {logging_mixin.py:188} INFO - [2026-01-29T04:07:30.968+0000] {dagbag.py:545} INFO - Filling up the DagBag from /home/airflow/.local/lib/python3.12/site-packages/airflow/example_dags/example_sla_dag.py
[2026-01-29T04:07:30.979+0000] {processor.py:840} INFO - DAG(s) 'example_sla_dag' retrieved from /home/airflow/.local/lib/python3.12/site-packages/airflow/example_dags/example_sla_dag.py
[2026-01-29T04:07:30.999+0000] {logging_mixin.py:188} INFO - [2026-01-29T04:07:30.998+0000] {dag.py:3089} INFO - Sync 1 DAGs
[2026-01-29T04:07:31.026+0000] {logging_mixin.py:188} INFO - [2026-01-29T04:07:31.026+0000] {dag.py:3947} INFO - Setting next_dagrun for example_sla_dag to 2026-01-29 04:04:00+00:00, run_after=2026-01-29 04:06:00+00:00
[2026-01-29T04:07:31.046+0000] {processor.py:183} INFO - Processing /home/airflow/.local/lib/python3.12/site-packages/airflow/example_dags/example_sla_dag.py took 0.087 seconds
[2026-01-29T04:08:01.185+0000] {processor.py:161} INFO - Started process (PID=92443) to work on /home/airflow/.local/lib/python3.12/site-packages/airflow/example_dags/example_sla_dag.py
[2026-01-29T04:08:01.186+0000] {processor.py:830} INFO - Processing file /home/airflow/.local/lib/python3.12/site-packages/airflow/example_dags/example_sla_dag.py for tasks to queue
[2026-01-29T04:08:01.189+0000] {logging_mixin.py:188} INFO - [2026-01-29T04:08:01.189+0000] {dagbag.py:545} INFO - Filling up the DagBag from /home/airflow/.local/lib/python3.12/site-packages/airflow/example_dags/example_sla_dag.py
[2026-01-29T04:08:01.203+0000] {processor.py:840} INFO - DAG(s) 'example_sla_dag' retrieved from /home/airflow/.local/lib/python3.12/site-packages/airflow/example_dags/example_sla_dag.py
[2026-01-29T04:08:01.229+0000] {logging_mixin.py:188} INFO - [2026-01-29T04:08:01.229+0000] {dag.py:3089} INFO - Sync 1 DAGs
[2026-01-29T04:08:01.272+0000] {logging_mixin.py:188} INFO - [2026-01-29T04:08:01.271+0000] {dag.py:3947} INFO - Setting next_dagrun for example_sla_dag to 2026-01-29 04:06:00+00:00, run_after=2026-01-29 04:08:00+00:00
[2026-01-29T04:08:01.300+0000] {processor.py:183} INFO - Processing /home/airflow/.local/lib/python3.12/site-packages/airflow/example_dags/example_sla_dag.py took 0.124 seconds
[2026-01-29T04:08:31.450+0000] {processor.py:161} INFO - Started process (PID=92502) to work on /home/airflow/.local/lib/python3.12/site-packages/airflow/example_dags/example_sla_dag.py
[2026-01-29T04:08:31.451+0000] {processor.py:830} INFO - Processing file /home/airflow/.local/lib/python3.12/site-packages/airflow/example_dags/example_sla_dag.py for tasks to queue
[2026-01-29T04:08:31.453+0000] {logging_mixin.py:188} INFO - [2026-01-29T04:08:31.452+0000] {dagbag.py:545} INFO - Filling up the DagBag from /home/airflow/.local/lib/python3.12/site-packages/airflow/example_dags/example_sla_dag.py
[2026-01-29T04:08:31.461+0000] {processor.py:840} INFO - DAG(s) 'example_sla_dag' retrieved from /home/airflow/.local/lib/python3.12/site-packages/airflow/example_dags/example_sla_dag.py
[2026-01-29T04:08:31.480+0000] {logging_mixin.py:188} INFO - [2026-01-29T04:08:31.479+0000] {dag.py:3089} INFO - Sync 1 DAGs
[2026-01-29T04:08:31.509+0000] {logging_mixin.py:188} INFO - [2026-01-29T04:08:31.509+0000] {dag.py:3947} INFO - Setting next_dagrun for example_sla_dag to 2026-01-29 04:06:00+00:00, run_after=2026-01-29 04:08:00+00:00
[2026-01-29T04:08:31.535+0000] {processor.py:183} INFO - Processing /home/airflow/.local/lib/python3.12/site-packages/airflow/example_dags/example_sla_dag.py took 0.092 seconds
[2026-01-29T04:09:01.729+0000] {processor.py:161} INFO - Started process (PID=92566) to work on /home/airflow/.local/lib/python3.12/site-packages/airflow/example_dags/example_sla_dag.py
[2026-01-29T04:09:01.730+0000] {processor.py:830} INFO - Processing file /home/airflow/.local/lib/python3.12/site-packages/airflow/example_dags/example_sla_dag.py for tasks to queue
[2026-01-29T04:09:01.732+0000] {logging_mixin.py:188} INFO - [2026-01-29T04:09:01.732+0000] {dagbag.py:545} INFO - Filling up the DagBag from /home/airflow/.local/lib/python3.12/site-packages/airflow/example_dags/example_sla_dag.py
[2026-01-29T04:09:01.744+0000] {processor.py:840} INFO - DAG(s) 'example_sla_dag' retrieved from /home/airflow/.local/lib/python3.12/site-packages/airflow/example_dags/example_sla_dag.py
[2026-01-29T04:09:01.774+0000] {logging_mixin.py:188} INFO - [2026-01-29T04:09:01.773+0000] {dag.py:3089} INFO - Sync 1 DAGs
[2026-01-29T04:09:01.816+0000] {logging_mixin.py:188} INFO - [2026-01-29T04:09:01.815+0000] {dag.py:3947} INFO - Setting next_dagrun for example_sla_dag to 2026-01-29 04:06:00+00:00, run_after=2026-01-29 04:08:00+00:00
[2026-01-29T04:09:01.836+0000] {processor.py:183} INFO - Processing /home/airflow/.local/lib/python3.12/site-packages/airflow/example_dags/example_sla_dag.py took 0.117 seconds
[2026-01-29T04:09:32.617+0000] {processor.py:161} INFO - Started process (PID=92625) to work on /home/airflow/.local/lib/python3.12/site-packages/airflow/example_dags/example_sla_dag.py
[2026-01-29T04:09:32.618+0000] {processor.py:830} INFO - Processing file /home/airflow/.local/lib/python3.12/site-packages/airflow/example_dags/example_sla_dag.py for tasks to queue
[2026-01-29T04:09:32.620+0000] {logging_mixin.py:188} INFO - [2026-01-29T04:09:32.620+0000] {dagbag.py:545} INFO - Filling up the DagBag from /home/airflow/.local/lib/python3.12/site-packages/airflow/example_dags/example_sla_dag.py
[2026-01-29T04:09:32.630+0000] {processor.py:840} INFO - DAG(s) 'example_sla_dag' retrieved from /home/airflow/.local/lib/python3.12/site-packages/airflow/example_dags/example_sla_dag.py
[2026-01-29T04:09:32.650+0000] {logging_mixin.py:188} INFO - [2026-01-29T04:09:32.650+0000] {dag.py:3089} INFO - Sync 1 DAGs
[2026-01-29T04:09:32.677+0000] {logging_mixin.py:188} INFO - [2026-01-29T04:09:32.677+0000] {dag.py:3947} INFO - Setting next_dagrun for example_sla_dag to 2026-01-29 04:06:00+00:00, run_after=2026-01-29 04:08:00+00:00
[2026-01-29T04:09:32.697+0000] {processor.py:183} INFO - Processing /home/airflow/.local/lib/python3.12/site-packages/airflow/example_dags/example_sla_dag.py took 0.087 seconds
[2026-01-29T04:10:03.593+0000] {processor.py:161} INFO - Started process (PID=92689) to work on /home/airflow/.local/lib/python3.12/site-packages/airflow/example_dags/example_sla_dag.py
[2026-01-29T04:10:03.594+0000] {processor.py:830} INFO - Processing file /home/airflow/.local/lib/python3.12/site-packages/airflow/example_dags/example_sla_dag.py for tasks to queue
[2026-01-29T04:10:03.596+0000] {logging_mixin.py:188} INFO - [2026-01-29T04:10:03.596+0000] {dagbag.py:545} INFO - Filling up the DagBag from /home/airflow/.local/lib/python3.12/site-packages/airflow/example_dags/example_sla_dag.py
[2026-01-29T04:10:03.608+0000] {processor.py:840} INFO - DAG(s) 'example_sla_dag' retrieved from /home/airflow/.local/lib/python3.12/site-packages/airflow/example_dags/example_sla_dag.py
[2026-01-29T04:10:03.629+0000] {logging_mixin.py:188} INFO - [2026-01-29T04:10:03.628+0000] {dag.py:3089} INFO - Sync 1 DAGs
[2026-01-29T04:10:03.655+0000] {logging_mixin.py:188} INFO - [2026-01-29T04:10:03.654+0000] {dag.py:3947} INFO - Setting next_dagrun for example_sla_dag to 2026-01-29 04:08:00+00:00, run_after=2026-01-29 04:10:00+00:00
[2026-01-29T04:10:03.674+0000] {processor.py:183} INFO - Processing /home/airflow/.local/lib/python3.12/site-packages/airflow/example_dags/example_sla_dag.py took 0.088 seconds
[2026-01-29T04:10:33.753+0000] {processor.py:161} INFO - Started process (PID=92748) to work on /home/airflow/.local/lib/python3.12/site-packages/airflow/example_dags/example_sla_dag.py
[2026-01-29T04:10:33.754+0000] {processor.py:830} INFO - Processing file /home/airflow/.local/lib/python3.12/site-packages/airflow/example_dags/example_sla_dag.py for tasks to queue
[2026-01-29T04:10:33.756+0000] {logging_mixin.py:188} INFO - [2026-01-29T04:10:33.756+0000] {dagbag.py:545} INFO - Filling up the DagBag from /home/airflow/.local/lib/python3.12/site-packages/airflow/example_dags/example_sla_dag.py
[2026-01-29T04:10:33.766+0000] {processor.py:840} INFO - DAG(s) 'example_sla_dag' retrieved from /home/airflow/.local/lib/python3.12/site-packages/airflow/example_dags/example_sla_dag.py
[2026-01-29T04:10:33.787+0000] {logging_mixin.py:188} INFO - [2026-01-29T04:10:33.787+0000] {dag.py:3089} INFO - Sync 1 DAGs
[2026-01-29T04:10:33.814+0000] {logging_mixin.py:188} INFO - [2026-01-29T04:10:33.814+0000] {dag.py:3947} INFO - Setting next_dagrun for example_sla_dag to 2026-01-29 04:08:00+00:00, run_after=2026-01-29 04:10:00+00:00
[2026-01-29T04:10:33.835+0000] {processor.py:183} INFO - Processing /home/airflow/.local/lib/python3.12/site-packages/airflow/example_dags/example_sla_dag.py took 0.089 seconds
[2026-01-29T04:11:04.592+0000] {processor.py:161} INFO - Started process (PID=92812) to work on /home/airflow/.local/lib/python3.12/site-packages/airflow/example_dags/example_sla_dag.py
[2026-01-29T04:11:04.593+0000] {processor.py:830} INFO - Processing file /home/airflow/.local/lib/python3.12/site-packages/airflow/example_dags/example_sla_dag.py for tasks to queue
[2026-01-29T04:11:04.594+0000] {logging_mixin.py:188} INFO - [2026-01-29T04:11:04.594+0000] {dagbag.py:545} INFO - Filling up the DagBag from /home/airflow/.local/lib/python3.12/site-packages/airflow/example_dags/example_sla_dag.py
[2026-01-29T04:11:04.604+0000] {processor.py:840} INFO - DAG(s) 'example_sla_dag' retrieved from /home/airflow/.local/lib/python3.12/site-packages/airflow/example_dags/example_sla_dag.py
[2026-01-29T04:11:04.623+0000] {logging_mixin.py:188} INFO - [2026-01-29T04:11:04.623+0000] {dag.py:3089} INFO - Sync 1 DAGs
[2026-01-29T04:11:04.652+0000] {logging_mixin.py:188} INFO - [2026-01-29T04:11:04.651+0000] {dag.py:3947} INFO - Setting next_dagrun for example_sla_dag to 2026-01-29 04:08:00+00:00, run_after=2026-01-29 04:10:00+00:00
[2026-01-29T04:11:04.671+0000] {processor.py:183} INFO - Processing /home/airflow/.local/lib/python3.12/site-packages/airflow/example_dags/example_sla_dag.py took 0.085 seconds
[2026-01-29T04:11:35.523+0000] {processor.py:161} INFO - Started process (PID=92871) to work on /home/airflow/.local/lib/python3.12/site-packages/airflow/example_dags/example_sla_dag.py
[2026-01-29T04:11:35.524+0000] {processor.py:830} INFO - Processing file /home/airflow/.local/lib/python3.12/site-packages/airflow/example_dags/example_sla_dag.py for tasks to queue
[2026-01-29T04:11:35.526+0000] {logging_mixin.py:188} INFO - [2026-01-29T04:11:35.525+0000] {dagbag.py:545} INFO - Filling up the DagBag from /home/airflow/.local/lib/python3.12/site-packages/airflow/example_dags/example_sla_dag.py
[2026-01-29T04:11:35.535+0000] {processor.py:840} INFO - DAG(s) 'example_sla_dag' retrieved from /home/airflow/.local/lib/python3.12/site-packages/airflow/example_dags/example_sla_dag.py
[2026-01-29T04:11:35.555+0000] {logging_mixin.py:188} INFO - [2026-01-29T04:11:35.555+0000] {dag.py:3089} INFO - Sync 1 DAGs
[2026-01-29T04:11:35.584+0000] {logging_mixin.py:188} INFO - [2026-01-29T04:11:35.583+0000] {dag.py:3947} INFO - Setting next_dagrun for example_sla_dag to 2026-01-29 04:08:00+00:00, run_after=2026-01-29 04:10:00+00:00
[2026-01-29T04:11:35.603+0000] {processor.py:183} INFO - Processing /home/airflow/.local/lib/python3.12/site-packages/airflow/example_dags/example_sla_dag.py took 0.086 seconds
[2026-01-29T04:12:05.674+0000] {processor.py:161} INFO - Started process (PID=92935) to work on /home/airflow/.local/lib/python3.12/site-packages/airflow/example_dags/example_sla_dag.py
[2026-01-29T04:12:05.675+0000] {processor.py:830} INFO - Processing file /home/airflow/.local/lib/python3.12/site-packages/airflow/example_dags/example_sla_dag.py for tasks to queue
[2026-01-29T04:12:05.677+0000] {logging_mixin.py:188} INFO - [2026-01-29T04:12:05.677+0000] {dagbag.py:545} INFO - Filling up the DagBag from /home/airflow/.local/lib/python3.12/site-packages/airflow/example_dags/example_sla_dag.py
[2026-01-29T04:12:05.688+0000] {processor.py:840} INFO - DAG(s) 'example_sla_dag' retrieved from /home/airflow/.local/lib/python3.12/site-packages/airflow/example_dags/example_sla_dag.py
[2026-01-29T04:12:05.710+0000] {logging_mixin.py:188} INFO - [2026-01-29T04:12:05.710+0000] {dag.py:3089} INFO - Sync 1 DAGs
[2026-01-29T04:12:05.738+0000] {logging_mixin.py:188} INFO - [2026-01-29T04:12:05.738+0000] {dag.py:3947} INFO - Setting next_dagrun for example_sla_dag to 2026-01-29 04:10:00+00:00, run_after=2026-01-29 04:12:00+00:00
[2026-01-29T04:12:05.759+0000] {processor.py:183} INFO - Processing /home/airflow/.local/lib/python3.12/site-packages/airflow/example_dags/example_sla_dag.py took 0.092 seconds
[2026-01-29T04:12:35.961+0000] {processor.py:161} INFO - Started process (PID=92994) to work on /home/airflow/.local/lib/python3.12/site-packages/airflow/example_dags/example_sla_dag.py
[2026-01-29T04:12:35.962+0000] {processor.py:830} INFO - Processing file /home/airflow/.local/lib/python3.12/site-packages/airflow/example_dags/example_sla_dag.py for tasks to queue
[2026-01-29T04:12:35.964+0000] {logging_mixin.py:188} INFO - [2026-01-29T04:12:35.963+0000] {dagbag.py:545} INFO - Filling up the DagBag from /home/airflow/.local/lib/python3.12/site-packages/airflow/example_dags/example_sla_dag.py
[2026-01-29T04:12:35.973+0000] {processor.py:840} INFO - DAG(s) 'example_sla_dag' retrieved from /home/airflow/.local/lib/python3.12/site-packages/airflow/example_dags/example_sla_dag.py
[2026-01-29T04:12:35.993+0000] {logging_mixin.py:188} INFO - [2026-01-29T04:12:35.993+0000] {dag.py:3089} INFO - Sync 1 DAGs
[2026-01-29T04:12:36.020+0000] {logging_mixin.py:188} INFO - [2026-01-29T04:12:36.020+0000] {dag.py:3947} INFO - Setting next_dagrun for example_sla_dag to 2026-01-29 04:10:00+00:00, run_after=2026-01-29 04:12:00+00:00
[2026-01-29T04:12:36.039+0000] {processor.py:183} INFO - Processing /home/airflow/.local/lib/python3.12/site-packages/airflow/example_dags/example_sla_dag.py took 0.085 seconds
[2026-01-29T04:13:06.111+0000] {processor.py:161} INFO - Started process (PID=93057) to work on /home/airflow/.local/lib/python3.12/site-packages/airflow/example_dags/example_sla_dag.py
[2026-01-29T04:13:06.112+0000] {processor.py:830} INFO - Processing file /home/airflow/.local/lib/python3.12/site-packages/airflow/example_dags/example_sla_dag.py for tasks to queue
[2026-01-29T04:13:06.114+0000] {logging_mixin.py:188} INFO - [2026-01-29T04:13:06.114+0000] {dagbag.py:545} INFO - Filling up the DagBag from /home/airflow/.local/lib/python3.12/site-packages/airflow/example_dags/example_sla_dag.py
[2026-01-29T04:13:06.125+0000] {processor.py:840} INFO - DAG(s) 'example_sla_dag' retrieved from /home/airflow/.local/lib/python3.12/site-packages/airflow/example_dags/example_sla_dag.py
[2026-01-29T04:13:06.145+0000] {logging_mixin.py:188} INFO - [2026-01-29T04:13:06.145+0000] {dag.py:3089} INFO - Sync 1 DAGs
[2026-01-29T04:13:06.172+0000] {logging_mixin.py:188} INFO - [2026-01-29T04:13:06.172+0000] {dag.py:3947} INFO - Setting next_dagrun for example_sla_dag to 2026-01-29 04:10:00+00:00, run_after=2026-01-29 04:12:00+00:00
[2026-01-29T04:13:06.192+0000] {processor.py:183} INFO - Processing /home/airflow/.local/lib/python3.12/site-packages/airflow/example_dags/example_sla_dag.py took 0.090 seconds
[2026-01-29T04:13:36.834+0000] {processor.py:161} INFO - Started process (PID=93117) to work on /home/airflow/.local/lib/python3.12/site-packages/airflow/example_dags/example_sla_dag.py
[2026-01-29T04:13:36.835+0000] {processor.py:830} INFO - Processing file /home/airflow/.local/lib/python3.12/site-packages/airflow/example_dags/example_sla_dag.py for tasks to queue
[2026-01-29T04:13:36.836+0000] {logging_mixin.py:188} INFO - [2026-01-29T04:13:36.836+0000] {dagbag.py:545} INFO - Filling up the DagBag from /home/airflow/.local/lib/python3.12/site-packages/airflow/example_dags/example_sla_dag.py
[2026-01-29T04:13:36.844+0000] {processor.py:840} INFO - DAG(s) 'example_sla_dag' retrieved from /home/airflow/.local/lib/python3.12/site-packages/airflow/example_dags/example_sla_dag.py
[2026-01-29T04:13:36.864+0000] {logging_mixin.py:188} INFO - [2026-01-29T04:13:36.864+0000] {dag.py:3089} INFO - Sync 1 DAGs
[2026-01-29T04:13:36.891+0000] {logging_mixin.py:188} INFO - [2026-01-29T04:13:36.890+0000] {dag.py:3947} INFO - Setting next_dagrun for example_sla_dag to 2026-01-29 04:10:00+00:00, run_after=2026-01-29 04:12:00+00:00
[2026-01-29T04:13:36.909+0000] {processor.py:183} INFO - Processing /home/airflow/.local/lib/python3.12/site-packages/airflow/example_dags/example_sla_dag.py took 0.081 seconds
[2026-01-29T04:14:07.518+0000] {processor.py:161} INFO - Started process (PID=93181) to work on /home/airflow/.local/lib/python3.12/site-packages/airflow/example_dags/example_sla_dag.py
[2026-01-29T04:14:07.519+0000] {processor.py:830} INFO - Processing file /home/airflow/.local/lib/python3.12/site-packages/airflow/example_dags/example_sla_dag.py for tasks to queue
[2026-01-29T04:14:07.521+0000] {logging_mixin.py:188} INFO - [2026-01-29T04:14:07.520+0000] {dagbag.py:545} INFO - Filling up the DagBag from /home/airflow/.local/lib/python3.12/site-packages/airflow/example_dags/example_sla_dag.py
[2026-01-29T04:14:07.529+0000] {processor.py:840} INFO - DAG(s) 'example_sla_dag' retrieved from /home/airflow/.local/lib/python3.12/site-packages/airflow/example_dags/example_sla_dag.py
[2026-01-29T04:14:07.553+0000] {logging_mixin.py:188} INFO - [2026-01-29T04:14:07.553+0000] {dag.py:3089} INFO - Sync 1 DAGs
[2026-01-29T04:14:07.591+0000] {logging_mixin.py:188} INFO - [2026-01-29T04:14:07.591+0000] {dag.py:3947} INFO - Setting next_dagrun for example_sla_dag to 2026-01-29 04:12:00+00:00, run_after=2026-01-29 04:14:00+00:00
[2026-01-29T04:14:07.614+0000] {processor.py:183} INFO - Processing /home/airflow/.local/lib/python3.12/site-packages/airflow/example_dags/example_sla_dag.py took 0.101 seconds
[2026-01-29T04:14:37.696+0000] {processor.py:161} INFO - Started process (PID=93239) to work on /home/airflow/.local/lib/python3.12/site-packages/airflow/example_dags/example_sla_dag.py
[2026-01-29T04:14:37.697+0000] {processor.py:830} INFO - Processing file /home/airflow/.local/lib/python3.12/site-packages/airflow/example_dags/example_sla_dag.py for tasks to queue
[2026-01-29T04:14:37.698+0000] {logging_mixin.py:188} INFO - [2026-01-29T04:14:37.698+0000] {dagbag.py:545} INFO - Filling up the DagBag from /home/airflow/.local/lib/python3.12/site-packages/airflow/example_dags/example_sla_dag.py
[2026-01-29T04:14:37.706+0000] {processor.py:840} INFO - DAG(s) 'example_sla_dag' retrieved from /home/airflow/.local/lib/python3.12/site-packages/airflow/example_dags/example_sla_dag.py
[2026-01-29T04:14:37.726+0000] {logging_mixin.py:188} INFO - [2026-01-29T04:14:37.726+0000] {dag.py:3089} INFO - Sync 1 DAGs
[2026-01-29T04:14:37.752+0000] {logging_mixin.py:188} INFO - [2026-01-29T04:14:37.751+0000] {dag.py:3947} INFO - Setting next_dagrun for example_sla_dag to 2026-01-29 04:12:00+00:00, run_after=2026-01-29 04:14:00+00:00
[2026-01-29T04:14:37.771+0000] {processor.py:183} INFO - Processing /home/airflow/.local/lib/python3.12/site-packages/airflow/example_dags/example_sla_dag.py took 0.081 seconds
[2026-01-29T04:15:07.866+0000] {processor.py:161} INFO - Started process (PID=93303) to work on /home/airflow/.local/lib/python3.12/site-packages/airflow/example_dags/example_sla_dag.py
[2026-01-29T04:15:07.867+0000] {processor.py:830} INFO - Processing file /home/airflow/.local/lib/python3.12/site-packages/airflow/example_dags/example_sla_dag.py for tasks to queue
[2026-01-29T04:15:07.868+0000] {logging_mixin.py:188} INFO - [2026-01-29T04:15:07.868+0000] {dagbag.py:545} INFO - Filling up the DagBag from /home/airflow/.local/lib/python3.12/site-packages/airflow/example_dags/example_sla_dag.py
[2026-01-29T04:15:07.878+0000] {processor.py:840} INFO - DAG(s) 'example_sla_dag' retrieved from /home/airflow/.local/lib/python3.12/site-packages/airflow/example_dags/example_sla_dag.py
[2026-01-29T04:15:07.898+0000] {logging_mixin.py:188} INFO - [2026-01-29T04:15:07.898+0000] {dag.py:3089} INFO - Sync 1 DAGs
[2026-01-29T04:15:07.925+0000] {logging_mixin.py:188} INFO - [2026-01-29T04:15:07.925+0000] {dag.py:3947} INFO - Setting next_dagrun for example_sla_dag to 2026-01-29 04:12:00+00:00, run_after=2026-01-29 04:14:00+00:00
[2026-01-29T04:15:07.945+0000] {processor.py:183} INFO - Processing /home/airflow/.local/lib/python3.12/site-packages/airflow/example_dags/example_sla_dag.py took 0.086 seconds
[2026-01-29T04:15:38.063+0000] {processor.py:161} INFO - Started process (PID=93362) to work on /home/airflow/.local/lib/python3.12/site-packages/airflow/example_dags/example_sla_dag.py
[2026-01-29T04:15:38.064+0000] {processor.py:830} INFO - Processing file /home/airflow/.local/lib/python3.12/site-packages/airflow/example_dags/example_sla_dag.py for tasks to queue
[2026-01-29T04:15:38.065+0000] {logging_mixin.py:188} INFO - [2026-01-29T04:15:38.065+0000] {dagbag.py:545} INFO - Filling up the DagBag from /home/airflow/.local/lib/python3.12/site-packages/airflow/example_dags/example_sla_dag.py
[2026-01-29T04:15:38.074+0000] {processor.py:840} INFO - DAG(s) 'example_sla_dag' retrieved from /home/airflow/.local/lib/python3.12/site-packages/airflow/example_dags/example_sla_dag.py
[2026-01-29T04:15:38.095+0000] {logging_mixin.py:188} INFO - [2026-01-29T04:15:38.095+0000] {dag.py:3089} INFO - Sync 1 DAGs
[2026-01-29T04:15:38.124+0000] {logging_mixin.py:188} INFO - [2026-01-29T04:15:38.123+0000] {dag.py:3947} INFO - Setting next_dagrun for example_sla_dag to 2026-01-29 04:12:00+00:00, run_after=2026-01-29 04:14:00+00:00
[2026-01-29T04:15:38.144+0000] {processor.py:183} INFO - Processing /home/airflow/.local/lib/python3.12/site-packages/airflow/example_dags/example_sla_dag.py took 0.088 seconds
[2026-01-29T04:16:08.400+0000] {processor.py:161} INFO - Started process (PID=93426) to work on /home/airflow/.local/lib/python3.12/site-packages/airflow/example_dags/example_sla_dag.py
[2026-01-29T04:16:08.401+0000] {processor.py:830} INFO - Processing file /home/airflow/.local/lib/python3.12/site-packages/airflow/example_dags/example_sla_dag.py for tasks to queue
[2026-01-29T04:16:08.403+0000] {logging_mixin.py:188} INFO - [2026-01-29T04:16:08.403+0000] {dagbag.py:545} INFO - Filling up the DagBag from /home/airflow/.local/lib/python3.12/site-packages/airflow/example_dags/example_sla_dag.py
[2026-01-29T04:16:08.413+0000] {processor.py:840} INFO - DAG(s) 'example_sla_dag' retrieved from /home/airflow/.local/lib/python3.12/site-packages/airflow/example_dags/example_sla_dag.py
[2026-01-29T04:16:08.432+0000] {logging_mixin.py:188} INFO - [2026-01-29T04:16:08.432+0000] {dag.py:3089} INFO - Sync 1 DAGs
[2026-01-29T04:16:08.458+0000] {logging_mixin.py:188} INFO - [2026-01-29T04:16:08.458+0000] {dag.py:3947} INFO - Setting next_dagrun for example_sla_dag to 2026-01-29 04:14:00+00:00, run_after=2026-01-29 04:16:00+00:00
[2026-01-29T04:16:08.479+0000] {processor.py:183} INFO - Processing /home/airflow/.local/lib/python3.12/site-packages/airflow/example_dags/example_sla_dag.py took 0.087 seconds
[2026-01-29T04:16:38.719+0000] {processor.py:161} INFO - Started process (PID=93485) to work on /home/airflow/.local/lib/python3.12/site-packages/airflow/example_dags/example_sla_dag.py
[2026-01-29T04:16:38.720+0000] {processor.py:830} INFO - Processing file /home/airflow/.local/lib/python3.12/site-packages/airflow/example_dags/example_sla_dag.py for tasks to queue
[2026-01-29T04:16:38.722+0000] {logging_mixin.py:188} INFO - [2026-01-29T04:16:38.721+0000] {dagbag.py:545} INFO - Filling up the DagBag from /home/airflow/.local/lib/python3.12/site-packages/airflow/example_dags/example_sla_dag.py
[2026-01-29T04:16:38.732+0000] {processor.py:840} INFO - DAG(s) 'example_sla_dag' retrieved from /home/airflow/.local/lib/python3.12/site-packages/airflow/example_dags/example_sla_dag.py
[2026-01-29T04:16:38.758+0000] {logging_mixin.py:188} INFO - [2026-01-29T04:16:38.757+0000] {dag.py:3089} INFO - Sync 1 DAGs
[2026-01-29T04:16:38.786+0000] {logging_mixin.py:188} INFO - [2026-01-29T04:16:38.786+0000] {dag.py:3947} INFO - Setting next_dagrun for example_sla_dag to 2026-01-29 04:14:00+00:00, run_after=2026-01-29 04:16:00+00:00
[2026-01-29T04:16:38.806+0000] {processor.py:183} INFO - Processing /home/airflow/.local/lib/python3.12/site-packages/airflow/example_dags/example_sla_dag.py took 0.094 seconds
[2026-01-29T04:17:08.867+0000] {processor.py:161} INFO - Started process (PID=93549) to work on /home/airflow/.local/lib/python3.12/site-packages/airflow/example_dags/example_sla_dag.py
[2026-01-29T04:17:08.869+0000] {processor.py:830} INFO - Processing file /home/airflow/.local/lib/python3.12/site-packages/airflow/example_dags/example_sla_dag.py for tasks to queue
[2026-01-29T04:17:08.871+0000] {logging_mixin.py:188} INFO - [2026-01-29T04:17:08.870+0000] {dagbag.py:545} INFO - Filling up the DagBag from /home/airflow/.local/lib/python3.12/site-packages/airflow/example_dags/example_sla_dag.py
[2026-01-29T04:17:08.881+0000] {processor.py:840} INFO - DAG(s) 'example_sla_dag' retrieved from /home/airflow/.local/lib/python3.12/site-packages/airflow/example_dags/example_sla_dag.py
[2026-01-29T04:17:08.901+0000] {logging_mixin.py:188} INFO - [2026-01-29T04:17:08.901+0000] {dag.py:3089} INFO - Sync 1 DAGs
[2026-01-29T04:17:08.927+0000] {logging_mixin.py:188} INFO - [2026-01-29T04:17:08.926+0000] {dag.py:3947} INFO - Setting next_dagrun for example_sla_dag to 2026-01-29 04:14:00+00:00, run_after=2026-01-29 04:16:00+00:00
[2026-01-29T04:17:08.947+0000] {processor.py:183} INFO - Processing /home/airflow/.local/lib/python3.12/site-packages/airflow/example_dags/example_sla_dag.py took 0.087 seconds
[2026-01-29T04:17:39.010+0000] {processor.py:161} INFO - Started process (PID=93608) to work on /home/airflow/.local/lib/python3.12/site-packages/airflow/example_dags/example_sla_dag.py
[2026-01-29T04:17:39.011+0000] {processor.py:830} INFO - Processing file /home/airflow/.local/lib/python3.12/site-packages/airflow/example_dags/example_sla_dag.py for tasks to queue
[2026-01-29T04:17:39.013+0000] {logging_mixin.py:188} INFO - [2026-01-29T04:17:39.013+0000] {dagbag.py:545} INFO - Filling up the DagBag from /home/airflow/.local/lib/python3.12/site-packages/airflow/example_dags/example_sla_dag.py
[2026-01-29T04:17:39.023+0000] {processor.py:840} INFO - DAG(s) 'example_sla_dag' retrieved from /home/airflow/.local/lib/python3.12/site-packages/airflow/example_dags/example_sla_dag.py
[2026-01-29T04:17:39.042+0000] {logging_mixin.py:188} INFO - [2026-01-29T04:17:39.042+0000] {dag.py:3089} INFO - Sync 1 DAGs
[2026-01-29T04:17:39.067+0000] {logging_mixin.py:188} INFO - [2026-01-29T04:17:39.067+0000] {dag.py:3947} INFO - Setting next_dagrun for example_sla_dag to 2026-01-29 04:14:00+00:00, run_after=2026-01-29 04:16:00+00:00
[2026-01-29T04:17:39.088+0000] {processor.py:183} INFO - Processing /home/airflow/.local/lib/python3.12/site-packages/airflow/example_dags/example_sla_dag.py took 0.085 seconds
[2026-01-29T04:18:09.543+0000] {processor.py:161} INFO - Started process (PID=93672) to work on /home/airflow/.local/lib/python3.12/site-packages/airflow/example_dags/example_sla_dag.py
[2026-01-29T04:18:09.544+0000] {processor.py:830} INFO - Processing file /home/airflow/.local/lib/python3.12/site-packages/airflow/example_dags/example_sla_dag.py for tasks to queue
[2026-01-29T04:18:09.546+0000] {logging_mixin.py:188} INFO - [2026-01-29T04:18:09.546+0000] {dagbag.py:545} INFO - Filling up the DagBag from /home/airflow/.local/lib/python3.12/site-packages/airflow/example_dags/example_sla_dag.py
[2026-01-29T04:18:09.555+0000] {processor.py:840} INFO - DAG(s) 'example_sla_dag' retrieved from /home/airflow/.local/lib/python3.12/site-packages/airflow/example_dags/example_sla_dag.py
[2026-01-29T04:18:09.575+0000] {logging_mixin.py:188} INFO - [2026-01-29T04:18:09.574+0000] {dag.py:3089} INFO - Sync 1 DAGs
[2026-01-29T04:18:09.602+0000] {logging_mixin.py:188} INFO - [2026-01-29T04:18:09.602+0000] {dag.py:3947} INFO - Setting next_dagrun for example_sla_dag to 2026-01-29 04:16:00+00:00, run_after=2026-01-29 04:18:00+00:00
[2026-01-29T04:18:09.624+0000] {processor.py:183} INFO - Processing /home/airflow/.local/lib/python3.12/site-packages/airflow/example_dags/example_sla_dag.py took 0.087 seconds
[2026-01-29T04:18:39.831+0000] {processor.py:161} INFO - Started process (PID=93731) to work on /home/airflow/.local/lib/python3.12/site-packages/airflow/example_dags/example_sla_dag.py
[2026-01-29T04:18:39.832+0000] {processor.py:830} INFO - Processing file /home/airflow/.local/lib/python3.12/site-packages/airflow/example_dags/example_sla_dag.py for tasks to queue
[2026-01-29T04:18:39.833+0000] {logging_mixin.py:188} INFO - [2026-01-29T04:18:39.833+0000] {dagbag.py:545} INFO - Filling up the DagBag from /home/airflow/.local/lib/python3.12/site-packages/airflow/example_dags/example_sla_dag.py
[2026-01-29T04:18:39.843+0000] {processor.py:840} INFO - DAG(s) 'example_sla_dag' retrieved from /home/airflow/.local/lib/python3.12/site-packages/airflow/example_dags/example_sla_dag.py
[2026-01-29T04:18:39.863+0000] {logging_mixin.py:188} INFO - [2026-01-29T04:18:39.863+0000] {dag.py:3089} INFO - Sync 1 DAGs
[2026-01-29T04:18:39.889+0000] {logging_mixin.py:188} INFO - [2026-01-29T04:18:39.889+0000] {dag.py:3947} INFO - Setting next_dagrun for example_sla_dag to 2026-01-29 04:16:00+00:00, run_after=2026-01-29 04:18:00+00:00
[2026-01-29T04:18:39.909+0000] {processor.py:183} INFO - Processing /home/airflow/.local/lib/python3.12/site-packages/airflow/example_dags/example_sla_dag.py took 0.086 seconds
[2026-01-29T04:19:10.111+0000] {processor.py:161} INFO - Started process (PID=93795) to work on /home/airflow/.local/lib/python3.12/site-packages/airflow/example_dags/example_sla_dag.py
[2026-01-29T04:19:10.112+0000] {processor.py:830} INFO - Processing file /home/airflow/.local/lib/python3.12/site-packages/airflow/example_dags/example_sla_dag.py for tasks to queue
[2026-01-29T04:19:10.114+0000] {logging_mixin.py:188} INFO - [2026-01-29T04:19:10.114+0000] {dagbag.py:545} INFO - Filling up the DagBag from /home/airflow/.local/lib/python3.12/site-packages/airflow/example_dags/example_sla_dag.py
[2026-01-29T04:19:10.125+0000] {processor.py:840} INFO - DAG(s) 'example_sla_dag' retrieved from /home/airflow/.local/lib/python3.12/site-packages/airflow/example_dags/example_sla_dag.py
[2026-01-29T04:19:10.148+0000] {logging_mixin.py:188} INFO - [2026-01-29T04:19:10.148+0000] {dag.py:3089} INFO - Sync 1 DAGs
[2026-01-29T04:19:10.177+0000] {logging_mixin.py:188} INFO - [2026-01-29T04:19:10.177+0000] {dag.py:3947} INFO - Setting next_dagrun for example_sla_dag to 2026-01-29 04:16:00+00:00, run_after=2026-01-29 04:18:00+00:00
[2026-01-29T04:19:10.197+0000] {processor.py:183} INFO - Processing /home/airflow/.local/lib/python3.12/site-packages/airflow/example_dags/example_sla_dag.py took 0.093 seconds
[2026-01-29T04:19:40.426+0000] {processor.py:161} INFO - Started process (PID=93854) to work on /home/airflow/.local/lib/python3.12/site-packages/airflow/example_dags/example_sla_dag.py
[2026-01-29T04:19:40.427+0000] {processor.py:830} INFO - Processing file /home/airflow/.local/lib/python3.12/site-packages/airflow/example_dags/example_sla_dag.py for tasks to queue
[2026-01-29T04:19:40.428+0000] {logging_mixin.py:188} INFO - [2026-01-29T04:19:40.428+0000] {dagbag.py:545} INFO - Filling up the DagBag from /home/airflow/.local/lib/python3.12/site-packages/airflow/example_dags/example_sla_dag.py
[2026-01-29T04:19:40.438+0000] {processor.py:840} INFO - DAG(s) 'example_sla_dag' retrieved from /home/airflow/.local/lib/python3.12/site-packages/airflow/example_dags/example_sla_dag.py
[2026-01-29T04:19:40.457+0000] {logging_mixin.py:188} INFO - [2026-01-29T04:19:40.456+0000] {dag.py:3089} INFO - Sync 1 DAGs
[2026-01-29T04:19:40.483+0000] {logging_mixin.py:188} INFO - [2026-01-29T04:19:40.483+0000] {dag.py:3947} INFO - Setting next_dagrun for example_sla_dag to 2026-01-29 04:16:00+00:00, run_after=2026-01-29 04:18:00+00:00
[2026-01-29T04:19:40.502+0000] {processor.py:183} INFO - Processing /home/airflow/.local/lib/python3.12/site-packages/airflow/example_dags/example_sla_dag.py took 0.082 seconds
[2026-01-29T04:20:10.557+0000] {processor.py:161} INFO - Started process (PID=93918) to work on /home/airflow/.local/lib/python3.12/site-packages/airflow/example_dags/example_sla_dag.py
[2026-01-29T04:20:10.558+0000] {processor.py:830} INFO - Processing file /home/airflow/.local/lib/python3.12/site-packages/airflow/example_dags/example_sla_dag.py for tasks to queue
[2026-01-29T04:20:10.560+0000] {logging_mixin.py:188} INFO - [2026-01-29T04:20:10.560+0000] {dagbag.py:545} INFO - Filling up the DagBag from /home/airflow/.local/lib/python3.12/site-packages/airflow/example_dags/example_sla_dag.py
[2026-01-29T04:20:10.570+0000] {processor.py:840} INFO - DAG(s) 'example_sla_dag' retrieved from /home/airflow/.local/lib/python3.12/site-packages/airflow/example_dags/example_sla_dag.py
[2026-01-29T04:20:10.591+0000] {logging_mixin.py:188} INFO - [2026-01-29T04:20:10.591+0000] {dag.py:3089} INFO - Sync 1 DAGs
[2026-01-29T04:20:10.755+0000] {logging_mixin.py:188} INFO - [2026-01-29T04:20:10.755+0000] {dag.py:3947} INFO - Setting next_dagrun for example_sla_dag to 2026-01-29 04:18:00+00:00, run_after=2026-01-29 04:20:00+00:00
[2026-01-29T04:20:10.772+0000] {processor.py:183} INFO - Processing /home/airflow/.local/lib/python3.12/site-packages/airflow/example_dags/example_sla_dag.py took 0.222 seconds
[2026-01-29T04:20:41.240+0000] {processor.py:161} INFO - Started process (PID=93977) to work on /home/airflow/.local/lib/python3.12/site-packages/airflow/example_dags/example_sla_dag.py
[2026-01-29T04:20:41.241+0000] {processor.py:830} INFO - Processing file /home/airflow/.local/lib/python3.12/site-packages/airflow/example_dags/example_sla_dag.py for tasks to queue
[2026-01-29T04:20:41.242+0000] {logging_mixin.py:188} INFO - [2026-01-29T04:20:41.242+0000] {dagbag.py:545} INFO - Filling up the DagBag from /home/airflow/.local/lib/python3.12/site-packages/airflow/example_dags/example_sla_dag.py
[2026-01-29T04:20:41.250+0000] {processor.py:840} INFO - DAG(s) 'example_sla_dag' retrieved from /home/airflow/.local/lib/python3.12/site-packages/airflow/example_dags/example_sla_dag.py
[2026-01-29T04:20:41.270+0000] {logging_mixin.py:188} INFO - [2026-01-29T04:20:41.270+0000] {dag.py:3089} INFO - Sync 1 DAGs
[2026-01-29T04:20:41.301+0000] {logging_mixin.py:188} INFO - [2026-01-29T04:20:41.301+0000] {dag.py:3947} INFO - Setting next_dagrun for example_sla_dag to 2026-01-29 04:18:00+00:00, run_after=2026-01-29 04:20:00+00:00
[2026-01-29T04:20:41.324+0000] {processor.py:183} INFO - Processing /home/airflow/.local/lib/python3.12/site-packages/airflow/example_dags/example_sla_dag.py took 0.091 seconds
[2026-01-29T04:21:12.115+0000] {processor.py:161} INFO - Started process (PID=94041) to work on /home/airflow/.local/lib/python3.12/site-packages/airflow/example_dags/example_sla_dag.py
[2026-01-29T04:21:12.115+0000] {processor.py:830} INFO - Processing file /home/airflow/.local/lib/python3.12/site-packages/airflow/example_dags/example_sla_dag.py for tasks to queue
[2026-01-29T04:21:12.117+0000] {logging_mixin.py:188} INFO - [2026-01-29T04:21:12.117+0000] {dagbag.py:545} INFO - Filling up the DagBag from /home/airflow/.local/lib/python3.12/site-packages/airflow/example_dags/example_sla_dag.py
[2026-01-29T04:21:12.127+0000] {processor.py:840} INFO - DAG(s) 'example_sla_dag' retrieved from /home/airflow/.local/lib/python3.12/site-packages/airflow/example_dags/example_sla_dag.py
[2026-01-29T04:21:12.147+0000] {logging_mixin.py:188} INFO - [2026-01-29T04:21:12.147+0000] {dag.py:3089} INFO - Sync 1 DAGs
[2026-01-29T04:21:12.174+0000] {logging_mixin.py:188} INFO - [2026-01-29T04:21:12.173+0000] {dag.py:3947} INFO - Setting next_dagrun for example_sla_dag to 2026-01-29 04:18:00+00:00, run_after=2026-01-29 04:20:00+00:00
[2026-01-29T04:21:12.193+0000] {processor.py:183} INFO - Processing /home/airflow/.local/lib/python3.12/site-packages/airflow/example_dags/example_sla_dag.py took 0.086 seconds
[2026-01-29T04:21:42.299+0000] {processor.py:161} INFO - Started process (PID=94100) to work on /home/airflow/.local/lib/python3.12/site-packages/airflow/example_dags/example_sla_dag.py
[2026-01-29T04:21:42.300+0000] {processor.py:830} INFO - Processing file /home/airflow/.local/lib/python3.12/site-packages/airflow/example_dags/example_sla_dag.py for tasks to queue
[2026-01-29T04:21:42.302+0000] {logging_mixin.py:188} INFO - [2026-01-29T04:21:42.302+0000] {dagbag.py:545} INFO - Filling up the DagBag from /home/airflow/.local/lib/python3.12/site-packages/airflow/example_dags/example_sla_dag.py
[2026-01-29T04:21:42.448+0000] {processor.py:840} INFO - DAG(s) 'example_sla_dag' retrieved from /home/airflow/.local/lib/python3.12/site-packages/airflow/example_dags/example_sla_dag.py
[2026-01-29T04:21:42.464+0000] {logging_mixin.py:188} INFO - [2026-01-29T04:21:42.463+0000] {dag.py:3089} INFO - Sync 1 DAGs
[2026-01-29T04:21:42.488+0000] {logging_mixin.py:188} INFO - [2026-01-29T04:21:42.487+0000] {dag.py:3947} INFO - Setting next_dagrun for example_sla_dag to 2026-01-29 04:18:00+00:00, run_after=2026-01-29 04:20:00+00:00
[2026-01-29T04:21:42.506+0000] {processor.py:183} INFO - Processing /home/airflow/.local/lib/python3.12/site-packages/airflow/example_dags/example_sla_dag.py took 0.213 seconds
[2026-01-29T04:22:12.777+0000] {processor.py:161} INFO - Started process (PID=94164) to work on /home/airflow/.local/lib/python3.12/site-packages/airflow/example_dags/example_sla_dag.py
[2026-01-29T04:22:12.778+0000] {processor.py:830} INFO - Processing file /home/airflow/.local/lib/python3.12/site-packages/airflow/example_dags/example_sla_dag.py for tasks to queue
[2026-01-29T04:22:12.779+0000] {logging_mixin.py:188} INFO - [2026-01-29T04:22:12.779+0000] {dagbag.py:545} INFO - Filling up the DagBag from /home/airflow/.local/lib/python3.12/site-packages/airflow/example_dags/example_sla_dag.py
[2026-01-29T04:22:12.788+0000] {processor.py:840} INFO - DAG(s) 'example_sla_dag' retrieved from /home/airflow/.local/lib/python3.12/site-packages/airflow/example_dags/example_sla_dag.py
[2026-01-29T04:22:12.808+0000] {logging_mixin.py:188} INFO - [2026-01-29T04:22:12.808+0000] {dag.py:3089} INFO - Sync 1 DAGs
[2026-01-29T04:22:12.834+0000] {logging_mixin.py:188} INFO - [2026-01-29T04:22:12.833+0000] {dag.py:3947} INFO - Setting next_dagrun for example_sla_dag to 2026-01-29 04:20:00+00:00, run_after=2026-01-29 04:22:00+00:00
[2026-01-29T04:22:12.853+0000] {processor.py:183} INFO - Processing /home/airflow/.local/lib/python3.12/site-packages/airflow/example_dags/example_sla_dag.py took 0.082 seconds
[2026-01-29T04:22:43.587+0000] {processor.py:161} INFO - Started process (PID=94223) to work on /home/airflow/.local/lib/python3.12/site-packages/airflow/example_dags/example_sla_dag.py
[2026-01-29T04:22:43.602+0000] {processor.py:830} INFO - Processing file /home/airflow/.local/lib/python3.12/site-packages/airflow/example_dags/example_sla_dag.py for tasks to queue
[2026-01-29T04:22:43.604+0000] {logging_mixin.py:188} INFO - [2026-01-29T04:22:43.604+0000] {dagbag.py:545} INFO - Filling up the DagBag from /home/airflow/.local/lib/python3.12/site-packages/airflow/example_dags/example_sla_dag.py
[2026-01-29T04:22:43.614+0000] {processor.py:840} INFO - DAG(s) 'example_sla_dag' retrieved from /home/airflow/.local/lib/python3.12/site-packages/airflow/example_dags/example_sla_dag.py
[2026-01-29T04:22:43.637+0000] {logging_mixin.py:188} INFO - [2026-01-29T04:22:43.637+0000] {dag.py:3089} INFO - Sync 1 DAGs
[2026-01-29T04:22:43.667+0000] {logging_mixin.py:188} INFO - [2026-01-29T04:22:43.667+0000] {dag.py:3947} INFO - Setting next_dagrun for example_sla_dag to 2026-01-29 04:20:00+00:00, run_after=2026-01-29 04:22:00+00:00
[2026-01-29T04:22:43.690+0000] {processor.py:183} INFO - Processing /home/airflow/.local/lib/python3.12/site-packages/airflow/example_dags/example_sla_dag.py took 0.111 seconds
[2026-01-29T04:23:14.330+0000] {processor.py:161} INFO - Started process (PID=94287) to work on /home/airflow/.local/lib/python3.12/site-packages/airflow/example_dags/example_sla_dag.py
[2026-01-29T04:23:14.330+0000] {processor.py:830} INFO - Processing file /home/airflow/.local/lib/python3.12/site-packages/airflow/example_dags/example_sla_dag.py for tasks to queue
[2026-01-29T04:23:14.332+0000] {logging_mixin.py:188} INFO - [2026-01-29T04:23:14.332+0000] {dagbag.py:545} INFO - Filling up the DagBag from /home/airflow/.local/lib/python3.12/site-packages/airflow/example_dags/example_sla_dag.py
[2026-01-29T04:23:14.340+0000] {processor.py:840} INFO - DAG(s) 'example_sla_dag' retrieved from /home/airflow/.local/lib/python3.12/site-packages/airflow/example_dags/example_sla_dag.py
[2026-01-29T04:23:14.360+0000] {logging_mixin.py:188} INFO - [2026-01-29T04:23:14.360+0000] {dag.py:3089} INFO - Sync 1 DAGs
[2026-01-29T04:23:14.387+0000] {logging_mixin.py:188} INFO - [2026-01-29T04:23:14.387+0000] {dag.py:3947} INFO - Setting next_dagrun for example_sla_dag to 2026-01-29 04:20:00+00:00, run_after=2026-01-29 04:22:00+00:00
[2026-01-29T04:23:14.407+0000] {processor.py:183} INFO - Processing /home/airflow/.local/lib/python3.12/site-packages/airflow/example_dags/example_sla_dag.py took 0.083 seconds
[2026-01-29T04:23:45.093+0000] {processor.py:161} INFO - Started process (PID=94346) to work on /home/airflow/.local/lib/python3.12/site-packages/airflow/example_dags/example_sla_dag.py
[2026-01-29T04:23:45.094+0000] {processor.py:830} INFO - Processing file /home/airflow/.local/lib/python3.12/site-packages/airflow/example_dags/example_sla_dag.py for tasks to queue
[2026-01-29T04:23:45.095+0000] {logging_mixin.py:188} INFO - [2026-01-29T04:23:45.095+0000] {dagbag.py:545} INFO - Filling up the DagBag from /home/airflow/.local/lib/python3.12/site-packages/airflow/example_dags/example_sla_dag.py
[2026-01-29T04:23:45.103+0000] {processor.py:840} INFO - DAG(s) 'example_sla_dag' retrieved from /home/airflow/.local/lib/python3.12/site-packages/airflow/example_dags/example_sla_dag.py
[2026-01-29T04:23:45.122+0000] {logging_mixin.py:188} INFO - [2026-01-29T04:23:45.122+0000] {dag.py:3089} INFO - Sync 1 DAGs
[2026-01-29T04:23:45.148+0000] {logging_mixin.py:188} INFO - [2026-01-29T04:23:45.148+0000] {dag.py:3947} INFO - Setting next_dagrun for example_sla_dag to 2026-01-29 04:20:00+00:00, run_after=2026-01-29 04:22:00+00:00
[2026-01-29T04:23:45.168+0000] {processor.py:183} INFO - Processing /home/airflow/.local/lib/python3.12/site-packages/airflow/example_dags/example_sla_dag.py took 0.081 seconds
[2026-01-29T04:24:15.902+0000] {processor.py:161} INFO - Started process (PID=94410) to work on /home/airflow/.local/lib/python3.12/site-packages/airflow/example_dags/example_sla_dag.py
[2026-01-29T04:24:15.903+0000] {processor.py:830} INFO - Processing file /home/airflow/.local/lib/python3.12/site-packages/airflow/example_dags/example_sla_dag.py for tasks to queue
[2026-01-29T04:24:15.904+0000] {logging_mixin.py:188} INFO - [2026-01-29T04:24:15.904+0000] {dagbag.py:545} INFO - Filling up the DagBag from /home/airflow/.local/lib/python3.12/site-packages/airflow/example_dags/example_sla_dag.py
[2026-01-29T04:24:15.912+0000] {processor.py:840} INFO - DAG(s) 'example_sla_dag' retrieved from /home/airflow/.local/lib/python3.12/site-packages/airflow/example_dags/example_sla_dag.py
[2026-01-29T04:24:15.932+0000] {logging_mixin.py:188} INFO - [2026-01-29T04:24:15.932+0000] {dag.py:3089} INFO - Sync 1 DAGs
[2026-01-29T04:24:15.959+0000] {logging_mixin.py:188} INFO - [2026-01-29T04:24:15.958+0000] {dag.py:3947} INFO - Setting next_dagrun for example_sla_dag to 2026-01-29 04:22:00+00:00, run_after=2026-01-29 04:24:00+00:00
[2026-01-29T04:24:15.978+0000] {processor.py:183} INFO - Processing /home/airflow/.local/lib/python3.12/site-packages/airflow/example_dags/example_sla_dag.py took 0.082 seconds
[2026-01-29T04:24:46.677+0000] {processor.py:161} INFO - Started process (PID=94469) to work on /home/airflow/.local/lib/python3.12/site-packages/airflow/example_dags/example_sla_dag.py
[2026-01-29T04:24:46.678+0000] {processor.py:830} INFO - Processing file /home/airflow/.local/lib/python3.12/site-packages/airflow/example_dags/example_sla_dag.py for tasks to queue
[2026-01-29T04:24:46.680+0000] {logging_mixin.py:188} INFO - [2026-01-29T04:24:46.679+0000] {dagbag.py:545} INFO - Filling up the DagBag from /home/airflow/.local/lib/python3.12/site-packages/airflow/example_dags/example_sla_dag.py
[2026-01-29T04:24:46.688+0000] {processor.py:840} INFO - DAG(s) 'example_sla_dag' retrieved from /home/airflow/.local/lib/python3.12/site-packages/airflow/example_dags/example_sla_dag.py
[2026-01-29T04:24:46.708+0000] {logging_mixin.py:188} INFO - [2026-01-29T04:24:46.708+0000] {dag.py:3089} INFO - Sync 1 DAGs
[2026-01-29T04:24:46.738+0000] {logging_mixin.py:188} INFO - [2026-01-29T04:24:46.738+0000] {dag.py:3947} INFO - Setting next_dagrun for example_sla_dag to 2026-01-29 04:22:00+00:00, run_after=2026-01-29 04:24:00+00:00
[2026-01-29T04:24:46.757+0000] {processor.py:183} INFO - Processing /home/airflow/.local/lib/python3.12/site-packages/airflow/example_dags/example_sla_dag.py took 0.086 seconds
[2026-01-29T04:25:17.395+0000] {processor.py:161} INFO - Started process (PID=94533) to work on /home/airflow/.local/lib/python3.12/site-packages/airflow/example_dags/example_sla_dag.py
[2026-01-29T04:25:17.396+0000] {processor.py:830} INFO - Processing file /home/airflow/.local/lib/python3.12/site-packages/airflow/example_dags/example_sla_dag.py for tasks to queue
[2026-01-29T04:25:17.397+0000] {logging_mixin.py:188} INFO - [2026-01-29T04:25:17.397+0000] {dagbag.py:545} INFO - Filling up the DagBag from /home/airflow/.local/lib/python3.12/site-packages/airflow/example_dags/example_sla_dag.py
[2026-01-29T04:25:17.406+0000] {processor.py:840} INFO - DAG(s) 'example_sla_dag' retrieved from /home/airflow/.local/lib/python3.12/site-packages/airflow/example_dags/example_sla_dag.py
[2026-01-29T04:25:17.424+0000] {logging_mixin.py:188} INFO - [2026-01-29T04:25:17.424+0000] {dag.py:3089} INFO - Sync 1 DAGs
[2026-01-29T04:25:17.450+0000] {logging_mixin.py:188} INFO - [2026-01-29T04:25:17.449+0000] {dag.py:3947} INFO - Setting next_dagrun for example_sla_dag to 2026-01-29 04:22:00+00:00, run_after=2026-01-29 04:24:00+00:00
[2026-01-29T04:25:17.468+0000] {processor.py:183} INFO - Processing /home/airflow/.local/lib/python3.12/site-packages/airflow/example_dags/example_sla_dag.py took 0.080 seconds
[2026-01-29T04:25:48.148+0000] {processor.py:161} INFO - Started process (PID=94592) to work on /home/airflow/.local/lib/python3.12/site-packages/airflow/example_dags/example_sla_dag.py
[2026-01-29T04:25:48.149+0000] {processor.py:830} INFO - Processing file /home/airflow/.local/lib/python3.12/site-packages/airflow/example_dags/example_sla_dag.py for tasks to queue
[2026-01-29T04:25:48.151+0000] {logging_mixin.py:188} INFO - [2026-01-29T04:25:48.151+0000] {dagbag.py:545} INFO - Filling up the DagBag from /home/airflow/.local/lib/python3.12/site-packages/airflow/example_dags/example_sla_dag.py
[2026-01-29T04:25:48.159+0000] {processor.py:840} INFO - DAG(s) 'example_sla_dag' retrieved from /home/airflow/.local/lib/python3.12/site-packages/airflow/example_dags/example_sla_dag.py
[2026-01-29T04:25:48.179+0000] {logging_mixin.py:188} INFO - [2026-01-29T04:25:48.178+0000] {dag.py:3089} INFO - Sync 1 DAGs
[2026-01-29T04:25:48.204+0000] {logging_mixin.py:188} INFO - [2026-01-29T04:25:48.204+0000] {dag.py:3947} INFO - Setting next_dagrun for example_sla_dag to 2026-01-29 04:22:00+00:00, run_after=2026-01-29 04:24:00+00:00
[2026-01-29T04:25:48.224+0000] {processor.py:183} INFO - Processing /home/airflow/.local/lib/python3.12/site-packages/airflow/example_dags/example_sla_dag.py took 0.081 seconds
[2026-01-29T04:26:18.885+0000] {processor.py:161} INFO - Started process (PID=94656) to work on /home/airflow/.local/lib/python3.12/site-packages/airflow/example_dags/example_sla_dag.py
[2026-01-29T04:26:18.885+0000] {processor.py:830} INFO - Processing file /home/airflow/.local/lib/python3.12/site-packages/airflow/example_dags/example_sla_dag.py for tasks to queue
[2026-01-29T04:26:18.887+0000] {logging_mixin.py:188} INFO - [2026-01-29T04:26:18.887+0000] {dagbag.py:545} INFO - Filling up the DagBag from /home/airflow/.local/lib/python3.12/site-packages/airflow/example_dags/example_sla_dag.py
[2026-01-29T04:26:18.895+0000] {processor.py:840} INFO - DAG(s) 'example_sla_dag' retrieved from /home/airflow/.local/lib/python3.12/site-packages/airflow/example_dags/example_sla_dag.py
[2026-01-29T04:26:18.916+0000] {logging_mixin.py:188} INFO - [2026-01-29T04:26:18.915+0000] {dag.py:3089} INFO - Sync 1 DAGs
[2026-01-29T04:26:18.945+0000] {logging_mixin.py:188} INFO - [2026-01-29T04:26:18.945+0000] {dag.py:3947} INFO - Setting next_dagrun for example_sla_dag to 2026-01-29 04:24:00+00:00, run_after=2026-01-29 04:26:00+00:00
[2026-01-29T04:26:18.965+0000] {processor.py:183} INFO - Processing /home/airflow/.local/lib/python3.12/site-packages/airflow/example_dags/example_sla_dag.py took 0.087 seconds
[2026-01-29T04:26:49.682+0000] {processor.py:161} INFO - Started process (PID=94721) to work on /home/airflow/.local/lib/python3.12/site-packages/airflow/example_dags/example_sla_dag.py
[2026-01-29T04:26:49.683+0000] {processor.py:830} INFO - Processing file /home/airflow/.local/lib/python3.12/site-packages/airflow/example_dags/example_sla_dag.py for tasks to queue
[2026-01-29T04:26:49.685+0000] {logging_mixin.py:188} INFO - [2026-01-29T04:26:49.685+0000] {dagbag.py:545} INFO - Filling up the DagBag from /home/airflow/.local/lib/python3.12/site-packages/airflow/example_dags/example_sla_dag.py
[2026-01-29T04:26:49.696+0000] {processor.py:840} INFO - DAG(s) 'example_sla_dag' retrieved from /home/airflow/.local/lib/python3.12/site-packages/airflow/example_dags/example_sla_dag.py
[2026-01-29T04:26:49.719+0000] {logging_mixin.py:188} INFO - [2026-01-29T04:26:49.718+0000] {dag.py:3089} INFO - Sync 1 DAGs
[2026-01-29T04:26:49.748+0000] {logging_mixin.py:188} INFO - [2026-01-29T04:26:49.748+0000] {dag.py:3947} INFO - Setting next_dagrun for example_sla_dag to 2026-01-29 04:24:00+00:00, run_after=2026-01-29 04:26:00+00:00
[2026-01-29T04:26:49.770+0000] {processor.py:183} INFO - Processing /home/airflow/.local/lib/python3.12/site-packages/airflow/example_dags/example_sla_dag.py took 0.095 seconds
[2026-01-29T04:27:20.381+0000] {processor.py:161} INFO - Started process (PID=94785) to work on /home/airflow/.local/lib/python3.12/site-packages/airflow/example_dags/example_sla_dag.py
[2026-01-29T04:27:20.382+0000] {processor.py:830} INFO - Processing file /home/airflow/.local/lib/python3.12/site-packages/airflow/example_dags/example_sla_dag.py for tasks to queue
[2026-01-29T04:27:20.383+0000] {logging_mixin.py:188} INFO - [2026-01-29T04:27:20.383+0000] {dagbag.py:545} INFO - Filling up the DagBag from /home/airflow/.local/lib/python3.12/site-packages/airflow/example_dags/example_sla_dag.py
[2026-01-29T04:27:20.391+0000] {processor.py:840} INFO - DAG(s) 'example_sla_dag' retrieved from /home/airflow/.local/lib/python3.12/site-packages/airflow/example_dags/example_sla_dag.py
[2026-01-29T04:27:20.409+0000] {logging_mixin.py:188} INFO - [2026-01-29T04:27:20.409+0000] {dag.py:3089} INFO - Sync 1 DAGs
[2026-01-29T04:27:20.434+0000] {logging_mixin.py:188} INFO - [2026-01-29T04:27:20.434+0000] {dag.py:3947} INFO - Setting next_dagrun for example_sla_dag to 2026-01-29 04:24:00+00:00, run_after=2026-01-29 04:26:00+00:00
[2026-01-29T04:27:20.455+0000] {processor.py:183} INFO - Processing /home/airflow/.local/lib/python3.12/site-packages/airflow/example_dags/example_sla_dag.py took 0.080 seconds
[2026-01-29T04:27:51.147+0000] {processor.py:161} INFO - Started process (PID=94844) to work on /home/airflow/.local/lib/python3.12/site-packages/airflow/example_dags/example_sla_dag.py
[2026-01-29T04:27:51.149+0000] {processor.py:830} INFO - Processing file /home/airflow/.local/lib/python3.12/site-packages/airflow/example_dags/example_sla_dag.py for tasks to queue
[2026-01-29T04:27:51.151+0000] {logging_mixin.py:188} INFO - [2026-01-29T04:27:51.150+0000] {dagbag.py:545} INFO - Filling up the DagBag from /home/airflow/.local/lib/python3.12/site-packages/airflow/example_dags/example_sla_dag.py
[2026-01-29T04:27:51.161+0000] {processor.py:840} INFO - DAG(s) 'example_sla_dag' retrieved from /home/airflow/.local/lib/python3.12/site-packages/airflow/example_dags/example_sla_dag.py
[2026-01-29T04:27:51.182+0000] {logging_mixin.py:188} INFO - [2026-01-29T04:27:51.182+0000] {dag.py:3089} INFO - Sync 1 DAGs
[2026-01-29T04:27:51.208+0000] {logging_mixin.py:188} INFO - [2026-01-29T04:27:51.208+0000] {dag.py:3947} INFO - Setting next_dagrun for example_sla_dag to 2026-01-29 04:24:00+00:00, run_after=2026-01-29 04:26:00+00:00
[2026-01-29T04:27:51.229+0000] {processor.py:183} INFO - Processing /home/airflow/.local/lib/python3.12/site-packages/airflow/example_dags/example_sla_dag.py took 0.089 seconds
[2026-01-29T04:28:21.889+0000] {processor.py:161} INFO - Started process (PID=94908) to work on /home/airflow/.local/lib/python3.12/site-packages/airflow/example_dags/example_sla_dag.py
[2026-01-29T04:28:21.890+0000] {processor.py:830} INFO - Processing file /home/airflow/.local/lib/python3.12/site-packages/airflow/example_dags/example_sla_dag.py for tasks to queue
[2026-01-29T04:28:21.892+0000] {logging_mixin.py:188} INFO - [2026-01-29T04:28:21.891+0000] {dagbag.py:545} INFO - Filling up the DagBag from /home/airflow/.local/lib/python3.12/site-packages/airflow/example_dags/example_sla_dag.py
[2026-01-29T04:28:21.900+0000] {processor.py:840} INFO - DAG(s) 'example_sla_dag' retrieved from /home/airflow/.local/lib/python3.12/site-packages/airflow/example_dags/example_sla_dag.py
[2026-01-29T04:28:21.918+0000] {logging_mixin.py:188} INFO - [2026-01-29T04:28:21.918+0000] {dag.py:3089} INFO - Sync 1 DAGs
[2026-01-29T04:28:21.944+0000] {logging_mixin.py:188} INFO - [2026-01-29T04:28:21.944+0000] {dag.py:3947} INFO - Setting next_dagrun for example_sla_dag to 2026-01-29 04:26:00+00:00, run_after=2026-01-29 04:28:00+00:00
[2026-01-29T04:28:21.963+0000] {processor.py:183} INFO - Processing /home/airflow/.local/lib/python3.12/site-packages/airflow/example_dags/example_sla_dag.py took 0.079 seconds
[2026-01-29T04:28:52.599+0000] {processor.py:161} INFO - Started process (PID=94967) to work on /home/airflow/.local/lib/python3.12/site-packages/airflow/example_dags/example_sla_dag.py
[2026-01-29T04:28:52.600+0000] {processor.py:830} INFO - Processing file /home/airflow/.local/lib/python3.12/site-packages/airflow/example_dags/example_sla_dag.py for tasks to queue
[2026-01-29T04:28:52.602+0000] {logging_mixin.py:188} INFO - [2026-01-29T04:28:52.602+0000] {dagbag.py:545} INFO - Filling up the DagBag from /home/airflow/.local/lib/python3.12/site-packages/airflow/example_dags/example_sla_dag.py
[2026-01-29T04:28:52.610+0000] {processor.py:840} INFO - DAG(s) 'example_sla_dag' retrieved from /home/airflow/.local/lib/python3.12/site-packages/airflow/example_dags/example_sla_dag.py
[2026-01-29T04:28:52.631+0000] {logging_mixin.py:188} INFO - [2026-01-29T04:28:52.630+0000] {dag.py:3089} INFO - Sync 1 DAGs
[2026-01-29T04:28:52.657+0000] {logging_mixin.py:188} INFO - [2026-01-29T04:28:52.657+0000] {dag.py:3947} INFO - Setting next_dagrun for example_sla_dag to 2026-01-29 04:26:00+00:00, run_after=2026-01-29 04:28:00+00:00
[2026-01-29T04:28:52.679+0000] {processor.py:183} INFO - Processing /home/airflow/.local/lib/python3.12/site-packages/airflow/example_dags/example_sla_dag.py took 0.085 seconds
[2026-01-29T04:29:23.216+0000] {processor.py:161} INFO - Started process (PID=95031) to work on /home/airflow/.local/lib/python3.12/site-packages/airflow/example_dags/example_sla_dag.py
[2026-01-29T04:29:23.216+0000] {processor.py:830} INFO - Processing file /home/airflow/.local/lib/python3.12/site-packages/airflow/example_dags/example_sla_dag.py for tasks to queue
[2026-01-29T04:29:23.218+0000] {logging_mixin.py:188} INFO - [2026-01-29T04:29:23.218+0000] {dagbag.py:545} INFO - Filling up the DagBag from /home/airflow/.local/lib/python3.12/site-packages/airflow/example_dags/example_sla_dag.py
[2026-01-29T04:29:23.226+0000] {processor.py:840} INFO - DAG(s) 'example_sla_dag' retrieved from /home/airflow/.local/lib/python3.12/site-packages/airflow/example_dags/example_sla_dag.py
[2026-01-29T04:29:23.245+0000] {logging_mixin.py:188} INFO - [2026-01-29T04:29:23.245+0000] {dag.py:3089} INFO - Sync 1 DAGs
[2026-01-29T04:29:23.272+0000] {logging_mixin.py:188} INFO - [2026-01-29T04:29:23.272+0000] {dag.py:3947} INFO - Setting next_dagrun for example_sla_dag to 2026-01-29 04:26:00+00:00, run_after=2026-01-29 04:28:00+00:00
[2026-01-29T04:29:23.291+0000] {processor.py:183} INFO - Processing /home/airflow/.local/lib/python3.12/site-packages/airflow/example_dags/example_sla_dag.py took 0.081 seconds
[2026-01-29T04:29:53.993+0000] {processor.py:161} INFO - Started process (PID=95090) to work on /home/airflow/.local/lib/python3.12/site-packages/airflow/example_dags/example_sla_dag.py
[2026-01-29T04:29:53.994+0000] {processor.py:830} INFO - Processing file /home/airflow/.local/lib/python3.12/site-packages/airflow/example_dags/example_sla_dag.py for tasks to queue
[2026-01-29T04:29:53.996+0000] {logging_mixin.py:188} INFO - [2026-01-29T04:29:53.996+0000] {dagbag.py:545} INFO - Filling up the DagBag from /home/airflow/.local/lib/python3.12/site-packages/airflow/example_dags/example_sla_dag.py
[2026-01-29T04:29:54.006+0000] {processor.py:840} INFO - DAG(s) 'example_sla_dag' retrieved from /home/airflow/.local/lib/python3.12/site-packages/airflow/example_dags/example_sla_dag.py
[2026-01-29T04:29:54.029+0000] {logging_mixin.py:188} INFO - [2026-01-29T04:29:54.029+0000] {dag.py:3089} INFO - Sync 1 DAGs
[2026-01-29T04:29:54.059+0000] {logging_mixin.py:188} INFO - [2026-01-29T04:29:54.058+0000] {dag.py:3947} INFO - Setting next_dagrun for example_sla_dag to 2026-01-29 04:26:00+00:00, run_after=2026-01-29 04:28:00+00:00
[2026-01-29T04:29:54.081+0000] {processor.py:183} INFO - Processing /home/airflow/.local/lib/python3.12/site-packages/airflow/example_dags/example_sla_dag.py took 0.096 seconds
[2026-01-29T04:30:24.751+0000] {processor.py:161} INFO - Started process (PID=95154) to work on /home/airflow/.local/lib/python3.12/site-packages/airflow/example_dags/example_sla_dag.py
[2026-01-29T04:30:24.752+0000] {processor.py:830} INFO - Processing file /home/airflow/.local/lib/python3.12/site-packages/airflow/example_dags/example_sla_dag.py for tasks to queue
[2026-01-29T04:30:24.754+0000] {logging_mixin.py:188} INFO - [2026-01-29T04:30:24.753+0000] {dagbag.py:545} INFO - Filling up the DagBag from /home/airflow/.local/lib/python3.12/site-packages/airflow/example_dags/example_sla_dag.py
[2026-01-29T04:30:24.762+0000] {processor.py:840} INFO - DAG(s) 'example_sla_dag' retrieved from /home/airflow/.local/lib/python3.12/site-packages/airflow/example_dags/example_sla_dag.py
[2026-01-29T04:30:24.782+0000] {logging_mixin.py:188} INFO - [2026-01-29T04:30:24.782+0000] {dag.py:3089} INFO - Sync 1 DAGs
[2026-01-29T04:30:24.808+0000] {logging_mixin.py:188} INFO - [2026-01-29T04:30:24.808+0000] {dag.py:3947} INFO - Setting next_dagrun for example_sla_dag to 2026-01-29 04:28:00+00:00, run_after=2026-01-29 04:30:00+00:00
[2026-01-29T04:30:24.830+0000] {processor.py:183} INFO - Processing /home/airflow/.local/lib/python3.12/site-packages/airflow/example_dags/example_sla_dag.py took 0.084 seconds
[2026-01-29T04:30:55.394+0000] {processor.py:161} INFO - Started process (PID=95213) to work on /home/airflow/.local/lib/python3.12/site-packages/airflow/example_dags/example_sla_dag.py
[2026-01-29T04:30:55.395+0000] {processor.py:830} INFO - Processing file /home/airflow/.local/lib/python3.12/site-packages/airflow/example_dags/example_sla_dag.py for tasks to queue
[2026-01-29T04:30:55.397+0000] {logging_mixin.py:188} INFO - [2026-01-29T04:30:55.396+0000] {dagbag.py:545} INFO - Filling up the DagBag from /home/airflow/.local/lib/python3.12/site-packages/airflow/example_dags/example_sla_dag.py
[2026-01-29T04:30:55.407+0000] {processor.py:840} INFO - DAG(s) 'example_sla_dag' retrieved from /home/airflow/.local/lib/python3.12/site-packages/airflow/example_dags/example_sla_dag.py
[2026-01-29T04:30:55.428+0000] {logging_mixin.py:188} INFO - [2026-01-29T04:30:55.428+0000] {dag.py:3089} INFO - Sync 1 DAGs
[2026-01-29T04:30:55.455+0000] {logging_mixin.py:188} INFO - [2026-01-29T04:30:55.455+0000] {dag.py:3947} INFO - Setting next_dagrun for example_sla_dag to 2026-01-29 04:28:00+00:00, run_after=2026-01-29 04:30:00+00:00
[2026-01-29T04:30:55.474+0000] {processor.py:183} INFO - Processing /home/airflow/.local/lib/python3.12/site-packages/airflow/example_dags/example_sla_dag.py took 0.088 seconds
[2026-01-29T04:31:25.524+0000] {processor.py:161} INFO - Started process (PID=95277) to work on /home/airflow/.local/lib/python3.12/site-packages/airflow/example_dags/example_sla_dag.py
[2026-01-29T04:31:25.524+0000] {processor.py:830} INFO - Processing file /home/airflow/.local/lib/python3.12/site-packages/airflow/example_dags/example_sla_dag.py for tasks to queue
[2026-01-29T04:31:25.526+0000] {logging_mixin.py:188} INFO - [2026-01-29T04:31:25.526+0000] {dagbag.py:545} INFO - Filling up the DagBag from /home/airflow/.local/lib/python3.12/site-packages/airflow/example_dags/example_sla_dag.py
[2026-01-29T04:31:25.534+0000] {processor.py:840} INFO - DAG(s) 'example_sla_dag' retrieved from /home/airflow/.local/lib/python3.12/site-packages/airflow/example_dags/example_sla_dag.py
[2026-01-29T04:31:25.553+0000] {logging_mixin.py:188} INFO - [2026-01-29T04:31:25.552+0000] {dag.py:3089} INFO - Sync 1 DAGs
[2026-01-29T04:31:25.578+0000] {logging_mixin.py:188} INFO - [2026-01-29T04:31:25.577+0000] {dag.py:3947} INFO - Setting next_dagrun for example_sla_dag to 2026-01-29 04:28:00+00:00, run_after=2026-01-29 04:30:00+00:00
[2026-01-29T04:31:25.595+0000] {processor.py:183} INFO - Processing /home/airflow/.local/lib/python3.12/site-packages/airflow/example_dags/example_sla_dag.py took 0.077 seconds
[2026-01-29T04:31:55.875+0000] {processor.py:161} INFO - Started process (PID=95336) to work on /home/airflow/.local/lib/python3.12/site-packages/airflow/example_dags/example_sla_dag.py
[2026-01-29T04:31:55.876+0000] {processor.py:830} INFO - Processing file /home/airflow/.local/lib/python3.12/site-packages/airflow/example_dags/example_sla_dag.py for tasks to queue
[2026-01-29T04:31:55.878+0000] {logging_mixin.py:188} INFO - [2026-01-29T04:31:55.878+0000] {dagbag.py:545} INFO - Filling up the DagBag from /home/airflow/.local/lib/python3.12/site-packages/airflow/example_dags/example_sla_dag.py
[2026-01-29T04:31:55.886+0000] {processor.py:840} INFO - DAG(s) 'example_sla_dag' retrieved from /home/airflow/.local/lib/python3.12/site-packages/airflow/example_dags/example_sla_dag.py
[2026-01-29T04:31:55.904+0000] {logging_mixin.py:188} INFO - [2026-01-29T04:31:55.904+0000] {dag.py:3089} INFO - Sync 1 DAGs
[2026-01-29T04:31:55.931+0000] {logging_mixin.py:188} INFO - [2026-01-29T04:31:55.931+0000] {dag.py:3947} INFO - Setting next_dagrun for example_sla_dag to 2026-01-29 04:28:00+00:00, run_after=2026-01-29 04:30:00+00:00
[2026-01-29T04:31:55.953+0000] {processor.py:183} INFO - Processing /home/airflow/.local/lib/python3.12/site-packages/airflow/example_dags/example_sla_dag.py took 0.084 seconds
[2026-01-29T04:32:26.139+0000] {processor.py:161} INFO - Started process (PID=95400) to work on /home/airflow/.local/lib/python3.12/site-packages/airflow/example_dags/example_sla_dag.py
[2026-01-29T04:32:26.139+0000] {processor.py:830} INFO - Processing file /home/airflow/.local/lib/python3.12/site-packages/airflow/example_dags/example_sla_dag.py for tasks to queue
[2026-01-29T04:32:26.141+0000] {logging_mixin.py:188} INFO - [2026-01-29T04:32:26.141+0000] {dagbag.py:545} INFO - Filling up the DagBag from /home/airflow/.local/lib/python3.12/site-packages/airflow/example_dags/example_sla_dag.py
[2026-01-29T04:32:26.151+0000] {processor.py:840} INFO - DAG(s) 'example_sla_dag' retrieved from /home/airflow/.local/lib/python3.12/site-packages/airflow/example_dags/example_sla_dag.py
[2026-01-29T04:32:26.172+0000] {logging_mixin.py:188} INFO - [2026-01-29T04:32:26.171+0000] {dag.py:3089} INFO - Sync 1 DAGs
[2026-01-29T04:32:26.199+0000] {logging_mixin.py:188} INFO - [2026-01-29T04:32:26.199+0000] {dag.py:3947} INFO - Setting next_dagrun for example_sla_dag to 2026-01-29 04:30:00+00:00, run_after=2026-01-29 04:32:00+00:00
[2026-01-29T04:32:26.218+0000] {processor.py:183} INFO - Processing /home/airflow/.local/lib/python3.12/site-packages/airflow/example_dags/example_sla_dag.py took 0.087 seconds
[2026-01-29T04:32:56.381+0000] {processor.py:161} INFO - Started process (PID=95459) to work on /home/airflow/.local/lib/python3.12/site-packages/airflow/example_dags/example_sla_dag.py
[2026-01-29T04:32:56.382+0000] {processor.py:830} INFO - Processing file /home/airflow/.local/lib/python3.12/site-packages/airflow/example_dags/example_sla_dag.py for tasks to queue
[2026-01-29T04:32:56.384+0000] {logging_mixin.py:188} INFO - [2026-01-29T04:32:56.383+0000] {dagbag.py:545} INFO - Filling up the DagBag from /home/airflow/.local/lib/python3.12/site-packages/airflow/example_dags/example_sla_dag.py
[2026-01-29T04:32:56.392+0000] {processor.py:840} INFO - DAG(s) 'example_sla_dag' retrieved from /home/airflow/.local/lib/python3.12/site-packages/airflow/example_dags/example_sla_dag.py
[2026-01-29T04:32:56.410+0000] {logging_mixin.py:188} INFO - [2026-01-29T04:32:56.410+0000] {dag.py:3089} INFO - Sync 1 DAGs
[2026-01-29T04:32:56.435+0000] {logging_mixin.py:188} INFO - [2026-01-29T04:32:56.435+0000] {dag.py:3947} INFO - Setting next_dagrun for example_sla_dag to 2026-01-29 04:30:00+00:00, run_after=2026-01-29 04:32:00+00:00
[2026-01-29T04:32:56.453+0000] {processor.py:183} INFO - Processing /home/airflow/.local/lib/python3.12/site-packages/airflow/example_dags/example_sla_dag.py took 0.078 seconds
[2026-01-29T04:33:27.249+0000] {processor.py:161} INFO - Started process (PID=95521) to work on /home/airflow/.local/lib/python3.12/site-packages/airflow/example_dags/example_sla_dag.py
[2026-01-29T04:33:27.250+0000] {processor.py:830} INFO - Processing file /home/airflow/.local/lib/python3.12/site-packages/airflow/example_dags/example_sla_dag.py for tasks to queue
[2026-01-29T04:33:27.251+0000] {logging_mixin.py:188} INFO - [2026-01-29T04:33:27.251+0000] {dagbag.py:545} INFO - Filling up the DagBag from /home/airflow/.local/lib/python3.12/site-packages/airflow/example_dags/example_sla_dag.py
[2026-01-29T04:33:27.260+0000] {processor.py:840} INFO - DAG(s) 'example_sla_dag' retrieved from /home/airflow/.local/lib/python3.12/site-packages/airflow/example_dags/example_sla_dag.py
[2026-01-29T04:33:27.280+0000] {logging_mixin.py:188} INFO - [2026-01-29T04:33:27.280+0000] {dag.py:3089} INFO - Sync 1 DAGs
[2026-01-29T04:33:27.308+0000] {logging_mixin.py:188} INFO - [2026-01-29T04:33:27.308+0000] {dag.py:3947} INFO - Setting next_dagrun for example_sla_dag to 2026-01-29 04:30:00+00:00, run_after=2026-01-29 04:32:00+00:00
[2026-01-29T04:33:27.330+0000] {processor.py:183} INFO - Processing /home/airflow/.local/lib/python3.12/site-packages/airflow/example_dags/example_sla_dag.py took 0.086 seconds
[2026-01-29T04:33:57.549+0000] {processor.py:161} INFO - Started process (PID=95580) to work on /home/airflow/.local/lib/python3.12/site-packages/airflow/example_dags/example_sla_dag.py
[2026-01-29T04:33:57.550+0000] {processor.py:830} INFO - Processing file /home/airflow/.local/lib/python3.12/site-packages/airflow/example_dags/example_sla_dag.py for tasks to queue
[2026-01-29T04:33:57.552+0000] {logging_mixin.py:188} INFO - [2026-01-29T04:33:57.552+0000] {dagbag.py:545} INFO - Filling up the DagBag from /home/airflow/.local/lib/python3.12/site-packages/airflow/example_dags/example_sla_dag.py
[2026-01-29T04:33:57.560+0000] {processor.py:840} INFO - DAG(s) 'example_sla_dag' retrieved from /home/airflow/.local/lib/python3.12/site-packages/airflow/example_dags/example_sla_dag.py
[2026-01-29T04:33:57.579+0000] {logging_mixin.py:188} INFO - [2026-01-29T04:33:57.579+0000] {dag.py:3089} INFO - Sync 1 DAGs
[2026-01-29T04:33:57.603+0000] {logging_mixin.py:188} INFO - [2026-01-29T04:33:57.603+0000] {dag.py:3947} INFO - Setting next_dagrun for example_sla_dag to 2026-01-29 04:30:00+00:00, run_after=2026-01-29 04:32:00+00:00
[2026-01-29T04:33:57.622+0000] {processor.py:183} INFO - Processing /home/airflow/.local/lib/python3.12/site-packages/airflow/example_dags/example_sla_dag.py took 0.079 seconds
[2026-01-29T04:34:27.860+0000] {processor.py:161} INFO - Started process (PID=95644) to work on /home/airflow/.local/lib/python3.12/site-packages/airflow/example_dags/example_sla_dag.py
[2026-01-29T04:34:27.860+0000] {processor.py:830} INFO - Processing file /home/airflow/.local/lib/python3.12/site-packages/airflow/example_dags/example_sla_dag.py for tasks to queue
[2026-01-29T04:34:27.862+0000] {logging_mixin.py:188} INFO - [2026-01-29T04:34:27.862+0000] {dagbag.py:545} INFO - Filling up the DagBag from /home/airflow/.local/lib/python3.12/site-packages/airflow/example_dags/example_sla_dag.py
[2026-01-29T04:34:27.872+0000] {processor.py:840} INFO - DAG(s) 'example_sla_dag' retrieved from /home/airflow/.local/lib/python3.12/site-packages/airflow/example_dags/example_sla_dag.py
[2026-01-29T04:34:27.891+0000] {logging_mixin.py:188} INFO - [2026-01-29T04:34:27.891+0000] {dag.py:3089} INFO - Sync 1 DAGs
[2026-01-29T04:34:27.916+0000] {logging_mixin.py:188} INFO - [2026-01-29T04:34:27.916+0000] {dag.py:3947} INFO - Setting next_dagrun for example_sla_dag to 2026-01-29 04:32:00+00:00, run_after=2026-01-29 04:34:00+00:00
[2026-01-29T04:34:27.934+0000] {processor.py:183} INFO - Processing /home/airflow/.local/lib/python3.12/site-packages/airflow/example_dags/example_sla_dag.py took 0.082 seconds
[2026-01-29T04:34:58.145+0000] {processor.py:161} INFO - Started process (PID=95703) to work on /home/airflow/.local/lib/python3.12/site-packages/airflow/example_dags/example_sla_dag.py
[2026-01-29T04:34:58.146+0000] {processor.py:830} INFO - Processing file /home/airflow/.local/lib/python3.12/site-packages/airflow/example_dags/example_sla_dag.py for tasks to queue
[2026-01-29T04:34:58.147+0000] {logging_mixin.py:188} INFO - [2026-01-29T04:34:58.147+0000] {dagbag.py:545} INFO - Filling up the DagBag from /home/airflow/.local/lib/python3.12/site-packages/airflow/example_dags/example_sla_dag.py
[2026-01-29T04:34:58.156+0000] {processor.py:840} INFO - DAG(s) 'example_sla_dag' retrieved from /home/airflow/.local/lib/python3.12/site-packages/airflow/example_dags/example_sla_dag.py
[2026-01-29T04:34:58.176+0000] {logging_mixin.py:188} INFO - [2026-01-29T04:34:58.176+0000] {dag.py:3089} INFO - Sync 1 DAGs
[2026-01-29T04:34:58.205+0000] {logging_mixin.py:188} INFO - [2026-01-29T04:34:58.205+0000] {dag.py:3947} INFO - Setting next_dagrun for example_sla_dag to 2026-01-29 04:32:00+00:00, run_after=2026-01-29 04:34:00+00:00
[2026-01-29T04:34:58.226+0000] {processor.py:183} INFO - Processing /home/airflow/.local/lib/python3.12/site-packages/airflow/example_dags/example_sla_dag.py took 0.088 seconds
[2026-01-29T04:35:28.423+0000] {processor.py:161} INFO - Started process (PID=95767) to work on /home/airflow/.local/lib/python3.12/site-packages/airflow/example_dags/example_sla_dag.py
[2026-01-29T04:35:28.423+0000] {processor.py:830} INFO - Processing file /home/airflow/.local/lib/python3.12/site-packages/airflow/example_dags/example_sla_dag.py for tasks to queue
[2026-01-29T04:35:28.425+0000] {logging_mixin.py:188} INFO - [2026-01-29T04:35:28.425+0000] {dagbag.py:545} INFO - Filling up the DagBag from /home/airflow/.local/lib/python3.12/site-packages/airflow/example_dags/example_sla_dag.py
[2026-01-29T04:35:28.433+0000] {processor.py:840} INFO - DAG(s) 'example_sla_dag' retrieved from /home/airflow/.local/lib/python3.12/site-packages/airflow/example_dags/example_sla_dag.py
[2026-01-29T04:35:28.454+0000] {logging_mixin.py:188} INFO - [2026-01-29T04:35:28.454+0000] {dag.py:3089} INFO - Sync 1 DAGs
[2026-01-29T04:35:28.480+0000] {logging_mixin.py:188} INFO - [2026-01-29T04:35:28.480+0000] {dag.py:3947} INFO - Setting next_dagrun for example_sla_dag to 2026-01-29 04:32:00+00:00, run_after=2026-01-29 04:34:00+00:00
[2026-01-29T04:35:28.499+0000] {processor.py:183} INFO - Processing /home/airflow/.local/lib/python3.12/site-packages/airflow/example_dags/example_sla_dag.py took 0.082 seconds
[2026-01-29T04:35:58.614+0000] {processor.py:161} INFO - Started process (PID=95826) to work on /home/airflow/.local/lib/python3.12/site-packages/airflow/example_dags/example_sla_dag.py
[2026-01-29T04:35:58.615+0000] {processor.py:830} INFO - Processing file /home/airflow/.local/lib/python3.12/site-packages/airflow/example_dags/example_sla_dag.py for tasks to queue
[2026-01-29T04:35:58.616+0000] {logging_mixin.py:188} INFO - [2026-01-29T04:35:58.616+0000] {dagbag.py:545} INFO - Filling up the DagBag from /home/airflow/.local/lib/python3.12/site-packages/airflow/example_dags/example_sla_dag.py
[2026-01-29T04:35:58.624+0000] {processor.py:840} INFO - DAG(s) 'example_sla_dag' retrieved from /home/airflow/.local/lib/python3.12/site-packages/airflow/example_dags/example_sla_dag.py
[2026-01-29T04:35:58.644+0000] {logging_mixin.py:188} INFO - [2026-01-29T04:35:58.644+0000] {dag.py:3089} INFO - Sync 1 DAGs
[2026-01-29T04:35:58.680+0000] {logging_mixin.py:188} INFO - [2026-01-29T04:35:58.680+0000] {dag.py:3947} INFO - Setting next_dagrun for example_sla_dag to 2026-01-29 04:32:00+00:00, run_after=2026-01-29 04:34:00+00:00
[2026-01-29T04:35:58.699+0000] {processor.py:183} INFO - Processing /home/airflow/.local/lib/python3.12/site-packages/airflow/example_dags/example_sla_dag.py took 0.092 seconds
[2026-01-29T04:36:28.826+0000] {processor.py:161} INFO - Started process (PID=95890) to work on /home/airflow/.local/lib/python3.12/site-packages/airflow/example_dags/example_sla_dag.py
[2026-01-29T04:36:28.827+0000] {processor.py:830} INFO - Processing file /home/airflow/.local/lib/python3.12/site-packages/airflow/example_dags/example_sla_dag.py for tasks to queue
[2026-01-29T04:36:28.828+0000] {logging_mixin.py:188} INFO - [2026-01-29T04:36:28.828+0000] {dagbag.py:545} INFO - Filling up the DagBag from /home/airflow/.local/lib/python3.12/site-packages/airflow/example_dags/example_sla_dag.py
[2026-01-29T04:36:28.838+0000] {processor.py:840} INFO - DAG(s) 'example_sla_dag' retrieved from /home/airflow/.local/lib/python3.12/site-packages/airflow/example_dags/example_sla_dag.py
[2026-01-29T04:36:28.859+0000] {logging_mixin.py:188} INFO - [2026-01-29T04:36:28.859+0000] {dag.py:3089} INFO - Sync 1 DAGs
[2026-01-29T04:36:28.886+0000] {logging_mixin.py:188} INFO - [2026-01-29T04:36:28.886+0000] {dag.py:3947} INFO - Setting next_dagrun for example_sla_dag to 2026-01-29 04:34:00+00:00, run_after=2026-01-29 04:36:00+00:00
[2026-01-29T04:36:28.908+0000] {processor.py:183} INFO - Processing /home/airflow/.local/lib/python3.12/site-packages/airflow/example_dags/example_sla_dag.py took 0.090 seconds
[2026-01-29T04:36:58.972+0000] {processor.py:161} INFO - Started process (PID=95949) to work on /home/airflow/.local/lib/python3.12/site-packages/airflow/example_dags/example_sla_dag.py
[2026-01-29T04:36:58.973+0000] {processor.py:830} INFO - Processing file /home/airflow/.local/lib/python3.12/site-packages/airflow/example_dags/example_sla_dag.py for tasks to queue
[2026-01-29T04:36:58.975+0000] {logging_mixin.py:188} INFO - [2026-01-29T04:36:58.974+0000] {dagbag.py:545} INFO - Filling up the DagBag from /home/airflow/.local/lib/python3.12/site-packages/airflow/example_dags/example_sla_dag.py
[2026-01-29T04:36:58.984+0000] {processor.py:840} INFO - DAG(s) 'example_sla_dag' retrieved from /home/airflow/.local/lib/python3.12/site-packages/airflow/example_dags/example_sla_dag.py
[2026-01-29T04:36:59.005+0000] {logging_mixin.py:188} INFO - [2026-01-29T04:36:59.005+0000] {dag.py:3089} INFO - Sync 1 DAGs
[2026-01-29T04:36:59.034+0000] {logging_mixin.py:188} INFO - [2026-01-29T04:36:59.034+0000] {dag.py:3947} INFO - Setting next_dagrun for example_sla_dag to 2026-01-29 04:34:00+00:00, run_after=2026-01-29 04:36:00+00:00
[2026-01-29T04:36:59.057+0000] {processor.py:183} INFO - Processing /home/airflow/.local/lib/python3.12/site-packages/airflow/example_dags/example_sla_dag.py took 0.093 seconds
[2026-01-29T04:37:29.390+0000] {processor.py:161} INFO - Started process (PID=96013) to work on /home/airflow/.local/lib/python3.12/site-packages/airflow/example_dags/example_sla_dag.py
[2026-01-29T04:37:29.391+0000] {processor.py:830} INFO - Processing file /home/airflow/.local/lib/python3.12/site-packages/airflow/example_dags/example_sla_dag.py for tasks to queue
[2026-01-29T04:37:29.393+0000] {logging_mixin.py:188} INFO - [2026-01-29T04:37:29.393+0000] {dagbag.py:545} INFO - Filling up the DagBag from /home/airflow/.local/lib/python3.12/site-packages/airflow/example_dags/example_sla_dag.py
[2026-01-29T04:37:29.403+0000] {processor.py:840} INFO - DAG(s) 'example_sla_dag' retrieved from /home/airflow/.local/lib/python3.12/site-packages/airflow/example_dags/example_sla_dag.py
[2026-01-29T04:37:29.425+0000] {logging_mixin.py:188} INFO - [2026-01-29T04:37:29.424+0000] {dag.py:3089} INFO - Sync 1 DAGs
[2026-01-29T04:37:29.453+0000] {logging_mixin.py:188} INFO - [2026-01-29T04:37:29.453+0000] {dag.py:3947} INFO - Setting next_dagrun for example_sla_dag to 2026-01-29 04:34:00+00:00, run_after=2026-01-29 04:36:00+00:00
[2026-01-29T04:37:29.474+0000] {processor.py:183} INFO - Processing /home/airflow/.local/lib/python3.12/site-packages/airflow/example_dags/example_sla_dag.py took 0.092 seconds
[2026-01-29T04:37:59.546+0000] {processor.py:161} INFO - Started process (PID=96072) to work on /home/airflow/.local/lib/python3.12/site-packages/airflow/example_dags/example_sla_dag.py
[2026-01-29T04:37:59.547+0000] {processor.py:830} INFO - Processing file /home/airflow/.local/lib/python3.12/site-packages/airflow/example_dags/example_sla_dag.py for tasks to queue
[2026-01-29T04:37:59.549+0000] {logging_mixin.py:188} INFO - [2026-01-29T04:37:59.549+0000] {dagbag.py:545} INFO - Filling up the DagBag from /home/airflow/.local/lib/python3.12/site-packages/airflow/example_dags/example_sla_dag.py
[2026-01-29T04:37:59.559+0000] {processor.py:840} INFO - DAG(s) 'example_sla_dag' retrieved from /home/airflow/.local/lib/python3.12/site-packages/airflow/example_dags/example_sla_dag.py
[2026-01-29T04:37:59.581+0000] {logging_mixin.py:188} INFO - [2026-01-29T04:37:59.580+0000] {dag.py:3089} INFO - Sync 1 DAGs
[2026-01-29T04:37:59.610+0000] {logging_mixin.py:188} INFO - [2026-01-29T04:37:59.610+0000] {dag.py:3947} INFO - Setting next_dagrun for example_sla_dag to 2026-01-29 04:34:00+00:00, run_after=2026-01-29 04:36:00+00:00
[2026-01-29T04:37:59.631+0000] {processor.py:183} INFO - Processing /home/airflow/.local/lib/python3.12/site-packages/airflow/example_dags/example_sla_dag.py took 0.093 seconds
[2026-01-29T04:38:29.777+0000] {processor.py:161} INFO - Started process (PID=96136) to work on /home/airflow/.local/lib/python3.12/site-packages/airflow/example_dags/example_sla_dag.py
[2026-01-29T04:38:29.778+0000] {processor.py:830} INFO - Processing file /home/airflow/.local/lib/python3.12/site-packages/airflow/example_dags/example_sla_dag.py for tasks to queue
[2026-01-29T04:38:29.780+0000] {logging_mixin.py:188} INFO - [2026-01-29T04:38:29.779+0000] {dagbag.py:545} INFO - Filling up the DagBag from /home/airflow/.local/lib/python3.12/site-packages/airflow/example_dags/example_sla_dag.py
[2026-01-29T04:38:29.788+0000] {processor.py:840} INFO - DAG(s) 'example_sla_dag' retrieved from /home/airflow/.local/lib/python3.12/site-packages/airflow/example_dags/example_sla_dag.py
[2026-01-29T04:38:29.808+0000] {logging_mixin.py:188} INFO - [2026-01-29T04:38:29.808+0000] {dag.py:3089} INFO - Sync 1 DAGs
[2026-01-29T04:38:29.835+0000] {logging_mixin.py:188} INFO - [2026-01-29T04:38:29.835+0000] {dag.py:3947} INFO - Setting next_dagrun for example_sla_dag to 2026-01-29 04:36:00+00:00, run_after=2026-01-29 04:38:00+00:00
[2026-01-29T04:38:29.855+0000] {processor.py:183} INFO - Processing /home/airflow/.local/lib/python3.12/site-packages/airflow/example_dags/example_sla_dag.py took 0.084 seconds
[2026-01-29T04:38:59.948+0000] {processor.py:161} INFO - Started process (PID=96195) to work on /home/airflow/.local/lib/python3.12/site-packages/airflow/example_dags/example_sla_dag.py
[2026-01-29T04:38:59.948+0000] {processor.py:830} INFO - Processing file /home/airflow/.local/lib/python3.12/site-packages/airflow/example_dags/example_sla_dag.py for tasks to queue
[2026-01-29T04:38:59.950+0000] {logging_mixin.py:188} INFO - [2026-01-29T04:38:59.950+0000] {dagbag.py:545} INFO - Filling up the DagBag from /home/airflow/.local/lib/python3.12/site-packages/airflow/example_dags/example_sla_dag.py
[2026-01-29T04:38:59.958+0000] {processor.py:840} INFO - DAG(s) 'example_sla_dag' retrieved from /home/airflow/.local/lib/python3.12/site-packages/airflow/example_dags/example_sla_dag.py
[2026-01-29T04:38:59.976+0000] {logging_mixin.py:188} INFO - [2026-01-29T04:38:59.976+0000] {dag.py:3089} INFO - Sync 1 DAGs
[2026-01-29T04:39:00.002+0000] {logging_mixin.py:188} INFO - [2026-01-29T04:39:00.002+0000] {dag.py:3947} INFO - Setting next_dagrun for example_sla_dag to 2026-01-29 04:36:00+00:00, run_after=2026-01-29 04:38:00+00:00
[2026-01-29T04:39:00.020+0000] {processor.py:183} INFO - Processing /home/airflow/.local/lib/python3.12/site-packages/airflow/example_dags/example_sla_dag.py took 0.078 seconds
[2026-01-29T04:39:30.254+0000] {processor.py:161} INFO - Started process (PID=96259) to work on /home/airflow/.local/lib/python3.12/site-packages/airflow/example_dags/example_sla_dag.py
[2026-01-29T04:39:30.255+0000] {processor.py:830} INFO - Processing file /home/airflow/.local/lib/python3.12/site-packages/airflow/example_dags/example_sla_dag.py for tasks to queue
[2026-01-29T04:39:30.257+0000] {logging_mixin.py:188} INFO - [2026-01-29T04:39:30.256+0000] {dagbag.py:545} INFO - Filling up the DagBag from /home/airflow/.local/lib/python3.12/site-packages/airflow/example_dags/example_sla_dag.py
[2026-01-29T04:39:30.265+0000] {processor.py:840} INFO - DAG(s) 'example_sla_dag' retrieved from /home/airflow/.local/lib/python3.12/site-packages/airflow/example_dags/example_sla_dag.py
[2026-01-29T04:39:30.284+0000] {logging_mixin.py:188} INFO - [2026-01-29T04:39:30.283+0000] {dag.py:3089} INFO - Sync 1 DAGs
[2026-01-29T04:39:30.310+0000] {logging_mixin.py:188} INFO - [2026-01-29T04:39:30.310+0000] {dag.py:3947} INFO - Setting next_dagrun for example_sla_dag to 2026-01-29 04:36:00+00:00, run_after=2026-01-29 04:38:00+00:00
[2026-01-29T04:39:30.330+0000] {processor.py:183} INFO - Processing /home/airflow/.local/lib/python3.12/site-packages/airflow/example_dags/example_sla_dag.py took 0.081 seconds
[2026-01-29T04:40:00.662+0000] {processor.py:161} INFO - Started process (PID=96318) to work on /home/airflow/.local/lib/python3.12/site-packages/airflow/example_dags/example_sla_dag.py
[2026-01-29T04:40:00.663+0000] {processor.py:830} INFO - Processing file /home/airflow/.local/lib/python3.12/site-packages/airflow/example_dags/example_sla_dag.py for tasks to queue
[2026-01-29T04:40:00.665+0000] {logging_mixin.py:188} INFO - [2026-01-29T04:40:00.665+0000] {dagbag.py:545} INFO - Filling up the DagBag from /home/airflow/.local/lib/python3.12/site-packages/airflow/example_dags/example_sla_dag.py
[2026-01-29T04:40:00.675+0000] {processor.py:840} INFO - DAG(s) 'example_sla_dag' retrieved from /home/airflow/.local/lib/python3.12/site-packages/airflow/example_dags/example_sla_dag.py
[2026-01-29T04:40:00.697+0000] {logging_mixin.py:188} INFO - [2026-01-29T04:40:00.696+0000] {dag.py:3089} INFO - Sync 1 DAGs
[2026-01-29T04:40:00.726+0000] {logging_mixin.py:188} INFO - [2026-01-29T04:40:00.726+0000] {dag.py:3947} INFO - Setting next_dagrun for example_sla_dag to 2026-01-29 04:38:00+00:00, run_after=2026-01-29 04:40:00+00:00
[2026-01-29T04:40:00.747+0000] {processor.py:183} INFO - Processing /home/airflow/.local/lib/python3.12/site-packages/airflow/example_dags/example_sla_dag.py took 0.092 seconds
[2026-01-29T04:40:30.916+0000] {processor.py:161} INFO - Started process (PID=96382) to work on /home/airflow/.local/lib/python3.12/site-packages/airflow/example_dags/example_sla_dag.py
[2026-01-29T04:40:30.918+0000] {processor.py:830} INFO - Processing file /home/airflow/.local/lib/python3.12/site-packages/airflow/example_dags/example_sla_dag.py for tasks to queue
[2026-01-29T04:40:30.920+0000] {logging_mixin.py:188} INFO - [2026-01-29T04:40:30.919+0000] {dagbag.py:545} INFO - Filling up the DagBag from /home/airflow/.local/lib/python3.12/site-packages/airflow/example_dags/example_sla_dag.py
[2026-01-29T04:40:30.930+0000] {processor.py:840} INFO - DAG(s) 'example_sla_dag' retrieved from /home/airflow/.local/lib/python3.12/site-packages/airflow/example_dags/example_sla_dag.py
[2026-01-29T04:40:30.949+0000] {logging_mixin.py:188} INFO - [2026-01-29T04:40:30.948+0000] {dag.py:3089} INFO - Sync 1 DAGs
[2026-01-29T04:40:30.973+0000] {logging_mixin.py:188} INFO - [2026-01-29T04:40:30.973+0000] {dag.py:3947} INFO - Setting next_dagrun for example_sla_dag to 2026-01-29 04:38:00+00:00, run_after=2026-01-29 04:40:00+00:00
[2026-01-29T04:40:30.991+0000] {processor.py:183} INFO - Processing /home/airflow/.local/lib/python3.12/site-packages/airflow/example_dags/example_sla_dag.py took 0.082 seconds
[2026-01-29T04:41:01.598+0000] {processor.py:161} INFO - Started process (PID=96446) to work on /home/airflow/.local/lib/python3.12/site-packages/airflow/example_dags/example_sla_dag.py
[2026-01-29T04:41:01.599+0000] {processor.py:830} INFO - Processing file /home/airflow/.local/lib/python3.12/site-packages/airflow/example_dags/example_sla_dag.py for tasks to queue
[2026-01-29T04:41:01.601+0000] {logging_mixin.py:188} INFO - [2026-01-29T04:41:01.601+0000] {dagbag.py:545} INFO - Filling up the DagBag from /home/airflow/.local/lib/python3.12/site-packages/airflow/example_dags/example_sla_dag.py
[2026-01-29T04:41:01.615+0000] {processor.py:840} INFO - DAG(s) 'example_sla_dag' retrieved from /home/airflow/.local/lib/python3.12/site-packages/airflow/example_dags/example_sla_dag.py
[2026-01-29T04:41:01.643+0000] {logging_mixin.py:188} INFO - [2026-01-29T04:41:01.642+0000] {dag.py:3089} INFO - Sync 1 DAGs
[2026-01-29T04:41:01.687+0000] {logging_mixin.py:188} INFO - [2026-01-29T04:41:01.686+0000] {dag.py:3947} INFO - Setting next_dagrun for example_sla_dag to 2026-01-29 04:38:00+00:00, run_after=2026-01-29 04:40:00+00:00
[2026-01-29T04:41:01.725+0000] {processor.py:183} INFO - Processing /home/airflow/.local/lib/python3.12/site-packages/airflow/example_dags/example_sla_dag.py took 0.137 seconds
[2026-01-29T04:41:31.872+0000] {processor.py:161} INFO - Started process (PID=96505) to work on /home/airflow/.local/lib/python3.12/site-packages/airflow/example_dags/example_sla_dag.py
[2026-01-29T04:41:31.873+0000] {processor.py:830} INFO - Processing file /home/airflow/.local/lib/python3.12/site-packages/airflow/example_dags/example_sla_dag.py for tasks to queue
[2026-01-29T04:41:31.875+0000] {logging_mixin.py:188} INFO - [2026-01-29T04:41:31.874+0000] {dagbag.py:545} INFO - Filling up the DagBag from /home/airflow/.local/lib/python3.12/site-packages/airflow/example_dags/example_sla_dag.py
[2026-01-29T04:41:31.885+0000] {processor.py:840} INFO - DAG(s) 'example_sla_dag' retrieved from /home/airflow/.local/lib/python3.12/site-packages/airflow/example_dags/example_sla_dag.py
[2026-01-29T04:41:31.907+0000] {logging_mixin.py:188} INFO - [2026-01-29T04:41:31.906+0000] {dag.py:3089} INFO - Sync 1 DAGs
[2026-01-29T04:41:31.935+0000] {logging_mixin.py:188} INFO - [2026-01-29T04:41:31.934+0000] {dag.py:3947} INFO - Setting next_dagrun for example_sla_dag to 2026-01-29 04:38:00+00:00, run_after=2026-01-29 04:40:00+00:00
[2026-01-29T04:41:31.956+0000] {processor.py:183} INFO - Processing /home/airflow/.local/lib/python3.12/site-packages/airflow/example_dags/example_sla_dag.py took 0.092 seconds
[2026-01-29T04:42:02.223+0000] {processor.py:161} INFO - Started process (PID=96569) to work on /home/airflow/.local/lib/python3.12/site-packages/airflow/example_dags/example_sla_dag.py
[2026-01-29T04:42:02.224+0000] {processor.py:830} INFO - Processing file /home/airflow/.local/lib/python3.12/site-packages/airflow/example_dags/example_sla_dag.py for tasks to queue
[2026-01-29T04:42:02.226+0000] {logging_mixin.py:188} INFO - [2026-01-29T04:42:02.225+0000] {dagbag.py:545} INFO - Filling up the DagBag from /home/airflow/.local/lib/python3.12/site-packages/airflow/example_dags/example_sla_dag.py
[2026-01-29T04:42:02.235+0000] {processor.py:840} INFO - DAG(s) 'example_sla_dag' retrieved from /home/airflow/.local/lib/python3.12/site-packages/airflow/example_dags/example_sla_dag.py
[2026-01-29T04:42:02.262+0000] {logging_mixin.py:188} INFO - [2026-01-29T04:42:02.262+0000] {dag.py:3089} INFO - Sync 1 DAGs
[2026-01-29T04:42:02.298+0000] {logging_mixin.py:188} INFO - [2026-01-29T04:42:02.297+0000] {dag.py:3947} INFO - Setting next_dagrun for example_sla_dag to 2026-01-29 04:40:00+00:00, run_after=2026-01-29 04:42:00+00:00
[2026-01-29T04:42:02.323+0000] {processor.py:183} INFO - Processing /home/airflow/.local/lib/python3.12/site-packages/airflow/example_dags/example_sla_dag.py took 0.108 seconds
[2026-01-29T04:42:32.436+0000] {processor.py:161} INFO - Started process (PID=96628) to work on /home/airflow/.local/lib/python3.12/site-packages/airflow/example_dags/example_sla_dag.py
[2026-01-29T04:42:32.438+0000] {processor.py:830} INFO - Processing file /home/airflow/.local/lib/python3.12/site-packages/airflow/example_dags/example_sla_dag.py for tasks to queue
[2026-01-29T04:42:32.439+0000] {logging_mixin.py:188} INFO - [2026-01-29T04:42:32.439+0000] {dagbag.py:545} INFO - Filling up the DagBag from /home/airflow/.local/lib/python3.12/site-packages/airflow/example_dags/example_sla_dag.py
[2026-01-29T04:42:32.448+0000] {processor.py:840} INFO - DAG(s) 'example_sla_dag' retrieved from /home/airflow/.local/lib/python3.12/site-packages/airflow/example_dags/example_sla_dag.py
[2026-01-29T04:42:32.467+0000] {logging_mixin.py:188} INFO - [2026-01-29T04:42:32.467+0000] {dag.py:3089} INFO - Sync 1 DAGs
[2026-01-29T04:42:32.493+0000] {logging_mixin.py:188} INFO - [2026-01-29T04:42:32.493+0000] {dag.py:3947} INFO - Setting next_dagrun for example_sla_dag to 2026-01-29 04:40:00+00:00, run_after=2026-01-29 04:42:00+00:00
[2026-01-29T04:42:32.512+0000] {processor.py:183} INFO - Processing /home/airflow/.local/lib/python3.12/site-packages/airflow/example_dags/example_sla_dag.py took 0.082 seconds
[2026-01-29T04:43:03.182+0000] {processor.py:161} INFO - Started process (PID=96692) to work on /home/airflow/.local/lib/python3.12/site-packages/airflow/example_dags/example_sla_dag.py
[2026-01-29T04:43:03.183+0000] {processor.py:830} INFO - Processing file /home/airflow/.local/lib/python3.12/site-packages/airflow/example_dags/example_sla_dag.py for tasks to queue
[2026-01-29T04:43:03.185+0000] {logging_mixin.py:188} INFO - [2026-01-29T04:43:03.184+0000] {dagbag.py:545} INFO - Filling up the DagBag from /home/airflow/.local/lib/python3.12/site-packages/airflow/example_dags/example_sla_dag.py
[2026-01-29T04:43:03.195+0000] {processor.py:840} INFO - DAG(s) 'example_sla_dag' retrieved from /home/airflow/.local/lib/python3.12/site-packages/airflow/example_dags/example_sla_dag.py
[2026-01-29T04:43:03.216+0000] {logging_mixin.py:188} INFO - [2026-01-29T04:43:03.216+0000] {dag.py:3089} INFO - Sync 1 DAGs
[2026-01-29T04:43:03.243+0000] {logging_mixin.py:188} INFO - [2026-01-29T04:43:03.243+0000] {dag.py:3947} INFO - Setting next_dagrun for example_sla_dag to 2026-01-29 04:40:00+00:00, run_after=2026-01-29 04:42:00+00:00
[2026-01-29T04:43:03.264+0000] {processor.py:183} INFO - Processing /home/airflow/.local/lib/python3.12/site-packages/airflow/example_dags/example_sla_dag.py took 0.090 seconds
[2026-01-29T04:43:33.759+0000] {processor.py:161} INFO - Started process (PID=96751) to work on /home/airflow/.local/lib/python3.12/site-packages/airflow/example_dags/example_sla_dag.py
[2026-01-29T04:43:33.759+0000] {processor.py:830} INFO - Processing file /home/airflow/.local/lib/python3.12/site-packages/airflow/example_dags/example_sla_dag.py for tasks to queue
[2026-01-29T04:43:33.761+0000] {logging_mixin.py:188} INFO - [2026-01-29T04:43:33.761+0000] {dagbag.py:545} INFO - Filling up the DagBag from /home/airflow/.local/lib/python3.12/site-packages/airflow/example_dags/example_sla_dag.py
[2026-01-29T04:43:33.771+0000] {processor.py:840} INFO - DAG(s) 'example_sla_dag' retrieved from /home/airflow/.local/lib/python3.12/site-packages/airflow/example_dags/example_sla_dag.py
[2026-01-29T04:43:33.792+0000] {logging_mixin.py:188} INFO - [2026-01-29T04:43:33.791+0000] {dag.py:3089} INFO - Sync 1 DAGs
[2026-01-29T04:43:33.822+0000] {logging_mixin.py:188} INFO - [2026-01-29T04:43:33.822+0000] {dag.py:3947} INFO - Setting next_dagrun for example_sla_dag to 2026-01-29 04:40:00+00:00, run_after=2026-01-29 04:42:00+00:00
[2026-01-29T04:43:33.844+0000] {processor.py:183} INFO - Processing /home/airflow/.local/lib/python3.12/site-packages/airflow/example_dags/example_sla_dag.py took 0.093 seconds
[2026-01-29T04:44:04.615+0000] {processor.py:161} INFO - Started process (PID=96815) to work on /home/airflow/.local/lib/python3.12/site-packages/airflow/example_dags/example_sla_dag.py
[2026-01-29T04:44:04.616+0000] {processor.py:830} INFO - Processing file /home/airflow/.local/lib/python3.12/site-packages/airflow/example_dags/example_sla_dag.py for tasks to queue
[2026-01-29T04:44:04.618+0000] {logging_mixin.py:188} INFO - [2026-01-29T04:44:04.618+0000] {dagbag.py:545} INFO - Filling up the DagBag from /home/airflow/.local/lib/python3.12/site-packages/airflow/example_dags/example_sla_dag.py
[2026-01-29T04:44:04.628+0000] {processor.py:840} INFO - DAG(s) 'example_sla_dag' retrieved from /home/airflow/.local/lib/python3.12/site-packages/airflow/example_dags/example_sla_dag.py
[2026-01-29T04:44:04.651+0000] {logging_mixin.py:188} INFO - [2026-01-29T04:44:04.651+0000] {dag.py:3089} INFO - Sync 1 DAGs
[2026-01-29T04:44:04.681+0000] {logging_mixin.py:188} INFO - [2026-01-29T04:44:04.681+0000] {dag.py:3947} INFO - Setting next_dagrun for example_sla_dag to 2026-01-29 04:42:00+00:00, run_after=2026-01-29 04:44:00+00:00
[2026-01-29T04:44:04.702+0000] {processor.py:183} INFO - Processing /home/airflow/.local/lib/python3.12/site-packages/airflow/example_dags/example_sla_dag.py took 0.094 seconds
[2026-01-29T04:44:35.395+0000] {processor.py:161} INFO - Started process (PID=96874) to work on /home/airflow/.local/lib/python3.12/site-packages/airflow/example_dags/example_sla_dag.py
[2026-01-29T04:44:35.396+0000] {processor.py:830} INFO - Processing file /home/airflow/.local/lib/python3.12/site-packages/airflow/example_dags/example_sla_dag.py for tasks to queue
[2026-01-29T04:44:35.398+0000] {logging_mixin.py:188} INFO - [2026-01-29T04:44:35.398+0000] {dagbag.py:545} INFO - Filling up the DagBag from /home/airflow/.local/lib/python3.12/site-packages/airflow/example_dags/example_sla_dag.py
[2026-01-29T04:44:35.406+0000] {processor.py:840} INFO - DAG(s) 'example_sla_dag' retrieved from /home/airflow/.local/lib/python3.12/site-packages/airflow/example_dags/example_sla_dag.py
[2026-01-29T04:44:35.424+0000] {logging_mixin.py:188} INFO - [2026-01-29T04:44:35.424+0000] {dag.py:3089} INFO - Sync 1 DAGs
[2026-01-29T04:44:35.449+0000] {logging_mixin.py:188} INFO - [2026-01-29T04:44:35.449+0000] {dag.py:3947} INFO - Setting next_dagrun for example_sla_dag to 2026-01-29 04:42:00+00:00, run_after=2026-01-29 04:44:00+00:00
[2026-01-29T04:44:35.470+0000] {processor.py:183} INFO - Processing /home/airflow/.local/lib/python3.12/site-packages/airflow/example_dags/example_sla_dag.py took 0.081 seconds
[2026-01-29T04:45:05.633+0000] {processor.py:161} INFO - Started process (PID=96938) to work on /home/airflow/.local/lib/python3.12/site-packages/airflow/example_dags/example_sla_dag.py
[2026-01-29T04:45:05.634+0000] {processor.py:830} INFO - Processing file /home/airflow/.local/lib/python3.12/site-packages/airflow/example_dags/example_sla_dag.py for tasks to queue
[2026-01-29T04:45:05.636+0000] {logging_mixin.py:188} INFO - [2026-01-29T04:45:05.636+0000] {dagbag.py:545} INFO - Filling up the DagBag from /home/airflow/.local/lib/python3.12/site-packages/airflow/example_dags/example_sla_dag.py
[2026-01-29T04:45:05.646+0000] {processor.py:840} INFO - DAG(s) 'example_sla_dag' retrieved from /home/airflow/.local/lib/python3.12/site-packages/airflow/example_dags/example_sla_dag.py
[2026-01-29T04:45:05.666+0000] {logging_mixin.py:188} INFO - [2026-01-29T04:45:05.666+0000] {dag.py:3089} INFO - Sync 1 DAGs
[2026-01-29T04:45:05.693+0000] {logging_mixin.py:188} INFO - [2026-01-29T04:45:05.693+0000] {dag.py:3947} INFO - Setting next_dagrun for example_sla_dag to 2026-01-29 04:42:00+00:00, run_after=2026-01-29 04:44:00+00:00
[2026-01-29T04:45:05.712+0000] {processor.py:183} INFO - Processing /home/airflow/.local/lib/python3.12/site-packages/airflow/example_dags/example_sla_dag.py took 0.086 seconds
[2026-01-29T04:45:36.156+0000] {processor.py:161} INFO - Started process (PID=96997) to work on /home/airflow/.local/lib/python3.12/site-packages/airflow/example_dags/example_sla_dag.py
[2026-01-29T04:45:36.157+0000] {processor.py:830} INFO - Processing file /home/airflow/.local/lib/python3.12/site-packages/airflow/example_dags/example_sla_dag.py for tasks to queue
[2026-01-29T04:45:36.158+0000] {logging_mixin.py:188} INFO - [2026-01-29T04:45:36.158+0000] {dagbag.py:545} INFO - Filling up the DagBag from /home/airflow/.local/lib/python3.12/site-packages/airflow/example_dags/example_sla_dag.py
[2026-01-29T04:45:36.166+0000] {processor.py:840} INFO - DAG(s) 'example_sla_dag' retrieved from /home/airflow/.local/lib/python3.12/site-packages/airflow/example_dags/example_sla_dag.py
[2026-01-29T04:45:36.186+0000] {logging_mixin.py:188} INFO - [2026-01-29T04:45:36.186+0000] {dag.py:3089} INFO - Sync 1 DAGs
[2026-01-29T04:45:36.212+0000] {logging_mixin.py:188} INFO - [2026-01-29T04:45:36.212+0000] {dag.py:3947} INFO - Setting next_dagrun for example_sla_dag to 2026-01-29 04:42:00+00:00, run_after=2026-01-29 04:44:00+00:00
[2026-01-29T04:45:36.233+0000] {processor.py:183} INFO - Processing /home/airflow/.local/lib/python3.12/site-packages/airflow/example_dags/example_sla_dag.py took 0.083 seconds
[2026-01-29T04:46:06.466+0000] {processor.py:161} INFO - Started process (PID=97061) to work on /home/airflow/.local/lib/python3.12/site-packages/airflow/example_dags/example_sla_dag.py
[2026-01-29T04:46:06.466+0000] {processor.py:830} INFO - Processing file /home/airflow/.local/lib/python3.12/site-packages/airflow/example_dags/example_sla_dag.py for tasks to queue
[2026-01-29T04:46:06.468+0000] {logging_mixin.py:188} INFO - [2026-01-29T04:46:06.467+0000] {dagbag.py:545} INFO - Filling up the DagBag from /home/airflow/.local/lib/python3.12/site-packages/airflow/example_dags/example_sla_dag.py
[2026-01-29T04:46:06.476+0000] {processor.py:840} INFO - DAG(s) 'example_sla_dag' retrieved from /home/airflow/.local/lib/python3.12/site-packages/airflow/example_dags/example_sla_dag.py
[2026-01-29T04:46:06.495+0000] {logging_mixin.py:188} INFO - [2026-01-29T04:46:06.495+0000] {dag.py:3089} INFO - Sync 1 DAGs
[2026-01-29T04:46:06.522+0000] {logging_mixin.py:188} INFO - [2026-01-29T04:46:06.521+0000] {dag.py:3947} INFO - Setting next_dagrun for example_sla_dag to 2026-01-29 04:44:00+00:00, run_after=2026-01-29 04:46:00+00:00
[2026-01-29T04:46:06.544+0000] {processor.py:183} INFO - Processing /home/airflow/.local/lib/python3.12/site-packages/airflow/example_dags/example_sla_dag.py took 0.084 seconds
[2026-01-29T04:46:36.872+0000] {processor.py:161} INFO - Started process (PID=97120) to work on /home/airflow/.local/lib/python3.12/site-packages/airflow/example_dags/example_sla_dag.py
[2026-01-29T04:46:36.873+0000] {processor.py:830} INFO - Processing file /home/airflow/.local/lib/python3.12/site-packages/airflow/example_dags/example_sla_dag.py for tasks to queue
[2026-01-29T04:46:36.875+0000] {logging_mixin.py:188} INFO - [2026-01-29T04:46:36.875+0000] {dagbag.py:545} INFO - Filling up the DagBag from /home/airflow/.local/lib/python3.12/site-packages/airflow/example_dags/example_sla_dag.py
[2026-01-29T04:46:36.883+0000] {processor.py:840} INFO - DAG(s) 'example_sla_dag' retrieved from /home/airflow/.local/lib/python3.12/site-packages/airflow/example_dags/example_sla_dag.py
[2026-01-29T04:46:36.902+0000] {logging_mixin.py:188} INFO - [2026-01-29T04:46:36.902+0000] {dag.py:3089} INFO - Sync 1 DAGs
[2026-01-29T04:46:36.929+0000] {logging_mixin.py:188} INFO - [2026-01-29T04:46:36.928+0000] {dag.py:3947} INFO - Setting next_dagrun for example_sla_dag to 2026-01-29 04:44:00+00:00, run_after=2026-01-29 04:46:00+00:00
[2026-01-29T04:46:36.948+0000] {processor.py:183} INFO - Processing /home/airflow/.local/lib/python3.12/site-packages/airflow/example_dags/example_sla_dag.py took 0.081 seconds
[2026-01-29T04:47:07.330+0000] {processor.py:161} INFO - Started process (PID=97184) to work on /home/airflow/.local/lib/python3.12/site-packages/airflow/example_dags/example_sla_dag.py
[2026-01-29T04:47:07.330+0000] {processor.py:830} INFO - Processing file /home/airflow/.local/lib/python3.12/site-packages/airflow/example_dags/example_sla_dag.py for tasks to queue
[2026-01-29T04:47:07.332+0000] {logging_mixin.py:188} INFO - [2026-01-29T04:47:07.332+0000] {dagbag.py:545} INFO - Filling up the DagBag from /home/airflow/.local/lib/python3.12/site-packages/airflow/example_dags/example_sla_dag.py
[2026-01-29T04:47:07.340+0000] {processor.py:840} INFO - DAG(s) 'example_sla_dag' retrieved from /home/airflow/.local/lib/python3.12/site-packages/airflow/example_dags/example_sla_dag.py
[2026-01-29T04:47:07.362+0000] {logging_mixin.py:188} INFO - [2026-01-29T04:47:07.361+0000] {dag.py:3089} INFO - Sync 1 DAGs
[2026-01-29T04:47:07.387+0000] {logging_mixin.py:188} INFO - [2026-01-29T04:47:07.387+0000] {dag.py:3947} INFO - Setting next_dagrun for example_sla_dag to 2026-01-29 04:44:00+00:00, run_after=2026-01-29 04:46:00+00:00
[2026-01-29T04:47:07.405+0000] {processor.py:183} INFO - Processing /home/airflow/.local/lib/python3.12/site-packages/airflow/example_dags/example_sla_dag.py took 0.081 seconds
[2026-01-29T04:47:37.619+0000] {processor.py:161} INFO - Started process (PID=97243) to work on /home/airflow/.local/lib/python3.12/site-packages/airflow/example_dags/example_sla_dag.py
[2026-01-29T04:47:37.620+0000] {processor.py:830} INFO - Processing file /home/airflow/.local/lib/python3.12/site-packages/airflow/example_dags/example_sla_dag.py for tasks to queue
[2026-01-29T04:47:37.622+0000] {logging_mixin.py:188} INFO - [2026-01-29T04:47:37.622+0000] {dagbag.py:545} INFO - Filling up the DagBag from /home/airflow/.local/lib/python3.12/site-packages/airflow/example_dags/example_sla_dag.py
[2026-01-29T04:47:37.632+0000] {processor.py:840} INFO - DAG(s) 'example_sla_dag' retrieved from /home/airflow/.local/lib/python3.12/site-packages/airflow/example_dags/example_sla_dag.py
[2026-01-29T04:47:37.655+0000] {logging_mixin.py:188} INFO - [2026-01-29T04:47:37.654+0000] {dag.py:3089} INFO - Sync 1 DAGs
[2026-01-29T04:47:37.684+0000] {logging_mixin.py:188} INFO - [2026-01-29T04:47:37.684+0000] {dag.py:3947} INFO - Setting next_dagrun for example_sla_dag to 2026-01-29 04:44:00+00:00, run_after=2026-01-29 04:46:00+00:00
[2026-01-29T04:47:37.705+0000] {processor.py:183} INFO - Processing /home/airflow/.local/lib/python3.12/site-packages/airflow/example_dags/example_sla_dag.py took 0.094 seconds
[2026-01-29T04:48:07.933+0000] {processor.py:161} INFO - Started process (PID=97307) to work on /home/airflow/.local/lib/python3.12/site-packages/airflow/example_dags/example_sla_dag.py
[2026-01-29T04:48:07.934+0000] {processor.py:830} INFO - Processing file /home/airflow/.local/lib/python3.12/site-packages/airflow/example_dags/example_sla_dag.py for tasks to queue
[2026-01-29T04:48:07.936+0000] {logging_mixin.py:188} INFO - [2026-01-29T04:48:07.935+0000] {dagbag.py:545} INFO - Filling up the DagBag from /home/airflow/.local/lib/python3.12/site-packages/airflow/example_dags/example_sla_dag.py
[2026-01-29T04:48:07.944+0000] {processor.py:840} INFO - DAG(s) 'example_sla_dag' retrieved from /home/airflow/.local/lib/python3.12/site-packages/airflow/example_dags/example_sla_dag.py
[2026-01-29T04:48:07.964+0000] {logging_mixin.py:188} INFO - [2026-01-29T04:48:07.964+0000] {dag.py:3089} INFO - Sync 1 DAGs
[2026-01-29T04:48:07.990+0000] {logging_mixin.py:188} INFO - [2026-01-29T04:48:07.990+0000] {dag.py:3947} INFO - Setting next_dagrun for example_sla_dag to 2026-01-29 04:46:00+00:00, run_after=2026-01-29 04:48:00+00:00
[2026-01-29T04:48:08.011+0000] {processor.py:183} INFO - Processing /home/airflow/.local/lib/python3.12/site-packages/airflow/example_dags/example_sla_dag.py took 0.083 seconds
[2026-01-29T04:48:38.274+0000] {processor.py:161} INFO - Started process (PID=97366) to work on /home/airflow/.local/lib/python3.12/site-packages/airflow/example_dags/example_sla_dag.py
[2026-01-29T04:48:38.275+0000] {processor.py:830} INFO - Processing file /home/airflow/.local/lib/python3.12/site-packages/airflow/example_dags/example_sla_dag.py for tasks to queue
[2026-01-29T04:48:38.277+0000] {logging_mixin.py:188} INFO - [2026-01-29T04:48:38.277+0000] {dagbag.py:545} INFO - Filling up the DagBag from /home/airflow/.local/lib/python3.12/site-packages/airflow/example_dags/example_sla_dag.py
[2026-01-29T04:48:38.286+0000] {processor.py:840} INFO - DAG(s) 'example_sla_dag' retrieved from /home/airflow/.local/lib/python3.12/site-packages/airflow/example_dags/example_sla_dag.py
[2026-01-29T04:48:38.309+0000] {logging_mixin.py:188} INFO - [2026-01-29T04:48:38.309+0000] {dag.py:3089} INFO - Sync 1 DAGs
[2026-01-29T04:48:38.337+0000] {logging_mixin.py:188} INFO - [2026-01-29T04:48:38.337+0000] {dag.py:3947} INFO - Setting next_dagrun for example_sla_dag to 2026-01-29 04:46:00+00:00, run_after=2026-01-29 04:48:00+00:00
[2026-01-29T04:48:38.357+0000] {processor.py:183} INFO - Processing /home/airflow/.local/lib/python3.12/site-packages/airflow/example_dags/example_sla_dag.py took 0.089 seconds
[2026-01-29T04:49:08.740+0000] {processor.py:161} INFO - Started process (PID=97430) to work on /home/airflow/.local/lib/python3.12/site-packages/airflow/example_dags/example_sla_dag.py
[2026-01-29T04:49:08.740+0000] {processor.py:830} INFO - Processing file /home/airflow/.local/lib/python3.12/site-packages/airflow/example_dags/example_sla_dag.py for tasks to queue
[2026-01-29T04:49:08.742+0000] {logging_mixin.py:188} INFO - [2026-01-29T04:49:08.742+0000] {dagbag.py:545} INFO - Filling up the DagBag from /home/airflow/.local/lib/python3.12/site-packages/airflow/example_dags/example_sla_dag.py
[2026-01-29T04:49:08.750+0000] {processor.py:840} INFO - DAG(s) 'example_sla_dag' retrieved from /home/airflow/.local/lib/python3.12/site-packages/airflow/example_dags/example_sla_dag.py
[2026-01-29T04:49:08.768+0000] {logging_mixin.py:188} INFO - [2026-01-29T04:49:08.768+0000] {dag.py:3089} INFO - Sync 1 DAGs
[2026-01-29T04:49:08.793+0000] {logging_mixin.py:188} INFO - [2026-01-29T04:49:08.793+0000] {dag.py:3947} INFO - Setting next_dagrun for example_sla_dag to 2026-01-29 04:46:00+00:00, run_after=2026-01-29 04:48:00+00:00
[2026-01-29T04:49:08.814+0000] {processor.py:183} INFO - Processing /home/airflow/.local/lib/python3.12/site-packages/airflow/example_dags/example_sla_dag.py took 0.080 seconds
[2026-01-29T04:49:39.291+0000] {processor.py:161} INFO - Started process (PID=97489) to work on /home/airflow/.local/lib/python3.12/site-packages/airflow/example_dags/example_sla_dag.py
[2026-01-29T04:49:39.292+0000] {processor.py:830} INFO - Processing file /home/airflow/.local/lib/python3.12/site-packages/airflow/example_dags/example_sla_dag.py for tasks to queue
[2026-01-29T04:49:39.294+0000] {logging_mixin.py:188} INFO - [2026-01-29T04:49:39.294+0000] {dagbag.py:545} INFO - Filling up the DagBag from /home/airflow/.local/lib/python3.12/site-packages/airflow/example_dags/example_sla_dag.py
[2026-01-29T04:49:39.304+0000] {processor.py:840} INFO - DAG(s) 'example_sla_dag' retrieved from /home/airflow/.local/lib/python3.12/site-packages/airflow/example_dags/example_sla_dag.py
[2026-01-29T04:49:39.326+0000] {logging_mixin.py:188} INFO - [2026-01-29T04:49:39.326+0000] {dag.py:3089} INFO - Sync 1 DAGs
[2026-01-29T04:49:39.355+0000] {logging_mixin.py:188} INFO - [2026-01-29T04:49:39.355+0000] {dag.py:3947} INFO - Setting next_dagrun for example_sla_dag to 2026-01-29 04:46:00+00:00, run_after=2026-01-29 04:48:00+00:00
[2026-01-29T04:49:39.376+0000] {processor.py:183} INFO - Processing /home/airflow/.local/lib/python3.12/site-packages/airflow/example_dags/example_sla_dag.py took 0.093 seconds
[2026-01-29T04:50:09.911+0000] {processor.py:161} INFO - Started process (PID=97553) to work on /home/airflow/.local/lib/python3.12/site-packages/airflow/example_dags/example_sla_dag.py
[2026-01-29T04:50:09.911+0000] {processor.py:830} INFO - Processing file /home/airflow/.local/lib/python3.12/site-packages/airflow/example_dags/example_sla_dag.py for tasks to queue
[2026-01-29T04:50:09.913+0000] {logging_mixin.py:188} INFO - [2026-01-29T04:50:09.913+0000] {dagbag.py:545} INFO - Filling up the DagBag from /home/airflow/.local/lib/python3.12/site-packages/airflow/example_dags/example_sla_dag.py
[2026-01-29T04:50:09.921+0000] {processor.py:840} INFO - DAG(s) 'example_sla_dag' retrieved from /home/airflow/.local/lib/python3.12/site-packages/airflow/example_dags/example_sla_dag.py
[2026-01-29T04:50:09.940+0000] {logging_mixin.py:188} INFO - [2026-01-29T04:50:09.940+0000] {dag.py:3089} INFO - Sync 1 DAGs
[2026-01-29T04:50:09.966+0000] {logging_mixin.py:188} INFO - [2026-01-29T04:50:09.966+0000] {dag.py:3947} INFO - Setting next_dagrun for example_sla_dag to 2026-01-29 04:48:00+00:00, run_after=2026-01-29 04:50:00+00:00
[2026-01-29T04:50:09.987+0000] {processor.py:183} INFO - Processing /home/airflow/.local/lib/python3.12/site-packages/airflow/example_dags/example_sla_dag.py took 0.082 seconds
[2026-01-29T04:50:40.299+0000] {processor.py:161} INFO - Started process (PID=97612) to work on /home/airflow/.local/lib/python3.12/site-packages/airflow/example_dags/example_sla_dag.py
[2026-01-29T04:50:40.300+0000] {processor.py:830} INFO - Processing file /home/airflow/.local/lib/python3.12/site-packages/airflow/example_dags/example_sla_dag.py for tasks to queue
[2026-01-29T04:50:40.302+0000] {logging_mixin.py:188} INFO - [2026-01-29T04:50:40.302+0000] {dagbag.py:545} INFO - Filling up the DagBag from /home/airflow/.local/lib/python3.12/site-packages/airflow/example_dags/example_sla_dag.py
[2026-01-29T04:50:40.312+0000] {processor.py:840} INFO - DAG(s) 'example_sla_dag' retrieved from /home/airflow/.local/lib/python3.12/site-packages/airflow/example_dags/example_sla_dag.py
[2026-01-29T04:50:40.334+0000] {logging_mixin.py:188} INFO - [2026-01-29T04:50:40.334+0000] {dag.py:3089} INFO - Sync 1 DAGs
[2026-01-29T04:50:40.364+0000] {logging_mixin.py:188} INFO - [2026-01-29T04:50:40.364+0000] {dag.py:3947} INFO - Setting next_dagrun for example_sla_dag to 2026-01-29 04:48:00+00:00, run_after=2026-01-29 04:50:00+00:00
[2026-01-29T04:50:40.387+0000] {processor.py:183} INFO - Processing /home/airflow/.local/lib/python3.12/site-packages/airflow/example_dags/example_sla_dag.py took 0.096 seconds
[2026-01-29T04:51:10.738+0000] {processor.py:161} INFO - Started process (PID=97676) to work on /home/airflow/.local/lib/python3.12/site-packages/airflow/example_dags/example_sla_dag.py
[2026-01-29T04:51:10.739+0000] {processor.py:830} INFO - Processing file /home/airflow/.local/lib/python3.12/site-packages/airflow/example_dags/example_sla_dag.py for tasks to queue
[2026-01-29T04:51:10.741+0000] {logging_mixin.py:188} INFO - [2026-01-29T04:51:10.740+0000] {dagbag.py:545} INFO - Filling up the DagBag from /home/airflow/.local/lib/python3.12/site-packages/airflow/example_dags/example_sla_dag.py
[2026-01-29T04:51:10.751+0000] {processor.py:840} INFO - DAG(s) 'example_sla_dag' retrieved from /home/airflow/.local/lib/python3.12/site-packages/airflow/example_dags/example_sla_dag.py
[2026-01-29T04:51:10.772+0000] {logging_mixin.py:188} INFO - [2026-01-29T04:51:10.771+0000] {dag.py:3089} INFO - Sync 1 DAGs
[2026-01-29T04:51:10.800+0000] {logging_mixin.py:188} INFO - [2026-01-29T04:51:10.799+0000] {dag.py:3947} INFO - Setting next_dagrun for example_sla_dag to 2026-01-29 04:48:00+00:00, run_after=2026-01-29 04:50:00+00:00
[2026-01-29T04:51:10.819+0000] {processor.py:183} INFO - Processing /home/airflow/.local/lib/python3.12/site-packages/airflow/example_dags/example_sla_dag.py took 0.090 seconds
[2026-01-29T04:51:41.234+0000] {processor.py:161} INFO - Started process (PID=97735) to work on /home/airflow/.local/lib/python3.12/site-packages/airflow/example_dags/example_sla_dag.py
[2026-01-29T04:51:41.235+0000] {processor.py:830} INFO - Processing file /home/airflow/.local/lib/python3.12/site-packages/airflow/example_dags/example_sla_dag.py for tasks to queue
[2026-01-29T04:51:41.237+0000] {logging_mixin.py:188} INFO - [2026-01-29T04:51:41.236+0000] {dagbag.py:545} INFO - Filling up the DagBag from /home/airflow/.local/lib/python3.12/site-packages/airflow/example_dags/example_sla_dag.py
[2026-01-29T04:51:41.245+0000] {processor.py:840} INFO - DAG(s) 'example_sla_dag' retrieved from /home/airflow/.local/lib/python3.12/site-packages/airflow/example_dags/example_sla_dag.py
[2026-01-29T04:51:41.265+0000] {logging_mixin.py:188} INFO - [2026-01-29T04:51:41.264+0000] {dag.py:3089} INFO - Sync 1 DAGs
[2026-01-29T04:51:41.291+0000] {logging_mixin.py:188} INFO - [2026-01-29T04:51:41.290+0000] {dag.py:3947} INFO - Setting next_dagrun for example_sla_dag to 2026-01-29 04:48:00+00:00, run_after=2026-01-29 04:50:00+00:00
[2026-01-29T04:51:41.312+0000] {processor.py:183} INFO - Processing /home/airflow/.local/lib/python3.12/site-packages/airflow/example_dags/example_sla_dag.py took 0.084 seconds
[2026-01-29T04:52:11.649+0000] {processor.py:161} INFO - Started process (PID=97799) to work on /home/airflow/.local/lib/python3.12/site-packages/airflow/example_dags/example_sla_dag.py
[2026-01-29T04:52:11.649+0000] {processor.py:830} INFO - Processing file /home/airflow/.local/lib/python3.12/site-packages/airflow/example_dags/example_sla_dag.py for tasks to queue
[2026-01-29T04:52:11.651+0000] {logging_mixin.py:188} INFO - [2026-01-29T04:52:11.651+0000] {dagbag.py:545} INFO - Filling up the DagBag from /home/airflow/.local/lib/python3.12/site-packages/airflow/example_dags/example_sla_dag.py
[2026-01-29T04:52:11.659+0000] {processor.py:840} INFO - DAG(s) 'example_sla_dag' retrieved from /home/airflow/.local/lib/python3.12/site-packages/airflow/example_dags/example_sla_dag.py
[2026-01-29T04:52:11.680+0000] {logging_mixin.py:188} INFO - [2026-01-29T04:52:11.679+0000] {dag.py:3089} INFO - Sync 1 DAGs
[2026-01-29T04:52:11.705+0000] {logging_mixin.py:188} INFO - [2026-01-29T04:52:11.705+0000] {dag.py:3947} INFO - Setting next_dagrun for example_sla_dag to 2026-01-29 04:50:00+00:00, run_after=2026-01-29 04:52:00+00:00
[2026-01-29T04:52:11.727+0000] {processor.py:183} INFO - Processing /home/airflow/.local/lib/python3.12/site-packages/airflow/example_dags/example_sla_dag.py took 0.084 seconds
[2026-01-29T04:52:41.922+0000] {processor.py:161} INFO - Started process (PID=97858) to work on /home/airflow/.local/lib/python3.12/site-packages/airflow/example_dags/example_sla_dag.py
[2026-01-29T04:52:41.923+0000] {processor.py:830} INFO - Processing file /home/airflow/.local/lib/python3.12/site-packages/airflow/example_dags/example_sla_dag.py for tasks to queue
[2026-01-29T04:52:41.925+0000] {logging_mixin.py:188} INFO - [2026-01-29T04:52:41.925+0000] {dagbag.py:545} INFO - Filling up the DagBag from /home/airflow/.local/lib/python3.12/site-packages/airflow/example_dags/example_sla_dag.py
[2026-01-29T04:52:41.935+0000] {processor.py:840} INFO - DAG(s) 'example_sla_dag' retrieved from /home/airflow/.local/lib/python3.12/site-packages/airflow/example_dags/example_sla_dag.py
[2026-01-29T04:52:41.955+0000] {logging_mixin.py:188} INFO - [2026-01-29T04:52:41.955+0000] {dag.py:3089} INFO - Sync 1 DAGs
[2026-01-29T04:52:41.984+0000] {logging_mixin.py:188} INFO - [2026-01-29T04:52:41.984+0000] {dag.py:3947} INFO - Setting next_dagrun for example_sla_dag to 2026-01-29 04:50:00+00:00, run_after=2026-01-29 04:52:00+00:00
[2026-01-29T04:52:42.004+0000] {processor.py:183} INFO - Processing /home/airflow/.local/lib/python3.12/site-packages/airflow/example_dags/example_sla_dag.py took 0.090 seconds
[2026-01-29T04:53:12.088+0000] {processor.py:161} INFO - Started process (PID=97922) to work on /home/airflow/.local/lib/python3.12/site-packages/airflow/example_dags/example_sla_dag.py
[2026-01-29T04:53:12.088+0000] {processor.py:830} INFO - Processing file /home/airflow/.local/lib/python3.12/site-packages/airflow/example_dags/example_sla_dag.py for tasks to queue
[2026-01-29T04:53:12.090+0000] {logging_mixin.py:188} INFO - [2026-01-29T04:53:12.090+0000] {dagbag.py:545} INFO - Filling up the DagBag from /home/airflow/.local/lib/python3.12/site-packages/airflow/example_dags/example_sla_dag.py
[2026-01-29T04:53:12.098+0000] {processor.py:840} INFO - DAG(s) 'example_sla_dag' retrieved from /home/airflow/.local/lib/python3.12/site-packages/airflow/example_dags/example_sla_dag.py
[2026-01-29T04:53:12.117+0000] {logging_mixin.py:188} INFO - [2026-01-29T04:53:12.117+0000] {dag.py:3089} INFO - Sync 1 DAGs
[2026-01-29T04:53:12.143+0000] {logging_mixin.py:188} INFO - [2026-01-29T04:53:12.143+0000] {dag.py:3947} INFO - Setting next_dagrun for example_sla_dag to 2026-01-29 04:50:00+00:00, run_after=2026-01-29 04:52:00+00:00
[2026-01-29T04:53:12.160+0000] {processor.py:183} INFO - Processing /home/airflow/.local/lib/python3.12/site-packages/airflow/example_dags/example_sla_dag.py took 0.078 seconds
[2026-01-29T04:53:42.389+0000] {processor.py:161} INFO - Started process (PID=97981) to work on /home/airflow/.local/lib/python3.12/site-packages/airflow/example_dags/example_sla_dag.py
[2026-01-29T04:53:42.390+0000] {processor.py:830} INFO - Processing file /home/airflow/.local/lib/python3.12/site-packages/airflow/example_dags/example_sla_dag.py for tasks to queue
[2026-01-29T04:53:42.391+0000] {logging_mixin.py:188} INFO - [2026-01-29T04:53:42.391+0000] {dagbag.py:545} INFO - Filling up the DagBag from /home/airflow/.local/lib/python3.12/site-packages/airflow/example_dags/example_sla_dag.py
[2026-01-29T04:53:42.399+0000] {processor.py:840} INFO - DAG(s) 'example_sla_dag' retrieved from /home/airflow/.local/lib/python3.12/site-packages/airflow/example_dags/example_sla_dag.py
[2026-01-29T04:53:42.420+0000] {logging_mixin.py:188} INFO - [2026-01-29T04:53:42.420+0000] {dag.py:3089} INFO - Sync 1 DAGs
[2026-01-29T04:53:42.446+0000] {logging_mixin.py:188} INFO - [2026-01-29T04:53:42.445+0000] {dag.py:3947} INFO - Setting next_dagrun for example_sla_dag to 2026-01-29 04:50:00+00:00, run_after=2026-01-29 04:52:00+00:00
[2026-01-29T04:53:42.466+0000] {processor.py:183} INFO - Processing /home/airflow/.local/lib/python3.12/site-packages/airflow/example_dags/example_sla_dag.py took 0.083 seconds
[2026-01-29T04:54:12.702+0000] {processor.py:161} INFO - Started process (PID=98045) to work on /home/airflow/.local/lib/python3.12/site-packages/airflow/example_dags/example_sla_dag.py
[2026-01-29T04:54:12.702+0000] {processor.py:830} INFO - Processing file /home/airflow/.local/lib/python3.12/site-packages/airflow/example_dags/example_sla_dag.py for tasks to queue
[2026-01-29T04:54:12.704+0000] {logging_mixin.py:188} INFO - [2026-01-29T04:54:12.703+0000] {dagbag.py:545} INFO - Filling up the DagBag from /home/airflow/.local/lib/python3.12/site-packages/airflow/example_dags/example_sla_dag.py
[2026-01-29T04:54:12.712+0000] {processor.py:840} INFO - DAG(s) 'example_sla_dag' retrieved from /home/airflow/.local/lib/python3.12/site-packages/airflow/example_dags/example_sla_dag.py
[2026-01-29T04:54:12.733+0000] {logging_mixin.py:188} INFO - [2026-01-29T04:54:12.733+0000] {dag.py:3089} INFO - Sync 1 DAGs
[2026-01-29T04:54:12.760+0000] {logging_mixin.py:188} INFO - [2026-01-29T04:54:12.760+0000] {dag.py:3947} INFO - Setting next_dagrun for example_sla_dag to 2026-01-29 04:52:00+00:00, run_after=2026-01-29 04:54:00+00:00
[2026-01-29T04:54:12.782+0000] {processor.py:183} INFO - Processing /home/airflow/.local/lib/python3.12/site-packages/airflow/example_dags/example_sla_dag.py took 0.086 seconds
[2026-01-29T04:54:43.147+0000] {processor.py:161} INFO - Started process (PID=98104) to work on /home/airflow/.local/lib/python3.12/site-packages/airflow/example_dags/example_sla_dag.py
[2026-01-29T04:54:43.148+0000] {processor.py:830} INFO - Processing file /home/airflow/.local/lib/python3.12/site-packages/airflow/example_dags/example_sla_dag.py for tasks to queue
[2026-01-29T04:54:43.150+0000] {logging_mixin.py:188} INFO - [2026-01-29T04:54:43.150+0000] {dagbag.py:545} INFO - Filling up the DagBag from /home/airflow/.local/lib/python3.12/site-packages/airflow/example_dags/example_sla_dag.py
[2026-01-29T04:54:43.160+0000] {processor.py:840} INFO - DAG(s) 'example_sla_dag' retrieved from /home/airflow/.local/lib/python3.12/site-packages/airflow/example_dags/example_sla_dag.py
[2026-01-29T04:54:43.183+0000] {logging_mixin.py:188} INFO - [2026-01-29T04:54:43.183+0000] {dag.py:3089} INFO - Sync 1 DAGs
[2026-01-29T04:54:43.213+0000] {logging_mixin.py:188} INFO - [2026-01-29T04:54:43.213+0000] {dag.py:3947} INFO - Setting next_dagrun for example_sla_dag to 2026-01-29 04:52:00+00:00, run_after=2026-01-29 04:54:00+00:00
[2026-01-29T04:54:43.235+0000] {processor.py:183} INFO - Processing /home/airflow/.local/lib/python3.12/site-packages/airflow/example_dags/example_sla_dag.py took 0.096 seconds
[2026-01-29T04:55:13.275+0000] {processor.py:161} INFO - Started process (PID=98168) to work on /home/airflow/.local/lib/python3.12/site-packages/airflow/example_dags/example_sla_dag.py
[2026-01-29T04:55:13.275+0000] {processor.py:830} INFO - Processing file /home/airflow/.local/lib/python3.12/site-packages/airflow/example_dags/example_sla_dag.py for tasks to queue
[2026-01-29T04:55:13.277+0000] {logging_mixin.py:188} INFO - [2026-01-29T04:55:13.277+0000] {dagbag.py:545} INFO - Filling up the DagBag from /home/airflow/.local/lib/python3.12/site-packages/airflow/example_dags/example_sla_dag.py
[2026-01-29T04:55:13.285+0000] {processor.py:840} INFO - DAG(s) 'example_sla_dag' retrieved from /home/airflow/.local/lib/python3.12/site-packages/airflow/example_dags/example_sla_dag.py
[2026-01-29T04:55:13.304+0000] {logging_mixin.py:188} INFO - [2026-01-29T04:55:13.304+0000] {dag.py:3089} INFO - Sync 1 DAGs
[2026-01-29T04:55:13.330+0000] {logging_mixin.py:188} INFO - [2026-01-29T04:55:13.330+0000] {dag.py:3947} INFO - Setting next_dagrun for example_sla_dag to 2026-01-29 04:52:00+00:00, run_after=2026-01-29 04:54:00+00:00
[2026-01-29T04:55:13.348+0000] {processor.py:183} INFO - Processing /home/airflow/.local/lib/python3.12/site-packages/airflow/example_dags/example_sla_dag.py took 0.080 seconds
[2026-01-29T04:55:43.595+0000] {processor.py:161} INFO - Started process (PID=98227) to work on /home/airflow/.local/lib/python3.12/site-packages/airflow/example_dags/example_sla_dag.py
[2026-01-29T04:55:43.596+0000] {processor.py:830} INFO - Processing file /home/airflow/.local/lib/python3.12/site-packages/airflow/example_dags/example_sla_dag.py for tasks to queue
[2026-01-29T04:55:43.598+0000] {logging_mixin.py:188} INFO - [2026-01-29T04:55:43.598+0000] {dagbag.py:545} INFO - Filling up the DagBag from /home/airflow/.local/lib/python3.12/site-packages/airflow/example_dags/example_sla_dag.py
[2026-01-29T04:55:43.606+0000] {processor.py:840} INFO - DAG(s) 'example_sla_dag' retrieved from /home/airflow/.local/lib/python3.12/site-packages/airflow/example_dags/example_sla_dag.py
[2026-01-29T04:55:43.627+0000] {logging_mixin.py:188} INFO - [2026-01-29T04:55:43.626+0000] {dag.py:3089} INFO - Sync 1 DAGs
[2026-01-29T04:55:43.652+0000] {logging_mixin.py:188} INFO - [2026-01-29T04:55:43.652+0000] {dag.py:3947} INFO - Setting next_dagrun for example_sla_dag to 2026-01-29 04:52:00+00:00, run_after=2026-01-29 04:54:00+00:00
[2026-01-29T04:55:43.673+0000] {processor.py:183} INFO - Processing /home/airflow/.local/lib/python3.12/site-packages/airflow/example_dags/example_sla_dag.py took 0.084 seconds
[2026-01-29T04:56:14.108+0000] {processor.py:161} INFO - Started process (PID=98291) to work on /home/airflow/.local/lib/python3.12/site-packages/airflow/example_dags/example_sla_dag.py
[2026-01-29T04:56:14.109+0000] {processor.py:830} INFO - Processing file /home/airflow/.local/lib/python3.12/site-packages/airflow/example_dags/example_sla_dag.py for tasks to queue
[2026-01-29T04:56:14.110+0000] {logging_mixin.py:188} INFO - [2026-01-29T04:56:14.110+0000] {dagbag.py:545} INFO - Filling up the DagBag from /home/airflow/.local/lib/python3.12/site-packages/airflow/example_dags/example_sla_dag.py
[2026-01-29T04:56:14.120+0000] {processor.py:840} INFO - DAG(s) 'example_sla_dag' retrieved from /home/airflow/.local/lib/python3.12/site-packages/airflow/example_dags/example_sla_dag.py
[2026-01-29T04:56:14.139+0000] {logging_mixin.py:188} INFO - [2026-01-29T04:56:14.139+0000] {dag.py:3089} INFO - Sync 1 DAGs
[2026-01-29T04:56:14.165+0000] {logging_mixin.py:188} INFO - [2026-01-29T04:56:14.165+0000] {dag.py:3947} INFO - Setting next_dagrun for example_sla_dag to 2026-01-29 04:54:00+00:00, run_after=2026-01-29 04:56:00+00:00
[2026-01-29T04:56:14.186+0000] {processor.py:183} INFO - Processing /home/airflow/.local/lib/python3.12/site-packages/airflow/example_dags/example_sla_dag.py took 0.084 seconds
[2026-01-29T04:56:45.035+0000] {processor.py:161} INFO - Started process (PID=98348) to work on /home/airflow/.local/lib/python3.12/site-packages/airflow/example_dags/example_sla_dag.py
[2026-01-29T04:56:45.036+0000] {processor.py:830} INFO - Processing file /home/airflow/.local/lib/python3.12/site-packages/airflow/example_dags/example_sla_dag.py for tasks to queue
[2026-01-29T04:56:45.038+0000] {logging_mixin.py:188} INFO - [2026-01-29T04:56:45.038+0000] {dagbag.py:545} INFO - Filling up the DagBag from /home/airflow/.local/lib/python3.12/site-packages/airflow/example_dags/example_sla_dag.py
[2026-01-29T04:56:45.049+0000] {processor.py:840} INFO - DAG(s) 'example_sla_dag' retrieved from /home/airflow/.local/lib/python3.12/site-packages/airflow/example_dags/example_sla_dag.py
[2026-01-29T04:56:45.071+0000] {logging_mixin.py:188} INFO - [2026-01-29T04:56:45.071+0000] {dag.py:3089} INFO - Sync 1 DAGs
[2026-01-29T04:56:45.098+0000] {logging_mixin.py:188} INFO - [2026-01-29T04:56:45.098+0000] {dag.py:3947} INFO - Setting next_dagrun for example_sla_dag to 2026-01-29 04:54:00+00:00, run_after=2026-01-29 04:56:00+00:00
[2026-01-29T04:56:45.117+0000] {processor.py:183} INFO - Processing /home/airflow/.local/lib/python3.12/site-packages/airflow/example_dags/example_sla_dag.py took 0.090 seconds
[2026-01-29T04:57:15.453+0000] {processor.py:161} INFO - Started process (PID=98412) to work on /home/airflow/.local/lib/python3.12/site-packages/airflow/example_dags/example_sla_dag.py
[2026-01-29T04:57:15.454+0000] {processor.py:830} INFO - Processing file /home/airflow/.local/lib/python3.12/site-packages/airflow/example_dags/example_sla_dag.py for tasks to queue
[2026-01-29T04:57:15.456+0000] {logging_mixin.py:188} INFO - [2026-01-29T04:57:15.456+0000] {dagbag.py:545} INFO - Filling up the DagBag from /home/airflow/.local/lib/python3.12/site-packages/airflow/example_dags/example_sla_dag.py
[2026-01-29T04:57:15.469+0000] {processor.py:840} INFO - DAG(s) 'example_sla_dag' retrieved from /home/airflow/.local/lib/python3.12/site-packages/airflow/example_dags/example_sla_dag.py
[2026-01-29T04:57:15.490+0000] {logging_mixin.py:188} INFO - [2026-01-29T04:57:15.489+0000] {dag.py:3089} INFO - Sync 1 DAGs
[2026-01-29T04:57:15.516+0000] {logging_mixin.py:188} INFO - [2026-01-29T04:57:15.516+0000] {dag.py:3947} INFO - Setting next_dagrun for example_sla_dag to 2026-01-29 04:54:00+00:00, run_after=2026-01-29 04:56:00+00:00
[2026-01-29T04:57:15.535+0000] {processor.py:183} INFO - Processing /home/airflow/.local/lib/python3.12/site-packages/airflow/example_dags/example_sla_dag.py took 0.090 seconds
[2026-01-29T04:57:45.852+0000] {processor.py:161} INFO - Started process (PID=98471) to work on /home/airflow/.local/lib/python3.12/site-packages/airflow/example_dags/example_sla_dag.py
[2026-01-29T04:57:45.853+0000] {processor.py:830} INFO - Processing file /home/airflow/.local/lib/python3.12/site-packages/airflow/example_dags/example_sla_dag.py for tasks to queue
[2026-01-29T04:57:45.855+0000] {logging_mixin.py:188} INFO - [2026-01-29T04:57:45.855+0000] {dagbag.py:545} INFO - Filling up the DagBag from /home/airflow/.local/lib/python3.12/site-packages/airflow/example_dags/example_sla_dag.py
[2026-01-29T04:57:45.864+0000] {processor.py:840} INFO - DAG(s) 'example_sla_dag' retrieved from /home/airflow/.local/lib/python3.12/site-packages/airflow/example_dags/example_sla_dag.py
[2026-01-29T04:57:45.883+0000] {logging_mixin.py:188} INFO - [2026-01-29T04:57:45.882+0000] {dag.py:3089} INFO - Sync 1 DAGs
[2026-01-29T04:57:45.908+0000] {logging_mixin.py:188} INFO - [2026-01-29T04:57:45.908+0000] {dag.py:3947} INFO - Setting next_dagrun for example_sla_dag to 2026-01-29 04:54:00+00:00, run_after=2026-01-29 04:56:00+00:00
[2026-01-29T04:57:45.928+0000] {processor.py:183} INFO - Processing /home/airflow/.local/lib/python3.12/site-packages/airflow/example_dags/example_sla_dag.py took 0.081 seconds
[2026-01-29T04:58:16.266+0000] {processor.py:161} INFO - Started process (PID=98535) to work on /home/airflow/.local/lib/python3.12/site-packages/airflow/example_dags/example_sla_dag.py
[2026-01-29T04:58:16.267+0000] {processor.py:830} INFO - Processing file /home/airflow/.local/lib/python3.12/site-packages/airflow/example_dags/example_sla_dag.py for tasks to queue
[2026-01-29T04:58:16.269+0000] {logging_mixin.py:188} INFO - [2026-01-29T04:58:16.269+0000] {dagbag.py:545} INFO - Filling up the DagBag from /home/airflow/.local/lib/python3.12/site-packages/airflow/example_dags/example_sla_dag.py
[2026-01-29T04:58:16.279+0000] {processor.py:840} INFO - DAG(s) 'example_sla_dag' retrieved from /home/airflow/.local/lib/python3.12/site-packages/airflow/example_dags/example_sla_dag.py
[2026-01-29T04:58:16.300+0000] {logging_mixin.py:188} INFO - [2026-01-29T04:58:16.300+0000] {dag.py:3089} INFO - Sync 1 DAGs
[2026-01-29T04:58:16.328+0000] {logging_mixin.py:188} INFO - [2026-01-29T04:58:16.327+0000] {dag.py:3947} INFO - Setting next_dagrun for example_sla_dag to 2026-01-29 04:56:00+00:00, run_after=2026-01-29 04:58:00+00:00
[2026-01-29T04:58:16.349+0000] {processor.py:183} INFO - Processing /home/airflow/.local/lib/python3.12/site-packages/airflow/example_dags/example_sla_dag.py took 0.091 seconds
[2026-01-29T04:58:46.528+0000] {processor.py:161} INFO - Started process (PID=98594) to work on /home/airflow/.local/lib/python3.12/site-packages/airflow/example_dags/example_sla_dag.py
[2026-01-29T04:58:46.529+0000] {processor.py:830} INFO - Processing file /home/airflow/.local/lib/python3.12/site-packages/airflow/example_dags/example_sla_dag.py for tasks to queue
[2026-01-29T04:58:46.531+0000] {logging_mixin.py:188} INFO - [2026-01-29T04:58:46.531+0000] {dagbag.py:545} INFO - Filling up the DagBag from /home/airflow/.local/lib/python3.12/site-packages/airflow/example_dags/example_sla_dag.py
[2026-01-29T04:58:46.541+0000] {processor.py:840} INFO - DAG(s) 'example_sla_dag' retrieved from /home/airflow/.local/lib/python3.12/site-packages/airflow/example_dags/example_sla_dag.py
[2026-01-29T04:58:46.561+0000] {logging_mixin.py:188} INFO - [2026-01-29T04:58:46.561+0000] {dag.py:3089} INFO - Sync 1 DAGs
[2026-01-29T04:58:46.587+0000] {logging_mixin.py:188} INFO - [2026-01-29T04:58:46.587+0000] {dag.py:3947} INFO - Setting next_dagrun for example_sla_dag to 2026-01-29 04:56:00+00:00, run_after=2026-01-29 04:58:00+00:00
[2026-01-29T04:58:46.608+0000] {processor.py:183} INFO - Processing /home/airflow/.local/lib/python3.12/site-packages/airflow/example_dags/example_sla_dag.py took 0.088 seconds
[2026-01-29T04:59:16.760+0000] {processor.py:161} INFO - Started process (PID=98658) to work on /home/airflow/.local/lib/python3.12/site-packages/airflow/example_dags/example_sla_dag.py
[2026-01-29T04:59:16.760+0000] {processor.py:830} INFO - Processing file /home/airflow/.local/lib/python3.12/site-packages/airflow/example_dags/example_sla_dag.py for tasks to queue
[2026-01-29T04:59:16.762+0000] {logging_mixin.py:188} INFO - [2026-01-29T04:59:16.762+0000] {dagbag.py:545} INFO - Filling up the DagBag from /home/airflow/.local/lib/python3.12/site-packages/airflow/example_dags/example_sla_dag.py
[2026-01-29T04:59:16.770+0000] {processor.py:840} INFO - DAG(s) 'example_sla_dag' retrieved from /home/airflow/.local/lib/python3.12/site-packages/airflow/example_dags/example_sla_dag.py
[2026-01-29T04:59:16.789+0000] {logging_mixin.py:188} INFO - [2026-01-29T04:59:16.789+0000] {dag.py:3089} INFO - Sync 1 DAGs
[2026-01-29T04:59:16.815+0000] {logging_mixin.py:188} INFO - [2026-01-29T04:59:16.815+0000] {dag.py:3947} INFO - Setting next_dagrun for example_sla_dag to 2026-01-29 04:56:00+00:00, run_after=2026-01-29 04:58:00+00:00
[2026-01-29T04:59:16.834+0000] {processor.py:183} INFO - Processing /home/airflow/.local/lib/python3.12/site-packages/airflow/example_dags/example_sla_dag.py took 0.080 seconds
[2026-01-29T04:59:47.139+0000] {processor.py:161} INFO - Started process (PID=98717) to work on /home/airflow/.local/lib/python3.12/site-packages/airflow/example_dags/example_sla_dag.py
[2026-01-29T04:59:47.140+0000] {processor.py:830} INFO - Processing file /home/airflow/.local/lib/python3.12/site-packages/airflow/example_dags/example_sla_dag.py for tasks to queue
[2026-01-29T04:59:47.142+0000] {logging_mixin.py:188} INFO - [2026-01-29T04:59:47.141+0000] {dagbag.py:545} INFO - Filling up the DagBag from /home/airflow/.local/lib/python3.12/site-packages/airflow/example_dags/example_sla_dag.py
[2026-01-29T04:59:47.150+0000] {processor.py:840} INFO - DAG(s) 'example_sla_dag' retrieved from /home/airflow/.local/lib/python3.12/site-packages/airflow/example_dags/example_sla_dag.py
[2026-01-29T04:59:47.170+0000] {logging_mixin.py:188} INFO - [2026-01-29T04:59:47.169+0000] {dag.py:3089} INFO - Sync 1 DAGs
[2026-01-29T04:59:47.195+0000] {logging_mixin.py:188} INFO - [2026-01-29T04:59:47.195+0000] {dag.py:3947} INFO - Setting next_dagrun for example_sla_dag to 2026-01-29 04:56:00+00:00, run_after=2026-01-29 04:58:00+00:00
[2026-01-29T04:59:47.214+0000] {processor.py:183} INFO - Processing /home/airflow/.local/lib/python3.12/site-packages/airflow/example_dags/example_sla_dag.py took 0.080 seconds
[2026-01-29T05:00:17.495+0000] {processor.py:161} INFO - Started process (PID=98781) to work on /home/airflow/.local/lib/python3.12/site-packages/airflow/example_dags/example_sla_dag.py
[2026-01-29T05:00:17.496+0000] {processor.py:830} INFO - Processing file /home/airflow/.local/lib/python3.12/site-packages/airflow/example_dags/example_sla_dag.py for tasks to queue
[2026-01-29T05:00:17.498+0000] {logging_mixin.py:188} INFO - [2026-01-29T05:00:17.498+0000] {dagbag.py:545} INFO - Filling up the DagBag from /home/airflow/.local/lib/python3.12/site-packages/airflow/example_dags/example_sla_dag.py
[2026-01-29T05:00:17.507+0000] {processor.py:840} INFO - DAG(s) 'example_sla_dag' retrieved from /home/airflow/.local/lib/python3.12/site-packages/airflow/example_dags/example_sla_dag.py
[2026-01-29T05:00:17.528+0000] {logging_mixin.py:188} INFO - [2026-01-29T05:00:17.528+0000] {dag.py:3089} INFO - Sync 1 DAGs
[2026-01-29T05:00:17.555+0000] {logging_mixin.py:188} INFO - [2026-01-29T05:00:17.555+0000] {dag.py:3947} INFO - Setting next_dagrun for example_sla_dag to 2026-01-29 04:58:00+00:00, run_after=2026-01-29 05:00:00+00:00
[2026-01-29T05:00:17.577+0000] {processor.py:183} INFO - Processing /home/airflow/.local/lib/python3.12/site-packages/airflow/example_dags/example_sla_dag.py took 0.088 seconds
[2026-01-29T05:00:47.630+0000] {processor.py:161} INFO - Started process (PID=98840) to work on /home/airflow/.local/lib/python3.12/site-packages/airflow/example_dags/example_sla_dag.py
[2026-01-29T05:00:47.631+0000] {processor.py:830} INFO - Processing file /home/airflow/.local/lib/python3.12/site-packages/airflow/example_dags/example_sla_dag.py for tasks to queue
[2026-01-29T05:00:47.633+0000] {logging_mixin.py:188} INFO - [2026-01-29T05:00:47.632+0000] {dagbag.py:545} INFO - Filling up the DagBag from /home/airflow/.local/lib/python3.12/site-packages/airflow/example_dags/example_sla_dag.py
[2026-01-29T05:00:47.641+0000] {processor.py:840} INFO - DAG(s) 'example_sla_dag' retrieved from /home/airflow/.local/lib/python3.12/site-packages/airflow/example_dags/example_sla_dag.py
[2026-01-29T05:00:47.661+0000] {logging_mixin.py:188} INFO - [2026-01-29T05:00:47.660+0000] {dag.py:3089} INFO - Sync 1 DAGs
[2026-01-29T05:00:47.690+0000] {logging_mixin.py:188} INFO - [2026-01-29T05:00:47.690+0000] {dag.py:3947} INFO - Setting next_dagrun for example_sla_dag to 2026-01-29 04:58:00+00:00, run_after=2026-01-29 05:00:00+00:00
[2026-01-29T05:00:47.711+0000] {processor.py:183} INFO - Processing /home/airflow/.local/lib/python3.12/site-packages/airflow/example_dags/example_sla_dag.py took 0.086 seconds
[2026-01-29T05:01:17.865+0000] {processor.py:161} INFO - Started process (PID=98904) to work on /home/airflow/.local/lib/python3.12/site-packages/airflow/example_dags/example_sla_dag.py
[2026-01-29T05:01:17.867+0000] {processor.py:830} INFO - Processing file /home/airflow/.local/lib/python3.12/site-packages/airflow/example_dags/example_sla_dag.py for tasks to queue
[2026-01-29T05:01:17.869+0000] {logging_mixin.py:188} INFO - [2026-01-29T05:01:17.868+0000] {dagbag.py:545} INFO - Filling up the DagBag from /home/airflow/.local/lib/python3.12/site-packages/airflow/example_dags/example_sla_dag.py
[2026-01-29T05:01:17.879+0000] {processor.py:840} INFO - DAG(s) 'example_sla_dag' retrieved from /home/airflow/.local/lib/python3.12/site-packages/airflow/example_dags/example_sla_dag.py
[2026-01-29T05:01:17.901+0000] {logging_mixin.py:188} INFO - [2026-01-29T05:01:17.901+0000] {dag.py:3089} INFO - Sync 1 DAGs
[2026-01-29T05:01:17.930+0000] {logging_mixin.py:188} INFO - [2026-01-29T05:01:17.930+0000] {dag.py:3947} INFO - Setting next_dagrun for example_sla_dag to 2026-01-29 04:58:00+00:00, run_after=2026-01-29 05:00:00+00:00
[2026-01-29T05:01:17.948+0000] {processor.py:183} INFO - Processing /home/airflow/.local/lib/python3.12/site-packages/airflow/example_dags/example_sla_dag.py took 0.091 seconds
[2026-01-29T05:01:48.420+0000] {processor.py:161} INFO - Started process (PID=98963) to work on /home/airflow/.local/lib/python3.12/site-packages/airflow/example_dags/example_sla_dag.py
[2026-01-29T05:01:48.421+0000] {processor.py:830} INFO - Processing file /home/airflow/.local/lib/python3.12/site-packages/airflow/example_dags/example_sla_dag.py for tasks to queue
[2026-01-29T05:01:48.422+0000] {logging_mixin.py:188} INFO - [2026-01-29T05:01:48.422+0000] {dagbag.py:545} INFO - Filling up the DagBag from /home/airflow/.local/lib/python3.12/site-packages/airflow/example_dags/example_sla_dag.py
[2026-01-29T05:01:48.431+0000] {processor.py:840} INFO - DAG(s) 'example_sla_dag' retrieved from /home/airflow/.local/lib/python3.12/site-packages/airflow/example_dags/example_sla_dag.py
[2026-01-29T05:01:48.452+0000] {logging_mixin.py:188} INFO - [2026-01-29T05:01:48.452+0000] {dag.py:3089} INFO - Sync 1 DAGs
[2026-01-29T05:01:48.480+0000] {logging_mixin.py:188} INFO - [2026-01-29T05:01:48.480+0000] {dag.py:3947} INFO - Setting next_dagrun for example_sla_dag to 2026-01-29 04:58:00+00:00, run_after=2026-01-29 05:00:00+00:00
[2026-01-29T05:01:48.500+0000] {processor.py:183} INFO - Processing /home/airflow/.local/lib/python3.12/site-packages/airflow/example_dags/example_sla_dag.py took 0.086 seconds
[2026-01-29T05:02:18.579+0000] {processor.py:161} INFO - Started process (PID=99027) to work on /home/airflow/.local/lib/python3.12/site-packages/airflow/example_dags/example_sla_dag.py
[2026-01-29T05:02:18.580+0000] {processor.py:830} INFO - Processing file /home/airflow/.local/lib/python3.12/site-packages/airflow/example_dags/example_sla_dag.py for tasks to queue
[2026-01-29T05:02:18.581+0000] {logging_mixin.py:188} INFO - [2026-01-29T05:02:18.581+0000] {dagbag.py:545} INFO - Filling up the DagBag from /home/airflow/.local/lib/python3.12/site-packages/airflow/example_dags/example_sla_dag.py
[2026-01-29T05:02:18.591+0000] {processor.py:840} INFO - DAG(s) 'example_sla_dag' retrieved from /home/airflow/.local/lib/python3.12/site-packages/airflow/example_dags/example_sla_dag.py
[2026-01-29T05:02:18.610+0000] {logging_mixin.py:188} INFO - [2026-01-29T05:02:18.610+0000] {dag.py:3089} INFO - Sync 1 DAGs
[2026-01-29T05:02:18.636+0000] {logging_mixin.py:188} INFO - [2026-01-29T05:02:18.635+0000] {dag.py:3947} INFO - Setting next_dagrun for example_sla_dag to 2026-01-29 05:00:00+00:00, run_after=2026-01-29 05:02:00+00:00
[2026-01-29T05:02:18.655+0000] {processor.py:183} INFO - Processing /home/airflow/.local/lib/python3.12/site-packages/airflow/example_dags/example_sla_dag.py took 0.082 seconds
[2026-01-29T05:02:48.806+0000] {processor.py:161} INFO - Started process (PID=99086) to work on /home/airflow/.local/lib/python3.12/site-packages/airflow/example_dags/example_sla_dag.py
[2026-01-29T05:02:48.807+0000] {processor.py:830} INFO - Processing file /home/airflow/.local/lib/python3.12/site-packages/airflow/example_dags/example_sla_dag.py for tasks to queue
[2026-01-29T05:02:48.809+0000] {logging_mixin.py:188} INFO - [2026-01-29T05:02:48.808+0000] {dagbag.py:545} INFO - Filling up the DagBag from /home/airflow/.local/lib/python3.12/site-packages/airflow/example_dags/example_sla_dag.py
[2026-01-29T05:02:48.819+0000] {processor.py:840} INFO - DAG(s) 'example_sla_dag' retrieved from /home/airflow/.local/lib/python3.12/site-packages/airflow/example_dags/example_sla_dag.py
[2026-01-29T05:02:48.837+0000] {logging_mixin.py:188} INFO - [2026-01-29T05:02:48.837+0000] {dag.py:3089} INFO - Sync 1 DAGs
[2026-01-29T05:02:48.862+0000] {logging_mixin.py:188} INFO - [2026-01-29T05:02:48.861+0000] {dag.py:3947} INFO - Setting next_dagrun for example_sla_dag to 2026-01-29 05:00:00+00:00, run_after=2026-01-29 05:02:00+00:00
[2026-01-29T05:02:48.883+0000] {processor.py:183} INFO - Processing /home/airflow/.local/lib/python3.12/site-packages/airflow/example_dags/example_sla_dag.py took 0.084 seconds
[2026-01-29T05:03:19.103+0000] {processor.py:161} INFO - Started process (PID=99150) to work on /home/airflow/.local/lib/python3.12/site-packages/airflow/example_dags/example_sla_dag.py
[2026-01-29T05:03:19.105+0000] {processor.py:830} INFO - Processing file /home/airflow/.local/lib/python3.12/site-packages/airflow/example_dags/example_sla_dag.py for tasks to queue
[2026-01-29T05:03:19.107+0000] {logging_mixin.py:188} INFO - [2026-01-29T05:03:19.106+0000] {dagbag.py:545} INFO - Filling up the DagBag from /home/airflow/.local/lib/python3.12/site-packages/airflow/example_dags/example_sla_dag.py
[2026-01-29T05:03:19.117+0000] {processor.py:840} INFO - DAG(s) 'example_sla_dag' retrieved from /home/airflow/.local/lib/python3.12/site-packages/airflow/example_dags/example_sla_dag.py
[2026-01-29T05:03:19.140+0000] {logging_mixin.py:188} INFO - [2026-01-29T05:03:19.139+0000] {dag.py:3089} INFO - Sync 1 DAGs
[2026-01-29T05:03:19.169+0000] {logging_mixin.py:188} INFO - [2026-01-29T05:03:19.169+0000] {dag.py:3947} INFO - Setting next_dagrun for example_sla_dag to 2026-01-29 05:00:00+00:00, run_after=2026-01-29 05:02:00+00:00
[2026-01-29T05:03:19.191+0000] {processor.py:183} INFO - Processing /home/airflow/.local/lib/python3.12/site-packages/airflow/example_dags/example_sla_dag.py took 0.096 seconds
[2026-01-29T05:03:49.280+0000] {processor.py:161} INFO - Started process (PID=99209) to work on /home/airflow/.local/lib/python3.12/site-packages/airflow/example_dags/example_sla_dag.py
[2026-01-29T05:03:49.281+0000] {processor.py:830} INFO - Processing file /home/airflow/.local/lib/python3.12/site-packages/airflow/example_dags/example_sla_dag.py for tasks to queue
[2026-01-29T05:03:49.282+0000] {logging_mixin.py:188} INFO - [2026-01-29T05:03:49.282+0000] {dagbag.py:545} INFO - Filling up the DagBag from /home/airflow/.local/lib/python3.12/site-packages/airflow/example_dags/example_sla_dag.py
[2026-01-29T05:03:49.291+0000] {processor.py:840} INFO - DAG(s) 'example_sla_dag' retrieved from /home/airflow/.local/lib/python3.12/site-packages/airflow/example_dags/example_sla_dag.py
[2026-01-29T05:03:49.310+0000] {logging_mixin.py:188} INFO - [2026-01-29T05:03:49.310+0000] {dag.py:3089} INFO - Sync 1 DAGs
[2026-01-29T05:03:49.335+0000] {logging_mixin.py:188} INFO - [2026-01-29T05:03:49.335+0000] {dag.py:3947} INFO - Setting next_dagrun for example_sla_dag to 2026-01-29 05:00:00+00:00, run_after=2026-01-29 05:02:00+00:00
[2026-01-29T05:03:49.353+0000] {processor.py:183} INFO - Processing /home/airflow/.local/lib/python3.12/site-packages/airflow/example_dags/example_sla_dag.py took 0.079 seconds
[2026-01-29T05:04:20.255+0000] {processor.py:161} INFO - Started process (PID=99273) to work on /home/airflow/.local/lib/python3.12/site-packages/airflow/example_dags/example_sla_dag.py
[2026-01-29T05:04:20.256+0000] {processor.py:830} INFO - Processing file /home/airflow/.local/lib/python3.12/site-packages/airflow/example_dags/example_sla_dag.py for tasks to queue
[2026-01-29T05:04:20.258+0000] {logging_mixin.py:188} INFO - [2026-01-29T05:04:20.257+0000] {dagbag.py:545} INFO - Filling up the DagBag from /home/airflow/.local/lib/python3.12/site-packages/airflow/example_dags/example_sla_dag.py
[2026-01-29T05:04:20.268+0000] {processor.py:840} INFO - DAG(s) 'example_sla_dag' retrieved from /home/airflow/.local/lib/python3.12/site-packages/airflow/example_dags/example_sla_dag.py
[2026-01-29T05:04:20.419+0000] {logging_mixin.py:188} INFO - [2026-01-29T05:04:20.419+0000] {dag.py:3089} INFO - Sync 1 DAGs
[2026-01-29T05:04:20.443+0000] {logging_mixin.py:188} INFO - [2026-01-29T05:04:20.443+0000] {dag.py:3947} INFO - Setting next_dagrun for example_sla_dag to 2026-01-29 05:02:00+00:00, run_after=2026-01-29 05:04:00+00:00
[2026-01-29T05:04:20.463+0000] {processor.py:183} INFO - Processing /home/airflow/.local/lib/python3.12/site-packages/airflow/example_dags/example_sla_dag.py took 0.215 seconds
[2026-01-29T05:04:50.604+0000] {processor.py:161} INFO - Started process (PID=99332) to work on /home/airflow/.local/lib/python3.12/site-packages/airflow/example_dags/example_sla_dag.py
[2026-01-29T05:04:50.605+0000] {processor.py:830} INFO - Processing file /home/airflow/.local/lib/python3.12/site-packages/airflow/example_dags/example_sla_dag.py for tasks to queue
[2026-01-29T05:04:50.607+0000] {logging_mixin.py:188} INFO - [2026-01-29T05:04:50.606+0000] {dagbag.py:545} INFO - Filling up the DagBag from /home/airflow/.local/lib/python3.12/site-packages/airflow/example_dags/example_sla_dag.py
[2026-01-29T05:04:50.616+0000] {processor.py:840} INFO - DAG(s) 'example_sla_dag' retrieved from /home/airflow/.local/lib/python3.12/site-packages/airflow/example_dags/example_sla_dag.py
[2026-01-29T05:04:50.636+0000] {logging_mixin.py:188} INFO - [2026-01-29T05:04:50.635+0000] {dag.py:3089} INFO - Sync 1 DAGs
[2026-01-29T05:04:50.660+0000] {logging_mixin.py:188} INFO - [2026-01-29T05:04:50.660+0000] {dag.py:3947} INFO - Setting next_dagrun for example_sla_dag to 2026-01-29 05:02:00+00:00, run_after=2026-01-29 05:04:00+00:00
[2026-01-29T05:04:50.679+0000] {processor.py:183} INFO - Processing /home/airflow/.local/lib/python3.12/site-packages/airflow/example_dags/example_sla_dag.py took 0.083 seconds
[2026-01-29T05:05:20.972+0000] {processor.py:161} INFO - Started process (PID=99396) to work on /home/airflow/.local/lib/python3.12/site-packages/airflow/example_dags/example_sla_dag.py
[2026-01-29T05:05:20.973+0000] {processor.py:830} INFO - Processing file /home/airflow/.local/lib/python3.12/site-packages/airflow/example_dags/example_sla_dag.py for tasks to queue
[2026-01-29T05:05:20.975+0000] {logging_mixin.py:188} INFO - [2026-01-29T05:05:20.975+0000] {dagbag.py:545} INFO - Filling up the DagBag from /home/airflow/.local/lib/python3.12/site-packages/airflow/example_dags/example_sla_dag.py
[2026-01-29T05:05:20.986+0000] {processor.py:840} INFO - DAG(s) 'example_sla_dag' retrieved from /home/airflow/.local/lib/python3.12/site-packages/airflow/example_dags/example_sla_dag.py
[2026-01-29T05:05:21.006+0000] {logging_mixin.py:188} INFO - [2026-01-29T05:05:21.006+0000] {dag.py:3089} INFO - Sync 1 DAGs
[2026-01-29T05:05:21.034+0000] {logging_mixin.py:188} INFO - [2026-01-29T05:05:21.034+0000] {dag.py:3947} INFO - Setting next_dagrun for example_sla_dag to 2026-01-29 05:02:00+00:00, run_after=2026-01-29 05:04:00+00:00
[2026-01-29T05:05:21.054+0000] {processor.py:183} INFO - Processing /home/airflow/.local/lib/python3.12/site-packages/airflow/example_dags/example_sla_dag.py took 0.089 seconds
[2026-01-29T05:05:51.947+0000] {processor.py:161} INFO - Started process (PID=99455) to work on /home/airflow/.local/lib/python3.12/site-packages/airflow/example_dags/example_sla_dag.py
[2026-01-29T05:05:51.948+0000] {processor.py:830} INFO - Processing file /home/airflow/.local/lib/python3.12/site-packages/airflow/example_dags/example_sla_dag.py for tasks to queue
[2026-01-29T05:05:51.950+0000] {logging_mixin.py:188} INFO - [2026-01-29T05:05:51.950+0000] {dagbag.py:545} INFO - Filling up the DagBag from /home/airflow/.local/lib/python3.12/site-packages/airflow/example_dags/example_sla_dag.py
[2026-01-29T05:05:51.960+0000] {processor.py:840} INFO - DAG(s) 'example_sla_dag' retrieved from /home/airflow/.local/lib/python3.12/site-packages/airflow/example_dags/example_sla_dag.py
[2026-01-29T05:05:51.982+0000] {logging_mixin.py:188} INFO - [2026-01-29T05:05:51.982+0000] {dag.py:3089} INFO - Sync 1 DAGs
[2026-01-29T05:05:52.011+0000] {logging_mixin.py:188} INFO - [2026-01-29T05:05:52.011+0000] {dag.py:3947} INFO - Setting next_dagrun for example_sla_dag to 2026-01-29 05:02:00+00:00, run_after=2026-01-29 05:04:00+00:00
[2026-01-29T05:05:52.034+0000] {processor.py:183} INFO - Processing /home/airflow/.local/lib/python3.12/site-packages/airflow/example_dags/example_sla_dag.py took 0.094 seconds
[2026-01-29T05:06:22.153+0000] {processor.py:161} INFO - Started process (PID=99519) to work on /home/airflow/.local/lib/python3.12/site-packages/airflow/example_dags/example_sla_dag.py
[2026-01-29T05:06:22.155+0000] {processor.py:830} INFO - Processing file /home/airflow/.local/lib/python3.12/site-packages/airflow/example_dags/example_sla_dag.py for tasks to queue
[2026-01-29T05:06:22.156+0000] {logging_mixin.py:188} INFO - [2026-01-29T05:06:22.156+0000] {dagbag.py:545} INFO - Filling up the DagBag from /home/airflow/.local/lib/python3.12/site-packages/airflow/example_dags/example_sla_dag.py
[2026-01-29T05:06:22.165+0000] {processor.py:840} INFO - DAG(s) 'example_sla_dag' retrieved from /home/airflow/.local/lib/python3.12/site-packages/airflow/example_dags/example_sla_dag.py
[2026-01-29T05:06:22.185+0000] {logging_mixin.py:188} INFO - [2026-01-29T05:06:22.184+0000] {dag.py:3089} INFO - Sync 1 DAGs
[2026-01-29T05:06:22.211+0000] {logging_mixin.py:188} INFO - [2026-01-29T05:06:22.211+0000] {dag.py:3947} INFO - Setting next_dagrun for example_sla_dag to 2026-01-29 05:04:00+00:00, run_after=2026-01-29 05:06:00+00:00
[2026-01-29T05:06:22.230+0000] {processor.py:183} INFO - Processing /home/airflow/.local/lib/python3.12/site-packages/airflow/example_dags/example_sla_dag.py took 0.084 seconds
[2026-01-29T05:06:53.022+0000] {processor.py:161} INFO - Started process (PID=99584) to work on /home/airflow/.local/lib/python3.12/site-packages/airflow/example_dags/example_sla_dag.py
[2026-01-29T05:06:53.023+0000] {processor.py:830} INFO - Processing file /home/airflow/.local/lib/python3.12/site-packages/airflow/example_dags/example_sla_dag.py for tasks to queue
[2026-01-29T05:06:53.024+0000] {logging_mixin.py:188} INFO - [2026-01-29T05:06:53.024+0000] {dagbag.py:545} INFO - Filling up the DagBag from /home/airflow/.local/lib/python3.12/site-packages/airflow/example_dags/example_sla_dag.py
[2026-01-29T05:06:53.033+0000] {processor.py:840} INFO - DAG(s) 'example_sla_dag' retrieved from /home/airflow/.local/lib/python3.12/site-packages/airflow/example_dags/example_sla_dag.py
[2026-01-29T05:06:53.052+0000] {logging_mixin.py:188} INFO - [2026-01-29T05:06:53.051+0000] {dag.py:3089} INFO - Sync 1 DAGs
[2026-01-29T05:06:53.078+0000] {logging_mixin.py:188} INFO - [2026-01-29T05:06:53.078+0000] {dag.py:3947} INFO - Setting next_dagrun for example_sla_dag to 2026-01-29 05:04:00+00:00, run_after=2026-01-29 05:06:00+00:00
[2026-01-29T05:06:53.097+0000] {processor.py:183} INFO - Processing /home/airflow/.local/lib/python3.12/site-packages/airflow/example_dags/example_sla_dag.py took 0.081 seconds
[2026-01-29T05:07:23.341+0000] {processor.py:161} INFO - Started process (PID=99648) to work on /home/airflow/.local/lib/python3.12/site-packages/airflow/example_dags/example_sla_dag.py
[2026-01-29T05:07:23.343+0000] {processor.py:830} INFO - Processing file /home/airflow/.local/lib/python3.12/site-packages/airflow/example_dags/example_sla_dag.py for tasks to queue
[2026-01-29T05:07:23.345+0000] {logging_mixin.py:188} INFO - [2026-01-29T05:07:23.344+0000] {dagbag.py:545} INFO - Filling up the DagBag from /home/airflow/.local/lib/python3.12/site-packages/airflow/example_dags/example_sla_dag.py
[2026-01-29T05:07:23.355+0000] {processor.py:840} INFO - DAG(s) 'example_sla_dag' retrieved from /home/airflow/.local/lib/python3.12/site-packages/airflow/example_dags/example_sla_dag.py
[2026-01-29T05:07:23.378+0000] {logging_mixin.py:188} INFO - [2026-01-29T05:07:23.377+0000] {dag.py:3089} INFO - Sync 1 DAGs
[2026-01-29T05:07:23.407+0000] {logging_mixin.py:188} INFO - [2026-01-29T05:07:23.407+0000] {dag.py:3947} INFO - Setting next_dagrun for example_sla_dag to 2026-01-29 05:04:00+00:00, run_after=2026-01-29 05:06:00+00:00
[2026-01-29T05:07:23.430+0000] {processor.py:183} INFO - Processing /home/airflow/.local/lib/python3.12/site-packages/airflow/example_dags/example_sla_dag.py took 0.097 seconds
[2026-01-29T05:07:53.619+0000] {processor.py:161} INFO - Started process (PID=99707) to work on /home/airflow/.local/lib/python3.12/site-packages/airflow/example_dags/example_sla_dag.py
[2026-01-29T05:07:53.619+0000] {processor.py:830} INFO - Processing file /home/airflow/.local/lib/python3.12/site-packages/airflow/example_dags/example_sla_dag.py for tasks to queue
[2026-01-29T05:07:53.621+0000] {logging_mixin.py:188} INFO - [2026-01-29T05:07:53.621+0000] {dagbag.py:545} INFO - Filling up the DagBag from /home/airflow/.local/lib/python3.12/site-packages/airflow/example_dags/example_sla_dag.py
[2026-01-29T05:07:53.630+0000] {processor.py:840} INFO - DAG(s) 'example_sla_dag' retrieved from /home/airflow/.local/lib/python3.12/site-packages/airflow/example_dags/example_sla_dag.py
[2026-01-29T05:07:53.648+0000] {logging_mixin.py:188} INFO - [2026-01-29T05:07:53.648+0000] {dag.py:3089} INFO - Sync 1 DAGs
[2026-01-29T05:07:53.674+0000] {logging_mixin.py:188} INFO - [2026-01-29T05:07:53.674+0000] {dag.py:3947} INFO - Setting next_dagrun for example_sla_dag to 2026-01-29 05:04:00+00:00, run_after=2026-01-29 05:06:00+00:00
[2026-01-29T05:07:53.695+0000] {processor.py:183} INFO - Processing /home/airflow/.local/lib/python3.12/site-packages/airflow/example_dags/example_sla_dag.py took 0.082 seconds
[2026-01-29T05:08:23.942+0000] {processor.py:161} INFO - Started process (PID=99771) to work on /home/airflow/.local/lib/python3.12/site-packages/airflow/example_dags/example_sla_dag.py
[2026-01-29T05:08:23.943+0000] {processor.py:830} INFO - Processing file /home/airflow/.local/lib/python3.12/site-packages/airflow/example_dags/example_sla_dag.py for tasks to queue
[2026-01-29T05:08:23.945+0000] {logging_mixin.py:188} INFO - [2026-01-29T05:08:23.944+0000] {dagbag.py:545} INFO - Filling up the DagBag from /home/airflow/.local/lib/python3.12/site-packages/airflow/example_dags/example_sla_dag.py
[2026-01-29T05:08:23.954+0000] {processor.py:840} INFO - DAG(s) 'example_sla_dag' retrieved from /home/airflow/.local/lib/python3.12/site-packages/airflow/example_dags/example_sla_dag.py
[2026-01-29T05:08:23.973+0000] {logging_mixin.py:188} INFO - [2026-01-29T05:08:23.973+0000] {dag.py:3089} INFO - Sync 1 DAGs
[2026-01-29T05:08:24.000+0000] {logging_mixin.py:188} INFO - [2026-01-29T05:08:24.000+0000] {dag.py:3947} INFO - Setting next_dagrun for example_sla_dag to 2026-01-29 05:06:00+00:00, run_after=2026-01-29 05:08:00+00:00
[2026-01-29T05:08:24.019+0000] {processor.py:183} INFO - Processing /home/airflow/.local/lib/python3.12/site-packages/airflow/example_dags/example_sla_dag.py took 0.083 seconds
[2026-01-29T05:08:54.879+0000] {processor.py:161} INFO - Started process (PID=99830) to work on /home/airflow/.local/lib/python3.12/site-packages/airflow/example_dags/example_sla_dag.py
[2026-01-29T05:08:54.881+0000] {processor.py:830} INFO - Processing file /home/airflow/.local/lib/python3.12/site-packages/airflow/example_dags/example_sla_dag.py for tasks to queue
[2026-01-29T05:08:54.882+0000] {logging_mixin.py:188} INFO - [2026-01-29T05:08:54.882+0000] {dagbag.py:545} INFO - Filling up the DagBag from /home/airflow/.local/lib/python3.12/site-packages/airflow/example_dags/example_sla_dag.py
[2026-01-29T05:08:54.893+0000] {processor.py:840} INFO - DAG(s) 'example_sla_dag' retrieved from /home/airflow/.local/lib/python3.12/site-packages/airflow/example_dags/example_sla_dag.py
[2026-01-29T05:08:54.915+0000] {logging_mixin.py:188} INFO - [2026-01-29T05:08:54.915+0000] {dag.py:3089} INFO - Sync 1 DAGs
[2026-01-29T05:08:54.945+0000] {logging_mixin.py:188} INFO - [2026-01-29T05:08:54.945+0000] {dag.py:3947} INFO - Setting next_dagrun for example_sla_dag to 2026-01-29 05:06:00+00:00, run_after=2026-01-29 05:08:00+00:00
[2026-01-29T05:08:54.967+0000] {processor.py:183} INFO - Processing /home/airflow/.local/lib/python3.12/site-packages/airflow/example_dags/example_sla_dag.py took 0.096 seconds
[2026-01-29T05:09:25.566+0000] {processor.py:161} INFO - Started process (PID=99894) to work on /home/airflow/.local/lib/python3.12/site-packages/airflow/example_dags/example_sla_dag.py
[2026-01-29T05:09:25.567+0000] {processor.py:830} INFO - Processing file /home/airflow/.local/lib/python3.12/site-packages/airflow/example_dags/example_sla_dag.py for tasks to queue
[2026-01-29T05:09:25.569+0000] {logging_mixin.py:188} INFO - [2026-01-29T05:09:25.568+0000] {dagbag.py:545} INFO - Filling up the DagBag from /home/airflow/.local/lib/python3.12/site-packages/airflow/example_dags/example_sla_dag.py
[2026-01-29T05:09:25.579+0000] {processor.py:840} INFO - DAG(s) 'example_sla_dag' retrieved from /home/airflow/.local/lib/python3.12/site-packages/airflow/example_dags/example_sla_dag.py
[2026-01-29T05:09:25.601+0000] {logging_mixin.py:188} INFO - [2026-01-29T05:09:25.601+0000] {dag.py:3089} INFO - Sync 1 DAGs
[2026-01-29T05:09:25.630+0000] {logging_mixin.py:188} INFO - [2026-01-29T05:09:25.629+0000] {dag.py:3947} INFO - Setting next_dagrun for example_sla_dag to 2026-01-29 05:06:00+00:00, run_after=2026-01-29 05:08:00+00:00
[2026-01-29T05:09:25.650+0000] {processor.py:183} INFO - Processing /home/airflow/.local/lib/python3.12/site-packages/airflow/example_dags/example_sla_dag.py took 0.092 seconds
[2026-01-29T05:09:56.363+0000] {processor.py:161} INFO - Started process (PID=99953) to work on /home/airflow/.local/lib/python3.12/site-packages/airflow/example_dags/example_sla_dag.py
[2026-01-29T05:09:56.364+0000] {processor.py:830} INFO - Processing file /home/airflow/.local/lib/python3.12/site-packages/airflow/example_dags/example_sla_dag.py for tasks to queue
[2026-01-29T05:09:56.366+0000] {logging_mixin.py:188} INFO - [2026-01-29T05:09:56.366+0000] {dagbag.py:545} INFO - Filling up the DagBag from /home/airflow/.local/lib/python3.12/site-packages/airflow/example_dags/example_sla_dag.py
[2026-01-29T05:09:56.374+0000] {processor.py:840} INFO - DAG(s) 'example_sla_dag' retrieved from /home/airflow/.local/lib/python3.12/site-packages/airflow/example_dags/example_sla_dag.py
[2026-01-29T05:09:56.392+0000] {logging_mixin.py:188} INFO - [2026-01-29T05:09:56.392+0000] {dag.py:3089} INFO - Sync 1 DAGs
[2026-01-29T05:09:56.417+0000] {logging_mixin.py:188} INFO - [2026-01-29T05:09:56.417+0000] {dag.py:3947} INFO - Setting next_dagrun for example_sla_dag to 2026-01-29 05:06:00+00:00, run_after=2026-01-29 05:08:00+00:00
[2026-01-29T05:09:56.435+0000] {processor.py:183} INFO - Processing /home/airflow/.local/lib/python3.12/site-packages/airflow/example_dags/example_sla_dag.py took 0.077 seconds
[2026-01-29T05:10:27.117+0000] {processor.py:161} INFO - Started process (PID=100017) to work on /home/airflow/.local/lib/python3.12/site-packages/airflow/example_dags/example_sla_dag.py
[2026-01-29T05:10:27.118+0000] {processor.py:830} INFO - Processing file /home/airflow/.local/lib/python3.12/site-packages/airflow/example_dags/example_sla_dag.py for tasks to queue
[2026-01-29T05:10:27.120+0000] {logging_mixin.py:188} INFO - [2026-01-29T05:10:27.120+0000] {dagbag.py:545} INFO - Filling up the DagBag from /home/airflow/.local/lib/python3.12/site-packages/airflow/example_dags/example_sla_dag.py
[2026-01-29T05:10:27.130+0000] {processor.py:840} INFO - DAG(s) 'example_sla_dag' retrieved from /home/airflow/.local/lib/python3.12/site-packages/airflow/example_dags/example_sla_dag.py
[2026-01-29T05:10:27.153+0000] {logging_mixin.py:188} INFO - [2026-01-29T05:10:27.153+0000] {dag.py:3089} INFO - Sync 1 DAGs
[2026-01-29T05:10:27.182+0000] {logging_mixin.py:188} INFO - [2026-01-29T05:10:27.182+0000] {dag.py:3947} INFO - Setting next_dagrun for example_sla_dag to 2026-01-29 05:08:00+00:00, run_after=2026-01-29 05:10:00+00:00
[2026-01-29T05:10:27.204+0000] {processor.py:183} INFO - Processing /home/airflow/.local/lib/python3.12/site-packages/airflow/example_dags/example_sla_dag.py took 0.095 seconds
[2026-01-29T05:10:57.683+0000] {processor.py:161} INFO - Started process (PID=100076) to work on /home/airflow/.local/lib/python3.12/site-packages/airflow/example_dags/example_sla_dag.py
[2026-01-29T05:10:57.684+0000] {processor.py:830} INFO - Processing file /home/airflow/.local/lib/python3.12/site-packages/airflow/example_dags/example_sla_dag.py for tasks to queue
[2026-01-29T05:10:57.686+0000] {logging_mixin.py:188} INFO - [2026-01-29T05:10:57.685+0000] {dagbag.py:545} INFO - Filling up the DagBag from /home/airflow/.local/lib/python3.12/site-packages/airflow/example_dags/example_sla_dag.py
[2026-01-29T05:10:57.694+0000] {processor.py:840} INFO - DAG(s) 'example_sla_dag' retrieved from /home/airflow/.local/lib/python3.12/site-packages/airflow/example_dags/example_sla_dag.py
[2026-01-29T05:10:57.713+0000] {logging_mixin.py:188} INFO - [2026-01-29T05:10:57.713+0000] {dag.py:3089} INFO - Sync 1 DAGs
[2026-01-29T05:10:57.739+0000] {logging_mixin.py:188} INFO - [2026-01-29T05:10:57.738+0000] {dag.py:3947} INFO - Setting next_dagrun for example_sla_dag to 2026-01-29 05:08:00+00:00, run_after=2026-01-29 05:10:00+00:00
[2026-01-29T05:10:57.759+0000] {processor.py:183} INFO - Processing /home/airflow/.local/lib/python3.12/site-packages/airflow/example_dags/example_sla_dag.py took 0.083 seconds
[2026-01-29T05:11:28.423+0000] {processor.py:161} INFO - Started process (PID=100140) to work on /home/airflow/.local/lib/python3.12/site-packages/airflow/example_dags/example_sla_dag.py
[2026-01-29T05:11:28.424+0000] {processor.py:830} INFO - Processing file /home/airflow/.local/lib/python3.12/site-packages/airflow/example_dags/example_sla_dag.py for tasks to queue
[2026-01-29T05:11:28.426+0000] {logging_mixin.py:188} INFO - [2026-01-29T05:11:28.426+0000] {dagbag.py:545} INFO - Filling up the DagBag from /home/airflow/.local/lib/python3.12/site-packages/airflow/example_dags/example_sla_dag.py
[2026-01-29T05:11:28.436+0000] {processor.py:840} INFO - DAG(s) 'example_sla_dag' retrieved from /home/airflow/.local/lib/python3.12/site-packages/airflow/example_dags/example_sla_dag.py
[2026-01-29T05:11:28.455+0000] {logging_mixin.py:188} INFO - [2026-01-29T05:11:28.455+0000] {dag.py:3089} INFO - Sync 1 DAGs
[2026-01-29T05:11:28.481+0000] {logging_mixin.py:188} INFO - [2026-01-29T05:11:28.481+0000] {dag.py:3947} INFO - Setting next_dagrun for example_sla_dag to 2026-01-29 05:08:00+00:00, run_after=2026-01-29 05:10:00+00:00
[2026-01-29T05:11:28.502+0000] {processor.py:183} INFO - Processing /home/airflow/.local/lib/python3.12/site-packages/airflow/example_dags/example_sla_dag.py took 0.086 seconds
[2026-01-29T05:11:59.508+0000] {processor.py:161} INFO - Started process (PID=100199) to work on /home/airflow/.local/lib/python3.12/site-packages/airflow/example_dags/example_sla_dag.py
[2026-01-29T05:11:59.517+0000] {processor.py:830} INFO - Processing file /home/airflow/.local/lib/python3.12/site-packages/airflow/example_dags/example_sla_dag.py for tasks to queue
[2026-01-29T05:11:59.519+0000] {logging_mixin.py:188} INFO - [2026-01-29T05:11:59.518+0000] {dagbag.py:545} INFO - Filling up the DagBag from /home/airflow/.local/lib/python3.12/site-packages/airflow/example_dags/example_sla_dag.py
[2026-01-29T05:11:59.529+0000] {processor.py:840} INFO - DAG(s) 'example_sla_dag' retrieved from /home/airflow/.local/lib/python3.12/site-packages/airflow/example_dags/example_sla_dag.py
[2026-01-29T05:11:59.552+0000] {logging_mixin.py:188} INFO - [2026-01-29T05:11:59.552+0000] {dag.py:3089} INFO - Sync 1 DAGs
[2026-01-29T05:11:59.581+0000] {logging_mixin.py:188} INFO - [2026-01-29T05:11:59.581+0000] {dag.py:3947} INFO - Setting next_dagrun for example_sla_dag to 2026-01-29 05:08:00+00:00, run_after=2026-01-29 05:10:00+00:00
[2026-01-29T05:11:59.604+0000] {processor.py:183} INFO - Processing /home/airflow/.local/lib/python3.12/site-packages/airflow/example_dags/example_sla_dag.py took 0.104 seconds
[2026-01-29T05:12:29.674+0000] {processor.py:161} INFO - Started process (PID=100263) to work on /home/airflow/.local/lib/python3.12/site-packages/airflow/example_dags/example_sla_dag.py
[2026-01-29T05:12:29.675+0000] {processor.py:830} INFO - Processing file /home/airflow/.local/lib/python3.12/site-packages/airflow/example_dags/example_sla_dag.py for tasks to queue
[2026-01-29T05:12:29.677+0000] {logging_mixin.py:188} INFO - [2026-01-29T05:12:29.677+0000] {dagbag.py:545} INFO - Filling up the DagBag from /home/airflow/.local/lib/python3.12/site-packages/airflow/example_dags/example_sla_dag.py
[2026-01-29T05:12:29.685+0000] {processor.py:840} INFO - DAG(s) 'example_sla_dag' retrieved from /home/airflow/.local/lib/python3.12/site-packages/airflow/example_dags/example_sla_dag.py
[2026-01-29T05:12:29.705+0000] {logging_mixin.py:188} INFO - [2026-01-29T05:12:29.704+0000] {dag.py:3089} INFO - Sync 1 DAGs
[2026-01-29T05:12:29.730+0000] {logging_mixin.py:188} INFO - [2026-01-29T05:12:29.730+0000] {dag.py:3947} INFO - Setting next_dagrun for example_sla_dag to 2026-01-29 05:10:00+00:00, run_after=2026-01-29 05:12:00+00:00
[2026-01-29T05:12:29.752+0000] {processor.py:183} INFO - Processing /home/airflow/.local/lib/python3.12/site-packages/airflow/example_dags/example_sla_dag.py took 0.084 seconds
[2026-01-29T05:12:59.806+0000] {processor.py:161} INFO - Started process (PID=100322) to work on /home/airflow/.local/lib/python3.12/site-packages/airflow/example_dags/example_sla_dag.py
[2026-01-29T05:12:59.806+0000] {processor.py:830} INFO - Processing file /home/airflow/.local/lib/python3.12/site-packages/airflow/example_dags/example_sla_dag.py for tasks to queue
[2026-01-29T05:12:59.808+0000] {logging_mixin.py:188} INFO - [2026-01-29T05:12:59.808+0000] {dagbag.py:545} INFO - Filling up the DagBag from /home/airflow/.local/lib/python3.12/site-packages/airflow/example_dags/example_sla_dag.py
[2026-01-29T05:12:59.817+0000] {processor.py:840} INFO - DAG(s) 'example_sla_dag' retrieved from /home/airflow/.local/lib/python3.12/site-packages/airflow/example_dags/example_sla_dag.py
[2026-01-29T05:12:59.836+0000] {logging_mixin.py:188} INFO - [2026-01-29T05:12:59.835+0000] {dag.py:3089} INFO - Sync 1 DAGs
[2026-01-29T05:12:59.862+0000] {logging_mixin.py:188} INFO - [2026-01-29T05:12:59.861+0000] {dag.py:3947} INFO - Setting next_dagrun for example_sla_dag to 2026-01-29 05:10:00+00:00, run_after=2026-01-29 05:12:00+00:00
[2026-01-29T05:12:59.882+0000] {processor.py:183} INFO - Processing /home/airflow/.local/lib/python3.12/site-packages/airflow/example_dags/example_sla_dag.py took 0.083 seconds
[2026-01-29T05:13:30.204+0000] {processor.py:161} INFO - Started process (PID=100386) to work on /home/airflow/.local/lib/python3.12/site-packages/airflow/example_dags/example_sla_dag.py
[2026-01-29T05:13:30.205+0000] {processor.py:830} INFO - Processing file /home/airflow/.local/lib/python3.12/site-packages/airflow/example_dags/example_sla_dag.py for tasks to queue
[2026-01-29T05:13:30.206+0000] {logging_mixin.py:188} INFO - [2026-01-29T05:13:30.206+0000] {dagbag.py:545} INFO - Filling up the DagBag from /home/airflow/.local/lib/python3.12/site-packages/airflow/example_dags/example_sla_dag.py
[2026-01-29T05:13:30.215+0000] {processor.py:840} INFO - DAG(s) 'example_sla_dag' retrieved from /home/airflow/.local/lib/python3.12/site-packages/airflow/example_dags/example_sla_dag.py
[2026-01-29T05:13:30.236+0000] {logging_mixin.py:188} INFO - [2026-01-29T05:13:30.235+0000] {dag.py:3089} INFO - Sync 1 DAGs
[2026-01-29T05:13:30.263+0000] {logging_mixin.py:188} INFO - [2026-01-29T05:13:30.262+0000] {dag.py:3947} INFO - Setting next_dagrun for example_sla_dag to 2026-01-29 05:10:00+00:00, run_after=2026-01-29 05:12:00+00:00
[2026-01-29T05:13:30.284+0000] {processor.py:183} INFO - Processing /home/airflow/.local/lib/python3.12/site-packages/airflow/example_dags/example_sla_dag.py took 0.086 seconds
[2026-01-29T05:14:00.544+0000] {processor.py:161} INFO - Started process (PID=100445) to work on /home/airflow/.local/lib/python3.12/site-packages/airflow/example_dags/example_sla_dag.py
[2026-01-29T05:14:00.545+0000] {processor.py:830} INFO - Processing file /home/airflow/.local/lib/python3.12/site-packages/airflow/example_dags/example_sla_dag.py for tasks to queue
[2026-01-29T05:14:00.546+0000] {logging_mixin.py:188} INFO - [2026-01-29T05:14:00.546+0000] {dagbag.py:545} INFO - Filling up the DagBag from /home/airflow/.local/lib/python3.12/site-packages/airflow/example_dags/example_sla_dag.py
[2026-01-29T05:14:00.556+0000] {processor.py:840} INFO - DAG(s) 'example_sla_dag' retrieved from /home/airflow/.local/lib/python3.12/site-packages/airflow/example_dags/example_sla_dag.py
[2026-01-29T05:14:00.576+0000] {logging_mixin.py:188} INFO - [2026-01-29T05:14:00.576+0000] {dag.py:3089} INFO - Sync 1 DAGs
[2026-01-29T05:14:00.607+0000] {logging_mixin.py:188} INFO - [2026-01-29T05:14:00.607+0000] {dag.py:3947} INFO - Setting next_dagrun for example_sla_dag to 2026-01-29 05:12:00+00:00, run_after=2026-01-29 05:14:00+00:00
[2026-01-29T05:14:00.634+0000] {processor.py:183} INFO - Processing /home/airflow/.local/lib/python3.12/site-packages/airflow/example_dags/example_sla_dag.py took 0.096 seconds
[2026-01-29T05:14:31.406+0000] {processor.py:161} INFO - Started process (PID=100510) to work on /home/airflow/.local/lib/python3.12/site-packages/airflow/example_dags/example_sla_dag.py
[2026-01-29T05:14:31.407+0000] {processor.py:830} INFO - Processing file /home/airflow/.local/lib/python3.12/site-packages/airflow/example_dags/example_sla_dag.py for tasks to queue
[2026-01-29T05:14:31.409+0000] {logging_mixin.py:188} INFO - [2026-01-29T05:14:31.408+0000] {dagbag.py:545} INFO - Filling up the DagBag from /home/airflow/.local/lib/python3.12/site-packages/airflow/example_dags/example_sla_dag.py
[2026-01-29T05:14:31.418+0000] {processor.py:840} INFO - DAG(s) 'example_sla_dag' retrieved from /home/airflow/.local/lib/python3.12/site-packages/airflow/example_dags/example_sla_dag.py
[2026-01-29T05:14:31.438+0000] {logging_mixin.py:188} INFO - [2026-01-29T05:14:31.438+0000] {dag.py:3089} INFO - Sync 1 DAGs
[2026-01-29T05:14:31.464+0000] {logging_mixin.py:188} INFO - [2026-01-29T05:14:31.464+0000] {dag.py:3947} INFO - Setting next_dagrun for example_sla_dag to 2026-01-29 05:12:00+00:00, run_after=2026-01-29 05:14:00+00:00
[2026-01-29T05:14:31.482+0000] {processor.py:183} INFO - Processing /home/airflow/.local/lib/python3.12/site-packages/airflow/example_dags/example_sla_dag.py took 0.082 seconds
[2026-01-29T05:15:02.423+0000] {processor.py:161} INFO - Started process (PID=100574) to work on /home/airflow/.local/lib/python3.12/site-packages/airflow/example_dags/example_sla_dag.py
[2026-01-29T05:15:02.424+0000] {processor.py:830} INFO - Processing file /home/airflow/.local/lib/python3.12/site-packages/airflow/example_dags/example_sla_dag.py for tasks to queue
[2026-01-29T05:15:02.427+0000] {logging_mixin.py:188} INFO - [2026-01-29T05:15:02.426+0000] {dagbag.py:545} INFO - Filling up the DagBag from /home/airflow/.local/lib/python3.12/site-packages/airflow/example_dags/example_sla_dag.py
[2026-01-29T05:15:02.436+0000] {processor.py:840} INFO - DAG(s) 'example_sla_dag' retrieved from /home/airflow/.local/lib/python3.12/site-packages/airflow/example_dags/example_sla_dag.py
[2026-01-29T05:15:02.462+0000] {logging_mixin.py:188} INFO - [2026-01-29T05:15:02.462+0000] {dag.py:3089} INFO - Sync 1 DAGs
[2026-01-29T05:15:02.504+0000] {logging_mixin.py:188} INFO - [2026-01-29T05:15:02.504+0000] {dag.py:3947} INFO - Setting next_dagrun for example_sla_dag to 2026-01-29 05:12:00+00:00, run_after=2026-01-29 05:14:00+00:00
[2026-01-29T05:15:02.529+0000] {processor.py:183} INFO - Processing /home/airflow/.local/lib/python3.12/site-packages/airflow/example_dags/example_sla_dag.py took 0.114 seconds
[2026-01-29T05:15:32.771+0000] {processor.py:161} INFO - Started process (PID=100633) to work on /home/airflow/.local/lib/python3.12/site-packages/airflow/example_dags/example_sla_dag.py
[2026-01-29T05:15:32.772+0000] {processor.py:830} INFO - Processing file /home/airflow/.local/lib/python3.12/site-packages/airflow/example_dags/example_sla_dag.py for tasks to queue
[2026-01-29T05:15:32.773+0000] {logging_mixin.py:188} INFO - [2026-01-29T05:15:32.773+0000] {dagbag.py:545} INFO - Filling up the DagBag from /home/airflow/.local/lib/python3.12/site-packages/airflow/example_dags/example_sla_dag.py
[2026-01-29T05:15:32.781+0000] {processor.py:840} INFO - DAG(s) 'example_sla_dag' retrieved from /home/airflow/.local/lib/python3.12/site-packages/airflow/example_dags/example_sla_dag.py
[2026-01-29T05:15:32.800+0000] {logging_mixin.py:188} INFO - [2026-01-29T05:15:32.800+0000] {dag.py:3089} INFO - Sync 1 DAGs
[2026-01-29T05:15:32.827+0000] {logging_mixin.py:188} INFO - [2026-01-29T05:15:32.827+0000] {dag.py:3947} INFO - Setting next_dagrun for example_sla_dag to 2026-01-29 05:12:00+00:00, run_after=2026-01-29 05:14:00+00:00
[2026-01-29T05:15:32.847+0000] {processor.py:183} INFO - Processing /home/airflow/.local/lib/python3.12/site-packages/airflow/example_dags/example_sla_dag.py took 0.082 seconds
[2026-01-29T05:16:03.114+0000] {processor.py:161} INFO - Started process (PID=100697) to work on /home/airflow/.local/lib/python3.12/site-packages/airflow/example_dags/example_sla_dag.py
[2026-01-29T05:16:03.115+0000] {processor.py:830} INFO - Processing file /home/airflow/.local/lib/python3.12/site-packages/airflow/example_dags/example_sla_dag.py for tasks to queue
[2026-01-29T05:16:03.116+0000] {logging_mixin.py:188} INFO - [2026-01-29T05:16:03.116+0000] {dagbag.py:545} INFO - Filling up the DagBag from /home/airflow/.local/lib/python3.12/site-packages/airflow/example_dags/example_sla_dag.py
[2026-01-29T05:16:03.125+0000] {processor.py:840} INFO - DAG(s) 'example_sla_dag' retrieved from /home/airflow/.local/lib/python3.12/site-packages/airflow/example_dags/example_sla_dag.py
[2026-01-29T05:16:03.143+0000] {logging_mixin.py:188} INFO - [2026-01-29T05:16:03.143+0000] {dag.py:3089} INFO - Sync 1 DAGs
[2026-01-29T05:16:03.169+0000] {logging_mixin.py:188} INFO - [2026-01-29T05:16:03.168+0000] {dag.py:3947} INFO - Setting next_dagrun for example_sla_dag to 2026-01-29 05:14:00+00:00, run_after=2026-01-29 05:16:00+00:00
[2026-01-29T05:16:03.187+0000] {processor.py:183} INFO - Processing /home/airflow/.local/lib/python3.12/site-packages/airflow/example_dags/example_sla_dag.py took 0.079 seconds
[2026-01-29T05:16:33.335+0000] {processor.py:161} INFO - Started process (PID=100756) to work on /home/airflow/.local/lib/python3.12/site-packages/airflow/example_dags/example_sla_dag.py
[2026-01-29T05:16:33.337+0000] {processor.py:830} INFO - Processing file /home/airflow/.local/lib/python3.12/site-packages/airflow/example_dags/example_sla_dag.py for tasks to queue
[2026-01-29T05:16:33.339+0000] {logging_mixin.py:188} INFO - [2026-01-29T05:16:33.338+0000] {dagbag.py:545} INFO - Filling up the DagBag from /home/airflow/.local/lib/python3.12/site-packages/airflow/example_dags/example_sla_dag.py
[2026-01-29T05:16:33.349+0000] {processor.py:840} INFO - DAG(s) 'example_sla_dag' retrieved from /home/airflow/.local/lib/python3.12/site-packages/airflow/example_dags/example_sla_dag.py
[2026-01-29T05:16:33.372+0000] {logging_mixin.py:188} INFO - [2026-01-29T05:16:33.371+0000] {dag.py:3089} INFO - Sync 1 DAGs
[2026-01-29T05:16:33.401+0000] {logging_mixin.py:188} INFO - [2026-01-29T05:16:33.401+0000] {dag.py:3947} INFO - Setting next_dagrun for example_sla_dag to 2026-01-29 05:14:00+00:00, run_after=2026-01-29 05:16:00+00:00
[2026-01-29T05:16:33.422+0000] {processor.py:183} INFO - Processing /home/airflow/.local/lib/python3.12/site-packages/airflow/example_dags/example_sla_dag.py took 0.094 seconds
[2026-01-29T05:17:04.331+0000] {processor.py:161} INFO - Started process (PID=100820) to work on /home/airflow/.local/lib/python3.12/site-packages/airflow/example_dags/example_sla_dag.py
[2026-01-29T05:17:04.332+0000] {processor.py:830} INFO - Processing file /home/airflow/.local/lib/python3.12/site-packages/airflow/example_dags/example_sla_dag.py for tasks to queue
[2026-01-29T05:17:04.334+0000] {logging_mixin.py:188} INFO - [2026-01-29T05:17:04.333+0000] {dagbag.py:545} INFO - Filling up the DagBag from /home/airflow/.local/lib/python3.12/site-packages/airflow/example_dags/example_sla_dag.py
[2026-01-29T05:17:04.342+0000] {processor.py:840} INFO - DAG(s) 'example_sla_dag' retrieved from /home/airflow/.local/lib/python3.12/site-packages/airflow/example_dags/example_sla_dag.py
[2026-01-29T05:17:04.360+0000] {logging_mixin.py:188} INFO - [2026-01-29T05:17:04.360+0000] {dag.py:3089} INFO - Sync 1 DAGs
[2026-01-29T05:17:04.386+0000] {logging_mixin.py:188} INFO - [2026-01-29T05:17:04.386+0000] {dag.py:3947} INFO - Setting next_dagrun for example_sla_dag to 2026-01-29 05:14:00+00:00, run_after=2026-01-29 05:16:00+00:00
[2026-01-29T05:17:04.404+0000] {processor.py:183} INFO - Processing /home/airflow/.local/lib/python3.12/site-packages/airflow/example_dags/example_sla_dag.py took 0.079 seconds
[2026-01-29T05:17:34.753+0000] {processor.py:161} INFO - Started process (PID=100879) to work on /home/airflow/.local/lib/python3.12/site-packages/airflow/example_dags/example_sla_dag.py
[2026-01-29T05:17:34.754+0000] {processor.py:830} INFO - Processing file /home/airflow/.local/lib/python3.12/site-packages/airflow/example_dags/example_sla_dag.py for tasks to queue
[2026-01-29T05:17:34.756+0000] {logging_mixin.py:188} INFO - [2026-01-29T05:17:34.756+0000] {dagbag.py:545} INFO - Filling up the DagBag from /home/airflow/.local/lib/python3.12/site-packages/airflow/example_dags/example_sla_dag.py
[2026-01-29T05:17:34.767+0000] {processor.py:840} INFO - DAG(s) 'example_sla_dag' retrieved from /home/airflow/.local/lib/python3.12/site-packages/airflow/example_dags/example_sla_dag.py
[2026-01-29T05:17:34.786+0000] {logging_mixin.py:188} INFO - [2026-01-29T05:17:34.786+0000] {dag.py:3089} INFO - Sync 1 DAGs
[2026-01-29T05:17:34.815+0000] {logging_mixin.py:188} INFO - [2026-01-29T05:17:34.815+0000] {dag.py:3947} INFO - Setting next_dagrun for example_sla_dag to 2026-01-29 05:14:00+00:00, run_after=2026-01-29 05:16:00+00:00
[2026-01-29T05:17:34.836+0000] {processor.py:183} INFO - Processing /home/airflow/.local/lib/python3.12/site-packages/airflow/example_dags/example_sla_dag.py took 0.090 seconds
[2026-01-29T05:18:04.922+0000] {processor.py:161} INFO - Started process (PID=100943) to work on /home/airflow/.local/lib/python3.12/site-packages/airflow/example_dags/example_sla_dag.py
[2026-01-29T05:18:04.923+0000] {processor.py:830} INFO - Processing file /home/airflow/.local/lib/python3.12/site-packages/airflow/example_dags/example_sla_dag.py for tasks to queue
[2026-01-29T05:18:04.924+0000] {logging_mixin.py:188} INFO - [2026-01-29T05:18:04.924+0000] {dagbag.py:545} INFO - Filling up the DagBag from /home/airflow/.local/lib/python3.12/site-packages/airflow/example_dags/example_sla_dag.py
[2026-01-29T05:18:04.933+0000] {processor.py:840} INFO - DAG(s) 'example_sla_dag' retrieved from /home/airflow/.local/lib/python3.12/site-packages/airflow/example_dags/example_sla_dag.py
[2026-01-29T05:18:04.952+0000] {logging_mixin.py:188} INFO - [2026-01-29T05:18:04.952+0000] {dag.py:3089} INFO - Sync 1 DAGs
[2026-01-29T05:18:04.979+0000] {logging_mixin.py:188} INFO - [2026-01-29T05:18:04.978+0000] {dag.py:3947} INFO - Setting next_dagrun for example_sla_dag to 2026-01-29 05:16:00+00:00, run_after=2026-01-29 05:18:00+00:00
[2026-01-29T05:18:04.996+0000] {processor.py:183} INFO - Processing /home/airflow/.local/lib/python3.12/site-packages/airflow/example_dags/example_sla_dag.py took 0.079 seconds
[2026-01-29T05:18:35.166+0000] {processor.py:161} INFO - Started process (PID=101002) to work on /home/airflow/.local/lib/python3.12/site-packages/airflow/example_dags/example_sla_dag.py
[2026-01-29T05:18:35.167+0000] {processor.py:830} INFO - Processing file /home/airflow/.local/lib/python3.12/site-packages/airflow/example_dags/example_sla_dag.py for tasks to queue
[2026-01-29T05:18:35.168+0000] {logging_mixin.py:188} INFO - [2026-01-29T05:18:35.168+0000] {dagbag.py:545} INFO - Filling up the DagBag from /home/airflow/.local/lib/python3.12/site-packages/airflow/example_dags/example_sla_dag.py
[2026-01-29T05:18:35.176+0000] {processor.py:840} INFO - DAG(s) 'example_sla_dag' retrieved from /home/airflow/.local/lib/python3.12/site-packages/airflow/example_dags/example_sla_dag.py
[2026-01-29T05:18:35.195+0000] {logging_mixin.py:188} INFO - [2026-01-29T05:18:35.195+0000] {dag.py:3089} INFO - Sync 1 DAGs
[2026-01-29T05:18:35.222+0000] {logging_mixin.py:188} INFO - [2026-01-29T05:18:35.222+0000] {dag.py:3947} INFO - Setting next_dagrun for example_sla_dag to 2026-01-29 05:16:00+00:00, run_after=2026-01-29 05:18:00+00:00
[2026-01-29T05:18:35.243+0000] {processor.py:183} INFO - Processing /home/airflow/.local/lib/python3.12/site-packages/airflow/example_dags/example_sla_dag.py took 0.083 seconds
[2026-01-29T05:19:05.331+0000] {processor.py:161} INFO - Started process (PID=101066) to work on /home/airflow/.local/lib/python3.12/site-packages/airflow/example_dags/example_sla_dag.py
[2026-01-29T05:19:05.332+0000] {processor.py:830} INFO - Processing file /home/airflow/.local/lib/python3.12/site-packages/airflow/example_dags/example_sla_dag.py for tasks to queue
[2026-01-29T05:19:05.334+0000] {logging_mixin.py:188} INFO - [2026-01-29T05:19:05.333+0000] {dagbag.py:545} INFO - Filling up the DagBag from /home/airflow/.local/lib/python3.12/site-packages/airflow/example_dags/example_sla_dag.py
[2026-01-29T05:19:05.342+0000] {processor.py:840} INFO - DAG(s) 'example_sla_dag' retrieved from /home/airflow/.local/lib/python3.12/site-packages/airflow/example_dags/example_sla_dag.py
[2026-01-29T05:19:05.360+0000] {logging_mixin.py:188} INFO - [2026-01-29T05:19:05.360+0000] {dag.py:3089} INFO - Sync 1 DAGs
[2026-01-29T05:19:05.385+0000] {logging_mixin.py:188} INFO - [2026-01-29T05:19:05.385+0000] {dag.py:3947} INFO - Setting next_dagrun for example_sla_dag to 2026-01-29 05:16:00+00:00, run_after=2026-01-29 05:18:00+00:00
[2026-01-29T05:19:05.403+0000] {processor.py:183} INFO - Processing /home/airflow/.local/lib/python3.12/site-packages/airflow/example_dags/example_sla_dag.py took 0.078 seconds
[2026-01-29T05:19:35.598+0000] {processor.py:161} INFO - Started process (PID=101125) to work on /home/airflow/.local/lib/python3.12/site-packages/airflow/example_dags/example_sla_dag.py
[2026-01-29T05:19:35.599+0000] {processor.py:830} INFO - Processing file /home/airflow/.local/lib/python3.12/site-packages/airflow/example_dags/example_sla_dag.py for tasks to queue
[2026-01-29T05:19:35.601+0000] {logging_mixin.py:188} INFO - [2026-01-29T05:19:35.601+0000] {dagbag.py:545} INFO - Filling up the DagBag from /home/airflow/.local/lib/python3.12/site-packages/airflow/example_dags/example_sla_dag.py
[2026-01-29T05:19:35.609+0000] {processor.py:840} INFO - DAG(s) 'example_sla_dag' retrieved from /home/airflow/.local/lib/python3.12/site-packages/airflow/example_dags/example_sla_dag.py
[2026-01-29T05:19:35.628+0000] {logging_mixin.py:188} INFO - [2026-01-29T05:19:35.628+0000] {dag.py:3089} INFO - Sync 1 DAGs
[2026-01-29T05:19:35.657+0000] {logging_mixin.py:188} INFO - [2026-01-29T05:19:35.657+0000] {dag.py:3947} INFO - Setting next_dagrun for example_sla_dag to 2026-01-29 05:16:00+00:00, run_after=2026-01-29 05:18:00+00:00
[2026-01-29T05:19:35.677+0000] {processor.py:183} INFO - Processing /home/airflow/.local/lib/python3.12/site-packages/airflow/example_dags/example_sla_dag.py took 0.084 seconds
[2026-01-29T05:20:05.852+0000] {processor.py:161} INFO - Started process (PID=101188) to work on /home/airflow/.local/lib/python3.12/site-packages/airflow/example_dags/example_sla_dag.py
[2026-01-29T05:20:05.853+0000] {processor.py:830} INFO - Processing file /home/airflow/.local/lib/python3.12/site-packages/airflow/example_dags/example_sla_dag.py for tasks to queue
[2026-01-29T05:20:05.856+0000] {logging_mixin.py:188} INFO - [2026-01-29T05:20:05.855+0000] {dagbag.py:545} INFO - Filling up the DagBag from /home/airflow/.local/lib/python3.12/site-packages/airflow/example_dags/example_sla_dag.py
[2026-01-29T05:20:05.866+0000] {processor.py:840} INFO - DAG(s) 'example_sla_dag' retrieved from /home/airflow/.local/lib/python3.12/site-packages/airflow/example_dags/example_sla_dag.py
[2026-01-29T05:20:05.892+0000] {logging_mixin.py:188} INFO - [2026-01-29T05:20:05.891+0000] {dag.py:3089} INFO - Sync 1 DAGs
[2026-01-29T05:20:05.921+0000] {logging_mixin.py:188} INFO - [2026-01-29T05:20:05.920+0000] {dag.py:3947} INFO - Setting next_dagrun for example_sla_dag to 2026-01-29 05:18:00+00:00, run_after=2026-01-29 05:20:00+00:00
[2026-01-29T05:20:05.939+0000] {processor.py:183} INFO - Processing /home/airflow/.local/lib/python3.12/site-packages/airflow/example_dags/example_sla_dag.py took 0.094 seconds
[2026-01-29T05:20:36.030+0000] {processor.py:161} INFO - Started process (PID=101247) to work on /home/airflow/.local/lib/python3.12/site-packages/airflow/example_dags/example_sla_dag.py
[2026-01-29T05:20:36.031+0000] {processor.py:830} INFO - Processing file /home/airflow/.local/lib/python3.12/site-packages/airflow/example_dags/example_sla_dag.py for tasks to queue
[2026-01-29T05:20:36.033+0000] {logging_mixin.py:188} INFO - [2026-01-29T05:20:36.033+0000] {dagbag.py:545} INFO - Filling up the DagBag from /home/airflow/.local/lib/python3.12/site-packages/airflow/example_dags/example_sla_dag.py
[2026-01-29T05:20:36.042+0000] {processor.py:840} INFO - DAG(s) 'example_sla_dag' retrieved from /home/airflow/.local/lib/python3.12/site-packages/airflow/example_dags/example_sla_dag.py
[2026-01-29T05:20:36.062+0000] {logging_mixin.py:188} INFO - [2026-01-29T05:20:36.061+0000] {dag.py:3089} INFO - Sync 1 DAGs
[2026-01-29T05:20:36.089+0000] {logging_mixin.py:188} INFO - [2026-01-29T05:20:36.089+0000] {dag.py:3947} INFO - Setting next_dagrun for example_sla_dag to 2026-01-29 05:18:00+00:00, run_after=2026-01-29 05:20:00+00:00
[2026-01-29T05:20:36.109+0000] {processor.py:183} INFO - Processing /home/airflow/.local/lib/python3.12/site-packages/airflow/example_dags/example_sla_dag.py took 0.087 seconds
[2026-01-29T05:21:06.371+0000] {processor.py:161} INFO - Started process (PID=101311) to work on /home/airflow/.local/lib/python3.12/site-packages/airflow/example_dags/example_sla_dag.py
[2026-01-29T05:21:06.372+0000] {processor.py:830} INFO - Processing file /home/airflow/.local/lib/python3.12/site-packages/airflow/example_dags/example_sla_dag.py for tasks to queue
[2026-01-29T05:21:06.373+0000] {logging_mixin.py:188} INFO - [2026-01-29T05:21:06.373+0000] {dagbag.py:545} INFO - Filling up the DagBag from /home/airflow/.local/lib/python3.12/site-packages/airflow/example_dags/example_sla_dag.py
[2026-01-29T05:21:06.384+0000] {processor.py:840} INFO - DAG(s) 'example_sla_dag' retrieved from /home/airflow/.local/lib/python3.12/site-packages/airflow/example_dags/example_sla_dag.py
[2026-01-29T05:21:06.402+0000] {logging_mixin.py:188} INFO - [2026-01-29T05:21:06.401+0000] {dag.py:3089} INFO - Sync 1 DAGs
[2026-01-29T05:21:06.426+0000] {logging_mixin.py:188} INFO - [2026-01-29T05:21:06.426+0000] {dag.py:3947} INFO - Setting next_dagrun for example_sla_dag to 2026-01-29 05:18:00+00:00, run_after=2026-01-29 05:20:00+00:00
[2026-01-29T05:21:06.445+0000] {processor.py:183} INFO - Processing /home/airflow/.local/lib/python3.12/site-packages/airflow/example_dags/example_sla_dag.py took 0.081 seconds
[2026-01-29T05:21:36.618+0000] {processor.py:161} INFO - Started process (PID=101370) to work on /home/airflow/.local/lib/python3.12/site-packages/airflow/example_dags/example_sla_dag.py
[2026-01-29T05:21:36.619+0000] {processor.py:830} INFO - Processing file /home/airflow/.local/lib/python3.12/site-packages/airflow/example_dags/example_sla_dag.py for tasks to queue
[2026-01-29T05:21:36.621+0000] {logging_mixin.py:188} INFO - [2026-01-29T05:21:36.620+0000] {dagbag.py:545} INFO - Filling up the DagBag from /home/airflow/.local/lib/python3.12/site-packages/airflow/example_dags/example_sla_dag.py
[2026-01-29T05:21:36.630+0000] {processor.py:840} INFO - DAG(s) 'example_sla_dag' retrieved from /home/airflow/.local/lib/python3.12/site-packages/airflow/example_dags/example_sla_dag.py
[2026-01-29T05:21:36.650+0000] {logging_mixin.py:188} INFO - [2026-01-29T05:21:36.649+0000] {dag.py:3089} INFO - Sync 1 DAGs
[2026-01-29T05:21:36.678+0000] {logging_mixin.py:188} INFO - [2026-01-29T05:21:36.678+0000] {dag.py:3947} INFO - Setting next_dagrun for example_sla_dag to 2026-01-29 05:18:00+00:00, run_after=2026-01-29 05:20:00+00:00
[2026-01-29T05:21:36.697+0000] {processor.py:183} INFO - Processing /home/airflow/.local/lib/python3.12/site-packages/airflow/example_dags/example_sla_dag.py took 0.086 seconds
[2026-01-29T05:22:06.948+0000] {processor.py:161} INFO - Started process (PID=101434) to work on /home/airflow/.local/lib/python3.12/site-packages/airflow/example_dags/example_sla_dag.py
[2026-01-29T05:22:06.949+0000] {processor.py:830} INFO - Processing file /home/airflow/.local/lib/python3.12/site-packages/airflow/example_dags/example_sla_dag.py for tasks to queue
[2026-01-29T05:22:06.950+0000] {logging_mixin.py:188} INFO - [2026-01-29T05:22:06.950+0000] {dagbag.py:545} INFO - Filling up the DagBag from /home/airflow/.local/lib/python3.12/site-packages/airflow/example_dags/example_sla_dag.py
[2026-01-29T05:22:06.959+0000] {processor.py:840} INFO - DAG(s) 'example_sla_dag' retrieved from /home/airflow/.local/lib/python3.12/site-packages/airflow/example_dags/example_sla_dag.py
[2026-01-29T05:22:06.979+0000] {logging_mixin.py:188} INFO - [2026-01-29T05:22:06.979+0000] {dag.py:3089} INFO - Sync 1 DAGs
[2026-01-29T05:22:07.004+0000] {logging_mixin.py:188} INFO - [2026-01-29T05:22:07.004+0000] {dag.py:3947} INFO - Setting next_dagrun for example_sla_dag to 2026-01-29 05:20:00+00:00, run_after=2026-01-29 05:22:00+00:00
[2026-01-29T05:22:07.023+0000] {processor.py:183} INFO - Processing /home/airflow/.local/lib/python3.12/site-packages/airflow/example_dags/example_sla_dag.py took 0.081 seconds
[2026-01-29T05:22:37.726+0000] {processor.py:161} INFO - Started process (PID=101491) to work on /home/airflow/.local/lib/python3.12/site-packages/airflow/example_dags/example_sla_dag.py
[2026-01-29T05:22:37.727+0000] {processor.py:830} INFO - Processing file /home/airflow/.local/lib/python3.12/site-packages/airflow/example_dags/example_sla_dag.py for tasks to queue
[2026-01-29T05:22:37.729+0000] {logging_mixin.py:188} INFO - [2026-01-29T05:22:37.729+0000] {dagbag.py:545} INFO - Filling up the DagBag from /home/airflow/.local/lib/python3.12/site-packages/airflow/example_dags/example_sla_dag.py
[2026-01-29T05:22:37.739+0000] {processor.py:840} INFO - DAG(s) 'example_sla_dag' retrieved from /home/airflow/.local/lib/python3.12/site-packages/airflow/example_dags/example_sla_dag.py
[2026-01-29T05:22:37.760+0000] {logging_mixin.py:188} INFO - [2026-01-29T05:22:37.760+0000] {dag.py:3089} INFO - Sync 1 DAGs
[2026-01-29T05:22:37.787+0000] {logging_mixin.py:188} INFO - [2026-01-29T05:22:37.787+0000] {dag.py:3947} INFO - Setting next_dagrun for example_sla_dag to 2026-01-29 05:20:00+00:00, run_after=2026-01-29 05:22:00+00:00
[2026-01-29T05:22:37.808+0000] {processor.py:183} INFO - Processing /home/airflow/.local/lib/python3.12/site-packages/airflow/example_dags/example_sla_dag.py took 0.089 seconds
[2026-01-29T05:23:07.925+0000] {processor.py:161} INFO - Started process (PID=101555) to work on /home/airflow/.local/lib/python3.12/site-packages/airflow/example_dags/example_sla_dag.py
[2026-01-29T05:23:07.926+0000] {processor.py:830} INFO - Processing file /home/airflow/.local/lib/python3.12/site-packages/airflow/example_dags/example_sla_dag.py for tasks to queue
[2026-01-29T05:23:07.928+0000] {logging_mixin.py:188} INFO - [2026-01-29T05:23:07.927+0000] {dagbag.py:545} INFO - Filling up the DagBag from /home/airflow/.local/lib/python3.12/site-packages/airflow/example_dags/example_sla_dag.py
[2026-01-29T05:23:07.936+0000] {processor.py:840} INFO - DAG(s) 'example_sla_dag' retrieved from /home/airflow/.local/lib/python3.12/site-packages/airflow/example_dags/example_sla_dag.py
[2026-01-29T05:23:07.955+0000] {logging_mixin.py:188} INFO - [2026-01-29T05:23:07.955+0000] {dag.py:3089} INFO - Sync 1 DAGs
[2026-01-29T05:23:07.981+0000] {logging_mixin.py:188} INFO - [2026-01-29T05:23:07.980+0000] {dag.py:3947} INFO - Setting next_dagrun for example_sla_dag to 2026-01-29 05:20:00+00:00, run_after=2026-01-29 05:22:00+00:00
[2026-01-29T05:23:07.999+0000] {processor.py:183} INFO - Processing /home/airflow/.local/lib/python3.12/site-packages/airflow/example_dags/example_sla_dag.py took 0.080 seconds
[2026-01-29T05:23:38.539+0000] {processor.py:161} INFO - Started process (PID=101614) to work on /home/airflow/.local/lib/python3.12/site-packages/airflow/example_dags/example_sla_dag.py
[2026-01-29T05:23:38.540+0000] {processor.py:830} INFO - Processing file /home/airflow/.local/lib/python3.12/site-packages/airflow/example_dags/example_sla_dag.py for tasks to queue
[2026-01-29T05:23:38.542+0000] {logging_mixin.py:188} INFO - [2026-01-29T05:23:38.541+0000] {dagbag.py:545} INFO - Filling up the DagBag from /home/airflow/.local/lib/python3.12/site-packages/airflow/example_dags/example_sla_dag.py
[2026-01-29T05:23:38.550+0000] {processor.py:840} INFO - DAG(s) 'example_sla_dag' retrieved from /home/airflow/.local/lib/python3.12/site-packages/airflow/example_dags/example_sla_dag.py
[2026-01-29T05:23:38.570+0000] {logging_mixin.py:188} INFO - [2026-01-29T05:23:38.570+0000] {dag.py:3089} INFO - Sync 1 DAGs
[2026-01-29T05:23:38.598+0000] {logging_mixin.py:188} INFO - [2026-01-29T05:23:38.597+0000] {dag.py:3947} INFO - Setting next_dagrun for example_sla_dag to 2026-01-29 05:20:00+00:00, run_after=2026-01-29 05:22:00+00:00
[2026-01-29T05:23:38.617+0000] {processor.py:183} INFO - Processing /home/airflow/.local/lib/python3.12/site-packages/airflow/example_dags/example_sla_dag.py took 0.084 seconds
[2026-01-29T05:24:09.317+0000] {processor.py:161} INFO - Started process (PID=101678) to work on /home/airflow/.local/lib/python3.12/site-packages/airflow/example_dags/example_sla_dag.py
[2026-01-29T05:24:09.318+0000] {processor.py:830} INFO - Processing file /home/airflow/.local/lib/python3.12/site-packages/airflow/example_dags/example_sla_dag.py for tasks to queue
[2026-01-29T05:24:09.320+0000] {logging_mixin.py:188} INFO - [2026-01-29T05:24:09.319+0000] {dagbag.py:545} INFO - Filling up the DagBag from /home/airflow/.local/lib/python3.12/site-packages/airflow/example_dags/example_sla_dag.py
[2026-01-29T05:24:09.329+0000] {processor.py:840} INFO - DAG(s) 'example_sla_dag' retrieved from /home/airflow/.local/lib/python3.12/site-packages/airflow/example_dags/example_sla_dag.py
[2026-01-29T05:24:09.348+0000] {logging_mixin.py:188} INFO - [2026-01-29T05:24:09.348+0000] {dag.py:3089} INFO - Sync 1 DAGs
[2026-01-29T05:24:09.375+0000] {logging_mixin.py:188} INFO - [2026-01-29T05:24:09.375+0000] {dag.py:3947} INFO - Setting next_dagrun for example_sla_dag to 2026-01-29 05:22:00+00:00, run_after=2026-01-29 05:24:00+00:00
[2026-01-29T05:24:09.397+0000] {processor.py:183} INFO - Processing /home/airflow/.local/lib/python3.12/site-packages/airflow/example_dags/example_sla_dag.py took 0.086 seconds
[2026-01-29T05:24:39.945+0000] {processor.py:161} INFO - Started process (PID=101737) to work on /home/airflow/.local/lib/python3.12/site-packages/airflow/example_dags/example_sla_dag.py
[2026-01-29T05:24:39.946+0000] {processor.py:830} INFO - Processing file /home/airflow/.local/lib/python3.12/site-packages/airflow/example_dags/example_sla_dag.py for tasks to queue
[2026-01-29T05:24:39.948+0000] {logging_mixin.py:188} INFO - [2026-01-29T05:24:39.948+0000] {dagbag.py:545} INFO - Filling up the DagBag from /home/airflow/.local/lib/python3.12/site-packages/airflow/example_dags/example_sla_dag.py
[2026-01-29T05:24:39.958+0000] {processor.py:840} INFO - DAG(s) 'example_sla_dag' retrieved from /home/airflow/.local/lib/python3.12/site-packages/airflow/example_dags/example_sla_dag.py
[2026-01-29T05:24:39.979+0000] {logging_mixin.py:188} INFO - [2026-01-29T05:24:39.979+0000] {dag.py:3089} INFO - Sync 1 DAGs
[2026-01-29T05:24:40.007+0000] {logging_mixin.py:188} INFO - [2026-01-29T05:24:40.007+0000] {dag.py:3947} INFO - Setting next_dagrun for example_sla_dag to 2026-01-29 05:22:00+00:00, run_after=2026-01-29 05:24:00+00:00
[2026-01-29T05:24:40.027+0000] {processor.py:183} INFO - Processing /home/airflow/.local/lib/python3.12/site-packages/airflow/example_dags/example_sla_dag.py took 0.088 seconds
[2026-01-29T05:25:10.600+0000] {processor.py:161} INFO - Started process (PID=101801) to work on /home/airflow/.local/lib/python3.12/site-packages/airflow/example_dags/example_sla_dag.py
[2026-01-29T05:25:10.601+0000] {processor.py:830} INFO - Processing file /home/airflow/.local/lib/python3.12/site-packages/airflow/example_dags/example_sla_dag.py for tasks to queue
[2026-01-29T05:25:10.603+0000] {logging_mixin.py:188} INFO - [2026-01-29T05:25:10.602+0000] {dagbag.py:545} INFO - Filling up the DagBag from /home/airflow/.local/lib/python3.12/site-packages/airflow/example_dags/example_sla_dag.py
[2026-01-29T05:25:10.611+0000] {processor.py:840} INFO - DAG(s) 'example_sla_dag' retrieved from /home/airflow/.local/lib/python3.12/site-packages/airflow/example_dags/example_sla_dag.py
[2026-01-29T05:25:10.631+0000] {logging_mixin.py:188} INFO - [2026-01-29T05:25:10.630+0000] {dag.py:3089} INFO - Sync 1 DAGs
[2026-01-29T05:25:10.656+0000] {logging_mixin.py:188} INFO - [2026-01-29T05:25:10.656+0000] {dag.py:3947} INFO - Setting next_dagrun for example_sla_dag to 2026-01-29 05:22:00+00:00, run_after=2026-01-29 05:24:00+00:00
[2026-01-29T05:25:10.675+0000] {processor.py:183} INFO - Processing /home/airflow/.local/lib/python3.12/site-packages/airflow/example_dags/example_sla_dag.py took 0.081 seconds
[2026-01-29T05:25:41.494+0000] {processor.py:161} INFO - Started process (PID=101860) to work on /home/airflow/.local/lib/python3.12/site-packages/airflow/example_dags/example_sla_dag.py
[2026-01-29T05:25:41.495+0000] {processor.py:830} INFO - Processing file /home/airflow/.local/lib/python3.12/site-packages/airflow/example_dags/example_sla_dag.py for tasks to queue
[2026-01-29T05:25:41.497+0000] {logging_mixin.py:188} INFO - [2026-01-29T05:25:41.496+0000] {dagbag.py:545} INFO - Filling up the DagBag from /home/airflow/.local/lib/python3.12/site-packages/airflow/example_dags/example_sla_dag.py
[2026-01-29T05:25:41.507+0000] {processor.py:840} INFO - DAG(s) 'example_sla_dag' retrieved from /home/airflow/.local/lib/python3.12/site-packages/airflow/example_dags/example_sla_dag.py
[2026-01-29T05:25:41.528+0000] {logging_mixin.py:188} INFO - [2026-01-29T05:25:41.528+0000] {dag.py:3089} INFO - Sync 1 DAGs
[2026-01-29T05:25:41.556+0000] {logging_mixin.py:188} INFO - [2026-01-29T05:25:41.556+0000] {dag.py:3947} INFO - Setting next_dagrun for example_sla_dag to 2026-01-29 05:22:00+00:00, run_after=2026-01-29 05:24:00+00:00
[2026-01-29T05:25:41.577+0000] {processor.py:183} INFO - Processing /home/airflow/.local/lib/python3.12/site-packages/airflow/example_dags/example_sla_dag.py took 0.090 seconds
[2026-01-29T05:26:11.801+0000] {processor.py:161} INFO - Started process (PID=101924) to work on /home/airflow/.local/lib/python3.12/site-packages/airflow/example_dags/example_sla_dag.py
[2026-01-29T05:26:11.802+0000] {processor.py:830} INFO - Processing file /home/airflow/.local/lib/python3.12/site-packages/airflow/example_dags/example_sla_dag.py for tasks to queue
[2026-01-29T05:26:11.804+0000] {logging_mixin.py:188} INFO - [2026-01-29T05:26:11.803+0000] {dagbag.py:545} INFO - Filling up the DagBag from /home/airflow/.local/lib/python3.12/site-packages/airflow/example_dags/example_sla_dag.py
[2026-01-29T05:26:11.812+0000] {processor.py:840} INFO - DAG(s) 'example_sla_dag' retrieved from /home/airflow/.local/lib/python3.12/site-packages/airflow/example_dags/example_sla_dag.py
[2026-01-29T05:26:11.830+0000] {logging_mixin.py:188} INFO - [2026-01-29T05:26:11.830+0000] {dag.py:3089} INFO - Sync 1 DAGs
[2026-01-29T05:26:11.857+0000] {logging_mixin.py:188} INFO - [2026-01-29T05:26:11.857+0000] {dag.py:3947} INFO - Setting next_dagrun for example_sla_dag to 2026-01-29 05:24:00+00:00, run_after=2026-01-29 05:26:00+00:00
[2026-01-29T05:26:11.876+0000] {processor.py:183} INFO - Processing /home/airflow/.local/lib/python3.12/site-packages/airflow/example_dags/example_sla_dag.py took 0.081 seconds
[2026-01-29T05:26:42.066+0000] {processor.py:161} INFO - Started process (PID=101983) to work on /home/airflow/.local/lib/python3.12/site-packages/airflow/example_dags/example_sla_dag.py
[2026-01-29T05:26:42.067+0000] {processor.py:830} INFO - Processing file /home/airflow/.local/lib/python3.12/site-packages/airflow/example_dags/example_sla_dag.py for tasks to queue
[2026-01-29T05:26:42.069+0000] {logging_mixin.py:188} INFO - [2026-01-29T05:26:42.068+0000] {dagbag.py:545} INFO - Filling up the DagBag from /home/airflow/.local/lib/python3.12/site-packages/airflow/example_dags/example_sla_dag.py
[2026-01-29T05:26:42.079+0000] {processor.py:840} INFO - DAG(s) 'example_sla_dag' retrieved from /home/airflow/.local/lib/python3.12/site-packages/airflow/example_dags/example_sla_dag.py
[2026-01-29T05:26:42.100+0000] {logging_mixin.py:188} INFO - [2026-01-29T05:26:42.100+0000] {dag.py:3089} INFO - Sync 1 DAGs
[2026-01-29T05:26:42.128+0000] {logging_mixin.py:188} INFO - [2026-01-29T05:26:42.128+0000] {dag.py:3947} INFO - Setting next_dagrun for example_sla_dag to 2026-01-29 05:24:00+00:00, run_after=2026-01-29 05:26:00+00:00
[2026-01-29T05:26:42.148+0000] {processor.py:183} INFO - Processing /home/airflow/.local/lib/python3.12/site-packages/airflow/example_dags/example_sla_dag.py took 0.089 seconds
[2026-01-29T05:27:12.296+0000] {processor.py:161} INFO - Started process (PID=102047) to work on /home/airflow/.local/lib/python3.12/site-packages/airflow/example_dags/example_sla_dag.py
[2026-01-29T05:27:12.297+0000] {processor.py:830} INFO - Processing file /home/airflow/.local/lib/python3.12/site-packages/airflow/example_dags/example_sla_dag.py for tasks to queue
[2026-01-29T05:27:12.298+0000] {logging_mixin.py:188} INFO - [2026-01-29T05:27:12.298+0000] {dagbag.py:545} INFO - Filling up the DagBag from /home/airflow/.local/lib/python3.12/site-packages/airflow/example_dags/example_sla_dag.py
[2026-01-29T05:27:12.308+0000] {processor.py:840} INFO - DAG(s) 'example_sla_dag' retrieved from /home/airflow/.local/lib/python3.12/site-packages/airflow/example_dags/example_sla_dag.py
[2026-01-29T05:27:12.328+0000] {logging_mixin.py:188} INFO - [2026-01-29T05:27:12.328+0000] {dag.py:3089} INFO - Sync 1 DAGs
[2026-01-29T05:27:12.356+0000] {logging_mixin.py:188} INFO - [2026-01-29T05:27:12.356+0000] {dag.py:3947} INFO - Setting next_dagrun for example_sla_dag to 2026-01-29 05:24:00+00:00, run_after=2026-01-29 05:26:00+00:00
[2026-01-29T05:27:12.377+0000] {processor.py:183} INFO - Processing /home/airflow/.local/lib/python3.12/site-packages/airflow/example_dags/example_sla_dag.py took 0.087 seconds
[2026-01-29T05:27:42.598+0000] {processor.py:161} INFO - Started process (PID=102106) to work on /home/airflow/.local/lib/python3.12/site-packages/airflow/example_dags/example_sla_dag.py
[2026-01-29T05:27:42.599+0000] {processor.py:830} INFO - Processing file /home/airflow/.local/lib/python3.12/site-packages/airflow/example_dags/example_sla_dag.py for tasks to queue
[2026-01-29T05:27:42.601+0000] {logging_mixin.py:188} INFO - [2026-01-29T05:27:42.600+0000] {dagbag.py:545} INFO - Filling up the DagBag from /home/airflow/.local/lib/python3.12/site-packages/airflow/example_dags/example_sla_dag.py
[2026-01-29T05:27:42.609+0000] {processor.py:840} INFO - DAG(s) 'example_sla_dag' retrieved from /home/airflow/.local/lib/python3.12/site-packages/airflow/example_dags/example_sla_dag.py
[2026-01-29T05:27:42.627+0000] {logging_mixin.py:188} INFO - [2026-01-29T05:27:42.627+0000] {dag.py:3089} INFO - Sync 1 DAGs
[2026-01-29T05:27:42.653+0000] {logging_mixin.py:188} INFO - [2026-01-29T05:27:42.653+0000] {dag.py:3947} INFO - Setting next_dagrun for example_sla_dag to 2026-01-29 05:24:00+00:00, run_after=2026-01-29 05:26:00+00:00
[2026-01-29T05:27:42.672+0000] {processor.py:183} INFO - Processing /home/airflow/.local/lib/python3.12/site-packages/airflow/example_dags/example_sla_dag.py took 0.080 seconds
[2026-01-29T05:28:13.196+0000] {processor.py:161} INFO - Started process (PID=102170) to work on /home/airflow/.local/lib/python3.12/site-packages/airflow/example_dags/example_sla_dag.py
[2026-01-29T05:28:13.197+0000] {processor.py:830} INFO - Processing file /home/airflow/.local/lib/python3.12/site-packages/airflow/example_dags/example_sla_dag.py for tasks to queue
[2026-01-29T05:28:13.199+0000] {logging_mixin.py:188} INFO - [2026-01-29T05:28:13.198+0000] {dagbag.py:545} INFO - Filling up the DagBag from /home/airflow/.local/lib/python3.12/site-packages/airflow/example_dags/example_sla_dag.py
[2026-01-29T05:28:13.208+0000] {processor.py:840} INFO - DAG(s) 'example_sla_dag' retrieved from /home/airflow/.local/lib/python3.12/site-packages/airflow/example_dags/example_sla_dag.py
[2026-01-29T05:28:13.226+0000] {logging_mixin.py:188} INFO - [2026-01-29T05:28:13.226+0000] {dag.py:3089} INFO - Sync 1 DAGs
[2026-01-29T05:28:13.251+0000] {logging_mixin.py:188} INFO - [2026-01-29T05:28:13.251+0000] {dag.py:3947} INFO - Setting next_dagrun for example_sla_dag to 2026-01-29 05:26:00+00:00, run_after=2026-01-29 05:28:00+00:00
[2026-01-29T05:28:13.269+0000] {processor.py:183} INFO - Processing /home/airflow/.local/lib/python3.12/site-packages/airflow/example_dags/example_sla_dag.py took 0.080 seconds
[2026-01-29T05:28:43.611+0000] {processor.py:161} INFO - Started process (PID=102229) to work on /home/airflow/.local/lib/python3.12/site-packages/airflow/example_dags/example_sla_dag.py
[2026-01-29T05:28:43.612+0000] {processor.py:830} INFO - Processing file /home/airflow/.local/lib/python3.12/site-packages/airflow/example_dags/example_sla_dag.py for tasks to queue
[2026-01-29T05:28:43.614+0000] {logging_mixin.py:188} INFO - [2026-01-29T05:28:43.613+0000] {dagbag.py:545} INFO - Filling up the DagBag from /home/airflow/.local/lib/python3.12/site-packages/airflow/example_dags/example_sla_dag.py
[2026-01-29T05:28:43.624+0000] {processor.py:840} INFO - DAG(s) 'example_sla_dag' retrieved from /home/airflow/.local/lib/python3.12/site-packages/airflow/example_dags/example_sla_dag.py
[2026-01-29T05:28:43.645+0000] {logging_mixin.py:188} INFO - [2026-01-29T05:28:43.645+0000] {dag.py:3089} INFO - Sync 1 DAGs
[2026-01-29T05:28:43.674+0000] {logging_mixin.py:188} INFO - [2026-01-29T05:28:43.673+0000] {dag.py:3947} INFO - Setting next_dagrun for example_sla_dag to 2026-01-29 05:26:00+00:00, run_after=2026-01-29 05:28:00+00:00
[2026-01-29T05:28:43.695+0000] {processor.py:183} INFO - Processing /home/airflow/.local/lib/python3.12/site-packages/airflow/example_dags/example_sla_dag.py took 0.090 seconds
[2026-01-29T05:29:14.035+0000] {processor.py:161} INFO - Started process (PID=102293) to work on /home/airflow/.local/lib/python3.12/site-packages/airflow/example_dags/example_sla_dag.py
[2026-01-29T05:29:14.036+0000] {processor.py:830} INFO - Processing file /home/airflow/.local/lib/python3.12/site-packages/airflow/example_dags/example_sla_dag.py for tasks to queue
[2026-01-29T05:29:14.038+0000] {logging_mixin.py:188} INFO - [2026-01-29T05:29:14.037+0000] {dagbag.py:545} INFO - Filling up the DagBag from /home/airflow/.local/lib/python3.12/site-packages/airflow/example_dags/example_sla_dag.py
[2026-01-29T05:29:14.047+0000] {processor.py:840} INFO - DAG(s) 'example_sla_dag' retrieved from /home/airflow/.local/lib/python3.12/site-packages/airflow/example_dags/example_sla_dag.py
[2026-01-29T05:29:14.067+0000] {logging_mixin.py:188} INFO - [2026-01-29T05:29:14.067+0000] {dag.py:3089} INFO - Sync 1 DAGs
[2026-01-29T05:29:14.092+0000] {logging_mixin.py:188} INFO - [2026-01-29T05:29:14.092+0000] {dag.py:3947} INFO - Setting next_dagrun for example_sla_dag to 2026-01-29 05:26:00+00:00, run_after=2026-01-29 05:28:00+00:00
[2026-01-29T05:29:14.110+0000] {processor.py:183} INFO - Processing /home/airflow/.local/lib/python3.12/site-packages/airflow/example_dags/example_sla_dag.py took 0.081 seconds
[2026-01-29T05:29:44.508+0000] {processor.py:161} INFO - Started process (PID=102352) to work on /home/airflow/.local/lib/python3.12/site-packages/airflow/example_dags/example_sla_dag.py
[2026-01-29T05:29:44.509+0000] {processor.py:830} INFO - Processing file /home/airflow/.local/lib/python3.12/site-packages/airflow/example_dags/example_sla_dag.py for tasks to queue
[2026-01-29T05:29:44.511+0000] {logging_mixin.py:188} INFO - [2026-01-29T05:29:44.510+0000] {dagbag.py:545} INFO - Filling up the DagBag from /home/airflow/.local/lib/python3.12/site-packages/airflow/example_dags/example_sla_dag.py
[2026-01-29T05:29:44.519+0000] {processor.py:840} INFO - DAG(s) 'example_sla_dag' retrieved from /home/airflow/.local/lib/python3.12/site-packages/airflow/example_dags/example_sla_dag.py
[2026-01-29T05:29:44.537+0000] {logging_mixin.py:188} INFO - [2026-01-29T05:29:44.537+0000] {dag.py:3089} INFO - Sync 1 DAGs
[2026-01-29T05:29:44.562+0000] {logging_mixin.py:188} INFO - [2026-01-29T05:29:44.562+0000] {dag.py:3947} INFO - Setting next_dagrun for example_sla_dag to 2026-01-29 05:26:00+00:00, run_after=2026-01-29 05:28:00+00:00
[2026-01-29T05:29:44.580+0000] {processor.py:183} INFO - Processing /home/airflow/.local/lib/python3.12/site-packages/airflow/example_dags/example_sla_dag.py took 0.078 seconds
[2026-01-29T05:30:14.937+0000] {processor.py:161} INFO - Started process (PID=102416) to work on /home/airflow/.local/lib/python3.12/site-packages/airflow/example_dags/example_sla_dag.py
[2026-01-29T05:30:14.938+0000] {processor.py:830} INFO - Processing file /home/airflow/.local/lib/python3.12/site-packages/airflow/example_dags/example_sla_dag.py for tasks to queue
[2026-01-29T05:30:14.940+0000] {logging_mixin.py:188} INFO - [2026-01-29T05:30:14.939+0000] {dagbag.py:545} INFO - Filling up the DagBag from /home/airflow/.local/lib/python3.12/site-packages/airflow/example_dags/example_sla_dag.py
[2026-01-29T05:30:14.948+0000] {processor.py:840} INFO - DAG(s) 'example_sla_dag' retrieved from /home/airflow/.local/lib/python3.12/site-packages/airflow/example_dags/example_sla_dag.py
[2026-01-29T05:30:14.968+0000] {logging_mixin.py:188} INFO - [2026-01-29T05:30:14.968+0000] {dag.py:3089} INFO - Sync 1 DAGs
[2026-01-29T05:30:14.994+0000] {logging_mixin.py:188} INFO - [2026-01-29T05:30:14.994+0000] {dag.py:3947} INFO - Setting next_dagrun for example_sla_dag to 2026-01-29 05:28:00+00:00, run_after=2026-01-29 05:30:00+00:00
[2026-01-29T05:30:15.013+0000] {processor.py:183} INFO - Processing /home/airflow/.local/lib/python3.12/site-packages/airflow/example_dags/example_sla_dag.py took 0.082 seconds
[2026-01-29T05:30:45.423+0000] {processor.py:161} INFO - Started process (PID=102475) to work on /home/airflow/.local/lib/python3.12/site-packages/airflow/example_dags/example_sla_dag.py
[2026-01-29T05:30:45.424+0000] {processor.py:830} INFO - Processing file /home/airflow/.local/lib/python3.12/site-packages/airflow/example_dags/example_sla_dag.py for tasks to queue
[2026-01-29T05:30:45.425+0000] {logging_mixin.py:188} INFO - [2026-01-29T05:30:45.425+0000] {dagbag.py:545} INFO - Filling up the DagBag from /home/airflow/.local/lib/python3.12/site-packages/airflow/example_dags/example_sla_dag.py
[2026-01-29T05:30:45.434+0000] {processor.py:840} INFO - DAG(s) 'example_sla_dag' retrieved from /home/airflow/.local/lib/python3.12/site-packages/airflow/example_dags/example_sla_dag.py
[2026-01-29T05:30:45.452+0000] {logging_mixin.py:188} INFO - [2026-01-29T05:30:45.451+0000] {dag.py:3089} INFO - Sync 1 DAGs
[2026-01-29T05:30:45.476+0000] {logging_mixin.py:188} INFO - [2026-01-29T05:30:45.476+0000] {dag.py:3947} INFO - Setting next_dagrun for example_sla_dag to 2026-01-29 05:28:00+00:00, run_after=2026-01-29 05:30:00+00:00
[2026-01-29T05:30:45.495+0000] {processor.py:183} INFO - Processing /home/airflow/.local/lib/python3.12/site-packages/airflow/example_dags/example_sla_dag.py took 0.078 seconds
[2026-01-29T05:31:15.814+0000] {processor.py:161} INFO - Started process (PID=102539) to work on /home/airflow/.local/lib/python3.12/site-packages/airflow/example_dags/example_sla_dag.py
[2026-01-29T05:31:15.815+0000] {processor.py:830} INFO - Processing file /home/airflow/.local/lib/python3.12/site-packages/airflow/example_dags/example_sla_dag.py for tasks to queue
[2026-01-29T05:31:15.817+0000] {logging_mixin.py:188} INFO - [2026-01-29T05:31:15.816+0000] {dagbag.py:545} INFO - Filling up the DagBag from /home/airflow/.local/lib/python3.12/site-packages/airflow/example_dags/example_sla_dag.py
[2026-01-29T05:31:15.826+0000] {processor.py:840} INFO - DAG(s) 'example_sla_dag' retrieved from /home/airflow/.local/lib/python3.12/site-packages/airflow/example_dags/example_sla_dag.py
[2026-01-29T05:31:15.847+0000] {logging_mixin.py:188} INFO - [2026-01-29T05:31:15.847+0000] {dag.py:3089} INFO - Sync 1 DAGs
[2026-01-29T05:31:15.874+0000] {logging_mixin.py:188} INFO - [2026-01-29T05:31:15.874+0000] {dag.py:3947} INFO - Setting next_dagrun for example_sla_dag to 2026-01-29 05:28:00+00:00, run_after=2026-01-29 05:30:00+00:00
[2026-01-29T05:31:15.893+0000] {processor.py:183} INFO - Processing /home/airflow/.local/lib/python3.12/site-packages/airflow/example_dags/example_sla_dag.py took 0.085 seconds
[2026-01-29T05:31:46.182+0000] {processor.py:161} INFO - Started process (PID=102598) to work on /home/airflow/.local/lib/python3.12/site-packages/airflow/example_dags/example_sla_dag.py
[2026-01-29T05:31:46.183+0000] {processor.py:830} INFO - Processing file /home/airflow/.local/lib/python3.12/site-packages/airflow/example_dags/example_sla_dag.py for tasks to queue
[2026-01-29T05:31:46.185+0000] {logging_mixin.py:188} INFO - [2026-01-29T05:31:46.184+0000] {dagbag.py:545} INFO - Filling up the DagBag from /home/airflow/.local/lib/python3.12/site-packages/airflow/example_dags/example_sla_dag.py
[2026-01-29T05:31:46.193+0000] {processor.py:840} INFO - DAG(s) 'example_sla_dag' retrieved from /home/airflow/.local/lib/python3.12/site-packages/airflow/example_dags/example_sla_dag.py
[2026-01-29T05:31:46.212+0000] {logging_mixin.py:188} INFO - [2026-01-29T05:31:46.211+0000] {dag.py:3089} INFO - Sync 1 DAGs
[2026-01-29T05:31:46.236+0000] {logging_mixin.py:188} INFO - [2026-01-29T05:31:46.236+0000] {dag.py:3947} INFO - Setting next_dagrun for example_sla_dag to 2026-01-29 05:28:00+00:00, run_after=2026-01-29 05:30:00+00:00
[2026-01-29T05:31:46.254+0000] {processor.py:183} INFO - Processing /home/airflow/.local/lib/python3.12/site-packages/airflow/example_dags/example_sla_dag.py took 0.078 seconds
[2026-01-29T05:32:16.711+0000] {processor.py:161} INFO - Started process (PID=102662) to work on /home/airflow/.local/lib/python3.12/site-packages/airflow/example_dags/example_sla_dag.py
[2026-01-29T05:32:16.712+0000] {processor.py:830} INFO - Processing file /home/airflow/.local/lib/python3.12/site-packages/airflow/example_dags/example_sla_dag.py for tasks to queue
[2026-01-29T05:32:16.714+0000] {logging_mixin.py:188} INFO - [2026-01-29T05:32:16.713+0000] {dagbag.py:545} INFO - Filling up the DagBag from /home/airflow/.local/lib/python3.12/site-packages/airflow/example_dags/example_sla_dag.py
[2026-01-29T05:32:16.723+0000] {processor.py:840} INFO - DAG(s) 'example_sla_dag' retrieved from /home/airflow/.local/lib/python3.12/site-packages/airflow/example_dags/example_sla_dag.py
[2026-01-29T05:32:16.743+0000] {logging_mixin.py:188} INFO - [2026-01-29T05:32:16.743+0000] {dag.py:3089} INFO - Sync 1 DAGs
[2026-01-29T05:32:16.769+0000] {logging_mixin.py:188} INFO - [2026-01-29T05:32:16.769+0000] {dag.py:3947} INFO - Setting next_dagrun for example_sla_dag to 2026-01-29 05:30:00+00:00, run_after=2026-01-29 05:32:00+00:00
[2026-01-29T05:32:16.790+0000] {processor.py:183} INFO - Processing /home/airflow/.local/lib/python3.12/site-packages/airflow/example_dags/example_sla_dag.py took 0.085 seconds
[2026-01-29T05:32:47.030+0000] {processor.py:161} INFO - Started process (PID=102721) to work on /home/airflow/.local/lib/python3.12/site-packages/airflow/example_dags/example_sla_dag.py
[2026-01-29T05:32:47.031+0000] {processor.py:830} INFO - Processing file /home/airflow/.local/lib/python3.12/site-packages/airflow/example_dags/example_sla_dag.py for tasks to queue
[2026-01-29T05:32:47.032+0000] {logging_mixin.py:188} INFO - [2026-01-29T05:32:47.032+0000] {dagbag.py:545} INFO - Filling up the DagBag from /home/airflow/.local/lib/python3.12/site-packages/airflow/example_dags/example_sla_dag.py
[2026-01-29T05:32:47.043+0000] {processor.py:840} INFO - DAG(s) 'example_sla_dag' retrieved from /home/airflow/.local/lib/python3.12/site-packages/airflow/example_dags/example_sla_dag.py
[2026-01-29T05:32:47.064+0000] {logging_mixin.py:188} INFO - [2026-01-29T05:32:47.063+0000] {dag.py:3089} INFO - Sync 1 DAGs
[2026-01-29T05:32:47.091+0000] {logging_mixin.py:188} INFO - [2026-01-29T05:32:47.090+0000] {dag.py:3947} INFO - Setting next_dagrun for example_sla_dag to 2026-01-29 05:30:00+00:00, run_after=2026-01-29 05:32:00+00:00
[2026-01-29T05:32:47.111+0000] {processor.py:183} INFO - Processing /home/airflow/.local/lib/python3.12/site-packages/airflow/example_dags/example_sla_dag.py took 0.088 seconds
[2026-01-29T05:33:17.223+0000] {processor.py:161} INFO - Started process (PID=102785) to work on /home/airflow/.local/lib/python3.12/site-packages/airflow/example_dags/example_sla_dag.py
[2026-01-29T05:33:17.224+0000] {processor.py:830} INFO - Processing file /home/airflow/.local/lib/python3.12/site-packages/airflow/example_dags/example_sla_dag.py for tasks to queue
[2026-01-29T05:33:17.225+0000] {logging_mixin.py:188} INFO - [2026-01-29T05:33:17.225+0000] {dagbag.py:545} INFO - Filling up the DagBag from /home/airflow/.local/lib/python3.12/site-packages/airflow/example_dags/example_sla_dag.py
[2026-01-29T05:33:17.234+0000] {processor.py:840} INFO - DAG(s) 'example_sla_dag' retrieved from /home/airflow/.local/lib/python3.12/site-packages/airflow/example_dags/example_sla_dag.py
[2026-01-29T05:33:17.254+0000] {logging_mixin.py:188} INFO - [2026-01-29T05:33:17.253+0000] {dag.py:3089} INFO - Sync 1 DAGs
[2026-01-29T05:33:17.280+0000] {logging_mixin.py:188} INFO - [2026-01-29T05:33:17.280+0000] {dag.py:3947} INFO - Setting next_dagrun for example_sla_dag to 2026-01-29 05:30:00+00:00, run_after=2026-01-29 05:32:00+00:00
[2026-01-29T05:33:17.299+0000] {processor.py:183} INFO - Processing /home/airflow/.local/lib/python3.12/site-packages/airflow/example_dags/example_sla_dag.py took 0.082 seconds
[2026-01-29T05:33:48.094+0000] {processor.py:161} INFO - Started process (PID=102844) to work on /home/airflow/.local/lib/python3.12/site-packages/airflow/example_dags/example_sla_dag.py
[2026-01-29T05:33:48.095+0000] {processor.py:830} INFO - Processing file /home/airflow/.local/lib/python3.12/site-packages/airflow/example_dags/example_sla_dag.py for tasks to queue
[2026-01-29T05:33:48.097+0000] {logging_mixin.py:188} INFO - [2026-01-29T05:33:48.097+0000] {dagbag.py:545} INFO - Filling up the DagBag from /home/airflow/.local/lib/python3.12/site-packages/airflow/example_dags/example_sla_dag.py
[2026-01-29T05:33:48.106+0000] {processor.py:840} INFO - DAG(s) 'example_sla_dag' retrieved from /home/airflow/.local/lib/python3.12/site-packages/airflow/example_dags/example_sla_dag.py
[2026-01-29T05:33:48.124+0000] {logging_mixin.py:188} INFO - [2026-01-29T05:33:48.124+0000] {dag.py:3089} INFO - Sync 1 DAGs
[2026-01-29T05:33:48.150+0000] {logging_mixin.py:188} INFO - [2026-01-29T05:33:48.150+0000] {dag.py:3947} INFO - Setting next_dagrun for example_sla_dag to 2026-01-29 05:30:00+00:00, run_after=2026-01-29 05:32:00+00:00
[2026-01-29T05:33:48.168+0000] {processor.py:183} INFO - Processing /home/airflow/.local/lib/python3.12/site-packages/airflow/example_dags/example_sla_dag.py took 0.080 seconds
[2026-01-29T05:34:18.318+0000] {processor.py:161} INFO - Started process (PID=102908) to work on /home/airflow/.local/lib/python3.12/site-packages/airflow/example_dags/example_sla_dag.py
[2026-01-29T05:34:18.319+0000] {processor.py:830} INFO - Processing file /home/airflow/.local/lib/python3.12/site-packages/airflow/example_dags/example_sla_dag.py for tasks to queue
[2026-01-29T05:34:18.321+0000] {logging_mixin.py:188} INFO - [2026-01-29T05:34:18.320+0000] {dagbag.py:545} INFO - Filling up the DagBag from /home/airflow/.local/lib/python3.12/site-packages/airflow/example_dags/example_sla_dag.py
[2026-01-29T05:34:18.330+0000] {processor.py:840} INFO - DAG(s) 'example_sla_dag' retrieved from /home/airflow/.local/lib/python3.12/site-packages/airflow/example_dags/example_sla_dag.py
[2026-01-29T05:34:18.349+0000] {logging_mixin.py:188} INFO - [2026-01-29T05:34:18.349+0000] {dag.py:3089} INFO - Sync 1 DAGs
[2026-01-29T05:34:18.378+0000] {logging_mixin.py:188} INFO - [2026-01-29T05:34:18.377+0000] {dag.py:3947} INFO - Setting next_dagrun for example_sla_dag to 2026-01-29 05:32:00+00:00, run_after=2026-01-29 05:34:00+00:00
[2026-01-29T05:34:18.399+0000] {processor.py:183} INFO - Processing /home/airflow/.local/lib/python3.12/site-packages/airflow/example_dags/example_sla_dag.py took 0.086 seconds
[2026-01-29T05:34:48.616+0000] {processor.py:161} INFO - Started process (PID=102967) to work on /home/airflow/.local/lib/python3.12/site-packages/airflow/example_dags/example_sla_dag.py
[2026-01-29T05:34:48.618+0000] {processor.py:830} INFO - Processing file /home/airflow/.local/lib/python3.12/site-packages/airflow/example_dags/example_sla_dag.py for tasks to queue
[2026-01-29T05:34:48.619+0000] {logging_mixin.py:188} INFO - [2026-01-29T05:34:48.619+0000] {dagbag.py:545} INFO - Filling up the DagBag from /home/airflow/.local/lib/python3.12/site-packages/airflow/example_dags/example_sla_dag.py
[2026-01-29T05:34:48.628+0000] {processor.py:840} INFO - DAG(s) 'example_sla_dag' retrieved from /home/airflow/.local/lib/python3.12/site-packages/airflow/example_dags/example_sla_dag.py
[2026-01-29T05:34:48.650+0000] {logging_mixin.py:188} INFO - [2026-01-29T05:34:48.650+0000] {dag.py:3089} INFO - Sync 1 DAGs
[2026-01-29T05:34:48.677+0000] {logging_mixin.py:188} INFO - [2026-01-29T05:34:48.677+0000] {dag.py:3947} INFO - Setting next_dagrun for example_sla_dag to 2026-01-29 05:32:00+00:00, run_after=2026-01-29 05:34:00+00:00
[2026-01-29T05:34:48.698+0000] {processor.py:183} INFO - Processing /home/airflow/.local/lib/python3.12/site-packages/airflow/example_dags/example_sla_dag.py took 0.089 seconds
[2026-01-29T05:35:18.883+0000] {processor.py:161} INFO - Started process (PID=103031) to work on /home/airflow/.local/lib/python3.12/site-packages/airflow/example_dags/example_sla_dag.py
[2026-01-29T05:35:18.883+0000] {processor.py:830} INFO - Processing file /home/airflow/.local/lib/python3.12/site-packages/airflow/example_dags/example_sla_dag.py for tasks to queue
[2026-01-29T05:35:18.885+0000] {logging_mixin.py:188} INFO - [2026-01-29T05:35:18.885+0000] {dagbag.py:545} INFO - Filling up the DagBag from /home/airflow/.local/lib/python3.12/site-packages/airflow/example_dags/example_sla_dag.py
[2026-01-29T05:35:18.895+0000] {processor.py:840} INFO - DAG(s) 'example_sla_dag' retrieved from /home/airflow/.local/lib/python3.12/site-packages/airflow/example_dags/example_sla_dag.py
[2026-01-29T05:35:18.916+0000] {logging_mixin.py:188} INFO - [2026-01-29T05:35:18.916+0000] {dag.py:3089} INFO - Sync 1 DAGs
[2026-01-29T05:35:18.943+0000] {logging_mixin.py:188} INFO - [2026-01-29T05:35:18.943+0000] {dag.py:3947} INFO - Setting next_dagrun for example_sla_dag to 2026-01-29 05:32:00+00:00, run_after=2026-01-29 05:34:00+00:00
[2026-01-29T05:35:18.964+0000] {processor.py:183} INFO - Processing /home/airflow/.local/lib/python3.12/site-packages/airflow/example_dags/example_sla_dag.py took 0.087 seconds
[2026-01-29T05:35:49.158+0000] {processor.py:161} INFO - Started process (PID=103090) to work on /home/airflow/.local/lib/python3.12/site-packages/airflow/example_dags/example_sla_dag.py
[2026-01-29T05:35:49.159+0000] {processor.py:830} INFO - Processing file /home/airflow/.local/lib/python3.12/site-packages/airflow/example_dags/example_sla_dag.py for tasks to queue
[2026-01-29T05:35:49.160+0000] {logging_mixin.py:188} INFO - [2026-01-29T05:35:49.160+0000] {dagbag.py:545} INFO - Filling up the DagBag from /home/airflow/.local/lib/python3.12/site-packages/airflow/example_dags/example_sla_dag.py
[2026-01-29T05:35:49.169+0000] {processor.py:840} INFO - DAG(s) 'example_sla_dag' retrieved from /home/airflow/.local/lib/python3.12/site-packages/airflow/example_dags/example_sla_dag.py
[2026-01-29T05:35:49.188+0000] {logging_mixin.py:188} INFO - [2026-01-29T05:35:49.188+0000] {dag.py:3089} INFO - Sync 1 DAGs
[2026-01-29T05:35:49.214+0000] {logging_mixin.py:188} INFO - [2026-01-29T05:35:49.214+0000] {dag.py:3947} INFO - Setting next_dagrun for example_sla_dag to 2026-01-29 05:32:00+00:00, run_after=2026-01-29 05:34:00+00:00
[2026-01-29T05:35:49.234+0000] {processor.py:183} INFO - Processing /home/airflow/.local/lib/python3.12/site-packages/airflow/example_dags/example_sla_dag.py took 0.083 seconds
[2026-01-29T05:36:19.519+0000] {processor.py:161} INFO - Started process (PID=103154) to work on /home/airflow/.local/lib/python3.12/site-packages/airflow/example_dags/example_sla_dag.py
[2026-01-29T05:36:19.520+0000] {processor.py:830} INFO - Processing file /home/airflow/.local/lib/python3.12/site-packages/airflow/example_dags/example_sla_dag.py for tasks to queue
[2026-01-29T05:36:19.521+0000] {logging_mixin.py:188} INFO - [2026-01-29T05:36:19.521+0000] {dagbag.py:545} INFO - Filling up the DagBag from /home/airflow/.local/lib/python3.12/site-packages/airflow/example_dags/example_sla_dag.py
[2026-01-29T05:36:19.530+0000] {processor.py:840} INFO - DAG(s) 'example_sla_dag' retrieved from /home/airflow/.local/lib/python3.12/site-packages/airflow/example_dags/example_sla_dag.py
[2026-01-29T05:36:19.548+0000] {logging_mixin.py:188} INFO - [2026-01-29T05:36:19.547+0000] {dag.py:3089} INFO - Sync 1 DAGs
[2026-01-29T05:36:19.572+0000] {logging_mixin.py:188} INFO - [2026-01-29T05:36:19.572+0000] {dag.py:3947} INFO - Setting next_dagrun for example_sla_dag to 2026-01-29 05:34:00+00:00, run_after=2026-01-29 05:36:00+00:00
[2026-01-29T05:36:19.593+0000] {processor.py:183} INFO - Processing /home/airflow/.local/lib/python3.12/site-packages/airflow/example_dags/example_sla_dag.py took 0.080 seconds
[2026-01-29T05:36:49.988+0000] {processor.py:161} INFO - Started process (PID=103213) to work on /home/airflow/.local/lib/python3.12/site-packages/airflow/example_dags/example_sla_dag.py
[2026-01-29T05:36:49.989+0000] {processor.py:830} INFO - Processing file /home/airflow/.local/lib/python3.12/site-packages/airflow/example_dags/example_sla_dag.py for tasks to queue
[2026-01-29T05:36:49.990+0000] {logging_mixin.py:188} INFO - [2026-01-29T05:36:49.990+0000] {dagbag.py:545} INFO - Filling up the DagBag from /home/airflow/.local/lib/python3.12/site-packages/airflow/example_dags/example_sla_dag.py
[2026-01-29T05:36:50.000+0000] {processor.py:840} INFO - DAG(s) 'example_sla_dag' retrieved from /home/airflow/.local/lib/python3.12/site-packages/airflow/example_dags/example_sla_dag.py
[2026-01-29T05:36:50.021+0000] {logging_mixin.py:188} INFO - [2026-01-29T05:36:50.021+0000] {dag.py:3089} INFO - Sync 1 DAGs
[2026-01-29T05:36:50.049+0000] {logging_mixin.py:188} INFO - [2026-01-29T05:36:50.049+0000] {dag.py:3947} INFO - Setting next_dagrun for example_sla_dag to 2026-01-29 05:34:00+00:00, run_after=2026-01-29 05:36:00+00:00
[2026-01-29T05:36:50.068+0000] {processor.py:183} INFO - Processing /home/airflow/.local/lib/python3.12/site-packages/airflow/example_dags/example_sla_dag.py took 0.086 seconds
[2026-01-29T05:37:20.268+0000] {processor.py:161} INFO - Started process (PID=103277) to work on /home/airflow/.local/lib/python3.12/site-packages/airflow/example_dags/example_sla_dag.py
[2026-01-29T05:37:20.269+0000] {processor.py:830} INFO - Processing file /home/airflow/.local/lib/python3.12/site-packages/airflow/example_dags/example_sla_dag.py for tasks to queue
[2026-01-29T05:37:20.270+0000] {logging_mixin.py:188} INFO - [2026-01-29T05:37:20.270+0000] {dagbag.py:545} INFO - Filling up the DagBag from /home/airflow/.local/lib/python3.12/site-packages/airflow/example_dags/example_sla_dag.py
[2026-01-29T05:37:20.278+0000] {processor.py:840} INFO - DAG(s) 'example_sla_dag' retrieved from /home/airflow/.local/lib/python3.12/site-packages/airflow/example_dags/example_sla_dag.py
[2026-01-29T05:37:20.296+0000] {logging_mixin.py:188} INFO - [2026-01-29T05:37:20.296+0000] {dag.py:3089} INFO - Sync 1 DAGs
[2026-01-29T05:37:20.321+0000] {logging_mixin.py:188} INFO - [2026-01-29T05:37:20.321+0000] {dag.py:3947} INFO - Setting next_dagrun for example_sla_dag to 2026-01-29 05:34:00+00:00, run_after=2026-01-29 05:36:00+00:00
[2026-01-29T05:37:20.338+0000] {processor.py:183} INFO - Processing /home/airflow/.local/lib/python3.12/site-packages/airflow/example_dags/example_sla_dag.py took 0.076 seconds
[2026-01-29T05:37:50.462+0000] {processor.py:161} INFO - Started process (PID=103336) to work on /home/airflow/.local/lib/python3.12/site-packages/airflow/example_dags/example_sla_dag.py
[2026-01-29T05:37:50.463+0000] {processor.py:830} INFO - Processing file /home/airflow/.local/lib/python3.12/site-packages/airflow/example_dags/example_sla_dag.py for tasks to queue
[2026-01-29T05:37:50.466+0000] {logging_mixin.py:188} INFO - [2026-01-29T05:37:50.465+0000] {dagbag.py:545} INFO - Filling up the DagBag from /home/airflow/.local/lib/python3.12/site-packages/airflow/example_dags/example_sla_dag.py
[2026-01-29T05:37:50.475+0000] {processor.py:840} INFO - DAG(s) 'example_sla_dag' retrieved from /home/airflow/.local/lib/python3.12/site-packages/airflow/example_dags/example_sla_dag.py
[2026-01-29T05:37:50.495+0000] {logging_mixin.py:188} INFO - [2026-01-29T05:37:50.495+0000] {dag.py:3089} INFO - Sync 1 DAGs
[2026-01-29T05:37:50.521+0000] {logging_mixin.py:188} INFO - [2026-01-29T05:37:50.521+0000] {dag.py:3947} INFO - Setting next_dagrun for example_sla_dag to 2026-01-29 05:34:00+00:00, run_after=2026-01-29 05:36:00+00:00
[2026-01-29T05:37:50.542+0000] {processor.py:183} INFO - Processing /home/airflow/.local/lib/python3.12/site-packages/airflow/example_dags/example_sla_dag.py took 0.088 seconds
[2026-01-29T05:38:20.682+0000] {processor.py:161} INFO - Started process (PID=103400) to work on /home/airflow/.local/lib/python3.12/site-packages/airflow/example_dags/example_sla_dag.py
[2026-01-29T05:38:20.683+0000] {processor.py:830} INFO - Processing file /home/airflow/.local/lib/python3.12/site-packages/airflow/example_dags/example_sla_dag.py for tasks to queue
[2026-01-29T05:38:20.685+0000] {logging_mixin.py:188} INFO - [2026-01-29T05:38:20.685+0000] {dagbag.py:545} INFO - Filling up the DagBag from /home/airflow/.local/lib/python3.12/site-packages/airflow/example_dags/example_sla_dag.py
[2026-01-29T05:38:20.695+0000] {processor.py:840} INFO - DAG(s) 'example_sla_dag' retrieved from /home/airflow/.local/lib/python3.12/site-packages/airflow/example_dags/example_sla_dag.py
[2026-01-29T05:38:20.714+0000] {logging_mixin.py:188} INFO - [2026-01-29T05:38:20.714+0000] {dag.py:3089} INFO - Sync 1 DAGs
[2026-01-29T05:38:20.740+0000] {logging_mixin.py:188} INFO - [2026-01-29T05:38:20.740+0000] {dag.py:3947} INFO - Setting next_dagrun for example_sla_dag to 2026-01-29 05:36:00+00:00, run_after=2026-01-29 05:38:00+00:00
[2026-01-29T05:38:20.759+0000] {processor.py:183} INFO - Processing /home/airflow/.local/lib/python3.12/site-packages/airflow/example_dags/example_sla_dag.py took 0.085 seconds
[2026-01-29T05:38:51.078+0000] {processor.py:161} INFO - Started process (PID=103459) to work on /home/airflow/.local/lib/python3.12/site-packages/airflow/example_dags/example_sla_dag.py
[2026-01-29T05:38:51.079+0000] {processor.py:830} INFO - Processing file /home/airflow/.local/lib/python3.12/site-packages/airflow/example_dags/example_sla_dag.py for tasks to queue
[2026-01-29T05:38:51.080+0000] {logging_mixin.py:188} INFO - [2026-01-29T05:38:51.080+0000] {dagbag.py:545} INFO - Filling up the DagBag from /home/airflow/.local/lib/python3.12/site-packages/airflow/example_dags/example_sla_dag.py
[2026-01-29T05:38:51.090+0000] {processor.py:840} INFO - DAG(s) 'example_sla_dag' retrieved from /home/airflow/.local/lib/python3.12/site-packages/airflow/example_dags/example_sla_dag.py
[2026-01-29T05:38:51.109+0000] {logging_mixin.py:188} INFO - [2026-01-29T05:38:51.109+0000] {dag.py:3089} INFO - Sync 1 DAGs
[2026-01-29T05:38:51.134+0000] {logging_mixin.py:188} INFO - [2026-01-29T05:38:51.133+0000] {dag.py:3947} INFO - Setting next_dagrun for example_sla_dag to 2026-01-29 05:36:00+00:00, run_after=2026-01-29 05:38:00+00:00
[2026-01-29T05:38:51.151+0000] {processor.py:183} INFO - Processing /home/airflow/.local/lib/python3.12/site-packages/airflow/example_dags/example_sla_dag.py took 0.079 seconds
[2026-01-29T05:39:21.292+0000] {processor.py:161} INFO - Started process (PID=103523) to work on /home/airflow/.local/lib/python3.12/site-packages/airflow/example_dags/example_sla_dag.py
[2026-01-29T05:39:21.293+0000] {processor.py:830} INFO - Processing file /home/airflow/.local/lib/python3.12/site-packages/airflow/example_dags/example_sla_dag.py for tasks to queue
[2026-01-29T05:39:21.295+0000] {logging_mixin.py:188} INFO - [2026-01-29T05:39:21.295+0000] {dagbag.py:545} INFO - Filling up the DagBag from /home/airflow/.local/lib/python3.12/site-packages/airflow/example_dags/example_sla_dag.py
[2026-01-29T05:39:21.304+0000] {processor.py:840} INFO - DAG(s) 'example_sla_dag' retrieved from /home/airflow/.local/lib/python3.12/site-packages/airflow/example_dags/example_sla_dag.py
[2026-01-29T05:39:21.323+0000] {logging_mixin.py:188} INFO - [2026-01-29T05:39:21.323+0000] {dag.py:3089} INFO - Sync 1 DAGs
[2026-01-29T05:39:21.349+0000] {logging_mixin.py:188} INFO - [2026-01-29T05:39:21.349+0000] {dag.py:3947} INFO - Setting next_dagrun for example_sla_dag to 2026-01-29 05:36:00+00:00, run_after=2026-01-29 05:38:00+00:00
[2026-01-29T05:39:21.367+0000] {processor.py:183} INFO - Processing /home/airflow/.local/lib/python3.12/site-packages/airflow/example_dags/example_sla_dag.py took 0.083 seconds
[2026-01-29T05:39:51.622+0000] {processor.py:161} INFO - Started process (PID=103582) to work on /home/airflow/.local/lib/python3.12/site-packages/airflow/example_dags/example_sla_dag.py
[2026-01-29T05:39:51.623+0000] {processor.py:830} INFO - Processing file /home/airflow/.local/lib/python3.12/site-packages/airflow/example_dags/example_sla_dag.py for tasks to queue
[2026-01-29T05:39:51.625+0000] {logging_mixin.py:188} INFO - [2026-01-29T05:39:51.625+0000] {dagbag.py:545} INFO - Filling up the DagBag from /home/airflow/.local/lib/python3.12/site-packages/airflow/example_dags/example_sla_dag.py
[2026-01-29T05:39:51.634+0000] {processor.py:840} INFO - DAG(s) 'example_sla_dag' retrieved from /home/airflow/.local/lib/python3.12/site-packages/airflow/example_dags/example_sla_dag.py
[2026-01-29T05:39:51.653+0000] {logging_mixin.py:188} INFO - [2026-01-29T05:39:51.653+0000] {dag.py:3089} INFO - Sync 1 DAGs
[2026-01-29T05:39:51.679+0000] {logging_mixin.py:188} INFO - [2026-01-29T05:39:51.679+0000] {dag.py:3947} INFO - Setting next_dagrun for example_sla_dag to 2026-01-29 05:36:00+00:00, run_after=2026-01-29 05:38:00+00:00
[2026-01-29T05:39:51.700+0000] {processor.py:183} INFO - Processing /home/airflow/.local/lib/python3.12/site-packages/airflow/example_dags/example_sla_dag.py took 0.083 seconds
[2026-01-29T05:40:22.112+0000] {processor.py:161} INFO - Started process (PID=103646) to work on /home/airflow/.local/lib/python3.12/site-packages/airflow/example_dags/example_sla_dag.py
[2026-01-29T05:40:22.112+0000] {processor.py:830} INFO - Processing file /home/airflow/.local/lib/python3.12/site-packages/airflow/example_dags/example_sla_dag.py for tasks to queue
[2026-01-29T05:40:22.114+0000] {logging_mixin.py:188} INFO - [2026-01-29T05:40:22.114+0000] {dagbag.py:545} INFO - Filling up the DagBag from /home/airflow/.local/lib/python3.12/site-packages/airflow/example_dags/example_sla_dag.py
[2026-01-29T05:40:22.123+0000] {processor.py:840} INFO - DAG(s) 'example_sla_dag' retrieved from /home/airflow/.local/lib/python3.12/site-packages/airflow/example_dags/example_sla_dag.py
[2026-01-29T05:40:22.141+0000] {logging_mixin.py:188} INFO - [2026-01-29T05:40:22.140+0000] {dag.py:3089} INFO - Sync 1 DAGs
[2026-01-29T05:40:22.165+0000] {logging_mixin.py:188} INFO - [2026-01-29T05:40:22.165+0000] {dag.py:3947} INFO - Setting next_dagrun for example_sla_dag to 2026-01-29 05:38:00+00:00, run_after=2026-01-29 05:40:00+00:00
[2026-01-29T05:40:22.183+0000] {processor.py:183} INFO - Processing /home/airflow/.local/lib/python3.12/site-packages/airflow/example_dags/example_sla_dag.py took 0.078 seconds
[2026-01-29T05:40:52.459+0000] {processor.py:161} INFO - Started process (PID=103705) to work on /home/airflow/.local/lib/python3.12/site-packages/airflow/example_dags/example_sla_dag.py
[2026-01-29T05:40:52.460+0000] {processor.py:830} INFO - Processing file /home/airflow/.local/lib/python3.12/site-packages/airflow/example_dags/example_sla_dag.py for tasks to queue
[2026-01-29T05:40:52.462+0000] {logging_mixin.py:188} INFO - [2026-01-29T05:40:52.462+0000] {dagbag.py:545} INFO - Filling up the DagBag from /home/airflow/.local/lib/python3.12/site-packages/airflow/example_dags/example_sla_dag.py
[2026-01-29T05:40:52.471+0000] {processor.py:840} INFO - DAG(s) 'example_sla_dag' retrieved from /home/airflow/.local/lib/python3.12/site-packages/airflow/example_dags/example_sla_dag.py
[2026-01-29T05:40:52.490+0000] {logging_mixin.py:188} INFO - [2026-01-29T05:40:52.490+0000] {dag.py:3089} INFO - Sync 1 DAGs
[2026-01-29T05:40:52.518+0000] {logging_mixin.py:188} INFO - [2026-01-29T05:40:52.518+0000] {dag.py:3947} INFO - Setting next_dagrun for example_sla_dag to 2026-01-29 05:38:00+00:00, run_after=2026-01-29 05:40:00+00:00
[2026-01-29T05:40:52.538+0000] {processor.py:183} INFO - Processing /home/airflow/.local/lib/python3.12/site-packages/airflow/example_dags/example_sla_dag.py took 0.086 seconds
[2026-01-29T05:41:22.768+0000] {processor.py:161} INFO - Started process (PID=103769) to work on /home/airflow/.local/lib/python3.12/site-packages/airflow/example_dags/example_sla_dag.py
[2026-01-29T05:41:22.769+0000] {processor.py:830} INFO - Processing file /home/airflow/.local/lib/python3.12/site-packages/airflow/example_dags/example_sla_dag.py for tasks to queue
[2026-01-29T05:41:22.771+0000] {logging_mixin.py:188} INFO - [2026-01-29T05:41:22.771+0000] {dagbag.py:545} INFO - Filling up the DagBag from /home/airflow/.local/lib/python3.12/site-packages/airflow/example_dags/example_sla_dag.py
[2026-01-29T05:41:22.781+0000] {processor.py:840} INFO - DAG(s) 'example_sla_dag' retrieved from /home/airflow/.local/lib/python3.12/site-packages/airflow/example_dags/example_sla_dag.py
[2026-01-29T05:41:22.799+0000] {logging_mixin.py:188} INFO - [2026-01-29T05:41:22.799+0000] {dag.py:3089} INFO - Sync 1 DAGs
[2026-01-29T05:41:22.823+0000] {logging_mixin.py:188} INFO - [2026-01-29T05:41:22.823+0000] {dag.py:3947} INFO - Setting next_dagrun for example_sla_dag to 2026-01-29 05:38:00+00:00, run_after=2026-01-29 05:40:00+00:00
[2026-01-29T05:41:22.844+0000] {processor.py:183} INFO - Processing /home/airflow/.local/lib/python3.12/site-packages/airflow/example_dags/example_sla_dag.py took 0.082 seconds
[2026-01-29T05:41:52.967+0000] {processor.py:161} INFO - Started process (PID=103828) to work on /home/airflow/.local/lib/python3.12/site-packages/airflow/example_dags/example_sla_dag.py
[2026-01-29T05:41:52.968+0000] {processor.py:830} INFO - Processing file /home/airflow/.local/lib/python3.12/site-packages/airflow/example_dags/example_sla_dag.py for tasks to queue
[2026-01-29T05:41:52.970+0000] {logging_mixin.py:188} INFO - [2026-01-29T05:41:52.969+0000] {dagbag.py:545} INFO - Filling up the DagBag from /home/airflow/.local/lib/python3.12/site-packages/airflow/example_dags/example_sla_dag.py
[2026-01-29T05:41:52.979+0000] {processor.py:840} INFO - DAG(s) 'example_sla_dag' retrieved from /home/airflow/.local/lib/python3.12/site-packages/airflow/example_dags/example_sla_dag.py
[2026-01-29T05:41:52.998+0000] {logging_mixin.py:188} INFO - [2026-01-29T05:41:52.998+0000] {dag.py:3089} INFO - Sync 1 DAGs
[2026-01-29T05:41:53.024+0000] {logging_mixin.py:188} INFO - [2026-01-29T05:41:53.023+0000] {dag.py:3947} INFO - Setting next_dagrun for example_sla_dag to 2026-01-29 05:38:00+00:00, run_after=2026-01-29 05:40:00+00:00
[2026-01-29T05:41:53.042+0000] {processor.py:183} INFO - Processing /home/airflow/.local/lib/python3.12/site-packages/airflow/example_dags/example_sla_dag.py took 0.081 seconds
[2026-01-29T05:42:23.259+0000] {processor.py:161} INFO - Started process (PID=103892) to work on /home/airflow/.local/lib/python3.12/site-packages/airflow/example_dags/example_sla_dag.py
[2026-01-29T05:42:23.259+0000] {processor.py:830} INFO - Processing file /home/airflow/.local/lib/python3.12/site-packages/airflow/example_dags/example_sla_dag.py for tasks to queue
[2026-01-29T05:42:23.261+0000] {logging_mixin.py:188} INFO - [2026-01-29T05:42:23.261+0000] {dagbag.py:545} INFO - Filling up the DagBag from /home/airflow/.local/lib/python3.12/site-packages/airflow/example_dags/example_sla_dag.py
[2026-01-29T05:42:23.271+0000] {processor.py:840} INFO - DAG(s) 'example_sla_dag' retrieved from /home/airflow/.local/lib/python3.12/site-packages/airflow/example_dags/example_sla_dag.py
[2026-01-29T05:42:23.292+0000] {logging_mixin.py:188} INFO - [2026-01-29T05:42:23.292+0000] {dag.py:3089} INFO - Sync 1 DAGs
[2026-01-29T05:42:23.320+0000] {logging_mixin.py:188} INFO - [2026-01-29T05:42:23.320+0000] {dag.py:3947} INFO - Setting next_dagrun for example_sla_dag to 2026-01-29 05:40:00+00:00, run_after=2026-01-29 05:42:00+00:00
[2026-01-29T05:42:23.341+0000] {processor.py:183} INFO - Processing /home/airflow/.local/lib/python3.12/site-packages/airflow/example_dags/example_sla_dag.py took 0.089 seconds
[2026-01-29T05:42:53.445+0000] {processor.py:161} INFO - Started process (PID=103951) to work on /home/airflow/.local/lib/python3.12/site-packages/airflow/example_dags/example_sla_dag.py
[2026-01-29T05:42:53.446+0000] {processor.py:830} INFO - Processing file /home/airflow/.local/lib/python3.12/site-packages/airflow/example_dags/example_sla_dag.py for tasks to queue
[2026-01-29T05:42:53.448+0000] {logging_mixin.py:188} INFO - [2026-01-29T05:42:53.448+0000] {dagbag.py:545} INFO - Filling up the DagBag from /home/airflow/.local/lib/python3.12/site-packages/airflow/example_dags/example_sla_dag.py
[2026-01-29T05:42:53.456+0000] {processor.py:840} INFO - DAG(s) 'example_sla_dag' retrieved from /home/airflow/.local/lib/python3.12/site-packages/airflow/example_dags/example_sla_dag.py
[2026-01-29T05:42:53.476+0000] {logging_mixin.py:188} INFO - [2026-01-29T05:42:53.476+0000] {dag.py:3089} INFO - Sync 1 DAGs
[2026-01-29T05:42:53.501+0000] {logging_mixin.py:188} INFO - [2026-01-29T05:42:53.501+0000] {dag.py:3947} INFO - Setting next_dagrun for example_sla_dag to 2026-01-29 05:40:00+00:00, run_after=2026-01-29 05:42:00+00:00
[2026-01-29T05:42:53.520+0000] {processor.py:183} INFO - Processing /home/airflow/.local/lib/python3.12/site-packages/airflow/example_dags/example_sla_dag.py took 0.081 seconds
[2026-01-29T05:43:23.784+0000] {processor.py:161} INFO - Started process (PID=104015) to work on /home/airflow/.local/lib/python3.12/site-packages/airflow/example_dags/example_sla_dag.py
[2026-01-29T05:43:23.785+0000] {processor.py:830} INFO - Processing file /home/airflow/.local/lib/python3.12/site-packages/airflow/example_dags/example_sla_dag.py for tasks to queue
[2026-01-29T05:43:23.786+0000] {logging_mixin.py:188} INFO - [2026-01-29T05:43:23.786+0000] {dagbag.py:545} INFO - Filling up the DagBag from /home/airflow/.local/lib/python3.12/site-packages/airflow/example_dags/example_sla_dag.py
[2026-01-29T05:43:23.795+0000] {processor.py:840} INFO - DAG(s) 'example_sla_dag' retrieved from /home/airflow/.local/lib/python3.12/site-packages/airflow/example_dags/example_sla_dag.py
[2026-01-29T05:43:23.815+0000] {logging_mixin.py:188} INFO - [2026-01-29T05:43:23.814+0000] {dag.py:3089} INFO - Sync 1 DAGs
[2026-01-29T05:43:23.841+0000] {logging_mixin.py:188} INFO - [2026-01-29T05:43:23.841+0000] {dag.py:3947} INFO - Setting next_dagrun for example_sla_dag to 2026-01-29 05:40:00+00:00, run_after=2026-01-29 05:42:00+00:00
[2026-01-29T05:43:23.862+0000] {processor.py:183} INFO - Processing /home/airflow/.local/lib/python3.12/site-packages/airflow/example_dags/example_sla_dag.py took 0.084 seconds
[2026-01-29T05:43:54.439+0000] {processor.py:161} INFO - Started process (PID=104074) to work on /home/airflow/.local/lib/python3.12/site-packages/airflow/example_dags/example_sla_dag.py
[2026-01-29T05:43:54.441+0000] {processor.py:830} INFO - Processing file /home/airflow/.local/lib/python3.12/site-packages/airflow/example_dags/example_sla_dag.py for tasks to queue
[2026-01-29T05:43:54.442+0000] {logging_mixin.py:188} INFO - [2026-01-29T05:43:54.442+0000] {dagbag.py:545} INFO - Filling up the DagBag from /home/airflow/.local/lib/python3.12/site-packages/airflow/example_dags/example_sla_dag.py
[2026-01-29T05:43:54.451+0000] {processor.py:840} INFO - DAG(s) 'example_sla_dag' retrieved from /home/airflow/.local/lib/python3.12/site-packages/airflow/example_dags/example_sla_dag.py
[2026-01-29T05:43:54.469+0000] {logging_mixin.py:188} INFO - [2026-01-29T05:43:54.469+0000] {dag.py:3089} INFO - Sync 1 DAGs
[2026-01-29T05:43:54.494+0000] {logging_mixin.py:188} INFO - [2026-01-29T05:43:54.494+0000] {dag.py:3947} INFO - Setting next_dagrun for example_sla_dag to 2026-01-29 05:40:00+00:00, run_after=2026-01-29 05:42:00+00:00
[2026-01-29T05:43:54.512+0000] {processor.py:183} INFO - Processing /home/airflow/.local/lib/python3.12/site-packages/airflow/example_dags/example_sla_dag.py took 0.079 seconds
[2026-01-29T05:44:24.636+0000] {processor.py:161} INFO - Started process (PID=104138) to work on /home/airflow/.local/lib/python3.12/site-packages/airflow/example_dags/example_sla_dag.py
[2026-01-29T05:44:24.636+0000] {processor.py:830} INFO - Processing file /home/airflow/.local/lib/python3.12/site-packages/airflow/example_dags/example_sla_dag.py for tasks to queue
[2026-01-29T05:44:24.638+0000] {logging_mixin.py:188} INFO - [2026-01-29T05:44:24.638+0000] {dagbag.py:545} INFO - Filling up the DagBag from /home/airflow/.local/lib/python3.12/site-packages/airflow/example_dags/example_sla_dag.py
[2026-01-29T05:44:24.647+0000] {processor.py:840} INFO - DAG(s) 'example_sla_dag' retrieved from /home/airflow/.local/lib/python3.12/site-packages/airflow/example_dags/example_sla_dag.py
[2026-01-29T05:44:24.664+0000] {logging_mixin.py:188} INFO - [2026-01-29T05:44:24.664+0000] {dag.py:3089} INFO - Sync 1 DAGs
[2026-01-29T05:44:24.688+0000] {logging_mixin.py:188} INFO - [2026-01-29T05:44:24.688+0000] {dag.py:3947} INFO - Setting next_dagrun for example_sla_dag to 2026-01-29 05:42:00+00:00, run_after=2026-01-29 05:44:00+00:00
[2026-01-29T05:44:24.706+0000] {processor.py:183} INFO - Processing /home/airflow/.local/lib/python3.12/site-packages/airflow/example_dags/example_sla_dag.py took 0.076 seconds
[2026-01-29T05:44:54.812+0000] {processor.py:161} INFO - Started process (PID=104197) to work on /home/airflow/.local/lib/python3.12/site-packages/airflow/example_dags/example_sla_dag.py
[2026-01-29T05:44:54.813+0000] {processor.py:830} INFO - Processing file /home/airflow/.local/lib/python3.12/site-packages/airflow/example_dags/example_sla_dag.py for tasks to queue
[2026-01-29T05:44:54.815+0000] {logging_mixin.py:188} INFO - [2026-01-29T05:44:54.815+0000] {dagbag.py:545} INFO - Filling up the DagBag from /home/airflow/.local/lib/python3.12/site-packages/airflow/example_dags/example_sla_dag.py
[2026-01-29T05:44:54.824+0000] {processor.py:840} INFO - DAG(s) 'example_sla_dag' retrieved from /home/airflow/.local/lib/python3.12/site-packages/airflow/example_dags/example_sla_dag.py
[2026-01-29T05:44:54.841+0000] {logging_mixin.py:188} INFO - [2026-01-29T05:44:54.841+0000] {dag.py:3089} INFO - Sync 1 DAGs
[2026-01-29T05:44:54.866+0000] {logging_mixin.py:188} INFO - [2026-01-29T05:44:54.865+0000] {dag.py:3947} INFO - Setting next_dagrun for example_sla_dag to 2026-01-29 05:42:00+00:00, run_after=2026-01-29 05:44:00+00:00
[2026-01-29T05:44:54.884+0000] {processor.py:183} INFO - Processing /home/airflow/.local/lib/python3.12/site-packages/airflow/example_dags/example_sla_dag.py took 0.077 seconds
[2026-01-29T05:45:25.145+0000] {processor.py:161} INFO - Started process (PID=104261) to work on /home/airflow/.local/lib/python3.12/site-packages/airflow/example_dags/example_sla_dag.py
[2026-01-29T05:45:25.146+0000] {processor.py:830} INFO - Processing file /home/airflow/.local/lib/python3.12/site-packages/airflow/example_dags/example_sla_dag.py for tasks to queue
[2026-01-29T05:45:25.148+0000] {logging_mixin.py:188} INFO - [2026-01-29T05:45:25.147+0000] {dagbag.py:545} INFO - Filling up the DagBag from /home/airflow/.local/lib/python3.12/site-packages/airflow/example_dags/example_sla_dag.py
[2026-01-29T05:45:25.157+0000] {processor.py:840} INFO - DAG(s) 'example_sla_dag' retrieved from /home/airflow/.local/lib/python3.12/site-packages/airflow/example_dags/example_sla_dag.py
[2026-01-29T05:45:25.176+0000] {logging_mixin.py:188} INFO - [2026-01-29T05:45:25.176+0000] {dag.py:3089} INFO - Sync 1 DAGs
[2026-01-29T05:45:25.202+0000] {logging_mixin.py:188} INFO - [2026-01-29T05:45:25.202+0000] {dag.py:3947} INFO - Setting next_dagrun for example_sla_dag to 2026-01-29 05:42:00+00:00, run_after=2026-01-29 05:44:00+00:00
[2026-01-29T05:45:25.223+0000] {processor.py:183} INFO - Processing /home/airflow/.local/lib/python3.12/site-packages/airflow/example_dags/example_sla_dag.py took 0.083 seconds
[2026-01-29T05:45:55.611+0000] {processor.py:161} INFO - Started process (PID=104320) to work on /home/airflow/.local/lib/python3.12/site-packages/airflow/example_dags/example_sla_dag.py
[2026-01-29T05:45:55.612+0000] {processor.py:830} INFO - Processing file /home/airflow/.local/lib/python3.12/site-packages/airflow/example_dags/example_sla_dag.py for tasks to queue
[2026-01-29T05:45:55.614+0000] {logging_mixin.py:188} INFO - [2026-01-29T05:45:55.613+0000] {dagbag.py:545} INFO - Filling up the DagBag from /home/airflow/.local/lib/python3.12/site-packages/airflow/example_dags/example_sla_dag.py
[2026-01-29T05:45:55.623+0000] {processor.py:840} INFO - DAG(s) 'example_sla_dag' retrieved from /home/airflow/.local/lib/python3.12/site-packages/airflow/example_dags/example_sla_dag.py
[2026-01-29T05:45:55.643+0000] {logging_mixin.py:188} INFO - [2026-01-29T05:45:55.643+0000] {dag.py:3089} INFO - Sync 1 DAGs
[2026-01-29T05:45:55.672+0000] {logging_mixin.py:188} INFO - [2026-01-29T05:45:55.671+0000] {dag.py:3947} INFO - Setting next_dagrun for example_sla_dag to 2026-01-29 05:42:00+00:00, run_after=2026-01-29 05:44:00+00:00
[2026-01-29T05:45:55.691+0000] {processor.py:183} INFO - Processing /home/airflow/.local/lib/python3.12/site-packages/airflow/example_dags/example_sla_dag.py took 0.086 seconds
[2026-01-29T05:46:25.979+0000] {processor.py:161} INFO - Started process (PID=104384) to work on /home/airflow/.local/lib/python3.12/site-packages/airflow/example_dags/example_sla_dag.py
[2026-01-29T05:46:25.980+0000] {processor.py:830} INFO - Processing file /home/airflow/.local/lib/python3.12/site-packages/airflow/example_dags/example_sla_dag.py for tasks to queue
[2026-01-29T05:46:25.981+0000] {logging_mixin.py:188} INFO - [2026-01-29T05:46:25.981+0000] {dagbag.py:545} INFO - Filling up the DagBag from /home/airflow/.local/lib/python3.12/site-packages/airflow/example_dags/example_sla_dag.py
[2026-01-29T05:46:25.991+0000] {processor.py:840} INFO - DAG(s) 'example_sla_dag' retrieved from /home/airflow/.local/lib/python3.12/site-packages/airflow/example_dags/example_sla_dag.py
[2026-01-29T05:46:26.010+0000] {logging_mixin.py:188} INFO - [2026-01-29T05:46:26.010+0000] {dag.py:3089} INFO - Sync 1 DAGs
[2026-01-29T05:46:26.036+0000] {logging_mixin.py:188} INFO - [2026-01-29T05:46:26.036+0000] {dag.py:3947} INFO - Setting next_dagrun for example_sla_dag to 2026-01-29 05:44:00+00:00, run_after=2026-01-29 05:46:00+00:00
[2026-01-29T05:46:26.061+0000] {processor.py:183} INFO - Processing /home/airflow/.local/lib/python3.12/site-packages/airflow/example_dags/example_sla_dag.py took 0.088 seconds
[2026-01-29T05:46:56.307+0000] {processor.py:161} INFO - Started process (PID=104443) to work on /home/airflow/.local/lib/python3.12/site-packages/airflow/example_dags/example_sla_dag.py
[2026-01-29T05:46:56.308+0000] {processor.py:830} INFO - Processing file /home/airflow/.local/lib/python3.12/site-packages/airflow/example_dags/example_sla_dag.py for tasks to queue
[2026-01-29T05:46:56.310+0000] {logging_mixin.py:188} INFO - [2026-01-29T05:46:56.310+0000] {dagbag.py:545} INFO - Filling up the DagBag from /home/airflow/.local/lib/python3.12/site-packages/airflow/example_dags/example_sla_dag.py
[2026-01-29T05:46:56.319+0000] {processor.py:840} INFO - DAG(s) 'example_sla_dag' retrieved from /home/airflow/.local/lib/python3.12/site-packages/airflow/example_dags/example_sla_dag.py
[2026-01-29T05:46:56.341+0000] {logging_mixin.py:188} INFO - [2026-01-29T05:46:56.341+0000] {dag.py:3089} INFO - Sync 1 DAGs
[2026-01-29T05:46:56.371+0000] {logging_mixin.py:188} INFO - [2026-01-29T05:46:56.371+0000] {dag.py:3947} INFO - Setting next_dagrun for example_sla_dag to 2026-01-29 05:44:00+00:00, run_after=2026-01-29 05:46:00+00:00
[2026-01-29T05:46:56.393+0000] {processor.py:183} INFO - Processing /home/airflow/.local/lib/python3.12/site-packages/airflow/example_dags/example_sla_dag.py took 0.092 seconds
[2026-01-29T05:47:26.510+0000] {processor.py:161} INFO - Started process (PID=104505) to work on /home/airflow/.local/lib/python3.12/site-packages/airflow/example_dags/example_sla_dag.py
[2026-01-29T05:47:26.511+0000] {processor.py:830} INFO - Processing file /home/airflow/.local/lib/python3.12/site-packages/airflow/example_dags/example_sla_dag.py for tasks to queue
[2026-01-29T05:47:26.512+0000] {logging_mixin.py:188} INFO - [2026-01-29T05:47:26.512+0000] {dagbag.py:545} INFO - Filling up the DagBag from /home/airflow/.local/lib/python3.12/site-packages/airflow/example_dags/example_sla_dag.py
[2026-01-29T05:47:26.521+0000] {processor.py:840} INFO - DAG(s) 'example_sla_dag' retrieved from /home/airflow/.local/lib/python3.12/site-packages/airflow/example_dags/example_sla_dag.py
[2026-01-29T05:47:26.539+0000] {logging_mixin.py:188} INFO - [2026-01-29T05:47:26.539+0000] {dag.py:3089} INFO - Sync 1 DAGs
[2026-01-29T05:47:26.565+0000] {logging_mixin.py:188} INFO - [2026-01-29T05:47:26.565+0000] {dag.py:3947} INFO - Setting next_dagrun for example_sla_dag to 2026-01-29 05:44:00+00:00, run_after=2026-01-29 05:46:00+00:00
[2026-01-29T05:47:26.585+0000] {processor.py:183} INFO - Processing /home/airflow/.local/lib/python3.12/site-packages/airflow/example_dags/example_sla_dag.py took 0.081 seconds
[2026-01-29T05:47:57.648+0000] {processor.py:161} INFO - Started process (PID=104570) to work on /home/airflow/.local/lib/python3.12/site-packages/airflow/example_dags/example_sla_dag.py
[2026-01-29T05:47:57.649+0000] {processor.py:830} INFO - Processing file /home/airflow/.local/lib/python3.12/site-packages/airflow/example_dags/example_sla_dag.py for tasks to queue
[2026-01-29T05:47:57.651+0000] {logging_mixin.py:188} INFO - [2026-01-29T05:47:57.650+0000] {dagbag.py:545} INFO - Filling up the DagBag from /home/airflow/.local/lib/python3.12/site-packages/airflow/example_dags/example_sla_dag.py
[2026-01-29T05:47:57.659+0000] {processor.py:840} INFO - DAG(s) 'example_sla_dag' retrieved from /home/airflow/.local/lib/python3.12/site-packages/airflow/example_dags/example_sla_dag.py
[2026-01-29T05:47:57.680+0000] {logging_mixin.py:188} INFO - [2026-01-29T05:47:57.680+0000] {dag.py:3089} INFO - Sync 1 DAGs
[2026-01-29T05:47:57.708+0000] {logging_mixin.py:188} INFO - [2026-01-29T05:47:57.707+0000] {dag.py:3947} INFO - Setting next_dagrun for example_sla_dag to 2026-01-29 05:44:00+00:00, run_after=2026-01-29 05:46:00+00:00
[2026-01-29T05:47:57.728+0000] {processor.py:183} INFO - Processing /home/airflow/.local/lib/python3.12/site-packages/airflow/example_dags/example_sla_dag.py took 0.086 seconds
[2026-01-29T05:48:28.244+0000] {processor.py:161} INFO - Started process (PID=104634) to work on /home/airflow/.local/lib/python3.12/site-packages/airflow/example_dags/example_sla_dag.py
[2026-01-29T05:48:28.245+0000] {processor.py:830} INFO - Processing file /home/airflow/.local/lib/python3.12/site-packages/airflow/example_dags/example_sla_dag.py for tasks to queue
[2026-01-29T05:48:28.247+0000] {logging_mixin.py:188} INFO - [2026-01-29T05:48:28.246+0000] {dagbag.py:545} INFO - Filling up the DagBag from /home/airflow/.local/lib/python3.12/site-packages/airflow/example_dags/example_sla_dag.py
[2026-01-29T05:48:28.255+0000] {processor.py:840} INFO - DAG(s) 'example_sla_dag' retrieved from /home/airflow/.local/lib/python3.12/site-packages/airflow/example_dags/example_sla_dag.py
[2026-01-29T05:48:28.275+0000] {logging_mixin.py:188} INFO - [2026-01-29T05:48:28.275+0000] {dag.py:3089} INFO - Sync 1 DAGs
[2026-01-29T05:48:28.303+0000] {logging_mixin.py:188} INFO - [2026-01-29T05:48:28.302+0000] {dag.py:3947} INFO - Setting next_dagrun for example_sla_dag to 2026-01-29 05:46:00+00:00, run_after=2026-01-29 05:48:00+00:00
[2026-01-29T05:48:28.454+0000] {processor.py:183} INFO - Processing /home/airflow/.local/lib/python3.12/site-packages/airflow/example_dags/example_sla_dag.py took 0.215 seconds
[2026-01-29T05:48:58.640+0000] {processor.py:161} INFO - Started process (PID=104694) to work on /home/airflow/.local/lib/python3.12/site-packages/airflow/example_dags/example_sla_dag.py
[2026-01-29T05:48:58.641+0000] {processor.py:830} INFO - Processing file /home/airflow/.local/lib/python3.12/site-packages/airflow/example_dags/example_sla_dag.py for tasks to queue
[2026-01-29T05:48:58.643+0000] {logging_mixin.py:188} INFO - [2026-01-29T05:48:58.643+0000] {dagbag.py:545} INFO - Filling up the DagBag from /home/airflow/.local/lib/python3.12/site-packages/airflow/example_dags/example_sla_dag.py
[2026-01-29T05:48:58.652+0000] {processor.py:840} INFO - DAG(s) 'example_sla_dag' retrieved from /home/airflow/.local/lib/python3.12/site-packages/airflow/example_dags/example_sla_dag.py
[2026-01-29T05:48:58.671+0000] {logging_mixin.py:188} INFO - [2026-01-29T05:48:58.671+0000] {dag.py:3089} INFO - Sync 1 DAGs
[2026-01-29T05:48:58.697+0000] {logging_mixin.py:188} INFO - [2026-01-29T05:48:58.697+0000] {dag.py:3947} INFO - Setting next_dagrun for example_sla_dag to 2026-01-29 05:46:00+00:00, run_after=2026-01-29 05:48:00+00:00
[2026-01-29T05:48:58.717+0000] {processor.py:183} INFO - Processing /home/airflow/.local/lib/python3.12/site-packages/airflow/example_dags/example_sla_dag.py took 0.083 seconds
[2026-01-29T05:49:30.050+0000] {processor.py:161} INFO - Started process (PID=104758) to work on /home/airflow/.local/lib/python3.12/site-packages/airflow/example_dags/example_sla_dag.py
[2026-01-29T05:49:30.051+0000] {processor.py:830} INFO - Processing file /home/airflow/.local/lib/python3.12/site-packages/airflow/example_dags/example_sla_dag.py for tasks to queue
[2026-01-29T05:49:30.052+0000] {logging_mixin.py:188} INFO - [2026-01-29T05:49:30.052+0000] {dagbag.py:545} INFO - Filling up the DagBag from /home/airflow/.local/lib/python3.12/site-packages/airflow/example_dags/example_sla_dag.py
[2026-01-29T05:49:30.060+0000] {processor.py:840} INFO - DAG(s) 'example_sla_dag' retrieved from /home/airflow/.local/lib/python3.12/site-packages/airflow/example_dags/example_sla_dag.py
[2026-01-29T05:49:30.199+0000] {logging_mixin.py:188} INFO - [2026-01-29T05:49:30.199+0000] {dag.py:3089} INFO - Sync 1 DAGs
[2026-01-29T05:49:30.224+0000] {logging_mixin.py:188} INFO - [2026-01-29T05:49:30.224+0000] {dag.py:3947} INFO - Setting next_dagrun for example_sla_dag to 2026-01-29 05:46:00+00:00, run_after=2026-01-29 05:48:00+00:00
[2026-01-29T05:49:30.364+0000] {processor.py:183} INFO - Processing /home/airflow/.local/lib/python3.12/site-packages/airflow/example_dags/example_sla_dag.py took 0.319 seconds
[2026-01-29T05:50:00.503+0000] {processor.py:161} INFO - Started process (PID=104817) to work on /home/airflow/.local/lib/python3.12/site-packages/airflow/example_dags/example_sla_dag.py
[2026-01-29T05:50:00.504+0000] {processor.py:830} INFO - Processing file /home/airflow/.local/lib/python3.12/site-packages/airflow/example_dags/example_sla_dag.py for tasks to queue
[2026-01-29T05:50:00.506+0000] {logging_mixin.py:188} INFO - [2026-01-29T05:50:00.506+0000] {dagbag.py:545} INFO - Filling up the DagBag from /home/airflow/.local/lib/python3.12/site-packages/airflow/example_dags/example_sla_dag.py
[2026-01-29T05:50:00.516+0000] {processor.py:840} INFO - DAG(s) 'example_sla_dag' retrieved from /home/airflow/.local/lib/python3.12/site-packages/airflow/example_dags/example_sla_dag.py
[2026-01-29T05:50:00.537+0000] {logging_mixin.py:188} INFO - [2026-01-29T05:50:00.536+0000] {dag.py:3089} INFO - Sync 1 DAGs
[2026-01-29T05:50:00.568+0000] {logging_mixin.py:188} INFO - [2026-01-29T05:50:00.568+0000] {dag.py:3947} INFO - Setting next_dagrun for example_sla_dag to 2026-01-29 05:48:00+00:00, run_after=2026-01-29 05:50:00+00:00
[2026-01-29T05:50:00.594+0000] {processor.py:183} INFO - Processing /home/airflow/.local/lib/python3.12/site-packages/airflow/example_dags/example_sla_dag.py took 0.099 seconds
[2026-01-29T05:50:31.262+0000] {processor.py:161} INFO - Started process (PID=104881) to work on /home/airflow/.local/lib/python3.12/site-packages/airflow/example_dags/example_sla_dag.py
[2026-01-29T05:50:31.263+0000] {processor.py:830} INFO - Processing file /home/airflow/.local/lib/python3.12/site-packages/airflow/example_dags/example_sla_dag.py for tasks to queue
[2026-01-29T05:50:31.265+0000] {logging_mixin.py:188} INFO - [2026-01-29T05:50:31.265+0000] {dagbag.py:545} INFO - Filling up the DagBag from /home/airflow/.local/lib/python3.12/site-packages/airflow/example_dags/example_sla_dag.py
[2026-01-29T05:50:31.275+0000] {processor.py:840} INFO - DAG(s) 'example_sla_dag' retrieved from /home/airflow/.local/lib/python3.12/site-packages/airflow/example_dags/example_sla_dag.py
[2026-01-29T05:50:31.296+0000] {logging_mixin.py:188} INFO - [2026-01-29T05:50:31.295+0000] {dag.py:3089} INFO - Sync 1 DAGs
[2026-01-29T05:50:31.322+0000] {logging_mixin.py:188} INFO - [2026-01-29T05:50:31.322+0000] {dag.py:3947} INFO - Setting next_dagrun for example_sla_dag to 2026-01-29 05:48:00+00:00, run_after=2026-01-29 05:50:00+00:00
[2026-01-29T05:50:31.343+0000] {processor.py:183} INFO - Processing /home/airflow/.local/lib/python3.12/site-packages/airflow/example_dags/example_sla_dag.py took 0.089 seconds
[2026-01-29T05:51:02.072+0000] {processor.py:161} INFO - Started process (PID=104945) to work on /home/airflow/.local/lib/python3.12/site-packages/airflow/example_dags/example_sla_dag.py
[2026-01-29T05:51:02.073+0000] {processor.py:830} INFO - Processing file /home/airflow/.local/lib/python3.12/site-packages/airflow/example_dags/example_sla_dag.py for tasks to queue
[2026-01-29T05:51:02.075+0000] {logging_mixin.py:188} INFO - [2026-01-29T05:51:02.075+0000] {dagbag.py:545} INFO - Filling up the DagBag from /home/airflow/.local/lib/python3.12/site-packages/airflow/example_dags/example_sla_dag.py
[2026-01-29T05:51:02.085+0000] {processor.py:840} INFO - DAG(s) 'example_sla_dag' retrieved from /home/airflow/.local/lib/python3.12/site-packages/airflow/example_dags/example_sla_dag.py
[2026-01-29T05:51:02.108+0000] {logging_mixin.py:188} INFO - [2026-01-29T05:51:02.107+0000] {dag.py:3089} INFO - Sync 1 DAGs
[2026-01-29T05:51:02.143+0000] {logging_mixin.py:188} INFO - [2026-01-29T05:51:02.142+0000] {dag.py:3947} INFO - Setting next_dagrun for example_sla_dag to 2026-01-29 05:48:00+00:00, run_after=2026-01-29 05:50:00+00:00
[2026-01-29T05:51:02.168+0000] {processor.py:183} INFO - Processing /home/airflow/.local/lib/python3.12/site-packages/airflow/example_dags/example_sla_dag.py took 0.103 seconds
[2026-01-29T05:51:33.068+0000] {processor.py:161} INFO - Started process (PID=105004) to work on /home/airflow/.local/lib/python3.12/site-packages/airflow/example_dags/example_sla_dag.py
[2026-01-29T05:51:33.069+0000] {processor.py:830} INFO - Processing file /home/airflow/.local/lib/python3.12/site-packages/airflow/example_dags/example_sla_dag.py for tasks to queue
[2026-01-29T05:51:33.070+0000] {logging_mixin.py:188} INFO - [2026-01-29T05:51:33.070+0000] {dagbag.py:545} INFO - Filling up the DagBag from /home/airflow/.local/lib/python3.12/site-packages/airflow/example_dags/example_sla_dag.py
[2026-01-29T05:51:33.079+0000] {processor.py:840} INFO - DAG(s) 'example_sla_dag' retrieved from /home/airflow/.local/lib/python3.12/site-packages/airflow/example_dags/example_sla_dag.py
[2026-01-29T05:51:33.100+0000] {logging_mixin.py:188} INFO - [2026-01-29T05:51:33.099+0000] {dag.py:3089} INFO - Sync 1 DAGs
[2026-01-29T05:51:33.127+0000] {logging_mixin.py:188} INFO - [2026-01-29T05:51:33.127+0000] {dag.py:3947} INFO - Setting next_dagrun for example_sla_dag to 2026-01-29 05:48:00+00:00, run_after=2026-01-29 05:50:00+00:00
[2026-01-29T05:51:33.146+0000] {processor.py:183} INFO - Processing /home/airflow/.local/lib/python3.12/site-packages/airflow/example_dags/example_sla_dag.py took 0.084 seconds
[2026-01-29T05:52:03.842+0000] {processor.py:161} INFO - Started process (PID=105068) to work on /home/airflow/.local/lib/python3.12/site-packages/airflow/example_dags/example_sla_dag.py
[2026-01-29T05:52:03.843+0000] {processor.py:830} INFO - Processing file /home/airflow/.local/lib/python3.12/site-packages/airflow/example_dags/example_sla_dag.py for tasks to queue
[2026-01-29T05:52:03.845+0000] {logging_mixin.py:188} INFO - [2026-01-29T05:52:03.844+0000] {dagbag.py:545} INFO - Filling up the DagBag from /home/airflow/.local/lib/python3.12/site-packages/airflow/example_dags/example_sla_dag.py
[2026-01-29T05:52:03.853+0000] {processor.py:840} INFO - DAG(s) 'example_sla_dag' retrieved from /home/airflow/.local/lib/python3.12/site-packages/airflow/example_dags/example_sla_dag.py
[2026-01-29T05:52:03.872+0000] {logging_mixin.py:188} INFO - [2026-01-29T05:52:03.871+0000] {dag.py:3089} INFO - Sync 1 DAGs
[2026-01-29T05:52:03.898+0000] {logging_mixin.py:188} INFO - [2026-01-29T05:52:03.898+0000] {dag.py:3947} INFO - Setting next_dagrun for example_sla_dag to 2026-01-29 05:50:00+00:00, run_after=2026-01-29 05:52:00+00:00
[2026-01-29T05:52:03.917+0000] {processor.py:183} INFO - Processing /home/airflow/.local/lib/python3.12/site-packages/airflow/example_dags/example_sla_dag.py took 0.080 seconds
[2026-01-29T05:52:34.572+0000] {processor.py:161} INFO - Started process (PID=105127) to work on /home/airflow/.local/lib/python3.12/site-packages/airflow/example_dags/example_sla_dag.py
[2026-01-29T05:52:34.573+0000] {processor.py:830} INFO - Processing file /home/airflow/.local/lib/python3.12/site-packages/airflow/example_dags/example_sla_dag.py for tasks to queue
[2026-01-29T05:52:34.575+0000] {logging_mixin.py:188} INFO - [2026-01-29T05:52:34.574+0000] {dagbag.py:545} INFO - Filling up the DagBag from /home/airflow/.local/lib/python3.12/site-packages/airflow/example_dags/example_sla_dag.py
[2026-01-29T05:52:34.583+0000] {processor.py:840} INFO - DAG(s) 'example_sla_dag' retrieved from /home/airflow/.local/lib/python3.12/site-packages/airflow/example_dags/example_sla_dag.py
[2026-01-29T05:52:34.604+0000] {logging_mixin.py:188} INFO - [2026-01-29T05:52:34.604+0000] {dag.py:3089} INFO - Sync 1 DAGs
[2026-01-29T05:52:34.631+0000] {logging_mixin.py:188} INFO - [2026-01-29T05:52:34.630+0000] {dag.py:3947} INFO - Setting next_dagrun for example_sla_dag to 2026-01-29 05:50:00+00:00, run_after=2026-01-29 05:52:00+00:00
[2026-01-29T05:52:34.650+0000] {processor.py:183} INFO - Processing /home/airflow/.local/lib/python3.12/site-packages/airflow/example_dags/example_sla_dag.py took 0.084 seconds
[2026-01-29T05:53:05.265+0000] {processor.py:161} INFO - Started process (PID=105191) to work on /home/airflow/.local/lib/python3.12/site-packages/airflow/example_dags/example_sla_dag.py
[2026-01-29T05:53:05.266+0000] {processor.py:830} INFO - Processing file /home/airflow/.local/lib/python3.12/site-packages/airflow/example_dags/example_sla_dag.py for tasks to queue
[2026-01-29T05:53:05.268+0000] {logging_mixin.py:188} INFO - [2026-01-29T05:53:05.268+0000] {dagbag.py:545} INFO - Filling up the DagBag from /home/airflow/.local/lib/python3.12/site-packages/airflow/example_dags/example_sla_dag.py
[2026-01-29T05:53:05.278+0000] {processor.py:840} INFO - DAG(s) 'example_sla_dag' retrieved from /home/airflow/.local/lib/python3.12/site-packages/airflow/example_dags/example_sla_dag.py
[2026-01-29T05:53:05.299+0000] {logging_mixin.py:188} INFO - [2026-01-29T05:53:05.299+0000] {dag.py:3089} INFO - Sync 1 DAGs
[2026-01-29T05:53:05.325+0000] {logging_mixin.py:188} INFO - [2026-01-29T05:53:05.325+0000] {dag.py:3947} INFO - Setting next_dagrun for example_sla_dag to 2026-01-29 05:50:00+00:00, run_after=2026-01-29 05:52:00+00:00
[2026-01-29T05:53:05.345+0000] {processor.py:183} INFO - Processing /home/airflow/.local/lib/python3.12/site-packages/airflow/example_dags/example_sla_dag.py took 0.088 seconds
[2026-01-29T05:53:36.040+0000] {processor.py:161} INFO - Started process (PID=105250) to work on /home/airflow/.local/lib/python3.12/site-packages/airflow/example_dags/example_sla_dag.py
[2026-01-29T05:53:36.041+0000] {processor.py:830} INFO - Processing file /home/airflow/.local/lib/python3.12/site-packages/airflow/example_dags/example_sla_dag.py for tasks to queue
[2026-01-29T05:53:36.043+0000] {logging_mixin.py:188} INFO - [2026-01-29T05:53:36.043+0000] {dagbag.py:545} INFO - Filling up the DagBag from /home/airflow/.local/lib/python3.12/site-packages/airflow/example_dags/example_sla_dag.py
[2026-01-29T05:53:36.053+0000] {processor.py:840} INFO - DAG(s) 'example_sla_dag' retrieved from /home/airflow/.local/lib/python3.12/site-packages/airflow/example_dags/example_sla_dag.py
[2026-01-29T05:53:36.073+0000] {logging_mixin.py:188} INFO - [2026-01-29T05:53:36.073+0000] {dag.py:3089} INFO - Sync 1 DAGs
[2026-01-29T05:53:36.100+0000] {logging_mixin.py:188} INFO - [2026-01-29T05:53:36.100+0000] {dag.py:3947} INFO - Setting next_dagrun for example_sla_dag to 2026-01-29 05:50:00+00:00, run_after=2026-01-29 05:52:00+00:00
[2026-01-29T05:53:36.119+0000] {processor.py:183} INFO - Processing /home/airflow/.local/lib/python3.12/site-packages/airflow/example_dags/example_sla_dag.py took 0.086 seconds
[2026-01-29T05:54:06.937+0000] {processor.py:161} INFO - Started process (PID=105314) to work on /home/airflow/.local/lib/python3.12/site-packages/airflow/example_dags/example_sla_dag.py
[2026-01-29T05:54:06.938+0000] {processor.py:830} INFO - Processing file /home/airflow/.local/lib/python3.12/site-packages/airflow/example_dags/example_sla_dag.py for tasks to queue
[2026-01-29T05:54:06.939+0000] {logging_mixin.py:188} INFO - [2026-01-29T05:54:06.939+0000] {dagbag.py:545} INFO - Filling up the DagBag from /home/airflow/.local/lib/python3.12/site-packages/airflow/example_dags/example_sla_dag.py
[2026-01-29T05:54:06.948+0000] {processor.py:840} INFO - DAG(s) 'example_sla_dag' retrieved from /home/airflow/.local/lib/python3.12/site-packages/airflow/example_dags/example_sla_dag.py
[2026-01-29T05:54:06.967+0000] {logging_mixin.py:188} INFO - [2026-01-29T05:54:06.967+0000] {dag.py:3089} INFO - Sync 1 DAGs
[2026-01-29T05:54:06.993+0000] {logging_mixin.py:188} INFO - [2026-01-29T05:54:06.993+0000] {dag.py:3947} INFO - Setting next_dagrun for example_sla_dag to 2026-01-29 05:52:00+00:00, run_after=2026-01-29 05:54:00+00:00
[2026-01-29T05:54:07.012+0000] {processor.py:183} INFO - Processing /home/airflow/.local/lib/python3.12/site-packages/airflow/example_dags/example_sla_dag.py took 0.081 seconds
[2026-01-29T05:54:37.349+0000] {processor.py:161} INFO - Started process (PID=105373) to work on /home/airflow/.local/lib/python3.12/site-packages/airflow/example_dags/example_sla_dag.py
[2026-01-29T05:54:37.350+0000] {processor.py:830} INFO - Processing file /home/airflow/.local/lib/python3.12/site-packages/airflow/example_dags/example_sla_dag.py for tasks to queue
[2026-01-29T05:54:37.351+0000] {logging_mixin.py:188} INFO - [2026-01-29T05:54:37.351+0000] {dagbag.py:545} INFO - Filling up the DagBag from /home/airflow/.local/lib/python3.12/site-packages/airflow/example_dags/example_sla_dag.py
[2026-01-29T05:54:37.360+0000] {processor.py:840} INFO - DAG(s) 'example_sla_dag' retrieved from /home/airflow/.local/lib/python3.12/site-packages/airflow/example_dags/example_sla_dag.py
[2026-01-29T05:54:37.380+0000] {logging_mixin.py:188} INFO - [2026-01-29T05:54:37.380+0000] {dag.py:3089} INFO - Sync 1 DAGs
[2026-01-29T05:54:37.410+0000] {logging_mixin.py:188} INFO - [2026-01-29T05:54:37.410+0000] {dag.py:3947} INFO - Setting next_dagrun for example_sla_dag to 2026-01-29 05:52:00+00:00, run_after=2026-01-29 05:54:00+00:00
[2026-01-29T05:54:37.433+0000] {processor.py:183} INFO - Processing /home/airflow/.local/lib/python3.12/site-packages/airflow/example_dags/example_sla_dag.py took 0.090 seconds
[2026-01-29T05:55:07.684+0000] {processor.py:161} INFO - Started process (PID=105437) to work on /home/airflow/.local/lib/python3.12/site-packages/airflow/example_dags/example_sla_dag.py
[2026-01-29T05:55:07.686+0000] {processor.py:830} INFO - Processing file /home/airflow/.local/lib/python3.12/site-packages/airflow/example_dags/example_sla_dag.py for tasks to queue
[2026-01-29T05:55:07.688+0000] {logging_mixin.py:188} INFO - [2026-01-29T05:55:07.687+0000] {dagbag.py:545} INFO - Filling up the DagBag from /home/airflow/.local/lib/python3.12/site-packages/airflow/example_dags/example_sla_dag.py
[2026-01-29T05:55:07.697+0000] {processor.py:840} INFO - DAG(s) 'example_sla_dag' retrieved from /home/airflow/.local/lib/python3.12/site-packages/airflow/example_dags/example_sla_dag.py
[2026-01-29T05:55:07.716+0000] {logging_mixin.py:188} INFO - [2026-01-29T05:55:07.716+0000] {dag.py:3089} INFO - Sync 1 DAGs
[2026-01-29T05:55:07.742+0000] {logging_mixin.py:188} INFO - [2026-01-29T05:55:07.742+0000] {dag.py:3947} INFO - Setting next_dagrun for example_sla_dag to 2026-01-29 05:52:00+00:00, run_after=2026-01-29 05:54:00+00:00
[2026-01-29T05:55:07.762+0000] {processor.py:183} INFO - Processing /home/airflow/.local/lib/python3.12/site-packages/airflow/example_dags/example_sla_dag.py took 0.085 seconds
[2026-01-29T05:55:38.003+0000] {processor.py:161} INFO - Started process (PID=105496) to work on /home/airflow/.local/lib/python3.12/site-packages/airflow/example_dags/example_sla_dag.py
[2026-01-29T05:55:38.003+0000] {processor.py:830} INFO - Processing file /home/airflow/.local/lib/python3.12/site-packages/airflow/example_dags/example_sla_dag.py for tasks to queue
[2026-01-29T05:55:38.005+0000] {logging_mixin.py:188} INFO - [2026-01-29T05:55:38.005+0000] {dagbag.py:545} INFO - Filling up the DagBag from /home/airflow/.local/lib/python3.12/site-packages/airflow/example_dags/example_sla_dag.py
[2026-01-29T05:55:38.014+0000] {processor.py:840} INFO - DAG(s) 'example_sla_dag' retrieved from /home/airflow/.local/lib/python3.12/site-packages/airflow/example_dags/example_sla_dag.py
[2026-01-29T05:55:38.034+0000] {logging_mixin.py:188} INFO - [2026-01-29T05:55:38.034+0000] {dag.py:3089} INFO - Sync 1 DAGs
[2026-01-29T05:55:38.061+0000] {logging_mixin.py:188} INFO - [2026-01-29T05:55:38.061+0000] {dag.py:3947} INFO - Setting next_dagrun for example_sla_dag to 2026-01-29 05:52:00+00:00, run_after=2026-01-29 05:54:00+00:00
[2026-01-29T05:55:38.082+0000] {processor.py:183} INFO - Processing /home/airflow/.local/lib/python3.12/site-packages/airflow/example_dags/example_sla_dag.py took 0.085 seconds
[2026-01-29T05:56:08.266+0000] {processor.py:161} INFO - Started process (PID=105560) to work on /home/airflow/.local/lib/python3.12/site-packages/airflow/example_dags/example_sla_dag.py
[2026-01-29T05:56:08.267+0000] {processor.py:830} INFO - Processing file /home/airflow/.local/lib/python3.12/site-packages/airflow/example_dags/example_sla_dag.py for tasks to queue
[2026-01-29T05:56:08.269+0000] {logging_mixin.py:188} INFO - [2026-01-29T05:56:08.269+0000] {dagbag.py:545} INFO - Filling up the DagBag from /home/airflow/.local/lib/python3.12/site-packages/airflow/example_dags/example_sla_dag.py
[2026-01-29T05:56:08.278+0000] {processor.py:840} INFO - DAG(s) 'example_sla_dag' retrieved from /home/airflow/.local/lib/python3.12/site-packages/airflow/example_dags/example_sla_dag.py
[2026-01-29T05:56:08.298+0000] {logging_mixin.py:188} INFO - [2026-01-29T05:56:08.298+0000] {dag.py:3089} INFO - Sync 1 DAGs
[2026-01-29T05:56:08.325+0000] {logging_mixin.py:188} INFO - [2026-01-29T05:56:08.325+0000] {dag.py:3947} INFO - Setting next_dagrun for example_sla_dag to 2026-01-29 05:54:00+00:00, run_after=2026-01-29 05:56:00+00:00
[2026-01-29T05:56:08.346+0000] {processor.py:183} INFO - Processing /home/airflow/.local/lib/python3.12/site-packages/airflow/example_dags/example_sla_dag.py took 0.086 seconds
[2026-01-29T05:56:39.146+0000] {processor.py:161} INFO - Started process (PID=105619) to work on /home/airflow/.local/lib/python3.12/site-packages/airflow/example_dags/example_sla_dag.py
[2026-01-29T05:56:39.146+0000] {processor.py:830} INFO - Processing file /home/airflow/.local/lib/python3.12/site-packages/airflow/example_dags/example_sla_dag.py for tasks to queue
[2026-01-29T05:56:39.148+0000] {logging_mixin.py:188} INFO - [2026-01-29T05:56:39.148+0000] {dagbag.py:545} INFO - Filling up the DagBag from /home/airflow/.local/lib/python3.12/site-packages/airflow/example_dags/example_sla_dag.py
[2026-01-29T05:56:39.157+0000] {processor.py:840} INFO - DAG(s) 'example_sla_dag' retrieved from /home/airflow/.local/lib/python3.12/site-packages/airflow/example_dags/example_sla_dag.py
[2026-01-29T05:56:39.176+0000] {logging_mixin.py:188} INFO - [2026-01-29T05:56:39.176+0000] {dag.py:3089} INFO - Sync 1 DAGs
[2026-01-29T05:56:39.202+0000] {logging_mixin.py:188} INFO - [2026-01-29T05:56:39.202+0000] {dag.py:3947} INFO - Setting next_dagrun for example_sla_dag to 2026-01-29 05:54:00+00:00, run_after=2026-01-29 05:56:00+00:00
[2026-01-29T05:56:39.220+0000] {processor.py:183} INFO - Processing /home/airflow/.local/lib/python3.12/site-packages/airflow/example_dags/example_sla_dag.py took 0.081 seconds
[2026-01-29T05:57:09.992+0000] {processor.py:161} INFO - Started process (PID=105683) to work on /home/airflow/.local/lib/python3.12/site-packages/airflow/example_dags/example_sla_dag.py
[2026-01-29T05:57:09.993+0000] {processor.py:830} INFO - Processing file /home/airflow/.local/lib/python3.12/site-packages/airflow/example_dags/example_sla_dag.py for tasks to queue
[2026-01-29T05:57:09.995+0000] {logging_mixin.py:188} INFO - [2026-01-29T05:57:09.995+0000] {dagbag.py:545} INFO - Filling up the DagBag from /home/airflow/.local/lib/python3.12/site-packages/airflow/example_dags/example_sla_dag.py
[2026-01-29T05:57:10.004+0000] {processor.py:840} INFO - DAG(s) 'example_sla_dag' retrieved from /home/airflow/.local/lib/python3.12/site-packages/airflow/example_dags/example_sla_dag.py
[2026-01-29T05:57:10.024+0000] {logging_mixin.py:188} INFO - [2026-01-29T05:57:10.024+0000] {dag.py:3089} INFO - Sync 1 DAGs
[2026-01-29T05:57:10.051+0000] {logging_mixin.py:188} INFO - [2026-01-29T05:57:10.051+0000] {dag.py:3947} INFO - Setting next_dagrun for example_sla_dag to 2026-01-29 05:54:00+00:00, run_after=2026-01-29 05:56:00+00:00
[2026-01-29T05:57:10.070+0000] {processor.py:183} INFO - Processing /home/airflow/.local/lib/python3.12/site-packages/airflow/example_dags/example_sla_dag.py took 0.083 seconds
[2026-01-29T05:57:40.719+0000] {processor.py:161} INFO - Started process (PID=105742) to work on /home/airflow/.local/lib/python3.12/site-packages/airflow/example_dags/example_sla_dag.py
[2026-01-29T05:57:40.720+0000] {processor.py:830} INFO - Processing file /home/airflow/.local/lib/python3.12/site-packages/airflow/example_dags/example_sla_dag.py for tasks to queue
[2026-01-29T05:57:40.722+0000] {logging_mixin.py:188} INFO - [2026-01-29T05:57:40.722+0000] {dagbag.py:545} INFO - Filling up the DagBag from /home/airflow/.local/lib/python3.12/site-packages/airflow/example_dags/example_sla_dag.py
[2026-01-29T05:57:40.732+0000] {processor.py:840} INFO - DAG(s) 'example_sla_dag' retrieved from /home/airflow/.local/lib/python3.12/site-packages/airflow/example_dags/example_sla_dag.py
[2026-01-29T05:57:40.751+0000] {logging_mixin.py:188} INFO - [2026-01-29T05:57:40.751+0000] {dag.py:3089} INFO - Sync 1 DAGs
[2026-01-29T05:57:40.776+0000] {logging_mixin.py:188} INFO - [2026-01-29T05:57:40.775+0000] {dag.py:3947} INFO - Setting next_dagrun for example_sla_dag to 2026-01-29 05:54:00+00:00, run_after=2026-01-29 05:56:00+00:00
[2026-01-29T05:57:40.794+0000] {processor.py:183} INFO - Processing /home/airflow/.local/lib/python3.12/site-packages/airflow/example_dags/example_sla_dag.py took 0.081 seconds
[2026-01-29T05:58:11.451+0000] {processor.py:161} INFO - Started process (PID=105806) to work on /home/airflow/.local/lib/python3.12/site-packages/airflow/example_dags/example_sla_dag.py
[2026-01-29T05:58:11.453+0000] {processor.py:830} INFO - Processing file /home/airflow/.local/lib/python3.12/site-packages/airflow/example_dags/example_sla_dag.py for tasks to queue
[2026-01-29T05:58:11.455+0000] {logging_mixin.py:188} INFO - [2026-01-29T05:58:11.454+0000] {dagbag.py:545} INFO - Filling up the DagBag from /home/airflow/.local/lib/python3.12/site-packages/airflow/example_dags/example_sla_dag.py
[2026-01-29T05:58:11.465+0000] {processor.py:840} INFO - DAG(s) 'example_sla_dag' retrieved from /home/airflow/.local/lib/python3.12/site-packages/airflow/example_dags/example_sla_dag.py
[2026-01-29T05:58:11.486+0000] {logging_mixin.py:188} INFO - [2026-01-29T05:58:11.486+0000] {dag.py:3089} INFO - Sync 1 DAGs
[2026-01-29T05:58:11.514+0000] {logging_mixin.py:188} INFO - [2026-01-29T05:58:11.514+0000] {dag.py:3947} INFO - Setting next_dagrun for example_sla_dag to 2026-01-29 05:56:00+00:00, run_after=2026-01-29 05:58:00+00:00
[2026-01-29T05:58:11.534+0000] {processor.py:183} INFO - Processing /home/airflow/.local/lib/python3.12/site-packages/airflow/example_dags/example_sla_dag.py took 0.090 seconds
[2026-01-29T05:58:42.154+0000] {processor.py:161} INFO - Started process (PID=105865) to work on /home/airflow/.local/lib/python3.12/site-packages/airflow/example_dags/example_sla_dag.py
[2026-01-29T05:58:42.155+0000] {processor.py:830} INFO - Processing file /home/airflow/.local/lib/python3.12/site-packages/airflow/example_dags/example_sla_dag.py for tasks to queue
[2026-01-29T05:58:42.157+0000] {logging_mixin.py:188} INFO - [2026-01-29T05:58:42.157+0000] {dagbag.py:545} INFO - Filling up the DagBag from /home/airflow/.local/lib/python3.12/site-packages/airflow/example_dags/example_sla_dag.py
[2026-01-29T05:58:42.167+0000] {processor.py:840} INFO - DAG(s) 'example_sla_dag' retrieved from /home/airflow/.local/lib/python3.12/site-packages/airflow/example_dags/example_sla_dag.py
[2026-01-29T05:58:42.188+0000] {logging_mixin.py:188} INFO - [2026-01-29T05:58:42.188+0000] {dag.py:3089} INFO - Sync 1 DAGs
[2026-01-29T05:58:42.215+0000] {logging_mixin.py:188} INFO - [2026-01-29T05:58:42.215+0000] {dag.py:3947} INFO - Setting next_dagrun for example_sla_dag to 2026-01-29 05:56:00+00:00, run_after=2026-01-29 05:58:00+00:00
[2026-01-29T05:58:42.234+0000] {processor.py:183} INFO - Processing /home/airflow/.local/lib/python3.12/site-packages/airflow/example_dags/example_sla_dag.py took 0.087 seconds
[2026-01-29T05:59:12.782+0000] {processor.py:161} INFO - Started process (PID=105929) to work on /home/airflow/.local/lib/python3.12/site-packages/airflow/example_dags/example_sla_dag.py
[2026-01-29T05:59:12.784+0000] {processor.py:830} INFO - Processing file /home/airflow/.local/lib/python3.12/site-packages/airflow/example_dags/example_sla_dag.py for tasks to queue
[2026-01-29T05:59:12.786+0000] {logging_mixin.py:188} INFO - [2026-01-29T05:59:12.785+0000] {dagbag.py:545} INFO - Filling up the DagBag from /home/airflow/.local/lib/python3.12/site-packages/airflow/example_dags/example_sla_dag.py
[2026-01-29T05:59:12.796+0000] {processor.py:840} INFO - DAG(s) 'example_sla_dag' retrieved from /home/airflow/.local/lib/python3.12/site-packages/airflow/example_dags/example_sla_dag.py
[2026-01-29T05:59:12.817+0000] {logging_mixin.py:188} INFO - [2026-01-29T05:59:12.817+0000] {dag.py:3089} INFO - Sync 1 DAGs
[2026-01-29T05:59:12.845+0000] {logging_mixin.py:188} INFO - [2026-01-29T05:59:12.844+0000] {dag.py:3947} INFO - Setting next_dagrun for example_sla_dag to 2026-01-29 05:56:00+00:00, run_after=2026-01-29 05:58:00+00:00
[2026-01-29T05:59:12.864+0000] {processor.py:183} INFO - Processing /home/airflow/.local/lib/python3.12/site-packages/airflow/example_dags/example_sla_dag.py took 0.089 seconds
[2026-01-29T05:59:43.490+0000] {processor.py:161} INFO - Started process (PID=105988) to work on /home/airflow/.local/lib/python3.12/site-packages/airflow/example_dags/example_sla_dag.py
[2026-01-29T05:59:43.491+0000] {processor.py:830} INFO - Processing file /home/airflow/.local/lib/python3.12/site-packages/airflow/example_dags/example_sla_dag.py for tasks to queue
[2026-01-29T05:59:43.493+0000] {logging_mixin.py:188} INFO - [2026-01-29T05:59:43.493+0000] {dagbag.py:545} INFO - Filling up the DagBag from /home/airflow/.local/lib/python3.12/site-packages/airflow/example_dags/example_sla_dag.py
[2026-01-29T05:59:43.503+0000] {processor.py:840} INFO - DAG(s) 'example_sla_dag' retrieved from /home/airflow/.local/lib/python3.12/site-packages/airflow/example_dags/example_sla_dag.py
[2026-01-29T05:59:43.525+0000] {logging_mixin.py:188} INFO - [2026-01-29T05:59:43.525+0000] {dag.py:3089} INFO - Sync 1 DAGs
[2026-01-29T05:59:43.554+0000] {logging_mixin.py:188} INFO - [2026-01-29T05:59:43.554+0000] {dag.py:3947} INFO - Setting next_dagrun for example_sla_dag to 2026-01-29 05:56:00+00:00, run_after=2026-01-29 05:58:00+00:00
[2026-01-29T05:59:43.575+0000] {processor.py:183} INFO - Processing /home/airflow/.local/lib/python3.12/site-packages/airflow/example_dags/example_sla_dag.py took 0.092 seconds
[2026-01-29T06:00:14.202+0000] {processor.py:161} INFO - Started process (PID=106052) to work on /home/airflow/.local/lib/python3.12/site-packages/airflow/example_dags/example_sla_dag.py
[2026-01-29T06:00:14.203+0000] {processor.py:830} INFO - Processing file /home/airflow/.local/lib/python3.12/site-packages/airflow/example_dags/example_sla_dag.py for tasks to queue
[2026-01-29T06:00:14.205+0000] {logging_mixin.py:188} INFO - [2026-01-29T06:00:14.205+0000] {dagbag.py:545} INFO - Filling up the DagBag from /home/airflow/.local/lib/python3.12/site-packages/airflow/example_dags/example_sla_dag.py
[2026-01-29T06:00:14.214+0000] {processor.py:840} INFO - DAG(s) 'example_sla_dag' retrieved from /home/airflow/.local/lib/python3.12/site-packages/airflow/example_dags/example_sla_dag.py
[2026-01-29T06:00:14.233+0000] {logging_mixin.py:188} INFO - [2026-01-29T06:00:14.232+0000] {dag.py:3089} INFO - Sync 1 DAGs
[2026-01-29T06:00:14.259+0000] {logging_mixin.py:188} INFO - [2026-01-29T06:00:14.258+0000] {dag.py:3947} INFO - Setting next_dagrun for example_sla_dag to 2026-01-29 05:58:00+00:00, run_after=2026-01-29 06:00:00+00:00
[2026-01-29T06:00:14.277+0000] {processor.py:183} INFO - Processing /home/airflow/.local/lib/python3.12/site-packages/airflow/example_dags/example_sla_dag.py took 0.081 seconds
[2026-01-29T06:00:44.804+0000] {processor.py:161} INFO - Started process (PID=106111) to work on /home/airflow/.local/lib/python3.12/site-packages/airflow/example_dags/example_sla_dag.py
[2026-01-29T06:00:44.804+0000] {processor.py:830} INFO - Processing file /home/airflow/.local/lib/python3.12/site-packages/airflow/example_dags/example_sla_dag.py for tasks to queue
[2026-01-29T06:00:44.806+0000] {logging_mixin.py:188} INFO - [2026-01-29T06:00:44.806+0000] {dagbag.py:545} INFO - Filling up the DagBag from /home/airflow/.local/lib/python3.12/site-packages/airflow/example_dags/example_sla_dag.py
[2026-01-29T06:00:44.815+0000] {processor.py:840} INFO - DAG(s) 'example_sla_dag' retrieved from /home/airflow/.local/lib/python3.12/site-packages/airflow/example_dags/example_sla_dag.py
[2026-01-29T06:00:44.833+0000] {logging_mixin.py:188} INFO - [2026-01-29T06:00:44.833+0000] {dag.py:3089} INFO - Sync 1 DAGs
[2026-01-29T06:00:44.858+0000] {logging_mixin.py:188} INFO - [2026-01-29T06:00:44.858+0000] {dag.py:3947} INFO - Setting next_dagrun for example_sla_dag to 2026-01-29 05:58:00+00:00, run_after=2026-01-29 06:00:00+00:00
[2026-01-29T06:00:44.876+0000] {processor.py:183} INFO - Processing /home/airflow/.local/lib/python3.12/site-packages/airflow/example_dags/example_sla_dag.py took 0.078 seconds
[2026-01-29T06:01:14.937+0000] {processor.py:161} INFO - Started process (PID=106175) to work on /home/airflow/.local/lib/python3.12/site-packages/airflow/example_dags/example_sla_dag.py
[2026-01-29T06:01:14.938+0000] {processor.py:830} INFO - Processing file /home/airflow/.local/lib/python3.12/site-packages/airflow/example_dags/example_sla_dag.py for tasks to queue
[2026-01-29T06:01:14.940+0000] {logging_mixin.py:188} INFO - [2026-01-29T06:01:14.940+0000] {dagbag.py:545} INFO - Filling up the DagBag from /home/airflow/.local/lib/python3.12/site-packages/airflow/example_dags/example_sla_dag.py
[2026-01-29T06:01:14.949+0000] {processor.py:840} INFO - DAG(s) 'example_sla_dag' retrieved from /home/airflow/.local/lib/python3.12/site-packages/airflow/example_dags/example_sla_dag.py
[2026-01-29T06:01:14.968+0000] {logging_mixin.py:188} INFO - [2026-01-29T06:01:14.968+0000] {dag.py:3089} INFO - Sync 1 DAGs
[2026-01-29T06:01:14.995+0000] {logging_mixin.py:188} INFO - [2026-01-29T06:01:14.995+0000] {dag.py:3947} INFO - Setting next_dagrun for example_sla_dag to 2026-01-29 05:58:00+00:00, run_after=2026-01-29 06:00:00+00:00
[2026-01-29T06:01:15.014+0000] {processor.py:183} INFO - Processing /home/airflow/.local/lib/python3.12/site-packages/airflow/example_dags/example_sla_dag.py took 0.083 seconds
[2026-01-29T06:01:45.149+0000] {processor.py:161} INFO - Started process (PID=106234) to work on /home/airflow/.local/lib/python3.12/site-packages/airflow/example_dags/example_sla_dag.py
[2026-01-29T06:01:45.150+0000] {processor.py:830} INFO - Processing file /home/airflow/.local/lib/python3.12/site-packages/airflow/example_dags/example_sla_dag.py for tasks to queue
[2026-01-29T06:01:45.152+0000] {logging_mixin.py:188} INFO - [2026-01-29T06:01:45.152+0000] {dagbag.py:545} INFO - Filling up the DagBag from /home/airflow/.local/lib/python3.12/site-packages/airflow/example_dags/example_sla_dag.py
[2026-01-29T06:01:45.162+0000] {processor.py:840} INFO - DAG(s) 'example_sla_dag' retrieved from /home/airflow/.local/lib/python3.12/site-packages/airflow/example_dags/example_sla_dag.py
[2026-01-29T06:01:45.181+0000] {logging_mixin.py:188} INFO - [2026-01-29T06:01:45.181+0000] {dag.py:3089} INFO - Sync 1 DAGs
[2026-01-29T06:01:45.206+0000] {logging_mixin.py:188} INFO - [2026-01-29T06:01:45.206+0000] {dag.py:3947} INFO - Setting next_dagrun for example_sla_dag to 2026-01-29 05:58:00+00:00, run_after=2026-01-29 06:00:00+00:00
[2026-01-29T06:01:45.226+0000] {processor.py:183} INFO - Processing /home/airflow/.local/lib/python3.12/site-packages/airflow/example_dags/example_sla_dag.py took 0.084 seconds
[2026-01-29T06:02:15.320+0000] {processor.py:161} INFO - Started process (PID=106298) to work on /home/airflow/.local/lib/python3.12/site-packages/airflow/example_dags/example_sla_dag.py
[2026-01-29T06:02:15.321+0000] {processor.py:830} INFO - Processing file /home/airflow/.local/lib/python3.12/site-packages/airflow/example_dags/example_sla_dag.py for tasks to queue
[2026-01-29T06:02:15.323+0000] {logging_mixin.py:188} INFO - [2026-01-29T06:02:15.322+0000] {dagbag.py:545} INFO - Filling up the DagBag from /home/airflow/.local/lib/python3.12/site-packages/airflow/example_dags/example_sla_dag.py
[2026-01-29T06:02:15.332+0000] {processor.py:840} INFO - DAG(s) 'example_sla_dag' retrieved from /home/airflow/.local/lib/python3.12/site-packages/airflow/example_dags/example_sla_dag.py
[2026-01-29T06:02:15.352+0000] {logging_mixin.py:188} INFO - [2026-01-29T06:02:15.352+0000] {dag.py:3089} INFO - Sync 1 DAGs
[2026-01-29T06:02:15.378+0000] {logging_mixin.py:188} INFO - [2026-01-29T06:02:15.377+0000] {dag.py:3947} INFO - Setting next_dagrun for example_sla_dag to 2026-01-29 06:00:00+00:00, run_after=2026-01-29 06:02:00+00:00
[2026-01-29T06:02:15.398+0000] {processor.py:183} INFO - Processing /home/airflow/.local/lib/python3.12/site-packages/airflow/example_dags/example_sla_dag.py took 0.084 seconds
[2026-01-29T06:02:45.628+0000] {processor.py:161} INFO - Started process (PID=106357) to work on /home/airflow/.local/lib/python3.12/site-packages/airflow/example_dags/example_sla_dag.py
[2026-01-29T06:02:45.629+0000] {processor.py:830} INFO - Processing file /home/airflow/.local/lib/python3.12/site-packages/airflow/example_dags/example_sla_dag.py for tasks to queue
[2026-01-29T06:02:45.631+0000] {logging_mixin.py:188} INFO - [2026-01-29T06:02:45.631+0000] {dagbag.py:545} INFO - Filling up the DagBag from /home/airflow/.local/lib/python3.12/site-packages/airflow/example_dags/example_sla_dag.py
[2026-01-29T06:02:45.641+0000] {processor.py:840} INFO - DAG(s) 'example_sla_dag' retrieved from /home/airflow/.local/lib/python3.12/site-packages/airflow/example_dags/example_sla_dag.py
[2026-01-29T06:02:45.663+0000] {logging_mixin.py:188} INFO - [2026-01-29T06:02:45.662+0000] {dag.py:3089} INFO - Sync 1 DAGs
[2026-01-29T06:02:45.692+0000] {logging_mixin.py:188} INFO - [2026-01-29T06:02:45.691+0000] {dag.py:3947} INFO - Setting next_dagrun for example_sla_dag to 2026-01-29 06:00:00+00:00, run_after=2026-01-29 06:02:00+00:00
[2026-01-29T06:02:45.712+0000] {processor.py:183} INFO - Processing /home/airflow/.local/lib/python3.12/site-packages/airflow/example_dags/example_sla_dag.py took 0.092 seconds
[2026-01-29T06:03:16.432+0000] {processor.py:161} INFO - Started process (PID=106421) to work on /home/airflow/.local/lib/python3.12/site-packages/airflow/example_dags/example_sla_dag.py
[2026-01-29T06:03:16.433+0000] {processor.py:830} INFO - Processing file /home/airflow/.local/lib/python3.12/site-packages/airflow/example_dags/example_sla_dag.py for tasks to queue
[2026-01-29T06:03:16.435+0000] {logging_mixin.py:188} INFO - [2026-01-29T06:03:16.434+0000] {dagbag.py:545} INFO - Filling up the DagBag from /home/airflow/.local/lib/python3.12/site-packages/airflow/example_dags/example_sla_dag.py
[2026-01-29T06:03:16.445+0000] {processor.py:840} INFO - DAG(s) 'example_sla_dag' retrieved from /home/airflow/.local/lib/python3.12/site-packages/airflow/example_dags/example_sla_dag.py
[2026-01-29T06:03:16.465+0000] {logging_mixin.py:188} INFO - [2026-01-29T06:03:16.465+0000] {dag.py:3089} INFO - Sync 1 DAGs
[2026-01-29T06:03:16.493+0000] {logging_mixin.py:188} INFO - [2026-01-29T06:03:16.493+0000] {dag.py:3947} INFO - Setting next_dagrun for example_sla_dag to 2026-01-29 06:00:00+00:00, run_after=2026-01-29 06:02:00+00:00
[2026-01-29T06:03:16.514+0000] {processor.py:183} INFO - Processing /home/airflow/.local/lib/python3.12/site-packages/airflow/example_dags/example_sla_dag.py took 0.089 seconds
[2026-01-29T06:03:47.149+0000] {processor.py:161} INFO - Started process (PID=106480) to work on /home/airflow/.local/lib/python3.12/site-packages/airflow/example_dags/example_sla_dag.py
[2026-01-29T06:03:47.150+0000] {processor.py:830} INFO - Processing file /home/airflow/.local/lib/python3.12/site-packages/airflow/example_dags/example_sla_dag.py for tasks to queue
[2026-01-29T06:03:47.152+0000] {logging_mixin.py:188} INFO - [2026-01-29T06:03:47.152+0000] {dagbag.py:545} INFO - Filling up the DagBag from /home/airflow/.local/lib/python3.12/site-packages/airflow/example_dags/example_sla_dag.py
[2026-01-29T06:03:47.162+0000] {processor.py:840} INFO - DAG(s) 'example_sla_dag' retrieved from /home/airflow/.local/lib/python3.12/site-packages/airflow/example_dags/example_sla_dag.py
[2026-01-29T06:03:47.184+0000] {logging_mixin.py:188} INFO - [2026-01-29T06:03:47.184+0000] {dag.py:3089} INFO - Sync 1 DAGs
[2026-01-29T06:03:47.212+0000] {logging_mixin.py:188} INFO - [2026-01-29T06:03:47.211+0000] {dag.py:3947} INFO - Setting next_dagrun for example_sla_dag to 2026-01-29 06:00:00+00:00, run_after=2026-01-29 06:02:00+00:00
[2026-01-29T06:03:47.233+0000] {processor.py:183} INFO - Processing /home/airflow/.local/lib/python3.12/site-packages/airflow/example_dags/example_sla_dag.py took 0.092 seconds
[2026-01-29T06:04:17.879+0000] {processor.py:161} INFO - Started process (PID=106544) to work on /home/airflow/.local/lib/python3.12/site-packages/airflow/example_dags/example_sla_dag.py
[2026-01-29T06:04:17.880+0000] {processor.py:830} INFO - Processing file /home/airflow/.local/lib/python3.12/site-packages/airflow/example_dags/example_sla_dag.py for tasks to queue
[2026-01-29T06:04:17.882+0000] {logging_mixin.py:188} INFO - [2026-01-29T06:04:17.882+0000] {dagbag.py:545} INFO - Filling up the DagBag from /home/airflow/.local/lib/python3.12/site-packages/airflow/example_dags/example_sla_dag.py
[2026-01-29T06:04:17.891+0000] {processor.py:840} INFO - DAG(s) 'example_sla_dag' retrieved from /home/airflow/.local/lib/python3.12/site-packages/airflow/example_dags/example_sla_dag.py
[2026-01-29T06:04:17.914+0000] {logging_mixin.py:188} INFO - [2026-01-29T06:04:17.914+0000] {dag.py:3089} INFO - Sync 1 DAGs
[2026-01-29T06:04:17.943+0000] {logging_mixin.py:188} INFO - [2026-01-29T06:04:17.943+0000] {dag.py:3947} INFO - Setting next_dagrun for example_sla_dag to 2026-01-29 06:02:00+00:00, run_after=2026-01-29 06:04:00+00:00
[2026-01-29T06:04:17.964+0000] {processor.py:183} INFO - Processing /home/airflow/.local/lib/python3.12/site-packages/airflow/example_dags/example_sla_dag.py took 0.091 seconds
[2026-01-29T06:04:48.472+0000] {processor.py:161} INFO - Started process (PID=106603) to work on /home/airflow/.local/lib/python3.12/site-packages/airflow/example_dags/example_sla_dag.py
[2026-01-29T06:04:48.473+0000] {processor.py:830} INFO - Processing file /home/airflow/.local/lib/python3.12/site-packages/airflow/example_dags/example_sla_dag.py for tasks to queue
[2026-01-29T06:04:48.475+0000] {logging_mixin.py:188} INFO - [2026-01-29T06:04:48.474+0000] {dagbag.py:545} INFO - Filling up the DagBag from /home/airflow/.local/lib/python3.12/site-packages/airflow/example_dags/example_sla_dag.py
[2026-01-29T06:04:48.485+0000] {processor.py:840} INFO - DAG(s) 'example_sla_dag' retrieved from /home/airflow/.local/lib/python3.12/site-packages/airflow/example_dags/example_sla_dag.py
[2026-01-29T06:04:48.508+0000] {logging_mixin.py:188} INFO - [2026-01-29T06:04:48.507+0000] {dag.py:3089} INFO - Sync 1 DAGs
[2026-01-29T06:04:48.538+0000] {logging_mixin.py:188} INFO - [2026-01-29T06:04:48.537+0000] {dag.py:3947} INFO - Setting next_dagrun for example_sla_dag to 2026-01-29 06:02:00+00:00, run_after=2026-01-29 06:04:00+00:00
[2026-01-29T06:04:48.559+0000] {processor.py:183} INFO - Processing /home/airflow/.local/lib/python3.12/site-packages/airflow/example_dags/example_sla_dag.py took 0.095 seconds
[2026-01-29T06:05:19.188+0000] {processor.py:161} INFO - Started process (PID=106667) to work on /home/airflow/.local/lib/python3.12/site-packages/airflow/example_dags/example_sla_dag.py
[2026-01-29T06:05:19.189+0000] {processor.py:830} INFO - Processing file /home/airflow/.local/lib/python3.12/site-packages/airflow/example_dags/example_sla_dag.py for tasks to queue
[2026-01-29T06:05:19.191+0000] {logging_mixin.py:188} INFO - [2026-01-29T06:05:19.191+0000] {dagbag.py:545} INFO - Filling up the DagBag from /home/airflow/.local/lib/python3.12/site-packages/airflow/example_dags/example_sla_dag.py
[2026-01-29T06:05:19.201+0000] {processor.py:840} INFO - DAG(s) 'example_sla_dag' retrieved from /home/airflow/.local/lib/python3.12/site-packages/airflow/example_dags/example_sla_dag.py
[2026-01-29T06:05:19.222+0000] {logging_mixin.py:188} INFO - [2026-01-29T06:05:19.222+0000] {dag.py:3089} INFO - Sync 1 DAGs
[2026-01-29T06:05:19.249+0000] {logging_mixin.py:188} INFO - [2026-01-29T06:05:19.249+0000] {dag.py:3947} INFO - Setting next_dagrun for example_sla_dag to 2026-01-29 06:02:00+00:00, run_after=2026-01-29 06:04:00+00:00
[2026-01-29T06:05:19.271+0000] {processor.py:183} INFO - Processing /home/airflow/.local/lib/python3.12/site-packages/airflow/example_dags/example_sla_dag.py took 0.091 seconds
[2026-01-29T06:05:49.747+0000] {processor.py:161} INFO - Started process (PID=106726) to work on /home/airflow/.local/lib/python3.12/site-packages/airflow/example_dags/example_sla_dag.py
[2026-01-29T06:05:49.749+0000] {processor.py:830} INFO - Processing file /home/airflow/.local/lib/python3.12/site-packages/airflow/example_dags/example_sla_dag.py for tasks to queue
[2026-01-29T06:05:49.750+0000] {logging_mixin.py:188} INFO - [2026-01-29T06:05:49.750+0000] {dagbag.py:545} INFO - Filling up the DagBag from /home/airflow/.local/lib/python3.12/site-packages/airflow/example_dags/example_sla_dag.py
[2026-01-29T06:05:49.759+0000] {processor.py:840} INFO - DAG(s) 'example_sla_dag' retrieved from /home/airflow/.local/lib/python3.12/site-packages/airflow/example_dags/example_sla_dag.py
[2026-01-29T06:05:49.778+0000] {logging_mixin.py:188} INFO - [2026-01-29T06:05:49.778+0000] {dag.py:3089} INFO - Sync 1 DAGs
[2026-01-29T06:05:49.805+0000] {logging_mixin.py:188} INFO - [2026-01-29T06:05:49.804+0000] {dag.py:3947} INFO - Setting next_dagrun for example_sla_dag to 2026-01-29 06:02:00+00:00, run_after=2026-01-29 06:04:00+00:00
[2026-01-29T06:05:49.824+0000] {processor.py:183} INFO - Processing /home/airflow/.local/lib/python3.12/site-packages/airflow/example_dags/example_sla_dag.py took 0.083 seconds
[2026-01-29T06:06:20.347+0000] {processor.py:161} INFO - Started process (PID=106790) to work on /home/airflow/.local/lib/python3.12/site-packages/airflow/example_dags/example_sla_dag.py
[2026-01-29T06:06:20.348+0000] {processor.py:830} INFO - Processing file /home/airflow/.local/lib/python3.12/site-packages/airflow/example_dags/example_sla_dag.py for tasks to queue
[2026-01-29T06:06:20.350+0000] {logging_mixin.py:188} INFO - [2026-01-29T06:06:20.350+0000] {dagbag.py:545} INFO - Filling up the DagBag from /home/airflow/.local/lib/python3.12/site-packages/airflow/example_dags/example_sla_dag.py
[2026-01-29T06:06:20.360+0000] {processor.py:840} INFO - DAG(s) 'example_sla_dag' retrieved from /home/airflow/.local/lib/python3.12/site-packages/airflow/example_dags/example_sla_dag.py
[2026-01-29T06:06:20.383+0000] {logging_mixin.py:188} INFO - [2026-01-29T06:06:20.383+0000] {dag.py:3089} INFO - Sync 1 DAGs
[2026-01-29T06:06:20.413+0000] {logging_mixin.py:188} INFO - [2026-01-29T06:06:20.412+0000] {dag.py:3947} INFO - Setting next_dagrun for example_sla_dag to 2026-01-29 06:04:00+00:00, run_after=2026-01-29 06:06:00+00:00
[2026-01-29T06:06:20.435+0000] {processor.py:183} INFO - Processing /home/airflow/.local/lib/python3.12/site-packages/airflow/example_dags/example_sla_dag.py took 0.096 seconds
[2026-01-29T06:06:51.122+0000] {processor.py:161} INFO - Started process (PID=106849) to work on /home/airflow/.local/lib/python3.12/site-packages/airflow/example_dags/example_sla_dag.py
[2026-01-29T06:06:51.123+0000] {processor.py:830} INFO - Processing file /home/airflow/.local/lib/python3.12/site-packages/airflow/example_dags/example_sla_dag.py for tasks to queue
[2026-01-29T06:06:51.125+0000] {logging_mixin.py:188} INFO - [2026-01-29T06:06:51.125+0000] {dagbag.py:545} INFO - Filling up the DagBag from /home/airflow/.local/lib/python3.12/site-packages/airflow/example_dags/example_sla_dag.py
[2026-01-29T06:06:51.136+0000] {processor.py:840} INFO - DAG(s) 'example_sla_dag' retrieved from /home/airflow/.local/lib/python3.12/site-packages/airflow/example_dags/example_sla_dag.py
[2026-01-29T06:06:51.158+0000] {logging_mixin.py:188} INFO - [2026-01-29T06:06:51.158+0000] {dag.py:3089} INFO - Sync 1 DAGs
[2026-01-29T06:06:51.187+0000] {logging_mixin.py:188} INFO - [2026-01-29T06:06:51.187+0000] {dag.py:3947} INFO - Setting next_dagrun for example_sla_dag to 2026-01-29 06:04:00+00:00, run_after=2026-01-29 06:06:00+00:00
[2026-01-29T06:06:51.208+0000] {processor.py:183} INFO - Processing /home/airflow/.local/lib/python3.12/site-packages/airflow/example_dags/example_sla_dag.py took 0.093 seconds
[2026-01-29T06:07:21.827+0000] {processor.py:161} INFO - Started process (PID=106913) to work on /home/airflow/.local/lib/python3.12/site-packages/airflow/example_dags/example_sla_dag.py
[2026-01-29T06:07:21.829+0000] {processor.py:830} INFO - Processing file /home/airflow/.local/lib/python3.12/site-packages/airflow/example_dags/example_sla_dag.py for tasks to queue
[2026-01-29T06:07:21.831+0000] {logging_mixin.py:188} INFO - [2026-01-29T06:07:21.830+0000] {dagbag.py:545} INFO - Filling up the DagBag from /home/airflow/.local/lib/python3.12/site-packages/airflow/example_dags/example_sla_dag.py
[2026-01-29T06:07:21.841+0000] {processor.py:840} INFO - DAG(s) 'example_sla_dag' retrieved from /home/airflow/.local/lib/python3.12/site-packages/airflow/example_dags/example_sla_dag.py
[2026-01-29T06:07:21.864+0000] {logging_mixin.py:188} INFO - [2026-01-29T06:07:21.863+0000] {dag.py:3089} INFO - Sync 1 DAGs
[2026-01-29T06:07:21.891+0000] {logging_mixin.py:188} INFO - [2026-01-29T06:07:21.890+0000] {dag.py:3947} INFO - Setting next_dagrun for example_sla_dag to 2026-01-29 06:04:00+00:00, run_after=2026-01-29 06:06:00+00:00
[2026-01-29T06:07:21.911+0000] {processor.py:183} INFO - Processing /home/airflow/.local/lib/python3.12/site-packages/airflow/example_dags/example_sla_dag.py took 0.091 seconds
[2026-01-29T06:07:52.571+0000] {processor.py:161} INFO - Started process (PID=106972) to work on /home/airflow/.local/lib/python3.12/site-packages/airflow/example_dags/example_sla_dag.py
[2026-01-29T06:07:52.573+0000] {processor.py:830} INFO - Processing file /home/airflow/.local/lib/python3.12/site-packages/airflow/example_dags/example_sla_dag.py for tasks to queue
[2026-01-29T06:07:52.575+0000] {logging_mixin.py:188} INFO - [2026-01-29T06:07:52.574+0000] {dagbag.py:545} INFO - Filling up the DagBag from /home/airflow/.local/lib/python3.12/site-packages/airflow/example_dags/example_sla_dag.py
[2026-01-29T06:07:52.585+0000] {processor.py:840} INFO - DAG(s) 'example_sla_dag' retrieved from /home/airflow/.local/lib/python3.12/site-packages/airflow/example_dags/example_sla_dag.py
[2026-01-29T06:07:52.608+0000] {logging_mixin.py:188} INFO - [2026-01-29T06:07:52.608+0000] {dag.py:3089} INFO - Sync 1 DAGs
[2026-01-29T06:07:52.637+0000] {logging_mixin.py:188} INFO - [2026-01-29T06:07:52.637+0000] {dag.py:3947} INFO - Setting next_dagrun for example_sla_dag to 2026-01-29 06:04:00+00:00, run_after=2026-01-29 06:06:00+00:00
[2026-01-29T06:07:52.658+0000] {processor.py:183} INFO - Processing /home/airflow/.local/lib/python3.12/site-packages/airflow/example_dags/example_sla_dag.py took 0.095 seconds
[2026-01-29T06:08:23.097+0000] {processor.py:161} INFO - Started process (PID=107036) to work on /home/airflow/.local/lib/python3.12/site-packages/airflow/example_dags/example_sla_dag.py
[2026-01-29T06:08:23.097+0000] {processor.py:830} INFO - Processing file /home/airflow/.local/lib/python3.12/site-packages/airflow/example_dags/example_sla_dag.py for tasks to queue
[2026-01-29T06:08:23.099+0000] {logging_mixin.py:188} INFO - [2026-01-29T06:08:23.099+0000] {dagbag.py:545} INFO - Filling up the DagBag from /home/airflow/.local/lib/python3.12/site-packages/airflow/example_dags/example_sla_dag.py
[2026-01-29T06:08:23.107+0000] {processor.py:840} INFO - DAG(s) 'example_sla_dag' retrieved from /home/airflow/.local/lib/python3.12/site-packages/airflow/example_dags/example_sla_dag.py
[2026-01-29T06:08:23.126+0000] {logging_mixin.py:188} INFO - [2026-01-29T06:08:23.126+0000] {dag.py:3089} INFO - Sync 1 DAGs
[2026-01-29T06:08:23.152+0000] {logging_mixin.py:188} INFO - [2026-01-29T06:08:23.152+0000] {dag.py:3947} INFO - Setting next_dagrun for example_sla_dag to 2026-01-29 06:06:00+00:00, run_after=2026-01-29 06:08:00+00:00
[2026-01-29T06:08:23.171+0000] {processor.py:183} INFO - Processing /home/airflow/.local/lib/python3.12/site-packages/airflow/example_dags/example_sla_dag.py took 0.081 seconds
[2026-01-29T06:08:53.788+0000] {processor.py:161} INFO - Started process (PID=107095) to work on /home/airflow/.local/lib/python3.12/site-packages/airflow/example_dags/example_sla_dag.py
[2026-01-29T06:08:53.789+0000] {processor.py:830} INFO - Processing file /home/airflow/.local/lib/python3.12/site-packages/airflow/example_dags/example_sla_dag.py for tasks to queue
[2026-01-29T06:08:53.791+0000] {logging_mixin.py:188} INFO - [2026-01-29T06:08:53.790+0000] {dagbag.py:545} INFO - Filling up the DagBag from /home/airflow/.local/lib/python3.12/site-packages/airflow/example_dags/example_sla_dag.py
[2026-01-29T06:08:53.801+0000] {processor.py:840} INFO - DAG(s) 'example_sla_dag' retrieved from /home/airflow/.local/lib/python3.12/site-packages/airflow/example_dags/example_sla_dag.py
[2026-01-29T06:08:53.823+0000] {logging_mixin.py:188} INFO - [2026-01-29T06:08:53.823+0000] {dag.py:3089} INFO - Sync 1 DAGs
[2026-01-29T06:08:53.852+0000] {logging_mixin.py:188} INFO - [2026-01-29T06:08:53.851+0000] {dag.py:3947} INFO - Setting next_dagrun for example_sla_dag to 2026-01-29 06:06:00+00:00, run_after=2026-01-29 06:08:00+00:00
[2026-01-29T06:08:53.871+0000] {processor.py:183} INFO - Processing /home/airflow/.local/lib/python3.12/site-packages/airflow/example_dags/example_sla_dag.py took 0.091 seconds
[2026-01-29T06:09:24.580+0000] {processor.py:161} INFO - Started process (PID=107159) to work on /home/airflow/.local/lib/python3.12/site-packages/airflow/example_dags/example_sla_dag.py
[2026-01-29T06:09:24.581+0000] {processor.py:830} INFO - Processing file /home/airflow/.local/lib/python3.12/site-packages/airflow/example_dags/example_sla_dag.py for tasks to queue
[2026-01-29T06:09:24.583+0000] {logging_mixin.py:188} INFO - [2026-01-29T06:09:24.582+0000] {dagbag.py:545} INFO - Filling up the DagBag from /home/airflow/.local/lib/python3.12/site-packages/airflow/example_dags/example_sla_dag.py
[2026-01-29T06:09:24.593+0000] {processor.py:840} INFO - DAG(s) 'example_sla_dag' retrieved from /home/airflow/.local/lib/python3.12/site-packages/airflow/example_dags/example_sla_dag.py
[2026-01-29T06:09:24.612+0000] {logging_mixin.py:188} INFO - [2026-01-29T06:09:24.612+0000] {dag.py:3089} INFO - Sync 1 DAGs
[2026-01-29T06:09:24.637+0000] {logging_mixin.py:188} INFO - [2026-01-29T06:09:24.637+0000] {dag.py:3947} INFO - Setting next_dagrun for example_sla_dag to 2026-01-29 06:06:00+00:00, run_after=2026-01-29 06:08:00+00:00
[2026-01-29T06:09:24.656+0000] {processor.py:183} INFO - Processing /home/airflow/.local/lib/python3.12/site-packages/airflow/example_dags/example_sla_dag.py took 0.085 seconds
[2026-01-29T06:09:55.188+0000] {processor.py:161} INFO - Started process (PID=107218) to work on /home/airflow/.local/lib/python3.12/site-packages/airflow/example_dags/example_sla_dag.py
[2026-01-29T06:09:55.189+0000] {processor.py:830} INFO - Processing file /home/airflow/.local/lib/python3.12/site-packages/airflow/example_dags/example_sla_dag.py for tasks to queue
[2026-01-29T06:09:55.190+0000] {logging_mixin.py:188} INFO - [2026-01-29T06:09:55.190+0000] {dagbag.py:545} INFO - Filling up the DagBag from /home/airflow/.local/lib/python3.12/site-packages/airflow/example_dags/example_sla_dag.py
[2026-01-29T06:09:55.199+0000] {processor.py:840} INFO - DAG(s) 'example_sla_dag' retrieved from /home/airflow/.local/lib/python3.12/site-packages/airflow/example_dags/example_sla_dag.py
[2026-01-29T06:09:55.218+0000] {logging_mixin.py:188} INFO - [2026-01-29T06:09:55.218+0000] {dag.py:3089} INFO - Sync 1 DAGs
[2026-01-29T06:09:55.244+0000] {logging_mixin.py:188} INFO - [2026-01-29T06:09:55.243+0000] {dag.py:3947} INFO - Setting next_dagrun for example_sla_dag to 2026-01-29 06:06:00+00:00, run_after=2026-01-29 06:08:00+00:00
[2026-01-29T06:09:55.263+0000] {processor.py:183} INFO - Processing /home/airflow/.local/lib/python3.12/site-packages/airflow/example_dags/example_sla_dag.py took 0.080 seconds
[2026-01-29T06:10:25.924+0000] {processor.py:161} INFO - Started process (PID=107282) to work on /home/airflow/.local/lib/python3.12/site-packages/airflow/example_dags/example_sla_dag.py
[2026-01-29T06:10:25.926+0000] {processor.py:830} INFO - Processing file /home/airflow/.local/lib/python3.12/site-packages/airflow/example_dags/example_sla_dag.py for tasks to queue
[2026-01-29T06:10:25.927+0000] {logging_mixin.py:188} INFO - [2026-01-29T06:10:25.927+0000] {dagbag.py:545} INFO - Filling up the DagBag from /home/airflow/.local/lib/python3.12/site-packages/airflow/example_dags/example_sla_dag.py
[2026-01-29T06:10:25.935+0000] {processor.py:840} INFO - DAG(s) 'example_sla_dag' retrieved from /home/airflow/.local/lib/python3.12/site-packages/airflow/example_dags/example_sla_dag.py
[2026-01-29T06:10:25.956+0000] {logging_mixin.py:188} INFO - [2026-01-29T06:10:25.956+0000] {dag.py:3089} INFO - Sync 1 DAGs
[2026-01-29T06:10:25.982+0000] {logging_mixin.py:188} INFO - [2026-01-29T06:10:25.982+0000] {dag.py:3947} INFO - Setting next_dagrun for example_sla_dag to 2026-01-29 06:08:00+00:00, run_after=2026-01-29 06:10:00+00:00
[2026-01-29T06:10:26.005+0000] {processor.py:183} INFO - Processing /home/airflow/.local/lib/python3.12/site-packages/airflow/example_dags/example_sla_dag.py took 0.086 seconds
[2026-01-29T06:10:56.493+0000] {processor.py:161} INFO - Started process (PID=107341) to work on /home/airflow/.local/lib/python3.12/site-packages/airflow/example_dags/example_sla_dag.py
[2026-01-29T06:10:56.494+0000] {processor.py:830} INFO - Processing file /home/airflow/.local/lib/python3.12/site-packages/airflow/example_dags/example_sla_dag.py for tasks to queue
[2026-01-29T06:10:56.495+0000] {logging_mixin.py:188} INFO - [2026-01-29T06:10:56.495+0000] {dagbag.py:545} INFO - Filling up the DagBag from /home/airflow/.local/lib/python3.12/site-packages/airflow/example_dags/example_sla_dag.py
[2026-01-29T06:10:56.503+0000] {processor.py:840} INFO - DAG(s) 'example_sla_dag' retrieved from /home/airflow/.local/lib/python3.12/site-packages/airflow/example_dags/example_sla_dag.py
[2026-01-29T06:10:56.523+0000] {logging_mixin.py:188} INFO - [2026-01-29T06:10:56.523+0000] {dag.py:3089} INFO - Sync 1 DAGs
[2026-01-29T06:10:56.550+0000] {logging_mixin.py:188} INFO - [2026-01-29T06:10:56.549+0000] {dag.py:3947} INFO - Setting next_dagrun for example_sla_dag to 2026-01-29 06:08:00+00:00, run_after=2026-01-29 06:10:00+00:00
[2026-01-29T06:10:56.569+0000] {processor.py:183} INFO - Processing /home/airflow/.local/lib/python3.12/site-packages/airflow/example_dags/example_sla_dag.py took 0.081 seconds
[2026-01-29T06:11:27.195+0000] {processor.py:161} INFO - Started process (PID=107405) to work on /home/airflow/.local/lib/python3.12/site-packages/airflow/example_dags/example_sla_dag.py
[2026-01-29T06:11:27.197+0000] {processor.py:830} INFO - Processing file /home/airflow/.local/lib/python3.12/site-packages/airflow/example_dags/example_sla_dag.py for tasks to queue
[2026-01-29T06:11:27.198+0000] {logging_mixin.py:188} INFO - [2026-01-29T06:11:27.198+0000] {dagbag.py:545} INFO - Filling up the DagBag from /home/airflow/.local/lib/python3.12/site-packages/airflow/example_dags/example_sla_dag.py
[2026-01-29T06:11:27.209+0000] {processor.py:840} INFO - DAG(s) 'example_sla_dag' retrieved from /home/airflow/.local/lib/python3.12/site-packages/airflow/example_dags/example_sla_dag.py
[2026-01-29T06:11:27.230+0000] {logging_mixin.py:188} INFO - [2026-01-29T06:11:27.230+0000] {dag.py:3089} INFO - Sync 1 DAGs
[2026-01-29T06:11:27.258+0000] {logging_mixin.py:188} INFO - [2026-01-29T06:11:27.258+0000] {dag.py:3947} INFO - Setting next_dagrun for example_sla_dag to 2026-01-29 06:08:00+00:00, run_after=2026-01-29 06:10:00+00:00
[2026-01-29T06:11:27.278+0000] {processor.py:183} INFO - Processing /home/airflow/.local/lib/python3.12/site-packages/airflow/example_dags/example_sla_dag.py took 0.091 seconds
[2026-01-29T06:11:57.786+0000] {processor.py:161} INFO - Started process (PID=107464) to work on /home/airflow/.local/lib/python3.12/site-packages/airflow/example_dags/example_sla_dag.py
[2026-01-29T06:11:57.787+0000] {processor.py:830} INFO - Processing file /home/airflow/.local/lib/python3.12/site-packages/airflow/example_dags/example_sla_dag.py for tasks to queue
[2026-01-29T06:11:57.788+0000] {logging_mixin.py:188} INFO - [2026-01-29T06:11:57.788+0000] {dagbag.py:545} INFO - Filling up the DagBag from /home/airflow/.local/lib/python3.12/site-packages/airflow/example_dags/example_sla_dag.py
[2026-01-29T06:11:57.797+0000] {processor.py:840} INFO - DAG(s) 'example_sla_dag' retrieved from /home/airflow/.local/lib/python3.12/site-packages/airflow/example_dags/example_sla_dag.py
[2026-01-29T06:11:57.815+0000] {logging_mixin.py:188} INFO - [2026-01-29T06:11:57.815+0000] {dag.py:3089} INFO - Sync 1 DAGs
[2026-01-29T06:11:57.840+0000] {logging_mixin.py:188} INFO - [2026-01-29T06:11:57.840+0000] {dag.py:3947} INFO - Setting next_dagrun for example_sla_dag to 2026-01-29 06:08:00+00:00, run_after=2026-01-29 06:10:00+00:00
[2026-01-29T06:11:57.858+0000] {processor.py:183} INFO - Processing /home/airflow/.local/lib/python3.12/site-packages/airflow/example_dags/example_sla_dag.py took 0.078 seconds
[2026-01-29T06:12:28.347+0000] {processor.py:161} INFO - Started process (PID=107528) to work on /home/airflow/.local/lib/python3.12/site-packages/airflow/example_dags/example_sla_dag.py
[2026-01-29T06:12:28.349+0000] {processor.py:830} INFO - Processing file /home/airflow/.local/lib/python3.12/site-packages/airflow/example_dags/example_sla_dag.py for tasks to queue
[2026-01-29T06:12:28.351+0000] {logging_mixin.py:188} INFO - [2026-01-29T06:12:28.350+0000] {dagbag.py:545} INFO - Filling up the DagBag from /home/airflow/.local/lib/python3.12/site-packages/airflow/example_dags/example_sla_dag.py
[2026-01-29T06:12:28.361+0000] {processor.py:840} INFO - DAG(s) 'example_sla_dag' retrieved from /home/airflow/.local/lib/python3.12/site-packages/airflow/example_dags/example_sla_dag.py
[2026-01-29T06:12:28.382+0000] {logging_mixin.py:188} INFO - [2026-01-29T06:12:28.381+0000] {dag.py:3089} INFO - Sync 1 DAGs
[2026-01-29T06:12:28.408+0000] {logging_mixin.py:188} INFO - [2026-01-29T06:12:28.408+0000] {dag.py:3947} INFO - Setting next_dagrun for example_sla_dag to 2026-01-29 06:10:00+00:00, run_after=2026-01-29 06:12:00+00:00
[2026-01-29T06:12:28.428+0000] {processor.py:183} INFO - Processing /home/airflow/.local/lib/python3.12/site-packages/airflow/example_dags/example_sla_dag.py took 0.087 seconds
[2026-01-29T06:12:59.369+0000] {processor.py:161} INFO - Started process (PID=107593) to work on /home/airflow/.local/lib/python3.12/site-packages/airflow/example_dags/example_sla_dag.py
[2026-01-29T06:12:59.370+0000] {processor.py:830} INFO - Processing file /home/airflow/.local/lib/python3.12/site-packages/airflow/example_dags/example_sla_dag.py for tasks to queue
[2026-01-29T06:12:59.372+0000] {logging_mixin.py:188} INFO - [2026-01-29T06:12:59.371+0000] {dagbag.py:545} INFO - Filling up the DagBag from /home/airflow/.local/lib/python3.12/site-packages/airflow/example_dags/example_sla_dag.py
[2026-01-29T06:12:59.382+0000] {processor.py:840} INFO - DAG(s) 'example_sla_dag' retrieved from /home/airflow/.local/lib/python3.12/site-packages/airflow/example_dags/example_sla_dag.py
[2026-01-29T06:12:59.403+0000] {logging_mixin.py:188} INFO - [2026-01-29T06:12:59.403+0000] {dag.py:3089} INFO - Sync 1 DAGs
[2026-01-29T06:12:59.433+0000] {logging_mixin.py:188} INFO - [2026-01-29T06:12:59.432+0000] {dag.py:3947} INFO - Setting next_dagrun for example_sla_dag to 2026-01-29 06:10:00+00:00, run_after=2026-01-29 06:12:00+00:00
[2026-01-29T06:12:59.455+0000] {processor.py:183} INFO - Processing /home/airflow/.local/lib/python3.12/site-packages/airflow/example_dags/example_sla_dag.py took 0.094 seconds
[2026-01-29T06:13:29.993+0000] {processor.py:161} INFO - Started process (PID=107657) to work on /home/airflow/.local/lib/python3.12/site-packages/airflow/example_dags/example_sla_dag.py
[2026-01-29T06:13:29.994+0000] {processor.py:830} INFO - Processing file /home/airflow/.local/lib/python3.12/site-packages/airflow/example_dags/example_sla_dag.py for tasks to queue
[2026-01-29T06:13:29.996+0000] {logging_mixin.py:188} INFO - [2026-01-29T06:13:29.996+0000] {dagbag.py:545} INFO - Filling up the DagBag from /home/airflow/.local/lib/python3.12/site-packages/airflow/example_dags/example_sla_dag.py
[2026-01-29T06:13:30.007+0000] {processor.py:840} INFO - DAG(s) 'example_sla_dag' retrieved from /home/airflow/.local/lib/python3.12/site-packages/airflow/example_dags/example_sla_dag.py
[2026-01-29T06:13:30.029+0000] {logging_mixin.py:188} INFO - [2026-01-29T06:13:30.029+0000] {dag.py:3089} INFO - Sync 1 DAGs
[2026-01-29T06:13:30.059+0000] {logging_mixin.py:188} INFO - [2026-01-29T06:13:30.059+0000] {dag.py:3947} INFO - Setting next_dagrun for example_sla_dag to 2026-01-29 06:10:00+00:00, run_after=2026-01-29 06:12:00+00:00
[2026-01-29T06:13:30.082+0000] {processor.py:183} INFO - Processing /home/airflow/.local/lib/python3.12/site-packages/airflow/example_dags/example_sla_dag.py took 0.097 seconds
[2026-01-29T06:14:00.506+0000] {processor.py:161} INFO - Started process (PID=107721) to work on /home/airflow/.local/lib/python3.12/site-packages/airflow/example_dags/example_sla_dag.py
[2026-01-29T06:14:00.507+0000] {processor.py:830} INFO - Processing file /home/airflow/.local/lib/python3.12/site-packages/airflow/example_dags/example_sla_dag.py for tasks to queue
[2026-01-29T06:14:00.509+0000] {logging_mixin.py:188} INFO - [2026-01-29T06:14:00.509+0000] {dagbag.py:545} INFO - Filling up the DagBag from /home/airflow/.local/lib/python3.12/site-packages/airflow/example_dags/example_sla_dag.py
[2026-01-29T06:14:00.522+0000] {processor.py:840} INFO - DAG(s) 'example_sla_dag' retrieved from /home/airflow/.local/lib/python3.12/site-packages/airflow/example_dags/example_sla_dag.py
[2026-01-29T06:14:00.550+0000] {logging_mixin.py:188} INFO - [2026-01-29T06:14:00.549+0000] {dag.py:3089} INFO - Sync 1 DAGs
[2026-01-29T06:14:00.590+0000] {logging_mixin.py:188} INFO - [2026-01-29T06:14:00.589+0000] {dag.py:3947} INFO - Setting next_dagrun for example_sla_dag to 2026-01-29 06:12:00+00:00, run_after=2026-01-29 06:14:00+00:00
[2026-01-29T06:14:00.611+0000] {processor.py:183} INFO - Processing /home/airflow/.local/lib/python3.12/site-packages/airflow/example_dags/example_sla_dag.py took 0.113 seconds
[2026-01-29T06:14:31.188+0000] {processor.py:161} INFO - Started process (PID=107780) to work on /home/airflow/.local/lib/python3.12/site-packages/airflow/example_dags/example_sla_dag.py
[2026-01-29T06:14:31.190+0000] {processor.py:830} INFO - Processing file /home/airflow/.local/lib/python3.12/site-packages/airflow/example_dags/example_sla_dag.py for tasks to queue
[2026-01-29T06:14:31.192+0000] {logging_mixin.py:188} INFO - [2026-01-29T06:14:31.191+0000] {dagbag.py:545} INFO - Filling up the DagBag from /home/airflow/.local/lib/python3.12/site-packages/airflow/example_dags/example_sla_dag.py
[2026-01-29T06:14:31.202+0000] {processor.py:840} INFO - DAG(s) 'example_sla_dag' retrieved from /home/airflow/.local/lib/python3.12/site-packages/airflow/example_dags/example_sla_dag.py
[2026-01-29T06:14:31.224+0000] {logging_mixin.py:188} INFO - [2026-01-29T06:14:31.224+0000] {dag.py:3089} INFO - Sync 1 DAGs
[2026-01-29T06:14:31.254+0000] {logging_mixin.py:188} INFO - [2026-01-29T06:14:31.253+0000] {dag.py:3947} INFO - Setting next_dagrun for example_sla_dag to 2026-01-29 06:12:00+00:00, run_after=2026-01-29 06:14:00+00:00
[2026-01-29T06:14:31.276+0000] {processor.py:183} INFO - Processing /home/airflow/.local/lib/python3.12/site-packages/airflow/example_dags/example_sla_dag.py took 0.096 seconds
[2026-01-29T06:15:01.874+0000] {processor.py:161} INFO - Started process (PID=107844) to work on /home/airflow/.local/lib/python3.12/site-packages/airflow/example_dags/example_sla_dag.py
[2026-01-29T06:15:01.875+0000] {processor.py:830} INFO - Processing file /home/airflow/.local/lib/python3.12/site-packages/airflow/example_dags/example_sla_dag.py for tasks to queue
[2026-01-29T06:15:01.877+0000] {logging_mixin.py:188} INFO - [2026-01-29T06:15:01.876+0000] {dagbag.py:545} INFO - Filling up the DagBag from /home/airflow/.local/lib/python3.12/site-packages/airflow/example_dags/example_sla_dag.py
[2026-01-29T06:15:01.888+0000] {processor.py:840} INFO - DAG(s) 'example_sla_dag' retrieved from /home/airflow/.local/lib/python3.12/site-packages/airflow/example_dags/example_sla_dag.py
[2026-01-29T06:15:01.911+0000] {logging_mixin.py:188} INFO - [2026-01-29T06:15:01.911+0000] {dag.py:3089} INFO - Sync 1 DAGs
[2026-01-29T06:15:01.949+0000] {logging_mixin.py:188} INFO - [2026-01-29T06:15:01.948+0000] {dag.py:3947} INFO - Setting next_dagrun for example_sla_dag to 2026-01-29 06:12:00+00:00, run_after=2026-01-29 06:14:00+00:00
[2026-01-29T06:15:01.977+0000] {processor.py:183} INFO - Processing /home/airflow/.local/lib/python3.12/site-packages/airflow/example_dags/example_sla_dag.py took 0.110 seconds
[2026-01-29T06:15:32.029+0000] {processor.py:161} INFO - Started process (PID=107903) to work on /home/airflow/.local/lib/python3.12/site-packages/airflow/example_dags/example_sla_dag.py
[2026-01-29T06:15:32.030+0000] {processor.py:830} INFO - Processing file /home/airflow/.local/lib/python3.12/site-packages/airflow/example_dags/example_sla_dag.py for tasks to queue
[2026-01-29T06:15:32.032+0000] {logging_mixin.py:188} INFO - [2026-01-29T06:15:32.031+0000] {dagbag.py:545} INFO - Filling up the DagBag from /home/airflow/.local/lib/python3.12/site-packages/airflow/example_dags/example_sla_dag.py
[2026-01-29T06:15:32.040+0000] {processor.py:840} INFO - DAG(s) 'example_sla_dag' retrieved from /home/airflow/.local/lib/python3.12/site-packages/airflow/example_dags/example_sla_dag.py
[2026-01-29T06:15:32.059+0000] {logging_mixin.py:188} INFO - [2026-01-29T06:15:32.058+0000] {dag.py:3089} INFO - Sync 1 DAGs
[2026-01-29T06:15:32.084+0000] {logging_mixin.py:188} INFO - [2026-01-29T06:15:32.084+0000] {dag.py:3947} INFO - Setting next_dagrun for example_sla_dag to 2026-01-29 06:12:00+00:00, run_after=2026-01-29 06:14:00+00:00
[2026-01-29T06:15:32.104+0000] {processor.py:183} INFO - Processing /home/airflow/.local/lib/python3.12/site-packages/airflow/example_dags/example_sla_dag.py took 0.081 seconds
[2026-01-29T06:16:02.179+0000] {processor.py:161} INFO - Started process (PID=107967) to work on /home/airflow/.local/lib/python3.12/site-packages/airflow/example_dags/example_sla_dag.py
[2026-01-29T06:16:02.180+0000] {processor.py:830} INFO - Processing file /home/airflow/.local/lib/python3.12/site-packages/airflow/example_dags/example_sla_dag.py for tasks to queue
[2026-01-29T06:16:02.182+0000] {logging_mixin.py:188} INFO - [2026-01-29T06:16:02.181+0000] {dagbag.py:545} INFO - Filling up the DagBag from /home/airflow/.local/lib/python3.12/site-packages/airflow/example_dags/example_sla_dag.py
[2026-01-29T06:16:02.190+0000] {processor.py:840} INFO - DAG(s) 'example_sla_dag' retrieved from /home/airflow/.local/lib/python3.12/site-packages/airflow/example_dags/example_sla_dag.py
[2026-01-29T06:16:02.209+0000] {logging_mixin.py:188} INFO - [2026-01-29T06:16:02.209+0000] {dag.py:3089} INFO - Sync 1 DAGs
[2026-01-29T06:16:02.235+0000] {logging_mixin.py:188} INFO - [2026-01-29T06:16:02.235+0000] {dag.py:3947} INFO - Setting next_dagrun for example_sla_dag to 2026-01-29 06:14:00+00:00, run_after=2026-01-29 06:16:00+00:00
[2026-01-29T06:16:02.253+0000] {processor.py:183} INFO - Processing /home/airflow/.local/lib/python3.12/site-packages/airflow/example_dags/example_sla_dag.py took 0.080 seconds
[2026-01-29T06:16:32.799+0000] {processor.py:161} INFO - Started process (PID=108026) to work on /home/airflow/.local/lib/python3.12/site-packages/airflow/example_dags/example_sla_dag.py
[2026-01-29T06:16:32.800+0000] {processor.py:830} INFO - Processing file /home/airflow/.local/lib/python3.12/site-packages/airflow/example_dags/example_sla_dag.py for tasks to queue
[2026-01-29T06:16:32.802+0000] {logging_mixin.py:188} INFO - [2026-01-29T06:16:32.802+0000] {dagbag.py:545} INFO - Filling up the DagBag from /home/airflow/.local/lib/python3.12/site-packages/airflow/example_dags/example_sla_dag.py
[2026-01-29T06:16:32.811+0000] {processor.py:840} INFO - DAG(s) 'example_sla_dag' retrieved from /home/airflow/.local/lib/python3.12/site-packages/airflow/example_dags/example_sla_dag.py
[2026-01-29T06:16:32.832+0000] {logging_mixin.py:188} INFO - [2026-01-29T06:16:32.832+0000] {dag.py:3089} INFO - Sync 1 DAGs
[2026-01-29T06:16:32.859+0000] {logging_mixin.py:188} INFO - [2026-01-29T06:16:32.859+0000] {dag.py:3947} INFO - Setting next_dagrun for example_sla_dag to 2026-01-29 06:14:00+00:00, run_after=2026-01-29 06:16:00+00:00
[2026-01-29T06:16:32.878+0000] {processor.py:183} INFO - Processing /home/airflow/.local/lib/python3.12/site-packages/airflow/example_dags/example_sla_dag.py took 0.086 seconds
[2026-01-29T06:17:03.433+0000] {processor.py:161} INFO - Started process (PID=108090) to work on /home/airflow/.local/lib/python3.12/site-packages/airflow/example_dags/example_sla_dag.py
[2026-01-29T06:17:03.434+0000] {processor.py:830} INFO - Processing file /home/airflow/.local/lib/python3.12/site-packages/airflow/example_dags/example_sla_dag.py for tasks to queue
[2026-01-29T06:17:03.435+0000] {logging_mixin.py:188} INFO - [2026-01-29T06:17:03.435+0000] {dagbag.py:545} INFO - Filling up the DagBag from /home/airflow/.local/lib/python3.12/site-packages/airflow/example_dags/example_sla_dag.py
[2026-01-29T06:17:03.445+0000] {processor.py:840} INFO - DAG(s) 'example_sla_dag' retrieved from /home/airflow/.local/lib/python3.12/site-packages/airflow/example_dags/example_sla_dag.py
[2026-01-29T06:17:03.469+0000] {logging_mixin.py:188} INFO - [2026-01-29T06:17:03.469+0000] {dag.py:3089} INFO - Sync 1 DAGs
[2026-01-29T06:17:03.505+0000] {logging_mixin.py:188} INFO - [2026-01-29T06:17:03.504+0000] {dag.py:3947} INFO - Setting next_dagrun for example_sla_dag to 2026-01-29 06:14:00+00:00, run_after=2026-01-29 06:16:00+00:00
[2026-01-29T06:17:03.532+0000] {processor.py:183} INFO - Processing /home/airflow/.local/lib/python3.12/site-packages/airflow/example_dags/example_sla_dag.py took 0.105 seconds
[2026-01-29T06:17:34.061+0000] {processor.py:161} INFO - Started process (PID=108149) to work on /home/airflow/.local/lib/python3.12/site-packages/airflow/example_dags/example_sla_dag.py
[2026-01-29T06:17:34.062+0000] {processor.py:830} INFO - Processing file /home/airflow/.local/lib/python3.12/site-packages/airflow/example_dags/example_sla_dag.py for tasks to queue
[2026-01-29T06:17:34.064+0000] {logging_mixin.py:188} INFO - [2026-01-29T06:17:34.064+0000] {dagbag.py:545} INFO - Filling up the DagBag from /home/airflow/.local/lib/python3.12/site-packages/airflow/example_dags/example_sla_dag.py
[2026-01-29T06:17:34.074+0000] {processor.py:840} INFO - DAG(s) 'example_sla_dag' retrieved from /home/airflow/.local/lib/python3.12/site-packages/airflow/example_dags/example_sla_dag.py
[2026-01-29T06:17:34.096+0000] {logging_mixin.py:188} INFO - [2026-01-29T06:17:34.095+0000] {dag.py:3089} INFO - Sync 1 DAGs
[2026-01-29T06:17:34.124+0000] {logging_mixin.py:188} INFO - [2026-01-29T06:17:34.124+0000] {dag.py:3947} INFO - Setting next_dagrun for example_sla_dag to 2026-01-29 06:14:00+00:00, run_after=2026-01-29 06:16:00+00:00
[2026-01-29T06:17:34.144+0000] {processor.py:183} INFO - Processing /home/airflow/.local/lib/python3.12/site-packages/airflow/example_dags/example_sla_dag.py took 0.092 seconds
[2026-01-29T06:18:04.704+0000] {processor.py:161} INFO - Started process (PID=108213) to work on /home/airflow/.local/lib/python3.12/site-packages/airflow/example_dags/example_sla_dag.py
[2026-01-29T06:18:04.704+0000] {processor.py:830} INFO - Processing file /home/airflow/.local/lib/python3.12/site-packages/airflow/example_dags/example_sla_dag.py for tasks to queue
[2026-01-29T06:18:04.706+0000] {logging_mixin.py:188} INFO - [2026-01-29T06:18:04.706+0000] {dagbag.py:545} INFO - Filling up the DagBag from /home/airflow/.local/lib/python3.12/site-packages/airflow/example_dags/example_sla_dag.py
[2026-01-29T06:18:04.715+0000] {processor.py:840} INFO - DAG(s) 'example_sla_dag' retrieved from /home/airflow/.local/lib/python3.12/site-packages/airflow/example_dags/example_sla_dag.py
[2026-01-29T06:18:04.735+0000] {logging_mixin.py:188} INFO - [2026-01-29T06:18:04.734+0000] {dag.py:3089} INFO - Sync 1 DAGs
[2026-01-29T06:18:04.762+0000] {logging_mixin.py:188} INFO - [2026-01-29T06:18:04.762+0000] {dag.py:3947} INFO - Setting next_dagrun for example_sla_dag to 2026-01-29 06:16:00+00:00, run_after=2026-01-29 06:18:00+00:00
[2026-01-29T06:18:04.782+0000] {processor.py:183} INFO - Processing /home/airflow/.local/lib/python3.12/site-packages/airflow/example_dags/example_sla_dag.py took 0.084 seconds
[2026-01-29T06:18:35.276+0000] {processor.py:161} INFO - Started process (PID=108272) to work on /home/airflow/.local/lib/python3.12/site-packages/airflow/example_dags/example_sla_dag.py
[2026-01-29T06:18:35.278+0000] {processor.py:830} INFO - Processing file /home/airflow/.local/lib/python3.12/site-packages/airflow/example_dags/example_sla_dag.py for tasks to queue
[2026-01-29T06:18:35.280+0000] {logging_mixin.py:188} INFO - [2026-01-29T06:18:35.279+0000] {dagbag.py:545} INFO - Filling up the DagBag from /home/airflow/.local/lib/python3.12/site-packages/airflow/example_dags/example_sla_dag.py
[2026-01-29T06:18:35.290+0000] {processor.py:840} INFO - DAG(s) 'example_sla_dag' retrieved from /home/airflow/.local/lib/python3.12/site-packages/airflow/example_dags/example_sla_dag.py
[2026-01-29T06:18:35.312+0000] {logging_mixin.py:188} INFO - [2026-01-29T06:18:35.312+0000] {dag.py:3089} INFO - Sync 1 DAGs
[2026-01-29T06:18:35.340+0000] {logging_mixin.py:188} INFO - [2026-01-29T06:18:35.340+0000] {dag.py:3947} INFO - Setting next_dagrun for example_sla_dag to 2026-01-29 06:16:00+00:00, run_after=2026-01-29 06:18:00+00:00
[2026-01-29T06:18:35.361+0000] {processor.py:183} INFO - Processing /home/airflow/.local/lib/python3.12/site-packages/airflow/example_dags/example_sla_dag.py took 0.092 seconds
[2026-01-29T06:19:05.647+0000] {processor.py:161} INFO - Started process (PID=108336) to work on /home/airflow/.local/lib/python3.12/site-packages/airflow/example_dags/example_sla_dag.py
[2026-01-29T06:19:05.648+0000] {processor.py:830} INFO - Processing file /home/airflow/.local/lib/python3.12/site-packages/airflow/example_dags/example_sla_dag.py for tasks to queue
[2026-01-29T06:19:05.649+0000] {logging_mixin.py:188} INFO - [2026-01-29T06:19:05.649+0000] {dagbag.py:545} INFO - Filling up the DagBag from /home/airflow/.local/lib/python3.12/site-packages/airflow/example_dags/example_sla_dag.py
[2026-01-29T06:19:05.657+0000] {processor.py:840} INFO - DAG(s) 'example_sla_dag' retrieved from /home/airflow/.local/lib/python3.12/site-packages/airflow/example_dags/example_sla_dag.py
[2026-01-29T06:19:05.675+0000] {logging_mixin.py:188} INFO - [2026-01-29T06:19:05.675+0000] {dag.py:3089} INFO - Sync 1 DAGs
[2026-01-29T06:19:05.700+0000] {logging_mixin.py:188} INFO - [2026-01-29T06:19:05.700+0000] {dag.py:3947} INFO - Setting next_dagrun for example_sla_dag to 2026-01-29 06:16:00+00:00, run_after=2026-01-29 06:18:00+00:00
[2026-01-29T06:19:05.718+0000] {processor.py:183} INFO - Processing /home/airflow/.local/lib/python3.12/site-packages/airflow/example_dags/example_sla_dag.py took 0.076 seconds
[2026-01-29T06:19:35.774+0000] {processor.py:161} INFO - Started process (PID=108395) to work on /home/airflow/.local/lib/python3.12/site-packages/airflow/example_dags/example_sla_dag.py
[2026-01-29T06:19:35.776+0000] {processor.py:830} INFO - Processing file /home/airflow/.local/lib/python3.12/site-packages/airflow/example_dags/example_sla_dag.py for tasks to queue
[2026-01-29T06:19:35.777+0000] {logging_mixin.py:188} INFO - [2026-01-29T06:19:35.777+0000] {dagbag.py:545} INFO - Filling up the DagBag from /home/airflow/.local/lib/python3.12/site-packages/airflow/example_dags/example_sla_dag.py
[2026-01-29T06:19:35.787+0000] {processor.py:840} INFO - DAG(s) 'example_sla_dag' retrieved from /home/airflow/.local/lib/python3.12/site-packages/airflow/example_dags/example_sla_dag.py
[2026-01-29T06:19:35.806+0000] {logging_mixin.py:188} INFO - [2026-01-29T06:19:35.806+0000] {dag.py:3089} INFO - Sync 1 DAGs
[2026-01-29T06:19:35.831+0000] {logging_mixin.py:188} INFO - [2026-01-29T06:19:35.831+0000] {dag.py:3947} INFO - Setting next_dagrun for example_sla_dag to 2026-01-29 06:16:00+00:00, run_after=2026-01-29 06:18:00+00:00
[2026-01-29T06:19:35.850+0000] {processor.py:183} INFO - Processing /home/airflow/.local/lib/python3.12/site-packages/airflow/example_dags/example_sla_dag.py took 0.083 seconds
[2026-01-29T06:20:06.127+0000] {processor.py:161} INFO - Started process (PID=108459) to work on /home/airflow/.local/lib/python3.12/site-packages/airflow/example_dags/example_sla_dag.py
[2026-01-29T06:20:06.128+0000] {processor.py:830} INFO - Processing file /home/airflow/.local/lib/python3.12/site-packages/airflow/example_dags/example_sla_dag.py for tasks to queue
[2026-01-29T06:20:06.129+0000] {logging_mixin.py:188} INFO - [2026-01-29T06:20:06.129+0000] {dagbag.py:545} INFO - Filling up the DagBag from /home/airflow/.local/lib/python3.12/site-packages/airflow/example_dags/example_sla_dag.py
[2026-01-29T06:20:06.138+0000] {processor.py:840} INFO - DAG(s) 'example_sla_dag' retrieved from /home/airflow/.local/lib/python3.12/site-packages/airflow/example_dags/example_sla_dag.py
[2026-01-29T06:20:06.156+0000] {logging_mixin.py:188} INFO - [2026-01-29T06:20:06.156+0000] {dag.py:3089} INFO - Sync 1 DAGs
[2026-01-29T06:20:06.181+0000] {logging_mixin.py:188} INFO - [2026-01-29T06:20:06.181+0000] {dag.py:3947} INFO - Setting next_dagrun for example_sla_dag to 2026-01-29 06:18:00+00:00, run_after=2026-01-29 06:20:00+00:00
[2026-01-29T06:20:06.202+0000] {processor.py:183} INFO - Processing /home/airflow/.local/lib/python3.12/site-packages/airflow/example_dags/example_sla_dag.py took 0.081 seconds
[2026-01-29T06:20:36.528+0000] {processor.py:161} INFO - Started process (PID=108518) to work on /home/airflow/.local/lib/python3.12/site-packages/airflow/example_dags/example_sla_dag.py
[2026-01-29T06:20:36.529+0000] {processor.py:830} INFO - Processing file /home/airflow/.local/lib/python3.12/site-packages/airflow/example_dags/example_sla_dag.py for tasks to queue
[2026-01-29T06:20:36.531+0000] {logging_mixin.py:188} INFO - [2026-01-29T06:20:36.530+0000] {dagbag.py:545} INFO - Filling up the DagBag from /home/airflow/.local/lib/python3.12/site-packages/airflow/example_dags/example_sla_dag.py
[2026-01-29T06:20:36.539+0000] {processor.py:840} INFO - DAG(s) 'example_sla_dag' retrieved from /home/airflow/.local/lib/python3.12/site-packages/airflow/example_dags/example_sla_dag.py
[2026-01-29T06:20:36.563+0000] {logging_mixin.py:188} INFO - [2026-01-29T06:20:36.563+0000] {dag.py:3089} INFO - Sync 1 DAGs
[2026-01-29T06:20:36.593+0000] {logging_mixin.py:188} INFO - [2026-01-29T06:20:36.592+0000] {dag.py:3947} INFO - Setting next_dagrun for example_sla_dag to 2026-01-29 06:18:00+00:00, run_after=2026-01-29 06:20:00+00:00
[2026-01-29T06:20:36.614+0000] {processor.py:183} INFO - Processing /home/airflow/.local/lib/python3.12/site-packages/airflow/example_dags/example_sla_dag.py took 0.092 seconds
[2026-01-29T06:21:06.826+0000] {processor.py:161} INFO - Started process (PID=108582) to work on /home/airflow/.local/lib/python3.12/site-packages/airflow/example_dags/example_sla_dag.py
[2026-01-29T06:21:06.827+0000] {processor.py:830} INFO - Processing file /home/airflow/.local/lib/python3.12/site-packages/airflow/example_dags/example_sla_dag.py for tasks to queue
[2026-01-29T06:21:06.829+0000] {logging_mixin.py:188} INFO - [2026-01-29T06:21:06.829+0000] {dagbag.py:545} INFO - Filling up the DagBag from /home/airflow/.local/lib/python3.12/site-packages/airflow/example_dags/example_sla_dag.py
[2026-01-29T06:21:06.839+0000] {processor.py:840} INFO - DAG(s) 'example_sla_dag' retrieved from /home/airflow/.local/lib/python3.12/site-packages/airflow/example_dags/example_sla_dag.py
[2026-01-29T06:21:06.860+0000] {logging_mixin.py:188} INFO - [2026-01-29T06:21:06.860+0000] {dag.py:3089} INFO - Sync 1 DAGs
[2026-01-29T06:21:06.886+0000] {logging_mixin.py:188} INFO - [2026-01-29T06:21:06.886+0000] {dag.py:3947} INFO - Setting next_dagrun for example_sla_dag to 2026-01-29 06:18:00+00:00, run_after=2026-01-29 06:20:00+00:00
[2026-01-29T06:21:06.905+0000] {processor.py:183} INFO - Processing /home/airflow/.local/lib/python3.12/site-packages/airflow/example_dags/example_sla_dag.py took 0.086 seconds
[2026-01-29T06:21:37.064+0000] {processor.py:161} INFO - Started process (PID=108641) to work on /home/airflow/.local/lib/python3.12/site-packages/airflow/example_dags/example_sla_dag.py
[2026-01-29T06:21:37.066+0000] {processor.py:830} INFO - Processing file /home/airflow/.local/lib/python3.12/site-packages/airflow/example_dags/example_sla_dag.py for tasks to queue
[2026-01-29T06:21:37.067+0000] {logging_mixin.py:188} INFO - [2026-01-29T06:21:37.067+0000] {dagbag.py:545} INFO - Filling up the DagBag from /home/airflow/.local/lib/python3.12/site-packages/airflow/example_dags/example_sla_dag.py
[2026-01-29T06:21:37.077+0000] {processor.py:840} INFO - DAG(s) 'example_sla_dag' retrieved from /home/airflow/.local/lib/python3.12/site-packages/airflow/example_dags/example_sla_dag.py
[2026-01-29T06:21:37.098+0000] {logging_mixin.py:188} INFO - [2026-01-29T06:21:37.097+0000] {dag.py:3089} INFO - Sync 1 DAGs
[2026-01-29T06:21:37.126+0000] {logging_mixin.py:188} INFO - [2026-01-29T06:21:37.125+0000] {dag.py:3947} INFO - Setting next_dagrun for example_sla_dag to 2026-01-29 06:18:00+00:00, run_after=2026-01-29 06:20:00+00:00
[2026-01-29T06:21:37.145+0000] {processor.py:183} INFO - Processing /home/airflow/.local/lib/python3.12/site-packages/airflow/example_dags/example_sla_dag.py took 0.087 seconds
[2026-01-29T06:22:07.273+0000] {processor.py:161} INFO - Started process (PID=108705) to work on /home/airflow/.local/lib/python3.12/site-packages/airflow/example_dags/example_sla_dag.py
[2026-01-29T06:22:07.274+0000] {processor.py:830} INFO - Processing file /home/airflow/.local/lib/python3.12/site-packages/airflow/example_dags/example_sla_dag.py for tasks to queue
[2026-01-29T06:22:07.275+0000] {logging_mixin.py:188} INFO - [2026-01-29T06:22:07.275+0000] {dagbag.py:545} INFO - Filling up the DagBag from /home/airflow/.local/lib/python3.12/site-packages/airflow/example_dags/example_sla_dag.py
[2026-01-29T06:22:07.284+0000] {processor.py:840} INFO - DAG(s) 'example_sla_dag' retrieved from /home/airflow/.local/lib/python3.12/site-packages/airflow/example_dags/example_sla_dag.py
[2026-01-29T06:22:07.303+0000] {logging_mixin.py:188} INFO - [2026-01-29T06:22:07.303+0000] {dag.py:3089} INFO - Sync 1 DAGs
[2026-01-29T06:22:07.329+0000] {logging_mixin.py:188} INFO - [2026-01-29T06:22:07.329+0000] {dag.py:3947} INFO - Setting next_dagrun for example_sla_dag to 2026-01-29 06:20:00+00:00, run_after=2026-01-29 06:22:00+00:00
[2026-01-29T06:22:07.348+0000] {processor.py:183} INFO - Processing /home/airflow/.local/lib/python3.12/site-packages/airflow/example_dags/example_sla_dag.py took 0.081 seconds
[2026-01-29T06:22:37.460+0000] {processor.py:161} INFO - Started process (PID=108764) to work on /home/airflow/.local/lib/python3.12/site-packages/airflow/example_dags/example_sla_dag.py
[2026-01-29T06:22:37.462+0000] {processor.py:830} INFO - Processing file /home/airflow/.local/lib/python3.12/site-packages/airflow/example_dags/example_sla_dag.py for tasks to queue
[2026-01-29T06:22:37.464+0000] {logging_mixin.py:188} INFO - [2026-01-29T06:22:37.463+0000] {dagbag.py:545} INFO - Filling up the DagBag from /home/airflow/.local/lib/python3.12/site-packages/airflow/example_dags/example_sla_dag.py
[2026-01-29T06:22:37.474+0000] {processor.py:840} INFO - DAG(s) 'example_sla_dag' retrieved from /home/airflow/.local/lib/python3.12/site-packages/airflow/example_dags/example_sla_dag.py
[2026-01-29T06:22:37.497+0000] {logging_mixin.py:188} INFO - [2026-01-29T06:22:37.497+0000] {dag.py:3089} INFO - Sync 1 DAGs
[2026-01-29T06:22:37.526+0000] {logging_mixin.py:188} INFO - [2026-01-29T06:22:37.526+0000] {dag.py:3947} INFO - Setting next_dagrun for example_sla_dag to 2026-01-29 06:20:00+00:00, run_after=2026-01-29 06:22:00+00:00
[2026-01-29T06:22:37.548+0000] {processor.py:183} INFO - Processing /home/airflow/.local/lib/python3.12/site-packages/airflow/example_dags/example_sla_dag.py took 0.096 seconds
[2026-01-29T06:23:08.323+0000] {processor.py:161} INFO - Started process (PID=108828) to work on /home/airflow/.local/lib/python3.12/site-packages/airflow/example_dags/example_sla_dag.py
[2026-01-29T06:23:08.324+0000] {processor.py:830} INFO - Processing file /home/airflow/.local/lib/python3.12/site-packages/airflow/example_dags/example_sla_dag.py for tasks to queue
[2026-01-29T06:23:08.326+0000] {logging_mixin.py:188} INFO - [2026-01-29T06:23:08.325+0000] {dagbag.py:545} INFO - Filling up the DagBag from /home/airflow/.local/lib/python3.12/site-packages/airflow/example_dags/example_sla_dag.py
[2026-01-29T06:23:08.336+0000] {processor.py:840} INFO - DAG(s) 'example_sla_dag' retrieved from /home/airflow/.local/lib/python3.12/site-packages/airflow/example_dags/example_sla_dag.py
[2026-01-29T06:23:08.356+0000] {logging_mixin.py:188} INFO - [2026-01-29T06:23:08.356+0000] {dag.py:3089} INFO - Sync 1 DAGs
[2026-01-29T06:23:08.384+0000] {logging_mixin.py:188} INFO - [2026-01-29T06:23:08.383+0000] {dag.py:3947} INFO - Setting next_dagrun for example_sla_dag to 2026-01-29 06:20:00+00:00, run_after=2026-01-29 06:22:00+00:00
[2026-01-29T06:23:08.405+0000] {processor.py:183} INFO - Processing /home/airflow/.local/lib/python3.12/site-packages/airflow/example_dags/example_sla_dag.py took 0.090 seconds
[2026-01-29T06:23:38.436+0000] {processor.py:161} INFO - Started process (PID=108887) to work on /home/airflow/.local/lib/python3.12/site-packages/airflow/example_dags/example_sla_dag.py
[2026-01-29T06:23:38.437+0000] {processor.py:830} INFO - Processing file /home/airflow/.local/lib/python3.12/site-packages/airflow/example_dags/example_sla_dag.py for tasks to queue
[2026-01-29T06:23:38.439+0000] {logging_mixin.py:188} INFO - [2026-01-29T06:23:38.439+0000] {dagbag.py:545} INFO - Filling up the DagBag from /home/airflow/.local/lib/python3.12/site-packages/airflow/example_dags/example_sla_dag.py
[2026-01-29T06:23:38.448+0000] {processor.py:840} INFO - DAG(s) 'example_sla_dag' retrieved from /home/airflow/.local/lib/python3.12/site-packages/airflow/example_dags/example_sla_dag.py
[2026-01-29T06:23:38.468+0000] {logging_mixin.py:188} INFO - [2026-01-29T06:23:38.467+0000] {dag.py:3089} INFO - Sync 1 DAGs
[2026-01-29T06:23:38.497+0000] {logging_mixin.py:188} INFO - [2026-01-29T06:23:38.496+0000] {dag.py:3947} INFO - Setting next_dagrun for example_sla_dag to 2026-01-29 06:20:00+00:00, run_after=2026-01-29 06:22:00+00:00
[2026-01-29T06:23:38.515+0000] {processor.py:183} INFO - Processing /home/airflow/.local/lib/python3.12/site-packages/airflow/example_dags/example_sla_dag.py took 0.085 seconds
[2026-01-29T06:24:08.876+0000] {processor.py:161} INFO - Started process (PID=108951) to work on /home/airflow/.local/lib/python3.12/site-packages/airflow/example_dags/example_sla_dag.py
[2026-01-29T06:24:08.877+0000] {processor.py:830} INFO - Processing file /home/airflow/.local/lib/python3.12/site-packages/airflow/example_dags/example_sla_dag.py for tasks to queue
[2026-01-29T06:24:08.879+0000] {logging_mixin.py:188} INFO - [2026-01-29T06:24:08.878+0000] {dagbag.py:545} INFO - Filling up the DagBag from /home/airflow/.local/lib/python3.12/site-packages/airflow/example_dags/example_sla_dag.py
[2026-01-29T06:24:08.887+0000] {processor.py:840} INFO - DAG(s) 'example_sla_dag' retrieved from /home/airflow/.local/lib/python3.12/site-packages/airflow/example_dags/example_sla_dag.py
[2026-01-29T06:24:08.908+0000] {logging_mixin.py:188} INFO - [2026-01-29T06:24:08.908+0000] {dag.py:3089} INFO - Sync 1 DAGs
[2026-01-29T06:24:08.935+0000] {logging_mixin.py:188} INFO - [2026-01-29T06:24:08.935+0000] {dag.py:3947} INFO - Setting next_dagrun for example_sla_dag to 2026-01-29 06:22:00+00:00, run_after=2026-01-29 06:24:00+00:00
[2026-01-29T06:24:08.956+0000] {processor.py:183} INFO - Processing /home/airflow/.local/lib/python3.12/site-packages/airflow/example_dags/example_sla_dag.py took 0.086 seconds
[2026-01-29T06:24:39.092+0000] {processor.py:161} INFO - Started process (PID=109010) to work on /home/airflow/.local/lib/python3.12/site-packages/airflow/example_dags/example_sla_dag.py
[2026-01-29T06:24:39.094+0000] {processor.py:830} INFO - Processing file /home/airflow/.local/lib/python3.12/site-packages/airflow/example_dags/example_sla_dag.py for tasks to queue
[2026-01-29T06:24:39.096+0000] {logging_mixin.py:188} INFO - [2026-01-29T06:24:39.095+0000] {dagbag.py:545} INFO - Filling up the DagBag from /home/airflow/.local/lib/python3.12/site-packages/airflow/example_dags/example_sla_dag.py
[2026-01-29T06:24:39.106+0000] {processor.py:840} INFO - DAG(s) 'example_sla_dag' retrieved from /home/airflow/.local/lib/python3.12/site-packages/airflow/example_dags/example_sla_dag.py
[2026-01-29T06:24:39.127+0000] {logging_mixin.py:188} INFO - [2026-01-29T06:24:39.126+0000] {dag.py:3089} INFO - Sync 1 DAGs
[2026-01-29T06:24:39.156+0000] {logging_mixin.py:188} INFO - [2026-01-29T06:24:39.156+0000] {dag.py:3947} INFO - Setting next_dagrun for example_sla_dag to 2026-01-29 06:22:00+00:00, run_after=2026-01-29 06:24:00+00:00
[2026-01-29T06:24:39.174+0000] {processor.py:183} INFO - Processing /home/airflow/.local/lib/python3.12/site-packages/airflow/example_dags/example_sla_dag.py took 0.090 seconds
[2026-01-29T06:25:09.787+0000] {processor.py:161} INFO - Started process (PID=109074) to work on /home/airflow/.local/lib/python3.12/site-packages/airflow/example_dags/example_sla_dag.py
[2026-01-29T06:25:09.788+0000] {processor.py:830} INFO - Processing file /home/airflow/.local/lib/python3.12/site-packages/airflow/example_dags/example_sla_dag.py for tasks to queue
[2026-01-29T06:25:09.790+0000] {logging_mixin.py:188} INFO - [2026-01-29T06:25:09.790+0000] {dagbag.py:545} INFO - Filling up the DagBag from /home/airflow/.local/lib/python3.12/site-packages/airflow/example_dags/example_sla_dag.py
[2026-01-29T06:25:09.800+0000] {processor.py:840} INFO - DAG(s) 'example_sla_dag' retrieved from /home/airflow/.local/lib/python3.12/site-packages/airflow/example_dags/example_sla_dag.py
[2026-01-29T06:25:09.821+0000] {logging_mixin.py:188} INFO - [2026-01-29T06:25:09.821+0000] {dag.py:3089} INFO - Sync 1 DAGs
[2026-01-29T06:25:09.849+0000] {logging_mixin.py:188} INFO - [2026-01-29T06:25:09.849+0000] {dag.py:3947} INFO - Setting next_dagrun for example_sla_dag to 2026-01-29 06:22:00+00:00, run_after=2026-01-29 06:24:00+00:00
[2026-01-29T06:25:09.873+0000] {processor.py:183} INFO - Processing /home/airflow/.local/lib/python3.12/site-packages/airflow/example_dags/example_sla_dag.py took 0.093 seconds
