[2026-01-29T00:00:11.222+0000] {processor.py:161} INFO - Started process (PID=62377) to work on /home/airflow/.local/lib/python3.12/site-packages/airflow/example_dags/example_skip_dag.py
[2026-01-29T00:00:11.223+0000] {processor.py:830} INFO - Processing file /home/airflow/.local/lib/python3.12/site-packages/airflow/example_dags/example_skip_dag.py for tasks to queue
[2026-01-29T00:00:11.226+0000] {logging_mixin.py:188} INFO - [2026-01-29T00:00:11.225+0000] {dagbag.py:545} INFO - Filling up the DagBag from /home/airflow/.local/lib/python3.12/site-packages/airflow/example_dags/example_skip_dag.py
[2026-01-29T00:00:11.233+0000] {processor.py:840} INFO - DAG(s) 'example_skip_dag' retrieved from /home/airflow/.local/lib/python3.12/site-packages/airflow/example_dags/example_skip_dag.py
[2026-01-29T00:00:11.253+0000] {logging_mixin.py:188} INFO - [2026-01-29T00:00:11.253+0000] {dag.py:3089} INFO - Sync 1 DAGs
[2026-01-29T00:00:11.277+0000] {logging_mixin.py:188} INFO - [2026-01-29T00:00:11.277+0000] {dag.py:3947} INFO - Setting next_dagrun for example_skip_dag to 2026-01-28 00:00:00+00:00, run_after=2026-01-29 00:00:00+00:00
[2026-01-29T00:00:11.297+0000] {processor.py:183} INFO - Processing /home/airflow/.local/lib/python3.12/site-packages/airflow/example_dags/example_skip_dag.py took 0.082 seconds
[2026-01-29T00:00:41.644+0000] {processor.py:161} INFO - Started process (PID=62453) to work on /home/airflow/.local/lib/python3.12/site-packages/airflow/example_dags/example_skip_dag.py
[2026-01-29T00:00:41.645+0000] {processor.py:830} INFO - Processing file /home/airflow/.local/lib/python3.12/site-packages/airflow/example_dags/example_skip_dag.py for tasks to queue
[2026-01-29T00:00:41.647+0000] {logging_mixin.py:188} INFO - [2026-01-29T00:00:41.647+0000] {dagbag.py:545} INFO - Filling up the DagBag from /home/airflow/.local/lib/python3.12/site-packages/airflow/example_dags/example_skip_dag.py
[2026-01-29T00:00:41.654+0000] {processor.py:840} INFO - DAG(s) 'example_skip_dag' retrieved from /home/airflow/.local/lib/python3.12/site-packages/airflow/example_dags/example_skip_dag.py
[2026-01-29T00:00:41.676+0000] {logging_mixin.py:188} INFO - [2026-01-29T00:00:41.676+0000] {dag.py:3089} INFO - Sync 1 DAGs
[2026-01-29T00:00:41.702+0000] {logging_mixin.py:188} INFO - [2026-01-29T00:00:41.702+0000] {dag.py:3947} INFO - Setting next_dagrun for example_skip_dag to 2026-01-28 00:00:00+00:00, run_after=2026-01-29 00:00:00+00:00
[2026-01-29T00:00:41.857+0000] {processor.py:183} INFO - Processing /home/airflow/.local/lib/python3.12/site-packages/airflow/example_dags/example_skip_dag.py took 0.220 seconds
[2026-01-29T00:01:12.043+0000] {processor.py:161} INFO - Started process (PID=62517) to work on /home/airflow/.local/lib/python3.12/site-packages/airflow/example_dags/example_skip_dag.py
[2026-01-29T00:01:12.044+0000] {processor.py:830} INFO - Processing file /home/airflow/.local/lib/python3.12/site-packages/airflow/example_dags/example_skip_dag.py for tasks to queue
[2026-01-29T00:01:12.046+0000] {logging_mixin.py:188} INFO - [2026-01-29T00:01:12.046+0000] {dagbag.py:545} INFO - Filling up the DagBag from /home/airflow/.local/lib/python3.12/site-packages/airflow/example_dags/example_skip_dag.py
[2026-01-29T00:01:12.053+0000] {processor.py:840} INFO - DAG(s) 'example_skip_dag' retrieved from /home/airflow/.local/lib/python3.12/site-packages/airflow/example_dags/example_skip_dag.py
[2026-01-29T00:01:12.077+0000] {logging_mixin.py:188} INFO - [2026-01-29T00:01:12.076+0000] {dag.py:3089} INFO - Sync 1 DAGs
[2026-01-29T00:01:12.100+0000] {logging_mixin.py:188} INFO - [2026-01-29T00:01:12.100+0000] {dag.py:3947} INFO - Setting next_dagrun for example_skip_dag to 2026-01-28 00:00:00+00:00, run_after=2026-01-29 00:00:00+00:00
[2026-01-29T00:01:12.121+0000] {processor.py:183} INFO - Processing /home/airflow/.local/lib/python3.12/site-packages/airflow/example_dags/example_skip_dag.py took 0.086 seconds
[2026-01-29T00:01:42.402+0000] {processor.py:161} INFO - Started process (PID=62576) to work on /home/airflow/.local/lib/python3.12/site-packages/airflow/example_dags/example_skip_dag.py
[2026-01-29T00:01:42.403+0000] {processor.py:830} INFO - Processing file /home/airflow/.local/lib/python3.12/site-packages/airflow/example_dags/example_skip_dag.py for tasks to queue
[2026-01-29T00:01:42.405+0000] {logging_mixin.py:188} INFO - [2026-01-29T00:01:42.405+0000] {dagbag.py:545} INFO - Filling up the DagBag from /home/airflow/.local/lib/python3.12/site-packages/airflow/example_dags/example_skip_dag.py
[2026-01-29T00:01:42.411+0000] {processor.py:840} INFO - DAG(s) 'example_skip_dag' retrieved from /home/airflow/.local/lib/python3.12/site-packages/airflow/example_dags/example_skip_dag.py
[2026-01-29T00:01:42.432+0000] {logging_mixin.py:188} INFO - [2026-01-29T00:01:42.432+0000] {dag.py:3089} INFO - Sync 1 DAGs
[2026-01-29T00:01:42.456+0000] {logging_mixin.py:188} INFO - [2026-01-29T00:01:42.456+0000] {dag.py:3947} INFO - Setting next_dagrun for example_skip_dag to 2026-01-28 00:00:00+00:00, run_after=2026-01-29 00:00:00+00:00
[2026-01-29T00:01:42.477+0000] {processor.py:183} INFO - Processing /home/airflow/.local/lib/python3.12/site-packages/airflow/example_dags/example_skip_dag.py took 0.081 seconds
[2026-01-29T00:02:13.079+0000] {processor.py:161} INFO - Started process (PID=62640) to work on /home/airflow/.local/lib/python3.12/site-packages/airflow/example_dags/example_skip_dag.py
[2026-01-29T00:02:13.080+0000] {processor.py:830} INFO - Processing file /home/airflow/.local/lib/python3.12/site-packages/airflow/example_dags/example_skip_dag.py for tasks to queue
[2026-01-29T00:02:13.083+0000] {logging_mixin.py:188} INFO - [2026-01-29T00:02:13.082+0000] {dagbag.py:545} INFO - Filling up the DagBag from /home/airflow/.local/lib/python3.12/site-packages/airflow/example_dags/example_skip_dag.py
[2026-01-29T00:02:13.090+0000] {processor.py:840} INFO - DAG(s) 'example_skip_dag' retrieved from /home/airflow/.local/lib/python3.12/site-packages/airflow/example_dags/example_skip_dag.py
[2026-01-29T00:02:13.113+0000] {logging_mixin.py:188} INFO - [2026-01-29T00:02:13.113+0000] {dag.py:3089} INFO - Sync 1 DAGs
[2026-01-29T00:02:13.137+0000] {logging_mixin.py:188} INFO - [2026-01-29T00:02:13.137+0000] {dag.py:3947} INFO - Setting next_dagrun for example_skip_dag to 2026-01-28 00:00:00+00:00, run_after=2026-01-29 00:00:00+00:00
[2026-01-29T00:02:13.158+0000] {processor.py:183} INFO - Processing /home/airflow/.local/lib/python3.12/site-packages/airflow/example_dags/example_skip_dag.py took 0.087 seconds
[2026-01-29T00:02:43.210+0000] {processor.py:161} INFO - Started process (PID=62699) to work on /home/airflow/.local/lib/python3.12/site-packages/airflow/example_dags/example_skip_dag.py
[2026-01-29T00:02:43.211+0000] {processor.py:830} INFO - Processing file /home/airflow/.local/lib/python3.12/site-packages/airflow/example_dags/example_skip_dag.py for tasks to queue
[2026-01-29T00:02:43.213+0000] {logging_mixin.py:188} INFO - [2026-01-29T00:02:43.213+0000] {dagbag.py:545} INFO - Filling up the DagBag from /home/airflow/.local/lib/python3.12/site-packages/airflow/example_dags/example_skip_dag.py
[2026-01-29T00:02:43.219+0000] {processor.py:840} INFO - DAG(s) 'example_skip_dag' retrieved from /home/airflow/.local/lib/python3.12/site-packages/airflow/example_dags/example_skip_dag.py
[2026-01-29T00:02:43.242+0000] {logging_mixin.py:188} INFO - [2026-01-29T00:02:43.242+0000] {dag.py:3089} INFO - Sync 1 DAGs
[2026-01-29T00:02:43.402+0000] {logging_mixin.py:188} INFO - [2026-01-29T00:02:43.401+0000] {dag.py:3947} INFO - Setting next_dagrun for example_skip_dag to 2026-01-28 00:00:00+00:00, run_after=2026-01-29 00:00:00+00:00
[2026-01-29T00:02:43.420+0000] {processor.py:183} INFO - Processing /home/airflow/.local/lib/python3.12/site-packages/airflow/example_dags/example_skip_dag.py took 0.217 seconds
[2026-01-29T00:03:14.303+0000] {processor.py:161} INFO - Started process (PID=62763) to work on /home/airflow/.local/lib/python3.12/site-packages/airflow/example_dags/example_skip_dag.py
[2026-01-29T00:03:14.304+0000] {processor.py:830} INFO - Processing file /home/airflow/.local/lib/python3.12/site-packages/airflow/example_dags/example_skip_dag.py for tasks to queue
[2026-01-29T00:03:14.307+0000] {logging_mixin.py:188} INFO - [2026-01-29T00:03:14.307+0000] {dagbag.py:545} INFO - Filling up the DagBag from /home/airflow/.local/lib/python3.12/site-packages/airflow/example_dags/example_skip_dag.py
[2026-01-29T00:03:14.314+0000] {processor.py:840} INFO - DAG(s) 'example_skip_dag' retrieved from /home/airflow/.local/lib/python3.12/site-packages/airflow/example_dags/example_skip_dag.py
[2026-01-29T00:03:14.339+0000] {logging_mixin.py:188} INFO - [2026-01-29T00:03:14.338+0000] {dag.py:3089} INFO - Sync 1 DAGs
[2026-01-29T00:03:14.362+0000] {logging_mixin.py:188} INFO - [2026-01-29T00:03:14.362+0000] {dag.py:3947} INFO - Setting next_dagrun for example_skip_dag to 2026-01-28 00:00:00+00:00, run_after=2026-01-29 00:00:00+00:00
[2026-01-29T00:03:14.383+0000] {processor.py:183} INFO - Processing /home/airflow/.local/lib/python3.12/site-packages/airflow/example_dags/example_skip_dag.py took 0.087 seconds
[2026-01-29T00:03:44.986+0000] {processor.py:161} INFO - Started process (PID=62822) to work on /home/airflow/.local/lib/python3.12/site-packages/airflow/example_dags/example_skip_dag.py
[2026-01-29T00:03:44.987+0000] {processor.py:830} INFO - Processing file /home/airflow/.local/lib/python3.12/site-packages/airflow/example_dags/example_skip_dag.py for tasks to queue
[2026-01-29T00:03:44.989+0000] {logging_mixin.py:188} INFO - [2026-01-29T00:03:44.989+0000] {dagbag.py:545} INFO - Filling up the DagBag from /home/airflow/.local/lib/python3.12/site-packages/airflow/example_dags/example_skip_dag.py
[2026-01-29T00:03:44.996+0000] {processor.py:840} INFO - DAG(s) 'example_skip_dag' retrieved from /home/airflow/.local/lib/python3.12/site-packages/airflow/example_dags/example_skip_dag.py
[2026-01-29T00:03:45.021+0000] {logging_mixin.py:188} INFO - [2026-01-29T00:03:45.020+0000] {dag.py:3089} INFO - Sync 1 DAGs
[2026-01-29T00:03:45.045+0000] {logging_mixin.py:188} INFO - [2026-01-29T00:03:45.045+0000] {dag.py:3947} INFO - Setting next_dagrun for example_skip_dag to 2026-01-28 00:00:00+00:00, run_after=2026-01-29 00:00:00+00:00
[2026-01-29T00:03:45.066+0000] {processor.py:183} INFO - Processing /home/airflow/.local/lib/python3.12/site-packages/airflow/example_dags/example_skip_dag.py took 0.087 seconds
[2026-01-29T00:04:15.472+0000] {processor.py:161} INFO - Started process (PID=62886) to work on /home/airflow/.local/lib/python3.12/site-packages/airflow/example_dags/example_skip_dag.py
[2026-01-29T00:04:15.473+0000] {processor.py:830} INFO - Processing file /home/airflow/.local/lib/python3.12/site-packages/airflow/example_dags/example_skip_dag.py for tasks to queue
[2026-01-29T00:04:15.475+0000] {logging_mixin.py:188} INFO - [2026-01-29T00:04:15.475+0000] {dagbag.py:545} INFO - Filling up the DagBag from /home/airflow/.local/lib/python3.12/site-packages/airflow/example_dags/example_skip_dag.py
[2026-01-29T00:04:15.483+0000] {processor.py:840} INFO - DAG(s) 'example_skip_dag' retrieved from /home/airflow/.local/lib/python3.12/site-packages/airflow/example_dags/example_skip_dag.py
[2026-01-29T00:04:15.514+0000] {logging_mixin.py:188} INFO - [2026-01-29T00:04:15.514+0000] {dag.py:3089} INFO - Sync 1 DAGs
[2026-01-29T00:04:15.540+0000] {logging_mixin.py:188} INFO - [2026-01-29T00:04:15.539+0000] {dag.py:3947} INFO - Setting next_dagrun for example_skip_dag to 2026-01-28 00:00:00+00:00, run_after=2026-01-29 00:00:00+00:00
[2026-01-29T00:04:15.558+0000] {processor.py:183} INFO - Processing /home/airflow/.local/lib/python3.12/site-packages/airflow/example_dags/example_skip_dag.py took 0.093 seconds
[2026-01-29T00:04:46.046+0000] {processor.py:161} INFO - Started process (PID=62945) to work on /home/airflow/.local/lib/python3.12/site-packages/airflow/example_dags/example_skip_dag.py
[2026-01-29T00:04:46.047+0000] {processor.py:830} INFO - Processing file /home/airflow/.local/lib/python3.12/site-packages/airflow/example_dags/example_skip_dag.py for tasks to queue
[2026-01-29T00:04:46.050+0000] {logging_mixin.py:188} INFO - [2026-01-29T00:04:46.049+0000] {dagbag.py:545} INFO - Filling up the DagBag from /home/airflow/.local/lib/python3.12/site-packages/airflow/example_dags/example_skip_dag.py
[2026-01-29T00:04:46.056+0000] {processor.py:840} INFO - DAG(s) 'example_skip_dag' retrieved from /home/airflow/.local/lib/python3.12/site-packages/airflow/example_dags/example_skip_dag.py
[2026-01-29T00:04:46.081+0000] {logging_mixin.py:188} INFO - [2026-01-29T00:04:46.081+0000] {dag.py:3089} INFO - Sync 1 DAGs
[2026-01-29T00:04:46.107+0000] {logging_mixin.py:188} INFO - [2026-01-29T00:04:46.106+0000] {dag.py:3947} INFO - Setting next_dagrun for example_skip_dag to 2026-01-28 00:00:00+00:00, run_after=2026-01-29 00:00:00+00:00
[2026-01-29T00:04:46.127+0000] {processor.py:183} INFO - Processing /home/airflow/.local/lib/python3.12/site-packages/airflow/example_dags/example_skip_dag.py took 0.088 seconds
[2026-01-29T00:05:16.767+0000] {processor.py:161} INFO - Started process (PID=63009) to work on /home/airflow/.local/lib/python3.12/site-packages/airflow/example_dags/example_skip_dag.py
[2026-01-29T00:05:16.768+0000] {processor.py:830} INFO - Processing file /home/airflow/.local/lib/python3.12/site-packages/airflow/example_dags/example_skip_dag.py for tasks to queue
[2026-01-29T00:05:16.771+0000] {logging_mixin.py:188} INFO - [2026-01-29T00:05:16.770+0000] {dagbag.py:545} INFO - Filling up the DagBag from /home/airflow/.local/lib/python3.12/site-packages/airflow/example_dags/example_skip_dag.py
[2026-01-29T00:05:16.778+0000] {processor.py:840} INFO - DAG(s) 'example_skip_dag' retrieved from /home/airflow/.local/lib/python3.12/site-packages/airflow/example_dags/example_skip_dag.py
[2026-01-29T00:05:16.808+0000] {logging_mixin.py:188} INFO - [2026-01-29T00:05:16.807+0000] {dag.py:3089} INFO - Sync 1 DAGs
[2026-01-29T00:05:16.832+0000] {logging_mixin.py:188} INFO - [2026-01-29T00:05:16.831+0000] {dag.py:3947} INFO - Setting next_dagrun for example_skip_dag to 2026-01-28 00:00:00+00:00, run_after=2026-01-29 00:00:00+00:00
[2026-01-29T00:05:16.853+0000] {processor.py:183} INFO - Processing /home/airflow/.local/lib/python3.12/site-packages/airflow/example_dags/example_skip_dag.py took 0.093 seconds
[2026-01-29T00:05:47.433+0000] {processor.py:161} INFO - Started process (PID=63068) to work on /home/airflow/.local/lib/python3.12/site-packages/airflow/example_dags/example_skip_dag.py
[2026-01-29T00:05:47.434+0000] {processor.py:830} INFO - Processing file /home/airflow/.local/lib/python3.12/site-packages/airflow/example_dags/example_skip_dag.py for tasks to queue
[2026-01-29T00:05:47.436+0000] {logging_mixin.py:188} INFO - [2026-01-29T00:05:47.436+0000] {dagbag.py:545} INFO - Filling up the DagBag from /home/airflow/.local/lib/python3.12/site-packages/airflow/example_dags/example_skip_dag.py
[2026-01-29T00:05:47.443+0000] {processor.py:840} INFO - DAG(s) 'example_skip_dag' retrieved from /home/airflow/.local/lib/python3.12/site-packages/airflow/example_dags/example_skip_dag.py
[2026-01-29T00:05:47.465+0000] {logging_mixin.py:188} INFO - [2026-01-29T00:05:47.465+0000] {dag.py:3089} INFO - Sync 1 DAGs
[2026-01-29T00:05:47.488+0000] {logging_mixin.py:188} INFO - [2026-01-29T00:05:47.488+0000] {dag.py:3947} INFO - Setting next_dagrun for example_skip_dag to 2026-01-28 00:00:00+00:00, run_after=2026-01-29 00:00:00+00:00
[2026-01-29T00:05:47.508+0000] {processor.py:183} INFO - Processing /home/airflow/.local/lib/python3.12/site-packages/airflow/example_dags/example_skip_dag.py took 0.083 seconds
[2026-01-29T00:06:18.167+0000] {processor.py:161} INFO - Started process (PID=63132) to work on /home/airflow/.local/lib/python3.12/site-packages/airflow/example_dags/example_skip_dag.py
[2026-01-29T00:06:18.169+0000] {processor.py:830} INFO - Processing file /home/airflow/.local/lib/python3.12/site-packages/airflow/example_dags/example_skip_dag.py for tasks to queue
[2026-01-29T00:06:18.171+0000] {logging_mixin.py:188} INFO - [2026-01-29T00:06:18.171+0000] {dagbag.py:545} INFO - Filling up the DagBag from /home/airflow/.local/lib/python3.12/site-packages/airflow/example_dags/example_skip_dag.py
[2026-01-29T00:06:18.178+0000] {processor.py:840} INFO - DAG(s) 'example_skip_dag' retrieved from /home/airflow/.local/lib/python3.12/site-packages/airflow/example_dags/example_skip_dag.py
[2026-01-29T00:06:18.201+0000] {logging_mixin.py:188} INFO - [2026-01-29T00:06:18.201+0000] {dag.py:3089} INFO - Sync 1 DAGs
[2026-01-29T00:06:18.224+0000] {logging_mixin.py:188} INFO - [2026-01-29T00:06:18.224+0000] {dag.py:3947} INFO - Setting next_dagrun for example_skip_dag to 2026-01-28 00:00:00+00:00, run_after=2026-01-29 00:00:00+00:00
[2026-01-29T00:06:18.244+0000] {processor.py:183} INFO - Processing /home/airflow/.local/lib/python3.12/site-packages/airflow/example_dags/example_skip_dag.py took 0.083 seconds
[2026-01-29T00:06:48.907+0000] {processor.py:161} INFO - Started process (PID=63191) to work on /home/airflow/.local/lib/python3.12/site-packages/airflow/example_dags/example_skip_dag.py
[2026-01-29T00:06:48.908+0000] {processor.py:830} INFO - Processing file /home/airflow/.local/lib/python3.12/site-packages/airflow/example_dags/example_skip_dag.py for tasks to queue
[2026-01-29T00:06:48.910+0000] {logging_mixin.py:188} INFO - [2026-01-29T00:06:48.910+0000] {dagbag.py:545} INFO - Filling up the DagBag from /home/airflow/.local/lib/python3.12/site-packages/airflow/example_dags/example_skip_dag.py
[2026-01-29T00:06:48.917+0000] {processor.py:840} INFO - DAG(s) 'example_skip_dag' retrieved from /home/airflow/.local/lib/python3.12/site-packages/airflow/example_dags/example_skip_dag.py
[2026-01-29T00:06:48.946+0000] {logging_mixin.py:188} INFO - [2026-01-29T00:06:48.946+0000] {dag.py:3089} INFO - Sync 1 DAGs
[2026-01-29T00:06:48.970+0000] {logging_mixin.py:188} INFO - [2026-01-29T00:06:48.970+0000] {dag.py:3947} INFO - Setting next_dagrun for example_skip_dag to 2026-01-28 00:00:00+00:00, run_after=2026-01-29 00:00:00+00:00
[2026-01-29T00:06:48.990+0000] {processor.py:183} INFO - Processing /home/airflow/.local/lib/python3.12/site-packages/airflow/example_dags/example_skip_dag.py took 0.091 seconds
[2026-01-29T00:07:19.651+0000] {processor.py:161} INFO - Started process (PID=63255) to work on /home/airflow/.local/lib/python3.12/site-packages/airflow/example_dags/example_skip_dag.py
[2026-01-29T00:07:19.653+0000] {processor.py:830} INFO - Processing file /home/airflow/.local/lib/python3.12/site-packages/airflow/example_dags/example_skip_dag.py for tasks to queue
[2026-01-29T00:07:19.656+0000] {logging_mixin.py:188} INFO - [2026-01-29T00:07:19.655+0000] {dagbag.py:545} INFO - Filling up the DagBag from /home/airflow/.local/lib/python3.12/site-packages/airflow/example_dags/example_skip_dag.py
[2026-01-29T00:07:19.663+0000] {processor.py:840} INFO - DAG(s) 'example_skip_dag' retrieved from /home/airflow/.local/lib/python3.12/site-packages/airflow/example_dags/example_skip_dag.py
[2026-01-29T00:07:19.687+0000] {logging_mixin.py:188} INFO - [2026-01-29T00:07:19.687+0000] {dag.py:3089} INFO - Sync 1 DAGs
[2026-01-29T00:07:19.714+0000] {logging_mixin.py:188} INFO - [2026-01-29T00:07:19.713+0000] {dag.py:3947} INFO - Setting next_dagrun for example_skip_dag to 2026-01-28 00:00:00+00:00, run_after=2026-01-29 00:00:00+00:00
[2026-01-29T00:07:19.735+0000] {processor.py:183} INFO - Processing /home/airflow/.local/lib/python3.12/site-packages/airflow/example_dags/example_skip_dag.py took 0.093 seconds
[2026-01-29T00:07:50.240+0000] {processor.py:161} INFO - Started process (PID=63314) to work on /home/airflow/.local/lib/python3.12/site-packages/airflow/example_dags/example_skip_dag.py
[2026-01-29T00:07:50.241+0000] {processor.py:830} INFO - Processing file /home/airflow/.local/lib/python3.12/site-packages/airflow/example_dags/example_skip_dag.py for tasks to queue
[2026-01-29T00:07:50.243+0000] {logging_mixin.py:188} INFO - [2026-01-29T00:07:50.243+0000] {dagbag.py:545} INFO - Filling up the DagBag from /home/airflow/.local/lib/python3.12/site-packages/airflow/example_dags/example_skip_dag.py
[2026-01-29T00:07:50.250+0000] {processor.py:840} INFO - DAG(s) 'example_skip_dag' retrieved from /home/airflow/.local/lib/python3.12/site-packages/airflow/example_dags/example_skip_dag.py
[2026-01-29T00:07:50.272+0000] {logging_mixin.py:188} INFO - [2026-01-29T00:07:50.272+0000] {dag.py:3089} INFO - Sync 1 DAGs
[2026-01-29T00:07:50.296+0000] {logging_mixin.py:188} INFO - [2026-01-29T00:07:50.296+0000] {dag.py:3947} INFO - Setting next_dagrun for example_skip_dag to 2026-01-28 00:00:00+00:00, run_after=2026-01-29 00:00:00+00:00
[2026-01-29T00:07:50.317+0000] {processor.py:183} INFO - Processing /home/airflow/.local/lib/python3.12/site-packages/airflow/example_dags/example_skip_dag.py took 0.085 seconds
[2026-01-29T00:08:20.803+0000] {processor.py:161} INFO - Started process (PID=63378) to work on /home/airflow/.local/lib/python3.12/site-packages/airflow/example_dags/example_skip_dag.py
[2026-01-29T00:08:20.804+0000] {processor.py:830} INFO - Processing file /home/airflow/.local/lib/python3.12/site-packages/airflow/example_dags/example_skip_dag.py for tasks to queue
[2026-01-29T00:08:20.807+0000] {logging_mixin.py:188} INFO - [2026-01-29T00:08:20.806+0000] {dagbag.py:545} INFO - Filling up the DagBag from /home/airflow/.local/lib/python3.12/site-packages/airflow/example_dags/example_skip_dag.py
[2026-01-29T00:08:20.814+0000] {processor.py:840} INFO - DAG(s) 'example_skip_dag' retrieved from /home/airflow/.local/lib/python3.12/site-packages/airflow/example_dags/example_skip_dag.py
[2026-01-29T00:08:20.838+0000] {logging_mixin.py:188} INFO - [2026-01-29T00:08:20.838+0000] {dag.py:3089} INFO - Sync 1 DAGs
[2026-01-29T00:08:20.863+0000] {logging_mixin.py:188} INFO - [2026-01-29T00:08:20.862+0000] {dag.py:3947} INFO - Setting next_dagrun for example_skip_dag to 2026-01-28 00:00:00+00:00, run_after=2026-01-29 00:00:00+00:00
[2026-01-29T00:08:20.883+0000] {processor.py:183} INFO - Processing /home/airflow/.local/lib/python3.12/site-packages/airflow/example_dags/example_skip_dag.py took 0.088 seconds
[2026-01-29T00:08:51.395+0000] {processor.py:161} INFO - Started process (PID=63437) to work on /home/airflow/.local/lib/python3.12/site-packages/airflow/example_dags/example_skip_dag.py
[2026-01-29T00:08:51.396+0000] {processor.py:830} INFO - Processing file /home/airflow/.local/lib/python3.12/site-packages/airflow/example_dags/example_skip_dag.py for tasks to queue
[2026-01-29T00:08:51.398+0000] {logging_mixin.py:188} INFO - [2026-01-29T00:08:51.398+0000] {dagbag.py:545} INFO - Filling up the DagBag from /home/airflow/.local/lib/python3.12/site-packages/airflow/example_dags/example_skip_dag.py
[2026-01-29T00:08:51.405+0000] {processor.py:840} INFO - DAG(s) 'example_skip_dag' retrieved from /home/airflow/.local/lib/python3.12/site-packages/airflow/example_dags/example_skip_dag.py
[2026-01-29T00:08:51.428+0000] {logging_mixin.py:188} INFO - [2026-01-29T00:08:51.427+0000] {dag.py:3089} INFO - Sync 1 DAGs
[2026-01-29T00:08:51.451+0000] {logging_mixin.py:188} INFO - [2026-01-29T00:08:51.450+0000] {dag.py:3947} INFO - Setting next_dagrun for example_skip_dag to 2026-01-28 00:00:00+00:00, run_after=2026-01-29 00:00:00+00:00
[2026-01-29T00:08:51.471+0000] {processor.py:183} INFO - Processing /home/airflow/.local/lib/python3.12/site-packages/airflow/example_dags/example_skip_dag.py took 0.083 seconds
[2026-01-29T00:09:22.013+0000] {processor.py:161} INFO - Started process (PID=63501) to work on /home/airflow/.local/lib/python3.12/site-packages/airflow/example_dags/example_skip_dag.py
[2026-01-29T00:09:22.014+0000] {processor.py:830} INFO - Processing file /home/airflow/.local/lib/python3.12/site-packages/airflow/example_dags/example_skip_dag.py for tasks to queue
[2026-01-29T00:09:22.016+0000] {logging_mixin.py:188} INFO - [2026-01-29T00:09:22.016+0000] {dagbag.py:545} INFO - Filling up the DagBag from /home/airflow/.local/lib/python3.12/site-packages/airflow/example_dags/example_skip_dag.py
[2026-01-29T00:09:22.022+0000] {processor.py:840} INFO - DAG(s) 'example_skip_dag' retrieved from /home/airflow/.local/lib/python3.12/site-packages/airflow/example_dags/example_skip_dag.py
[2026-01-29T00:09:22.051+0000] {logging_mixin.py:188} INFO - [2026-01-29T00:09:22.050+0000] {dag.py:3089} INFO - Sync 1 DAGs
[2026-01-29T00:09:22.075+0000] {logging_mixin.py:188} INFO - [2026-01-29T00:09:22.074+0000] {dag.py:3947} INFO - Setting next_dagrun for example_skip_dag to 2026-01-28 00:00:00+00:00, run_after=2026-01-29 00:00:00+00:00
[2026-01-29T00:09:22.094+0000] {processor.py:183} INFO - Processing /home/airflow/.local/lib/python3.12/site-packages/airflow/example_dags/example_skip_dag.py took 0.088 seconds
[2026-01-29T00:09:52.528+0000] {processor.py:161} INFO - Started process (PID=63560) to work on /home/airflow/.local/lib/python3.12/site-packages/airflow/example_dags/example_skip_dag.py
[2026-01-29T00:09:52.529+0000] {processor.py:830} INFO - Processing file /home/airflow/.local/lib/python3.12/site-packages/airflow/example_dags/example_skip_dag.py for tasks to queue
[2026-01-29T00:09:52.531+0000] {logging_mixin.py:188} INFO - [2026-01-29T00:09:52.531+0000] {dagbag.py:545} INFO - Filling up the DagBag from /home/airflow/.local/lib/python3.12/site-packages/airflow/example_dags/example_skip_dag.py
[2026-01-29T00:09:52.537+0000] {processor.py:840} INFO - DAG(s) 'example_skip_dag' retrieved from /home/airflow/.local/lib/python3.12/site-packages/airflow/example_dags/example_skip_dag.py
[2026-01-29T00:09:52.559+0000] {logging_mixin.py:188} INFO - [2026-01-29T00:09:52.559+0000] {dag.py:3089} INFO - Sync 1 DAGs
[2026-01-29T00:09:52.586+0000] {logging_mixin.py:188} INFO - [2026-01-29T00:09:52.585+0000] {dag.py:3947} INFO - Setting next_dagrun for example_skip_dag to 2026-01-28 00:00:00+00:00, run_after=2026-01-29 00:00:00+00:00
[2026-01-29T00:09:52.609+0000] {processor.py:183} INFO - Processing /home/airflow/.local/lib/python3.12/site-packages/airflow/example_dags/example_skip_dag.py took 0.087 seconds
[2026-01-29T00:10:23.167+0000] {processor.py:161} INFO - Started process (PID=63624) to work on /home/airflow/.local/lib/python3.12/site-packages/airflow/example_dags/example_skip_dag.py
[2026-01-29T00:10:23.169+0000] {processor.py:830} INFO - Processing file /home/airflow/.local/lib/python3.12/site-packages/airflow/example_dags/example_skip_dag.py for tasks to queue
[2026-01-29T00:10:23.171+0000] {logging_mixin.py:188} INFO - [2026-01-29T00:10:23.171+0000] {dagbag.py:545} INFO - Filling up the DagBag from /home/airflow/.local/lib/python3.12/site-packages/airflow/example_dags/example_skip_dag.py
[2026-01-29T00:10:23.178+0000] {processor.py:840} INFO - DAG(s) 'example_skip_dag' retrieved from /home/airflow/.local/lib/python3.12/site-packages/airflow/example_dags/example_skip_dag.py
[2026-01-29T00:10:23.202+0000] {logging_mixin.py:188} INFO - [2026-01-29T00:10:23.202+0000] {dag.py:3089} INFO - Sync 1 DAGs
[2026-01-29T00:10:23.229+0000] {logging_mixin.py:188} INFO - [2026-01-29T00:10:23.229+0000] {dag.py:3947} INFO - Setting next_dagrun for example_skip_dag to 2026-01-28 00:00:00+00:00, run_after=2026-01-29 00:00:00+00:00
[2026-01-29T00:10:23.250+0000] {processor.py:183} INFO - Processing /home/airflow/.local/lib/python3.12/site-packages/airflow/example_dags/example_skip_dag.py took 0.089 seconds
[2026-01-29T00:10:53.903+0000] {processor.py:161} INFO - Started process (PID=63683) to work on /home/airflow/.local/lib/python3.12/site-packages/airflow/example_dags/example_skip_dag.py
[2026-01-29T00:10:53.903+0000] {processor.py:830} INFO - Processing file /home/airflow/.local/lib/python3.12/site-packages/airflow/example_dags/example_skip_dag.py for tasks to queue
[2026-01-29T00:10:53.906+0000] {logging_mixin.py:188} INFO - [2026-01-29T00:10:53.905+0000] {dagbag.py:545} INFO - Filling up the DagBag from /home/airflow/.local/lib/python3.12/site-packages/airflow/example_dags/example_skip_dag.py
[2026-01-29T00:10:53.912+0000] {processor.py:840} INFO - DAG(s) 'example_skip_dag' retrieved from /home/airflow/.local/lib/python3.12/site-packages/airflow/example_dags/example_skip_dag.py
[2026-01-29T00:10:53.935+0000] {logging_mixin.py:188} INFO - [2026-01-29T00:10:53.935+0000] {dag.py:3089} INFO - Sync 1 DAGs
[2026-01-29T00:10:53.959+0000] {logging_mixin.py:188} INFO - [2026-01-29T00:10:53.959+0000] {dag.py:3947} INFO - Setting next_dagrun for example_skip_dag to 2026-01-28 00:00:00+00:00, run_after=2026-01-29 00:00:00+00:00
[2026-01-29T00:10:53.979+0000] {processor.py:183} INFO - Processing /home/airflow/.local/lib/python3.12/site-packages/airflow/example_dags/example_skip_dag.py took 0.084 seconds
[2026-01-29T00:11:24.627+0000] {processor.py:161} INFO - Started process (PID=63747) to work on /home/airflow/.local/lib/python3.12/site-packages/airflow/example_dags/example_skip_dag.py
[2026-01-29T00:11:24.628+0000] {processor.py:830} INFO - Processing file /home/airflow/.local/lib/python3.12/site-packages/airflow/example_dags/example_skip_dag.py for tasks to queue
[2026-01-29T00:11:24.631+0000] {logging_mixin.py:188} INFO - [2026-01-29T00:11:24.631+0000] {dagbag.py:545} INFO - Filling up the DagBag from /home/airflow/.local/lib/python3.12/site-packages/airflow/example_dags/example_skip_dag.py
[2026-01-29T00:11:24.638+0000] {processor.py:840} INFO - DAG(s) 'example_skip_dag' retrieved from /home/airflow/.local/lib/python3.12/site-packages/airflow/example_dags/example_skip_dag.py
[2026-01-29T00:11:24.662+0000] {logging_mixin.py:188} INFO - [2026-01-29T00:11:24.662+0000] {dag.py:3089} INFO - Sync 1 DAGs
[2026-01-29T00:11:24.689+0000] {logging_mixin.py:188} INFO - [2026-01-29T00:11:24.689+0000] {dag.py:3947} INFO - Setting next_dagrun for example_skip_dag to 2026-01-28 00:00:00+00:00, run_after=2026-01-29 00:00:00+00:00
[2026-01-29T00:11:24.710+0000] {processor.py:183} INFO - Processing /home/airflow/.local/lib/python3.12/site-packages/airflow/example_dags/example_skip_dag.py took 0.090 seconds
[2026-01-29T00:11:55.314+0000] {processor.py:161} INFO - Started process (PID=63806) to work on /home/airflow/.local/lib/python3.12/site-packages/airflow/example_dags/example_skip_dag.py
[2026-01-29T00:11:55.315+0000] {processor.py:830} INFO - Processing file /home/airflow/.local/lib/python3.12/site-packages/airflow/example_dags/example_skip_dag.py for tasks to queue
[2026-01-29T00:11:55.318+0000] {logging_mixin.py:188} INFO - [2026-01-29T00:11:55.317+0000] {dagbag.py:545} INFO - Filling up the DagBag from /home/airflow/.local/lib/python3.12/site-packages/airflow/example_dags/example_skip_dag.py
[2026-01-29T00:11:55.324+0000] {processor.py:840} INFO - DAG(s) 'example_skip_dag' retrieved from /home/airflow/.local/lib/python3.12/site-packages/airflow/example_dags/example_skip_dag.py
[2026-01-29T00:11:55.349+0000] {logging_mixin.py:188} INFO - [2026-01-29T00:11:55.348+0000] {dag.py:3089} INFO - Sync 1 DAGs
[2026-01-29T00:11:55.375+0000] {logging_mixin.py:188} INFO - [2026-01-29T00:11:55.375+0000] {dag.py:3947} INFO - Setting next_dagrun for example_skip_dag to 2026-01-28 00:00:00+00:00, run_after=2026-01-29 00:00:00+00:00
[2026-01-29T00:11:55.398+0000] {processor.py:183} INFO - Processing /home/airflow/.local/lib/python3.12/site-packages/airflow/example_dags/example_skip_dag.py took 0.091 seconds
[2026-01-29T00:12:25.974+0000] {processor.py:161} INFO - Started process (PID=63876) to work on /home/airflow/.local/lib/python3.12/site-packages/airflow/example_dags/example_skip_dag.py
[2026-01-29T00:12:25.975+0000] {processor.py:830} INFO - Processing file /home/airflow/.local/lib/python3.12/site-packages/airflow/example_dags/example_skip_dag.py for tasks to queue
[2026-01-29T00:12:25.977+0000] {logging_mixin.py:188} INFO - [2026-01-29T00:12:25.977+0000] {dagbag.py:545} INFO - Filling up the DagBag from /home/airflow/.local/lib/python3.12/site-packages/airflow/example_dags/example_skip_dag.py
[2026-01-29T00:12:25.983+0000] {processor.py:840} INFO - DAG(s) 'example_skip_dag' retrieved from /home/airflow/.local/lib/python3.12/site-packages/airflow/example_dags/example_skip_dag.py
[2026-01-29T00:12:26.006+0000] {logging_mixin.py:188} INFO - [2026-01-29T00:12:26.006+0000] {dag.py:3089} INFO - Sync 1 DAGs
[2026-01-29T00:12:26.030+0000] {logging_mixin.py:188} INFO - [2026-01-29T00:12:26.030+0000] {dag.py:3947} INFO - Setting next_dagrun for example_skip_dag to 2026-01-28 00:00:00+00:00, run_after=2026-01-29 00:00:00+00:00
[2026-01-29T00:12:26.050+0000] {processor.py:183} INFO - Processing /home/airflow/.local/lib/python3.12/site-packages/airflow/example_dags/example_skip_dag.py took 0.082 seconds
[2026-01-29T00:12:56.566+0000] {processor.py:161} INFO - Started process (PID=63935) to work on /home/airflow/.local/lib/python3.12/site-packages/airflow/example_dags/example_skip_dag.py
[2026-01-29T00:12:56.567+0000] {processor.py:830} INFO - Processing file /home/airflow/.local/lib/python3.12/site-packages/airflow/example_dags/example_skip_dag.py for tasks to queue
[2026-01-29T00:12:56.570+0000] {logging_mixin.py:188} INFO - [2026-01-29T00:12:56.569+0000] {dagbag.py:545} INFO - Filling up the DagBag from /home/airflow/.local/lib/python3.12/site-packages/airflow/example_dags/example_skip_dag.py
[2026-01-29T00:12:56.576+0000] {processor.py:840} INFO - DAG(s) 'example_skip_dag' retrieved from /home/airflow/.local/lib/python3.12/site-packages/airflow/example_dags/example_skip_dag.py
[2026-01-29T00:12:56.599+0000] {logging_mixin.py:188} INFO - [2026-01-29T00:12:56.599+0000] {dag.py:3089} INFO - Sync 1 DAGs
[2026-01-29T00:12:56.623+0000] {logging_mixin.py:188} INFO - [2026-01-29T00:12:56.622+0000] {dag.py:3947} INFO - Setting next_dagrun for example_skip_dag to 2026-01-28 00:00:00+00:00, run_after=2026-01-29 00:00:00+00:00
[2026-01-29T00:12:56.642+0000] {processor.py:183} INFO - Processing /home/airflow/.local/lib/python3.12/site-packages/airflow/example_dags/example_skip_dag.py took 0.083 seconds
[2026-01-29T00:13:27.163+0000] {processor.py:161} INFO - Started process (PID=63999) to work on /home/airflow/.local/lib/python3.12/site-packages/airflow/example_dags/example_skip_dag.py
[2026-01-29T00:13:27.164+0000] {processor.py:830} INFO - Processing file /home/airflow/.local/lib/python3.12/site-packages/airflow/example_dags/example_skip_dag.py for tasks to queue
[2026-01-29T00:13:27.166+0000] {logging_mixin.py:188} INFO - [2026-01-29T00:13:27.166+0000] {dagbag.py:545} INFO - Filling up the DagBag from /home/airflow/.local/lib/python3.12/site-packages/airflow/example_dags/example_skip_dag.py
[2026-01-29T00:13:27.172+0000] {processor.py:840} INFO - DAG(s) 'example_skip_dag' retrieved from /home/airflow/.local/lib/python3.12/site-packages/airflow/example_dags/example_skip_dag.py
[2026-01-29T00:13:27.194+0000] {logging_mixin.py:188} INFO - [2026-01-29T00:13:27.194+0000] {dag.py:3089} INFO - Sync 1 DAGs
[2026-01-29T00:13:27.221+0000] {logging_mixin.py:188} INFO - [2026-01-29T00:13:27.221+0000] {dag.py:3947} INFO - Setting next_dagrun for example_skip_dag to 2026-01-28 00:00:00+00:00, run_after=2026-01-29 00:00:00+00:00
[2026-01-29T00:13:27.241+0000] {processor.py:183} INFO - Processing /home/airflow/.local/lib/python3.12/site-packages/airflow/example_dags/example_skip_dag.py took 0.084 seconds
[2026-01-29T00:13:57.746+0000] {processor.py:161} INFO - Started process (PID=64058) to work on /home/airflow/.local/lib/python3.12/site-packages/airflow/example_dags/example_skip_dag.py
[2026-01-29T00:13:57.747+0000] {processor.py:830} INFO - Processing file /home/airflow/.local/lib/python3.12/site-packages/airflow/example_dags/example_skip_dag.py for tasks to queue
[2026-01-29T00:13:57.750+0000] {logging_mixin.py:188} INFO - [2026-01-29T00:13:57.749+0000] {dagbag.py:545} INFO - Filling up the DagBag from /home/airflow/.local/lib/python3.12/site-packages/airflow/example_dags/example_skip_dag.py
[2026-01-29T00:13:57.756+0000] {processor.py:840} INFO - DAG(s) 'example_skip_dag' retrieved from /home/airflow/.local/lib/python3.12/site-packages/airflow/example_dags/example_skip_dag.py
[2026-01-29T00:13:57.781+0000] {logging_mixin.py:188} INFO - [2026-01-29T00:13:57.780+0000] {dag.py:3089} INFO - Sync 1 DAGs
[2026-01-29T00:13:57.806+0000] {logging_mixin.py:188} INFO - [2026-01-29T00:13:57.806+0000] {dag.py:3947} INFO - Setting next_dagrun for example_skip_dag to 2026-01-28 00:00:00+00:00, run_after=2026-01-29 00:00:00+00:00
[2026-01-29T00:13:57.828+0000] {processor.py:183} INFO - Processing /home/airflow/.local/lib/python3.12/site-packages/airflow/example_dags/example_skip_dag.py took 0.089 seconds
[2026-01-29T00:14:28.454+0000] {processor.py:161} INFO - Started process (PID=64122) to work on /home/airflow/.local/lib/python3.12/site-packages/airflow/example_dags/example_skip_dag.py
[2026-01-29T00:14:28.455+0000] {processor.py:830} INFO - Processing file /home/airflow/.local/lib/python3.12/site-packages/airflow/example_dags/example_skip_dag.py for tasks to queue
[2026-01-29T00:14:28.458+0000] {logging_mixin.py:188} INFO - [2026-01-29T00:14:28.457+0000] {dagbag.py:545} INFO - Filling up the DagBag from /home/airflow/.local/lib/python3.12/site-packages/airflow/example_dags/example_skip_dag.py
[2026-01-29T00:14:28.465+0000] {processor.py:840} INFO - DAG(s) 'example_skip_dag' retrieved from /home/airflow/.local/lib/python3.12/site-packages/airflow/example_dags/example_skip_dag.py
[2026-01-29T00:14:28.489+0000] {logging_mixin.py:188} INFO - [2026-01-29T00:14:28.489+0000] {dag.py:3089} INFO - Sync 1 DAGs
[2026-01-29T00:14:28.513+0000] {logging_mixin.py:188} INFO - [2026-01-29T00:14:28.513+0000] {dag.py:3947} INFO - Setting next_dagrun for example_skip_dag to 2026-01-28 00:00:00+00:00, run_after=2026-01-29 00:00:00+00:00
[2026-01-29T00:14:28.533+0000] {processor.py:183} INFO - Processing /home/airflow/.local/lib/python3.12/site-packages/airflow/example_dags/example_skip_dag.py took 0.087 seconds
[2026-01-29T00:14:59.091+0000] {processor.py:161} INFO - Started process (PID=64181) to work on /home/airflow/.local/lib/python3.12/site-packages/airflow/example_dags/example_skip_dag.py
[2026-01-29T00:14:59.092+0000] {processor.py:830} INFO - Processing file /home/airflow/.local/lib/python3.12/site-packages/airflow/example_dags/example_skip_dag.py for tasks to queue
[2026-01-29T00:14:59.095+0000] {logging_mixin.py:188} INFO - [2026-01-29T00:14:59.094+0000] {dagbag.py:545} INFO - Filling up the DagBag from /home/airflow/.local/lib/python3.12/site-packages/airflow/example_dags/example_skip_dag.py
[2026-01-29T00:14:59.101+0000] {processor.py:840} INFO - DAG(s) 'example_skip_dag' retrieved from /home/airflow/.local/lib/python3.12/site-packages/airflow/example_dags/example_skip_dag.py
[2026-01-29T00:14:59.130+0000] {logging_mixin.py:188} INFO - [2026-01-29T00:14:59.130+0000] {dag.py:3089} INFO - Sync 1 DAGs
[2026-01-29T00:14:59.162+0000] {logging_mixin.py:188} INFO - [2026-01-29T00:14:59.161+0000] {dag.py:3947} INFO - Setting next_dagrun for example_skip_dag to 2026-01-28 00:00:00+00:00, run_after=2026-01-29 00:00:00+00:00
[2026-01-29T00:14:59.187+0000] {processor.py:183} INFO - Processing /home/airflow/.local/lib/python3.12/site-packages/airflow/example_dags/example_skip_dag.py took 0.103 seconds
[2026-01-29T00:15:29.824+0000] {processor.py:161} INFO - Started process (PID=64245) to work on /home/airflow/.local/lib/python3.12/site-packages/airflow/example_dags/example_skip_dag.py
[2026-01-29T00:15:29.825+0000] {processor.py:830} INFO - Processing file /home/airflow/.local/lib/python3.12/site-packages/airflow/example_dags/example_skip_dag.py for tasks to queue
[2026-01-29T00:15:29.828+0000] {logging_mixin.py:188} INFO - [2026-01-29T00:15:29.828+0000] {dagbag.py:545} INFO - Filling up the DagBag from /home/airflow/.local/lib/python3.12/site-packages/airflow/example_dags/example_skip_dag.py
[2026-01-29T00:15:29.835+0000] {processor.py:840} INFO - DAG(s) 'example_skip_dag' retrieved from /home/airflow/.local/lib/python3.12/site-packages/airflow/example_dags/example_skip_dag.py
[2026-01-29T00:15:29.856+0000] {logging_mixin.py:188} INFO - [2026-01-29T00:15:29.856+0000] {dag.py:3089} INFO - Sync 1 DAGs
[2026-01-29T00:15:29.879+0000] {logging_mixin.py:188} INFO - [2026-01-29T00:15:29.879+0000] {dag.py:3947} INFO - Setting next_dagrun for example_skip_dag to 2026-01-28 00:00:00+00:00, run_after=2026-01-29 00:00:00+00:00
[2026-01-29T00:15:29.898+0000] {processor.py:183} INFO - Processing /home/airflow/.local/lib/python3.12/site-packages/airflow/example_dags/example_skip_dag.py took 0.082 seconds
[2026-01-29T00:16:00.473+0000] {processor.py:161} INFO - Started process (PID=64304) to work on /home/airflow/.local/lib/python3.12/site-packages/airflow/example_dags/example_skip_dag.py
[2026-01-29T00:16:00.474+0000] {processor.py:830} INFO - Processing file /home/airflow/.local/lib/python3.12/site-packages/airflow/example_dags/example_skip_dag.py for tasks to queue
[2026-01-29T00:16:00.477+0000] {logging_mixin.py:188} INFO - [2026-01-29T00:16:00.476+0000] {dagbag.py:545} INFO - Filling up the DagBag from /home/airflow/.local/lib/python3.12/site-packages/airflow/example_dags/example_skip_dag.py
[2026-01-29T00:16:00.484+0000] {processor.py:840} INFO - DAG(s) 'example_skip_dag' retrieved from /home/airflow/.local/lib/python3.12/site-packages/airflow/example_dags/example_skip_dag.py
[2026-01-29T00:16:00.508+0000] {logging_mixin.py:188} INFO - [2026-01-29T00:16:00.507+0000] {dag.py:3089} INFO - Sync 1 DAGs
[2026-01-29T00:16:00.533+0000] {logging_mixin.py:188} INFO - [2026-01-29T00:16:00.533+0000] {dag.py:3947} INFO - Setting next_dagrun for example_skip_dag to 2026-01-28 00:00:00+00:00, run_after=2026-01-29 00:00:00+00:00
[2026-01-29T00:16:00.555+0000] {processor.py:183} INFO - Processing /home/airflow/.local/lib/python3.12/site-packages/airflow/example_dags/example_skip_dag.py took 0.089 seconds
[2026-01-29T00:16:31.223+0000] {processor.py:161} INFO - Started process (PID=64368) to work on /home/airflow/.local/lib/python3.12/site-packages/airflow/example_dags/example_skip_dag.py
[2026-01-29T00:16:31.224+0000] {processor.py:830} INFO - Processing file /home/airflow/.local/lib/python3.12/site-packages/airflow/example_dags/example_skip_dag.py for tasks to queue
[2026-01-29T00:16:31.226+0000] {logging_mixin.py:188} INFO - [2026-01-29T00:16:31.226+0000] {dagbag.py:545} INFO - Filling up the DagBag from /home/airflow/.local/lib/python3.12/site-packages/airflow/example_dags/example_skip_dag.py
[2026-01-29T00:16:31.233+0000] {processor.py:840} INFO - DAG(s) 'example_skip_dag' retrieved from /home/airflow/.local/lib/python3.12/site-packages/airflow/example_dags/example_skip_dag.py
[2026-01-29T00:16:31.254+0000] {logging_mixin.py:188} INFO - [2026-01-29T00:16:31.254+0000] {dag.py:3089} INFO - Sync 1 DAGs
[2026-01-29T00:16:31.277+0000] {logging_mixin.py:188} INFO - [2026-01-29T00:16:31.277+0000] {dag.py:3947} INFO - Setting next_dagrun for example_skip_dag to 2026-01-28 00:00:00+00:00, run_after=2026-01-29 00:00:00+00:00
[2026-01-29T00:16:31.297+0000] {processor.py:183} INFO - Processing /home/airflow/.local/lib/python3.12/site-packages/airflow/example_dags/example_skip_dag.py took 0.080 seconds
[2026-01-29T00:17:01.932+0000] {processor.py:161} INFO - Started process (PID=64432) to work on /home/airflow/.local/lib/python3.12/site-packages/airflow/example_dags/example_skip_dag.py
[2026-01-29T00:17:01.933+0000] {processor.py:830} INFO - Processing file /home/airflow/.local/lib/python3.12/site-packages/airflow/example_dags/example_skip_dag.py for tasks to queue
[2026-01-29T00:17:01.937+0000] {logging_mixin.py:188} INFO - [2026-01-29T00:17:01.937+0000] {dagbag.py:545} INFO - Filling up the DagBag from /home/airflow/.local/lib/python3.12/site-packages/airflow/example_dags/example_skip_dag.py
[2026-01-29T00:17:01.948+0000] {processor.py:840} INFO - DAG(s) 'example_skip_dag' retrieved from /home/airflow/.local/lib/python3.12/site-packages/airflow/example_dags/example_skip_dag.py
[2026-01-29T00:17:01.985+0000] {logging_mixin.py:188} INFO - [2026-01-29T00:17:01.984+0000] {dag.py:3089} INFO - Sync 1 DAGs
[2026-01-29T00:17:02.023+0000] {logging_mixin.py:188} INFO - [2026-01-29T00:17:02.023+0000] {dag.py:3947} INFO - Setting next_dagrun for example_skip_dag to 2026-01-28 00:00:00+00:00, run_after=2026-01-29 00:00:00+00:00
[2026-01-29T00:17:02.058+0000] {processor.py:183} INFO - Processing /home/airflow/.local/lib/python3.12/site-packages/airflow/example_dags/example_skip_dag.py took 0.137 seconds
[2026-01-29T00:17:32.659+0000] {processor.py:161} INFO - Started process (PID=64491) to work on /home/airflow/.local/lib/python3.12/site-packages/airflow/example_dags/example_skip_dag.py
[2026-01-29T00:17:32.660+0000] {processor.py:830} INFO - Processing file /home/airflow/.local/lib/python3.12/site-packages/airflow/example_dags/example_skip_dag.py for tasks to queue
[2026-01-29T00:17:32.663+0000] {logging_mixin.py:188} INFO - [2026-01-29T00:17:32.663+0000] {dagbag.py:545} INFO - Filling up the DagBag from /home/airflow/.local/lib/python3.12/site-packages/airflow/example_dags/example_skip_dag.py
[2026-01-29T00:17:32.670+0000] {processor.py:840} INFO - DAG(s) 'example_skip_dag' retrieved from /home/airflow/.local/lib/python3.12/site-packages/airflow/example_dags/example_skip_dag.py
[2026-01-29T00:17:32.696+0000] {logging_mixin.py:188} INFO - [2026-01-29T00:17:32.695+0000] {dag.py:3089} INFO - Sync 1 DAGs
[2026-01-29T00:17:32.719+0000] {logging_mixin.py:188} INFO - [2026-01-29T00:17:32.719+0000] {dag.py:3947} INFO - Setting next_dagrun for example_skip_dag to 2026-01-28 00:00:00+00:00, run_after=2026-01-29 00:00:00+00:00
[2026-01-29T00:17:32.739+0000] {processor.py:183} INFO - Processing /home/airflow/.local/lib/python3.12/site-packages/airflow/example_dags/example_skip_dag.py took 0.087 seconds
[2026-01-29T00:18:03.358+0000] {processor.py:161} INFO - Started process (PID=64555) to work on /home/airflow/.local/lib/python3.12/site-packages/airflow/example_dags/example_skip_dag.py
[2026-01-29T00:18:03.359+0000] {processor.py:830} INFO - Processing file /home/airflow/.local/lib/python3.12/site-packages/airflow/example_dags/example_skip_dag.py for tasks to queue
[2026-01-29T00:18:03.361+0000] {logging_mixin.py:188} INFO - [2026-01-29T00:18:03.361+0000] {dagbag.py:545} INFO - Filling up the DagBag from /home/airflow/.local/lib/python3.12/site-packages/airflow/example_dags/example_skip_dag.py
[2026-01-29T00:18:03.368+0000] {processor.py:840} INFO - DAG(s) 'example_skip_dag' retrieved from /home/airflow/.local/lib/python3.12/site-packages/airflow/example_dags/example_skip_dag.py
[2026-01-29T00:18:03.389+0000] {logging_mixin.py:188} INFO - [2026-01-29T00:18:03.389+0000] {dag.py:3089} INFO - Sync 1 DAGs
[2026-01-29T00:18:03.413+0000] {logging_mixin.py:188} INFO - [2026-01-29T00:18:03.413+0000] {dag.py:3947} INFO - Setting next_dagrun for example_skip_dag to 2026-01-28 00:00:00+00:00, run_after=2026-01-29 00:00:00+00:00
[2026-01-29T00:18:03.434+0000] {processor.py:183} INFO - Processing /home/airflow/.local/lib/python3.12/site-packages/airflow/example_dags/example_skip_dag.py took 0.084 seconds
[2026-01-29T00:18:34.006+0000] {processor.py:161} INFO - Started process (PID=64614) to work on /home/airflow/.local/lib/python3.12/site-packages/airflow/example_dags/example_skip_dag.py
[2026-01-29T00:18:34.007+0000] {processor.py:830} INFO - Processing file /home/airflow/.local/lib/python3.12/site-packages/airflow/example_dags/example_skip_dag.py for tasks to queue
[2026-01-29T00:18:34.010+0000] {logging_mixin.py:188} INFO - [2026-01-29T00:18:34.009+0000] {dagbag.py:545} INFO - Filling up the DagBag from /home/airflow/.local/lib/python3.12/site-packages/airflow/example_dags/example_skip_dag.py
[2026-01-29T00:18:34.017+0000] {processor.py:840} INFO - DAG(s) 'example_skip_dag' retrieved from /home/airflow/.local/lib/python3.12/site-packages/airflow/example_dags/example_skip_dag.py
[2026-01-29T00:18:34.040+0000] {logging_mixin.py:188} INFO - [2026-01-29T00:18:34.040+0000] {dag.py:3089} INFO - Sync 1 DAGs
[2026-01-29T00:18:34.065+0000] {logging_mixin.py:188} INFO - [2026-01-29T00:18:34.064+0000] {dag.py:3947} INFO - Setting next_dagrun for example_skip_dag to 2026-01-28 00:00:00+00:00, run_after=2026-01-29 00:00:00+00:00
[2026-01-29T00:18:34.085+0000] {processor.py:183} INFO - Processing /home/airflow/.local/lib/python3.12/site-packages/airflow/example_dags/example_skip_dag.py took 0.087 seconds
[2026-01-29T00:19:04.646+0000] {processor.py:161} INFO - Started process (PID=64678) to work on /home/airflow/.local/lib/python3.12/site-packages/airflow/example_dags/example_skip_dag.py
[2026-01-29T00:19:04.647+0000] {processor.py:830} INFO - Processing file /home/airflow/.local/lib/python3.12/site-packages/airflow/example_dags/example_skip_dag.py for tasks to queue
[2026-01-29T00:19:04.650+0000] {logging_mixin.py:188} INFO - [2026-01-29T00:19:04.649+0000] {dagbag.py:545} INFO - Filling up the DagBag from /home/airflow/.local/lib/python3.12/site-packages/airflow/example_dags/example_skip_dag.py
[2026-01-29T00:19:04.656+0000] {processor.py:840} INFO - DAG(s) 'example_skip_dag' retrieved from /home/airflow/.local/lib/python3.12/site-packages/airflow/example_dags/example_skip_dag.py
[2026-01-29T00:19:04.678+0000] {logging_mixin.py:188} INFO - [2026-01-29T00:19:04.678+0000] {dag.py:3089} INFO - Sync 1 DAGs
[2026-01-29T00:19:04.704+0000] {logging_mixin.py:188} INFO - [2026-01-29T00:19:04.704+0000] {dag.py:3947} INFO - Setting next_dagrun for example_skip_dag to 2026-01-28 00:00:00+00:00, run_after=2026-01-29 00:00:00+00:00
[2026-01-29T00:19:04.724+0000] {processor.py:183} INFO - Processing /home/airflow/.local/lib/python3.12/site-packages/airflow/example_dags/example_skip_dag.py took 0.085 seconds
[2026-01-29T00:19:35.307+0000] {processor.py:161} INFO - Started process (PID=64737) to work on /home/airflow/.local/lib/python3.12/site-packages/airflow/example_dags/example_skip_dag.py
[2026-01-29T00:19:35.308+0000] {processor.py:830} INFO - Processing file /home/airflow/.local/lib/python3.12/site-packages/airflow/example_dags/example_skip_dag.py for tasks to queue
[2026-01-29T00:19:35.310+0000] {logging_mixin.py:188} INFO - [2026-01-29T00:19:35.310+0000] {dagbag.py:545} INFO - Filling up the DagBag from /home/airflow/.local/lib/python3.12/site-packages/airflow/example_dags/example_skip_dag.py
[2026-01-29T00:19:35.317+0000] {processor.py:840} INFO - DAG(s) 'example_skip_dag' retrieved from /home/airflow/.local/lib/python3.12/site-packages/airflow/example_dags/example_skip_dag.py
[2026-01-29T00:19:35.348+0000] {logging_mixin.py:188} INFO - [2026-01-29T00:19:35.348+0000] {dag.py:3089} INFO - Sync 1 DAGs
[2026-01-29T00:19:35.370+0000] {logging_mixin.py:188} INFO - [2026-01-29T00:19:35.370+0000] {dag.py:3947} INFO - Setting next_dagrun for example_skip_dag to 2026-01-28 00:00:00+00:00, run_after=2026-01-29 00:00:00+00:00
[2026-01-29T00:19:35.391+0000] {processor.py:183} INFO - Processing /home/airflow/.local/lib/python3.12/site-packages/airflow/example_dags/example_skip_dag.py took 0.091 seconds
[2026-01-29T00:20:05.974+0000] {processor.py:161} INFO - Started process (PID=64801) to work on /home/airflow/.local/lib/python3.12/site-packages/airflow/example_dags/example_skip_dag.py
[2026-01-29T00:20:05.975+0000] {processor.py:830} INFO - Processing file /home/airflow/.local/lib/python3.12/site-packages/airflow/example_dags/example_skip_dag.py for tasks to queue
[2026-01-29T00:20:05.978+0000] {logging_mixin.py:188} INFO - [2026-01-29T00:20:05.977+0000] {dagbag.py:545} INFO - Filling up the DagBag from /home/airflow/.local/lib/python3.12/site-packages/airflow/example_dags/example_skip_dag.py
[2026-01-29T00:20:05.984+0000] {processor.py:840} INFO - DAG(s) 'example_skip_dag' retrieved from /home/airflow/.local/lib/python3.12/site-packages/airflow/example_dags/example_skip_dag.py
[2026-01-29T00:20:06.006+0000] {logging_mixin.py:188} INFO - [2026-01-29T00:20:06.006+0000] {dag.py:3089} INFO - Sync 1 DAGs
[2026-01-29T00:20:06.030+0000] {logging_mixin.py:188} INFO - [2026-01-29T00:20:06.030+0000] {dag.py:3947} INFO - Setting next_dagrun for example_skip_dag to 2026-01-28 00:00:00+00:00, run_after=2026-01-29 00:00:00+00:00
[2026-01-29T00:20:06.050+0000] {processor.py:183} INFO - Processing /home/airflow/.local/lib/python3.12/site-packages/airflow/example_dags/example_skip_dag.py took 0.083 seconds
[2026-01-29T00:20:36.647+0000] {processor.py:161} INFO - Started process (PID=64860) to work on /home/airflow/.local/lib/python3.12/site-packages/airflow/example_dags/example_skip_dag.py
[2026-01-29T00:20:36.648+0000] {processor.py:830} INFO - Processing file /home/airflow/.local/lib/python3.12/site-packages/airflow/example_dags/example_skip_dag.py for tasks to queue
[2026-01-29T00:20:36.651+0000] {logging_mixin.py:188} INFO - [2026-01-29T00:20:36.651+0000] {dagbag.py:545} INFO - Filling up the DagBag from /home/airflow/.local/lib/python3.12/site-packages/airflow/example_dags/example_skip_dag.py
[2026-01-29T00:20:36.659+0000] {processor.py:840} INFO - DAG(s) 'example_skip_dag' retrieved from /home/airflow/.local/lib/python3.12/site-packages/airflow/example_dags/example_skip_dag.py
[2026-01-29T00:20:36.682+0000] {logging_mixin.py:188} INFO - [2026-01-29T00:20:36.682+0000] {dag.py:3089} INFO - Sync 1 DAGs
[2026-01-29T00:20:36.706+0000] {logging_mixin.py:188} INFO - [2026-01-29T00:20:36.706+0000] {dag.py:3947} INFO - Setting next_dagrun for example_skip_dag to 2026-01-28 00:00:00+00:00, run_after=2026-01-29 00:00:00+00:00
[2026-01-29T00:20:36.726+0000] {processor.py:183} INFO - Processing /home/airflow/.local/lib/python3.12/site-packages/airflow/example_dags/example_skip_dag.py took 0.088 seconds
[2026-01-29T00:21:07.276+0000] {processor.py:161} INFO - Started process (PID=64924) to work on /home/airflow/.local/lib/python3.12/site-packages/airflow/example_dags/example_skip_dag.py
[2026-01-29T00:21:07.277+0000] {processor.py:830} INFO - Processing file /home/airflow/.local/lib/python3.12/site-packages/airflow/example_dags/example_skip_dag.py for tasks to queue
[2026-01-29T00:21:07.279+0000] {logging_mixin.py:188} INFO - [2026-01-29T00:21:07.279+0000] {dagbag.py:545} INFO - Filling up the DagBag from /home/airflow/.local/lib/python3.12/site-packages/airflow/example_dags/example_skip_dag.py
[2026-01-29T00:21:07.286+0000] {processor.py:840} INFO - DAG(s) 'example_skip_dag' retrieved from /home/airflow/.local/lib/python3.12/site-packages/airflow/example_dags/example_skip_dag.py
[2026-01-29T00:21:07.308+0000] {logging_mixin.py:188} INFO - [2026-01-29T00:21:07.308+0000] {dag.py:3089} INFO - Sync 1 DAGs
[2026-01-29T00:21:07.332+0000] {logging_mixin.py:188} INFO - [2026-01-29T00:21:07.332+0000] {dag.py:3947} INFO - Setting next_dagrun for example_skip_dag to 2026-01-28 00:00:00+00:00, run_after=2026-01-29 00:00:00+00:00
[2026-01-29T00:21:07.352+0000] {processor.py:183} INFO - Processing /home/airflow/.local/lib/python3.12/site-packages/airflow/example_dags/example_skip_dag.py took 0.084 seconds
[2026-01-29T00:21:37.931+0000] {processor.py:161} INFO - Started process (PID=64983) to work on /home/airflow/.local/lib/python3.12/site-packages/airflow/example_dags/example_skip_dag.py
[2026-01-29T00:21:37.932+0000] {processor.py:830} INFO - Processing file /home/airflow/.local/lib/python3.12/site-packages/airflow/example_dags/example_skip_dag.py for tasks to queue
[2026-01-29T00:21:37.935+0000] {logging_mixin.py:188} INFO - [2026-01-29T00:21:37.934+0000] {dagbag.py:545} INFO - Filling up the DagBag from /home/airflow/.local/lib/python3.12/site-packages/airflow/example_dags/example_skip_dag.py
[2026-01-29T00:21:37.942+0000] {processor.py:840} INFO - DAG(s) 'example_skip_dag' retrieved from /home/airflow/.local/lib/python3.12/site-packages/airflow/example_dags/example_skip_dag.py
[2026-01-29T00:21:37.965+0000] {logging_mixin.py:188} INFO - [2026-01-29T00:21:37.965+0000] {dag.py:3089} INFO - Sync 1 DAGs
[2026-01-29T00:21:37.989+0000] {logging_mixin.py:188} INFO - [2026-01-29T00:21:37.989+0000] {dag.py:3947} INFO - Setting next_dagrun for example_skip_dag to 2026-01-28 00:00:00+00:00, run_after=2026-01-29 00:00:00+00:00
[2026-01-29T00:21:38.009+0000] {processor.py:183} INFO - Processing /home/airflow/.local/lib/python3.12/site-packages/airflow/example_dags/example_skip_dag.py took 0.085 seconds
[2026-01-29T00:22:08.754+0000] {processor.py:161} INFO - Started process (PID=65047) to work on /home/airflow/.local/lib/python3.12/site-packages/airflow/example_dags/example_skip_dag.py
[2026-01-29T00:22:08.755+0000] {processor.py:830} INFO - Processing file /home/airflow/.local/lib/python3.12/site-packages/airflow/example_dags/example_skip_dag.py for tasks to queue
[2026-01-29T00:22:08.758+0000] {logging_mixin.py:188} INFO - [2026-01-29T00:22:08.757+0000] {dagbag.py:545} INFO - Filling up the DagBag from /home/airflow/.local/lib/python3.12/site-packages/airflow/example_dags/example_skip_dag.py
[2026-01-29T00:22:08.766+0000] {processor.py:840} INFO - DAG(s) 'example_skip_dag' retrieved from /home/airflow/.local/lib/python3.12/site-packages/airflow/example_dags/example_skip_dag.py
[2026-01-29T00:22:08.791+0000] {logging_mixin.py:188} INFO - [2026-01-29T00:22:08.790+0000] {dag.py:3089} INFO - Sync 1 DAGs
[2026-01-29T00:22:08.815+0000] {logging_mixin.py:188} INFO - [2026-01-29T00:22:08.815+0000] {dag.py:3947} INFO - Setting next_dagrun for example_skip_dag to 2026-01-28 00:00:00+00:00, run_after=2026-01-29 00:00:00+00:00
[2026-01-29T00:22:08.835+0000] {processor.py:183} INFO - Processing /home/airflow/.local/lib/python3.12/site-packages/airflow/example_dags/example_skip_dag.py took 0.089 seconds
[2026-01-29T00:22:39.432+0000] {processor.py:161} INFO - Started process (PID=65106) to work on /home/airflow/.local/lib/python3.12/site-packages/airflow/example_dags/example_skip_dag.py
[2026-01-29T00:22:39.433+0000] {processor.py:830} INFO - Processing file /home/airflow/.local/lib/python3.12/site-packages/airflow/example_dags/example_skip_dag.py for tasks to queue
[2026-01-29T00:22:39.435+0000] {logging_mixin.py:188} INFO - [2026-01-29T00:22:39.435+0000] {dagbag.py:545} INFO - Filling up the DagBag from /home/airflow/.local/lib/python3.12/site-packages/airflow/example_dags/example_skip_dag.py
[2026-01-29T00:22:39.442+0000] {processor.py:840} INFO - DAG(s) 'example_skip_dag' retrieved from /home/airflow/.local/lib/python3.12/site-packages/airflow/example_dags/example_skip_dag.py
[2026-01-29T00:22:39.466+0000] {logging_mixin.py:188} INFO - [2026-01-29T00:22:39.465+0000] {dag.py:3089} INFO - Sync 1 DAGs
[2026-01-29T00:22:39.489+0000] {logging_mixin.py:188} INFO - [2026-01-29T00:22:39.489+0000] {dag.py:3947} INFO - Setting next_dagrun for example_skip_dag to 2026-01-28 00:00:00+00:00, run_after=2026-01-29 00:00:00+00:00
[2026-01-29T00:22:39.509+0000] {processor.py:183} INFO - Processing /home/airflow/.local/lib/python3.12/site-packages/airflow/example_dags/example_skip_dag.py took 0.085 seconds
[2026-01-29T00:23:10.050+0000] {processor.py:161} INFO - Started process (PID=65170) to work on /home/airflow/.local/lib/python3.12/site-packages/airflow/example_dags/example_skip_dag.py
[2026-01-29T00:23:10.051+0000] {processor.py:830} INFO - Processing file /home/airflow/.local/lib/python3.12/site-packages/airflow/example_dags/example_skip_dag.py for tasks to queue
[2026-01-29T00:23:10.054+0000] {logging_mixin.py:188} INFO - [2026-01-29T00:23:10.053+0000] {dagbag.py:545} INFO - Filling up the DagBag from /home/airflow/.local/lib/python3.12/site-packages/airflow/example_dags/example_skip_dag.py
[2026-01-29T00:23:10.061+0000] {processor.py:840} INFO - DAG(s) 'example_skip_dag' retrieved from /home/airflow/.local/lib/python3.12/site-packages/airflow/example_dags/example_skip_dag.py
[2026-01-29T00:23:10.083+0000] {logging_mixin.py:188} INFO - [2026-01-29T00:23:10.082+0000] {dag.py:3089} INFO - Sync 1 DAGs
[2026-01-29T00:23:10.105+0000] {logging_mixin.py:188} INFO - [2026-01-29T00:23:10.104+0000] {dag.py:3947} INFO - Setting next_dagrun for example_skip_dag to 2026-01-28 00:00:00+00:00, run_after=2026-01-29 00:00:00+00:00
[2026-01-29T00:23:10.124+0000] {processor.py:183} INFO - Processing /home/airflow/.local/lib/python3.12/site-packages/airflow/example_dags/example_skip_dag.py took 0.081 seconds
[2026-01-29T00:23:40.695+0000] {processor.py:161} INFO - Started process (PID=65229) to work on /home/airflow/.local/lib/python3.12/site-packages/airflow/example_dags/example_skip_dag.py
[2026-01-29T00:23:40.696+0000] {processor.py:830} INFO - Processing file /home/airflow/.local/lib/python3.12/site-packages/airflow/example_dags/example_skip_dag.py for tasks to queue
[2026-01-29T00:23:40.699+0000] {logging_mixin.py:188} INFO - [2026-01-29T00:23:40.698+0000] {dagbag.py:545} INFO - Filling up the DagBag from /home/airflow/.local/lib/python3.12/site-packages/airflow/example_dags/example_skip_dag.py
[2026-01-29T00:23:40.705+0000] {processor.py:840} INFO - DAG(s) 'example_skip_dag' retrieved from /home/airflow/.local/lib/python3.12/site-packages/airflow/example_dags/example_skip_dag.py
[2026-01-29T00:23:40.734+0000] {logging_mixin.py:188} INFO - [2026-01-29T00:23:40.734+0000] {dag.py:3089} INFO - Sync 1 DAGs
[2026-01-29T00:23:40.762+0000] {logging_mixin.py:188} INFO - [2026-01-29T00:23:40.761+0000] {dag.py:3947} INFO - Setting next_dagrun for example_skip_dag to 2026-01-28 00:00:00+00:00, run_after=2026-01-29 00:00:00+00:00
[2026-01-29T00:23:40.784+0000] {processor.py:183} INFO - Processing /home/airflow/.local/lib/python3.12/site-packages/airflow/example_dags/example_skip_dag.py took 0.094 seconds
[2026-01-29T00:24:11.282+0000] {processor.py:161} INFO - Started process (PID=65293) to work on /home/airflow/.local/lib/python3.12/site-packages/airflow/example_dags/example_skip_dag.py
[2026-01-29T00:24:11.283+0000] {processor.py:830} INFO - Processing file /home/airflow/.local/lib/python3.12/site-packages/airflow/example_dags/example_skip_dag.py for tasks to queue
[2026-01-29T00:24:11.286+0000] {logging_mixin.py:188} INFO - [2026-01-29T00:24:11.285+0000] {dagbag.py:545} INFO - Filling up the DagBag from /home/airflow/.local/lib/python3.12/site-packages/airflow/example_dags/example_skip_dag.py
[2026-01-29T00:24:11.292+0000] {processor.py:840} INFO - DAG(s) 'example_skip_dag' retrieved from /home/airflow/.local/lib/python3.12/site-packages/airflow/example_dags/example_skip_dag.py
[2026-01-29T00:24:11.314+0000] {logging_mixin.py:188} INFO - [2026-01-29T00:24:11.314+0000] {dag.py:3089} INFO - Sync 1 DAGs
[2026-01-29T00:24:11.340+0000] {logging_mixin.py:188} INFO - [2026-01-29T00:24:11.339+0000] {dag.py:3947} INFO - Setting next_dagrun for example_skip_dag to 2026-01-28 00:00:00+00:00, run_after=2026-01-29 00:00:00+00:00
[2026-01-29T00:24:11.360+0000] {processor.py:183} INFO - Processing /home/airflow/.local/lib/python3.12/site-packages/airflow/example_dags/example_skip_dag.py took 0.084 seconds
[2026-01-29T00:24:41.880+0000] {processor.py:161} INFO - Started process (PID=65352) to work on /home/airflow/.local/lib/python3.12/site-packages/airflow/example_dags/example_skip_dag.py
[2026-01-29T00:24:41.881+0000] {processor.py:830} INFO - Processing file /home/airflow/.local/lib/python3.12/site-packages/airflow/example_dags/example_skip_dag.py for tasks to queue
[2026-01-29T00:24:41.883+0000] {logging_mixin.py:188} INFO - [2026-01-29T00:24:41.883+0000] {dagbag.py:545} INFO - Filling up the DagBag from /home/airflow/.local/lib/python3.12/site-packages/airflow/example_dags/example_skip_dag.py
[2026-01-29T00:24:41.890+0000] {processor.py:840} INFO - DAG(s) 'example_skip_dag' retrieved from /home/airflow/.local/lib/python3.12/site-packages/airflow/example_dags/example_skip_dag.py
[2026-01-29T00:24:41.915+0000] {logging_mixin.py:188} INFO - [2026-01-29T00:24:41.914+0000] {dag.py:3089} INFO - Sync 1 DAGs
[2026-01-29T00:24:41.939+0000] {logging_mixin.py:188} INFO - [2026-01-29T00:24:41.939+0000] {dag.py:3947} INFO - Setting next_dagrun for example_skip_dag to 2026-01-28 00:00:00+00:00, run_after=2026-01-29 00:00:00+00:00
[2026-01-29T00:24:41.959+0000] {processor.py:183} INFO - Processing /home/airflow/.local/lib/python3.12/site-packages/airflow/example_dags/example_skip_dag.py took 0.087 seconds
[2026-01-29T00:25:12.546+0000] {processor.py:161} INFO - Started process (PID=65416) to work on /home/airflow/.local/lib/python3.12/site-packages/airflow/example_dags/example_skip_dag.py
[2026-01-29T00:25:12.547+0000] {processor.py:830} INFO - Processing file /home/airflow/.local/lib/python3.12/site-packages/airflow/example_dags/example_skip_dag.py for tasks to queue
[2026-01-29T00:25:12.550+0000] {logging_mixin.py:188} INFO - [2026-01-29T00:25:12.550+0000] {dagbag.py:545} INFO - Filling up the DagBag from /home/airflow/.local/lib/python3.12/site-packages/airflow/example_dags/example_skip_dag.py
[2026-01-29T00:25:12.557+0000] {processor.py:840} INFO - DAG(s) 'example_skip_dag' retrieved from /home/airflow/.local/lib/python3.12/site-packages/airflow/example_dags/example_skip_dag.py
[2026-01-29T00:25:12.580+0000] {logging_mixin.py:188} INFO - [2026-01-29T00:25:12.579+0000] {dag.py:3089} INFO - Sync 1 DAGs
[2026-01-29T00:25:12.603+0000] {logging_mixin.py:188} INFO - [2026-01-29T00:25:12.603+0000] {dag.py:3947} INFO - Setting next_dagrun for example_skip_dag to 2026-01-28 00:00:00+00:00, run_after=2026-01-29 00:00:00+00:00
[2026-01-29T00:25:12.624+0000] {processor.py:183} INFO - Processing /home/airflow/.local/lib/python3.12/site-packages/airflow/example_dags/example_skip_dag.py took 0.085 seconds
[2026-01-29T00:25:43.190+0000] {processor.py:161} INFO - Started process (PID=65475) to work on /home/airflow/.local/lib/python3.12/site-packages/airflow/example_dags/example_skip_dag.py
[2026-01-29T00:25:43.191+0000] {processor.py:830} INFO - Processing file /home/airflow/.local/lib/python3.12/site-packages/airflow/example_dags/example_skip_dag.py for tasks to queue
[2026-01-29T00:25:43.194+0000] {logging_mixin.py:188} INFO - [2026-01-29T00:25:43.194+0000] {dagbag.py:545} INFO - Filling up the DagBag from /home/airflow/.local/lib/python3.12/site-packages/airflow/example_dags/example_skip_dag.py
[2026-01-29T00:25:43.201+0000] {processor.py:840} INFO - DAG(s) 'example_skip_dag' retrieved from /home/airflow/.local/lib/python3.12/site-packages/airflow/example_dags/example_skip_dag.py
[2026-01-29T00:25:43.225+0000] {logging_mixin.py:188} INFO - [2026-01-29T00:25:43.225+0000] {dag.py:3089} INFO - Sync 1 DAGs
[2026-01-29T00:25:43.250+0000] {logging_mixin.py:188} INFO - [2026-01-29T00:25:43.249+0000] {dag.py:3947} INFO - Setting next_dagrun for example_skip_dag to 2026-01-28 00:00:00+00:00, run_after=2026-01-29 00:00:00+00:00
[2026-01-29T00:25:43.270+0000] {processor.py:183} INFO - Processing /home/airflow/.local/lib/python3.12/site-packages/airflow/example_dags/example_skip_dag.py took 0.087 seconds
[2026-01-29T00:26:13.804+0000] {processor.py:161} INFO - Started process (PID=65539) to work on /home/airflow/.local/lib/python3.12/site-packages/airflow/example_dags/example_skip_dag.py
[2026-01-29T00:26:13.808+0000] {processor.py:830} INFO - Processing file /home/airflow/.local/lib/python3.12/site-packages/airflow/example_dags/example_skip_dag.py for tasks to queue
[2026-01-29T00:26:13.810+0000] {logging_mixin.py:188} INFO - [2026-01-29T00:26:13.810+0000] {dagbag.py:545} INFO - Filling up the DagBag from /home/airflow/.local/lib/python3.12/site-packages/airflow/example_dags/example_skip_dag.py
[2026-01-29T00:26:13.818+0000] {processor.py:840} INFO - DAG(s) 'example_skip_dag' retrieved from /home/airflow/.local/lib/python3.12/site-packages/airflow/example_dags/example_skip_dag.py
[2026-01-29T00:26:13.845+0000] {logging_mixin.py:188} INFO - [2026-01-29T00:26:13.844+0000] {dag.py:3089} INFO - Sync 1 DAGs
[2026-01-29T00:26:13.872+0000] {logging_mixin.py:188} INFO - [2026-01-29T00:26:13.872+0000] {dag.py:3947} INFO - Setting next_dagrun for example_skip_dag to 2026-01-28 00:00:00+00:00, run_after=2026-01-29 00:00:00+00:00
[2026-01-29T00:26:13.893+0000] {processor.py:183} INFO - Processing /home/airflow/.local/lib/python3.12/site-packages/airflow/example_dags/example_skip_dag.py took 0.097 seconds
[2026-01-29T00:26:44.260+0000] {processor.py:161} INFO - Started process (PID=65598) to work on /home/airflow/.local/lib/python3.12/site-packages/airflow/example_dags/example_skip_dag.py
[2026-01-29T00:26:44.261+0000] {processor.py:830} INFO - Processing file /home/airflow/.local/lib/python3.12/site-packages/airflow/example_dags/example_skip_dag.py for tasks to queue
[2026-01-29T00:26:44.263+0000] {logging_mixin.py:188} INFO - [2026-01-29T00:26:44.263+0000] {dagbag.py:545} INFO - Filling up the DagBag from /home/airflow/.local/lib/python3.12/site-packages/airflow/example_dags/example_skip_dag.py
[2026-01-29T00:26:44.270+0000] {processor.py:840} INFO - DAG(s) 'example_skip_dag' retrieved from /home/airflow/.local/lib/python3.12/site-packages/airflow/example_dags/example_skip_dag.py
[2026-01-29T00:26:44.292+0000] {logging_mixin.py:188} INFO - [2026-01-29T00:26:44.291+0000] {dag.py:3089} INFO - Sync 1 DAGs
[2026-01-29T00:26:44.317+0000] {logging_mixin.py:188} INFO - [2026-01-29T00:26:44.317+0000] {dag.py:3947} INFO - Setting next_dagrun for example_skip_dag to 2026-01-28 00:00:00+00:00, run_after=2026-01-29 00:00:00+00:00
[2026-01-29T00:26:44.339+0000] {processor.py:183} INFO - Processing /home/airflow/.local/lib/python3.12/site-packages/airflow/example_dags/example_skip_dag.py took 0.087 seconds
[2026-01-29T00:27:14.983+0000] {processor.py:161} INFO - Started process (PID=65662) to work on /home/airflow/.local/lib/python3.12/site-packages/airflow/example_dags/example_skip_dag.py
[2026-01-29T00:27:14.984+0000] {processor.py:830} INFO - Processing file /home/airflow/.local/lib/python3.12/site-packages/airflow/example_dags/example_skip_dag.py for tasks to queue
[2026-01-29T00:27:14.987+0000] {logging_mixin.py:188} INFO - [2026-01-29T00:27:14.986+0000] {dagbag.py:545} INFO - Filling up the DagBag from /home/airflow/.local/lib/python3.12/site-packages/airflow/example_dags/example_skip_dag.py
[2026-01-29T00:27:14.994+0000] {processor.py:840} INFO - DAG(s) 'example_skip_dag' retrieved from /home/airflow/.local/lib/python3.12/site-packages/airflow/example_dags/example_skip_dag.py
[2026-01-29T00:27:15.019+0000] {logging_mixin.py:188} INFO - [2026-01-29T00:27:15.018+0000] {dag.py:3089} INFO - Sync 1 DAGs
[2026-01-29T00:27:15.043+0000] {logging_mixin.py:188} INFO - [2026-01-29T00:27:15.043+0000] {dag.py:3947} INFO - Setting next_dagrun for example_skip_dag to 2026-01-28 00:00:00+00:00, run_after=2026-01-29 00:00:00+00:00
[2026-01-29T00:27:15.063+0000] {processor.py:183} INFO - Processing /home/airflow/.local/lib/python3.12/site-packages/airflow/example_dags/example_skip_dag.py took 0.088 seconds
[2026-01-29T00:27:45.679+0000] {processor.py:161} INFO - Started process (PID=65721) to work on /home/airflow/.local/lib/python3.12/site-packages/airflow/example_dags/example_skip_dag.py
[2026-01-29T00:27:45.680+0000] {processor.py:830} INFO - Processing file /home/airflow/.local/lib/python3.12/site-packages/airflow/example_dags/example_skip_dag.py for tasks to queue
[2026-01-29T00:27:45.683+0000] {logging_mixin.py:188} INFO - [2026-01-29T00:27:45.682+0000] {dagbag.py:545} INFO - Filling up the DagBag from /home/airflow/.local/lib/python3.12/site-packages/airflow/example_dags/example_skip_dag.py
[2026-01-29T00:27:45.689+0000] {processor.py:840} INFO - DAG(s) 'example_skip_dag' retrieved from /home/airflow/.local/lib/python3.12/site-packages/airflow/example_dags/example_skip_dag.py
[2026-01-29T00:27:45.714+0000] {logging_mixin.py:188} INFO - [2026-01-29T00:27:45.714+0000] {dag.py:3089} INFO - Sync 1 DAGs
[2026-01-29T00:27:45.740+0000] {logging_mixin.py:188} INFO - [2026-01-29T00:27:45.740+0000] {dag.py:3947} INFO - Setting next_dagrun for example_skip_dag to 2026-01-28 00:00:00+00:00, run_after=2026-01-29 00:00:00+00:00
[2026-01-29T00:27:45.760+0000] {processor.py:183} INFO - Processing /home/airflow/.local/lib/python3.12/site-packages/airflow/example_dags/example_skip_dag.py took 0.088 seconds
[2026-01-29T00:28:16.393+0000] {processor.py:161} INFO - Started process (PID=65785) to work on /home/airflow/.local/lib/python3.12/site-packages/airflow/example_dags/example_skip_dag.py
[2026-01-29T00:28:16.395+0000] {processor.py:830} INFO - Processing file /home/airflow/.local/lib/python3.12/site-packages/airflow/example_dags/example_skip_dag.py for tasks to queue
[2026-01-29T00:28:16.397+0000] {logging_mixin.py:188} INFO - [2026-01-29T00:28:16.397+0000] {dagbag.py:545} INFO - Filling up the DagBag from /home/airflow/.local/lib/python3.12/site-packages/airflow/example_dags/example_skip_dag.py
[2026-01-29T00:28:16.404+0000] {processor.py:840} INFO - DAG(s) 'example_skip_dag' retrieved from /home/airflow/.local/lib/python3.12/site-packages/airflow/example_dags/example_skip_dag.py
[2026-01-29T00:28:16.429+0000] {logging_mixin.py:188} INFO - [2026-01-29T00:28:16.429+0000] {dag.py:3089} INFO - Sync 1 DAGs
[2026-01-29T00:28:16.454+0000] {logging_mixin.py:188} INFO - [2026-01-29T00:28:16.454+0000] {dag.py:3947} INFO - Setting next_dagrun for example_skip_dag to 2026-01-28 00:00:00+00:00, run_after=2026-01-29 00:00:00+00:00
[2026-01-29T00:28:16.475+0000] {processor.py:183} INFO - Processing /home/airflow/.local/lib/python3.12/site-packages/airflow/example_dags/example_skip_dag.py took 0.089 seconds
[2026-01-29T00:28:46.635+0000] {processor.py:161} INFO - Started process (PID=65844) to work on /home/airflow/.local/lib/python3.12/site-packages/airflow/example_dags/example_skip_dag.py
[2026-01-29T00:28:46.636+0000] {processor.py:830} INFO - Processing file /home/airflow/.local/lib/python3.12/site-packages/airflow/example_dags/example_skip_dag.py for tasks to queue
[2026-01-29T00:28:46.639+0000] {logging_mixin.py:188} INFO - [2026-01-29T00:28:46.638+0000] {dagbag.py:545} INFO - Filling up the DagBag from /home/airflow/.local/lib/python3.12/site-packages/airflow/example_dags/example_skip_dag.py
[2026-01-29T00:28:46.645+0000] {processor.py:840} INFO - DAG(s) 'example_skip_dag' retrieved from /home/airflow/.local/lib/python3.12/site-packages/airflow/example_dags/example_skip_dag.py
[2026-01-29T00:28:46.668+0000] {logging_mixin.py:188} INFO - [2026-01-29T00:28:46.667+0000] {dag.py:3089} INFO - Sync 1 DAGs
[2026-01-29T00:28:46.690+0000] {logging_mixin.py:188} INFO - [2026-01-29T00:28:46.690+0000] {dag.py:3947} INFO - Setting next_dagrun for example_skip_dag to 2026-01-28 00:00:00+00:00, run_after=2026-01-29 00:00:00+00:00
[2026-01-29T00:28:46.709+0000] {processor.py:183} INFO - Processing /home/airflow/.local/lib/python3.12/site-packages/airflow/example_dags/example_skip_dag.py took 0.081 seconds
[2026-01-29T00:29:16.766+0000] {processor.py:161} INFO - Started process (PID=65908) to work on /home/airflow/.local/lib/python3.12/site-packages/airflow/example_dags/example_skip_dag.py
[2026-01-29T00:29:16.767+0000] {processor.py:830} INFO - Processing file /home/airflow/.local/lib/python3.12/site-packages/airflow/example_dags/example_skip_dag.py for tasks to queue
[2026-01-29T00:29:16.770+0000] {logging_mixin.py:188} INFO - [2026-01-29T00:29:16.770+0000] {dagbag.py:545} INFO - Filling up the DagBag from /home/airflow/.local/lib/python3.12/site-packages/airflow/example_dags/example_skip_dag.py
[2026-01-29T00:29:16.777+0000] {processor.py:840} INFO - DAG(s) 'example_skip_dag' retrieved from /home/airflow/.local/lib/python3.12/site-packages/airflow/example_dags/example_skip_dag.py
[2026-01-29T00:29:16.799+0000] {logging_mixin.py:188} INFO - [2026-01-29T00:29:16.799+0000] {dag.py:3089} INFO - Sync 1 DAGs
[2026-01-29T00:29:16.822+0000] {logging_mixin.py:188} INFO - [2026-01-29T00:29:16.822+0000] {dag.py:3947} INFO - Setting next_dagrun for example_skip_dag to 2026-01-28 00:00:00+00:00, run_after=2026-01-29 00:00:00+00:00
[2026-01-29T00:29:16.842+0000] {processor.py:183} INFO - Processing /home/airflow/.local/lib/python3.12/site-packages/airflow/example_dags/example_skip_dag.py took 0.084 seconds
[2026-01-29T00:29:46.958+0000] {processor.py:161} INFO - Started process (PID=65967) to work on /home/airflow/.local/lib/python3.12/site-packages/airflow/example_dags/example_skip_dag.py
[2026-01-29T00:29:46.959+0000] {processor.py:830} INFO - Processing file /home/airflow/.local/lib/python3.12/site-packages/airflow/example_dags/example_skip_dag.py for tasks to queue
[2026-01-29T00:29:46.962+0000] {logging_mixin.py:188} INFO - [2026-01-29T00:29:46.961+0000] {dagbag.py:545} INFO - Filling up the DagBag from /home/airflow/.local/lib/python3.12/site-packages/airflow/example_dags/example_skip_dag.py
[2026-01-29T00:29:46.968+0000] {processor.py:840} INFO - DAG(s) 'example_skip_dag' retrieved from /home/airflow/.local/lib/python3.12/site-packages/airflow/example_dags/example_skip_dag.py
[2026-01-29T00:29:46.991+0000] {logging_mixin.py:188} INFO - [2026-01-29T00:29:46.990+0000] {dag.py:3089} INFO - Sync 1 DAGs
[2026-01-29T00:29:47.015+0000] {logging_mixin.py:188} INFO - [2026-01-29T00:29:47.015+0000] {dag.py:3947} INFO - Setting next_dagrun for example_skip_dag to 2026-01-28 00:00:00+00:00, run_after=2026-01-29 00:00:00+00:00
[2026-01-29T00:29:47.035+0000] {processor.py:183} INFO - Processing /home/airflow/.local/lib/python3.12/site-packages/airflow/example_dags/example_skip_dag.py took 0.084 seconds
[2026-01-29T00:30:17.130+0000] {processor.py:161} INFO - Started process (PID=66031) to work on /home/airflow/.local/lib/python3.12/site-packages/airflow/example_dags/example_skip_dag.py
[2026-01-29T00:30:17.131+0000] {processor.py:830} INFO - Processing file /home/airflow/.local/lib/python3.12/site-packages/airflow/example_dags/example_skip_dag.py for tasks to queue
[2026-01-29T00:30:17.133+0000] {logging_mixin.py:188} INFO - [2026-01-29T00:30:17.133+0000] {dagbag.py:545} INFO - Filling up the DagBag from /home/airflow/.local/lib/python3.12/site-packages/airflow/example_dags/example_skip_dag.py
[2026-01-29T00:30:17.139+0000] {processor.py:840} INFO - DAG(s) 'example_skip_dag' retrieved from /home/airflow/.local/lib/python3.12/site-packages/airflow/example_dags/example_skip_dag.py
[2026-01-29T00:30:17.161+0000] {logging_mixin.py:188} INFO - [2026-01-29T00:30:17.160+0000] {dag.py:3089} INFO - Sync 1 DAGs
[2026-01-29T00:30:17.184+0000] {logging_mixin.py:188} INFO - [2026-01-29T00:30:17.184+0000] {dag.py:3947} INFO - Setting next_dagrun for example_skip_dag to 2026-01-28 00:00:00+00:00, run_after=2026-01-29 00:00:00+00:00
[2026-01-29T00:30:17.203+0000] {processor.py:183} INFO - Processing /home/airflow/.local/lib/python3.12/site-packages/airflow/example_dags/example_skip_dag.py took 0.079 seconds
[2026-01-29T00:30:47.917+0000] {processor.py:161} INFO - Started process (PID=66088) to work on /home/airflow/.local/lib/python3.12/site-packages/airflow/example_dags/example_skip_dag.py
[2026-01-29T00:30:47.918+0000] {processor.py:830} INFO - Processing file /home/airflow/.local/lib/python3.12/site-packages/airflow/example_dags/example_skip_dag.py for tasks to queue
[2026-01-29T00:30:47.920+0000] {logging_mixin.py:188} INFO - [2026-01-29T00:30:47.919+0000] {dagbag.py:545} INFO - Filling up the DagBag from /home/airflow/.local/lib/python3.12/site-packages/airflow/example_dags/example_skip_dag.py
[2026-01-29T00:30:47.927+0000] {processor.py:840} INFO - DAG(s) 'example_skip_dag' retrieved from /home/airflow/.local/lib/python3.12/site-packages/airflow/example_dags/example_skip_dag.py
[2026-01-29T00:30:47.952+0000] {logging_mixin.py:188} INFO - [2026-01-29T00:30:47.952+0000] {dag.py:3089} INFO - Sync 1 DAGs
[2026-01-29T00:30:47.979+0000] {logging_mixin.py:188} INFO - [2026-01-29T00:30:47.979+0000] {dag.py:3947} INFO - Setting next_dagrun for example_skip_dag to 2026-01-28 00:00:00+00:00, run_after=2026-01-29 00:00:00+00:00
[2026-01-29T00:30:48.001+0000] {processor.py:183} INFO - Processing /home/airflow/.local/lib/python3.12/site-packages/airflow/example_dags/example_skip_dag.py took 0.090 seconds
[2026-01-29T00:31:18.088+0000] {processor.py:161} INFO - Started process (PID=66152) to work on /home/airflow/.local/lib/python3.12/site-packages/airflow/example_dags/example_skip_dag.py
[2026-01-29T00:31:18.089+0000] {processor.py:830} INFO - Processing file /home/airflow/.local/lib/python3.12/site-packages/airflow/example_dags/example_skip_dag.py for tasks to queue
[2026-01-29T00:31:18.091+0000] {logging_mixin.py:188} INFO - [2026-01-29T00:31:18.091+0000] {dagbag.py:545} INFO - Filling up the DagBag from /home/airflow/.local/lib/python3.12/site-packages/airflow/example_dags/example_skip_dag.py
[2026-01-29T00:31:18.099+0000] {processor.py:840} INFO - DAG(s) 'example_skip_dag' retrieved from /home/airflow/.local/lib/python3.12/site-packages/airflow/example_dags/example_skip_dag.py
[2026-01-29T00:31:18.122+0000] {logging_mixin.py:188} INFO - [2026-01-29T00:31:18.122+0000] {dag.py:3089} INFO - Sync 1 DAGs
[2026-01-29T00:31:18.148+0000] {logging_mixin.py:188} INFO - [2026-01-29T00:31:18.147+0000] {dag.py:3947} INFO - Setting next_dagrun for example_skip_dag to 2026-01-28 00:00:00+00:00, run_after=2026-01-29 00:00:00+00:00
[2026-01-29T00:31:18.169+0000] {processor.py:183} INFO - Processing /home/airflow/.local/lib/python3.12/site-packages/airflow/example_dags/example_skip_dag.py took 0.088 seconds
[2026-01-29T00:31:48.530+0000] {processor.py:161} INFO - Started process (PID=66211) to work on /home/airflow/.local/lib/python3.12/site-packages/airflow/example_dags/example_skip_dag.py
[2026-01-29T00:31:48.531+0000] {processor.py:830} INFO - Processing file /home/airflow/.local/lib/python3.12/site-packages/airflow/example_dags/example_skip_dag.py for tasks to queue
[2026-01-29T00:31:48.534+0000] {logging_mixin.py:188} INFO - [2026-01-29T00:31:48.533+0000] {dagbag.py:545} INFO - Filling up the DagBag from /home/airflow/.local/lib/python3.12/site-packages/airflow/example_dags/example_skip_dag.py
[2026-01-29T00:31:48.540+0000] {processor.py:840} INFO - DAG(s) 'example_skip_dag' retrieved from /home/airflow/.local/lib/python3.12/site-packages/airflow/example_dags/example_skip_dag.py
[2026-01-29T00:31:48.563+0000] {logging_mixin.py:188} INFO - [2026-01-29T00:31:48.563+0000] {dag.py:3089} INFO - Sync 1 DAGs
[2026-01-29T00:31:48.586+0000] {logging_mixin.py:188} INFO - [2026-01-29T00:31:48.586+0000] {dag.py:3947} INFO - Setting next_dagrun for example_skip_dag to 2026-01-28 00:00:00+00:00, run_after=2026-01-29 00:00:00+00:00
[2026-01-29T00:31:48.606+0000] {processor.py:183} INFO - Processing /home/airflow/.local/lib/python3.12/site-packages/airflow/example_dags/example_skip_dag.py took 0.083 seconds
[2026-01-29T00:32:18.831+0000] {processor.py:161} INFO - Started process (PID=66275) to work on /home/airflow/.local/lib/python3.12/site-packages/airflow/example_dags/example_skip_dag.py
[2026-01-29T00:32:18.832+0000] {processor.py:830} INFO - Processing file /home/airflow/.local/lib/python3.12/site-packages/airflow/example_dags/example_skip_dag.py for tasks to queue
[2026-01-29T00:32:18.835+0000] {logging_mixin.py:188} INFO - [2026-01-29T00:32:18.835+0000] {dagbag.py:545} INFO - Filling up the DagBag from /home/airflow/.local/lib/python3.12/site-packages/airflow/example_dags/example_skip_dag.py
[2026-01-29T00:32:18.842+0000] {processor.py:840} INFO - DAG(s) 'example_skip_dag' retrieved from /home/airflow/.local/lib/python3.12/site-packages/airflow/example_dags/example_skip_dag.py
[2026-01-29T00:32:18.863+0000] {logging_mixin.py:188} INFO - [2026-01-29T00:32:18.862+0000] {dag.py:3089} INFO - Sync 1 DAGs
[2026-01-29T00:32:18.887+0000] {logging_mixin.py:188} INFO - [2026-01-29T00:32:18.887+0000] {dag.py:3947} INFO - Setting next_dagrun for example_skip_dag to 2026-01-28 00:00:00+00:00, run_after=2026-01-29 00:00:00+00:00
[2026-01-29T00:32:18.909+0000] {processor.py:183} INFO - Processing /home/airflow/.local/lib/python3.12/site-packages/airflow/example_dags/example_skip_dag.py took 0.085 seconds
[2026-01-29T00:32:49.238+0000] {processor.py:161} INFO - Started process (PID=66334) to work on /home/airflow/.local/lib/python3.12/site-packages/airflow/example_dags/example_skip_dag.py
[2026-01-29T00:32:49.239+0000] {processor.py:830} INFO - Processing file /home/airflow/.local/lib/python3.12/site-packages/airflow/example_dags/example_skip_dag.py for tasks to queue
[2026-01-29T00:32:49.241+0000] {logging_mixin.py:188} INFO - [2026-01-29T00:32:49.241+0000] {dagbag.py:545} INFO - Filling up the DagBag from /home/airflow/.local/lib/python3.12/site-packages/airflow/example_dags/example_skip_dag.py
[2026-01-29T00:32:49.248+0000] {processor.py:840} INFO - DAG(s) 'example_skip_dag' retrieved from /home/airflow/.local/lib/python3.12/site-packages/airflow/example_dags/example_skip_dag.py
[2026-01-29T00:32:49.271+0000] {logging_mixin.py:188} INFO - [2026-01-29T00:32:49.271+0000] {dag.py:3089} INFO - Sync 1 DAGs
[2026-01-29T00:32:49.297+0000] {logging_mixin.py:188} INFO - [2026-01-29T00:32:49.297+0000] {dag.py:3947} INFO - Setting next_dagrun for example_skip_dag to 2026-01-28 00:00:00+00:00, run_after=2026-01-29 00:00:00+00:00
[2026-01-29T00:32:49.318+0000] {processor.py:183} INFO - Processing /home/airflow/.local/lib/python3.12/site-packages/airflow/example_dags/example_skip_dag.py took 0.087 seconds
[2026-01-29T00:33:19.858+0000] {processor.py:161} INFO - Started process (PID=66398) to work on /home/airflow/.local/lib/python3.12/site-packages/airflow/example_dags/example_skip_dag.py
[2026-01-29T00:33:19.860+0000] {processor.py:830} INFO - Processing file /home/airflow/.local/lib/python3.12/site-packages/airflow/example_dags/example_skip_dag.py for tasks to queue
[2026-01-29T00:33:19.862+0000] {logging_mixin.py:188} INFO - [2026-01-29T00:33:19.862+0000] {dagbag.py:545} INFO - Filling up the DagBag from /home/airflow/.local/lib/python3.12/site-packages/airflow/example_dags/example_skip_dag.py
[2026-01-29T00:33:19.869+0000] {processor.py:840} INFO - DAG(s) 'example_skip_dag' retrieved from /home/airflow/.local/lib/python3.12/site-packages/airflow/example_dags/example_skip_dag.py
[2026-01-29T00:33:19.893+0000] {logging_mixin.py:188} INFO - [2026-01-29T00:33:19.893+0000] {dag.py:3089} INFO - Sync 1 DAGs
[2026-01-29T00:33:19.918+0000] {logging_mixin.py:188} INFO - [2026-01-29T00:33:19.918+0000] {dag.py:3947} INFO - Setting next_dagrun for example_skip_dag to 2026-01-28 00:00:00+00:00, run_after=2026-01-29 00:00:00+00:00
[2026-01-29T00:33:19.939+0000] {processor.py:183} INFO - Processing /home/airflow/.local/lib/python3.12/site-packages/airflow/example_dags/example_skip_dag.py took 0.088 seconds
[2026-01-29T00:33:50.442+0000] {processor.py:161} INFO - Started process (PID=66457) to work on /home/airflow/.local/lib/python3.12/site-packages/airflow/example_dags/example_skip_dag.py
[2026-01-29T00:33:50.443+0000] {processor.py:830} INFO - Processing file /home/airflow/.local/lib/python3.12/site-packages/airflow/example_dags/example_skip_dag.py for tasks to queue
[2026-01-29T00:33:50.445+0000] {logging_mixin.py:188} INFO - [2026-01-29T00:33:50.445+0000] {dagbag.py:545} INFO - Filling up the DagBag from /home/airflow/.local/lib/python3.12/site-packages/airflow/example_dags/example_skip_dag.py
[2026-01-29T00:33:50.452+0000] {processor.py:840} INFO - DAG(s) 'example_skip_dag' retrieved from /home/airflow/.local/lib/python3.12/site-packages/airflow/example_dags/example_skip_dag.py
[2026-01-29T00:33:50.474+0000] {logging_mixin.py:188} INFO - [2026-01-29T00:33:50.474+0000] {dag.py:3089} INFO - Sync 1 DAGs
[2026-01-29T00:33:50.496+0000] {logging_mixin.py:188} INFO - [2026-01-29T00:33:50.496+0000] {dag.py:3947} INFO - Setting next_dagrun for example_skip_dag to 2026-01-28 00:00:00+00:00, run_after=2026-01-29 00:00:00+00:00
[2026-01-29T00:33:50.517+0000] {processor.py:183} INFO - Processing /home/airflow/.local/lib/python3.12/site-packages/airflow/example_dags/example_skip_dag.py took 0.082 seconds
[2026-01-29T00:34:21.111+0000] {processor.py:161} INFO - Started process (PID=66521) to work on /home/airflow/.local/lib/python3.12/site-packages/airflow/example_dags/example_skip_dag.py
[2026-01-29T00:34:21.112+0000] {processor.py:830} INFO - Processing file /home/airflow/.local/lib/python3.12/site-packages/airflow/example_dags/example_skip_dag.py for tasks to queue
[2026-01-29T00:34:21.115+0000] {logging_mixin.py:188} INFO - [2026-01-29T00:34:21.114+0000] {dagbag.py:545} INFO - Filling up the DagBag from /home/airflow/.local/lib/python3.12/site-packages/airflow/example_dags/example_skip_dag.py
[2026-01-29T00:34:21.122+0000] {processor.py:840} INFO - DAG(s) 'example_skip_dag' retrieved from /home/airflow/.local/lib/python3.12/site-packages/airflow/example_dags/example_skip_dag.py
[2026-01-29T00:34:21.146+0000] {logging_mixin.py:188} INFO - [2026-01-29T00:34:21.146+0000] {dag.py:3089} INFO - Sync 1 DAGs
[2026-01-29T00:34:21.172+0000] {logging_mixin.py:188} INFO - [2026-01-29T00:34:21.172+0000] {dag.py:3947} INFO - Setting next_dagrun for example_skip_dag to 2026-01-28 00:00:00+00:00, run_after=2026-01-29 00:00:00+00:00
[2026-01-29T00:34:21.193+0000] {processor.py:183} INFO - Processing /home/airflow/.local/lib/python3.12/site-packages/airflow/example_dags/example_skip_dag.py took 0.090 seconds
[2026-01-29T00:34:51.569+0000] {processor.py:161} INFO - Started process (PID=66580) to work on /home/airflow/.local/lib/python3.12/site-packages/airflow/example_dags/example_skip_dag.py
[2026-01-29T00:34:51.570+0000] {processor.py:830} INFO - Processing file /home/airflow/.local/lib/python3.12/site-packages/airflow/example_dags/example_skip_dag.py for tasks to queue
[2026-01-29T00:34:51.573+0000] {logging_mixin.py:188} INFO - [2026-01-29T00:34:51.572+0000] {dagbag.py:545} INFO - Filling up the DagBag from /home/airflow/.local/lib/python3.12/site-packages/airflow/example_dags/example_skip_dag.py
[2026-01-29T00:34:51.579+0000] {processor.py:840} INFO - DAG(s) 'example_skip_dag' retrieved from /home/airflow/.local/lib/python3.12/site-packages/airflow/example_dags/example_skip_dag.py
[2026-01-29T00:34:51.601+0000] {logging_mixin.py:188} INFO - [2026-01-29T00:34:51.601+0000] {dag.py:3089} INFO - Sync 1 DAGs
[2026-01-29T00:34:51.624+0000] {logging_mixin.py:188} INFO - [2026-01-29T00:34:51.624+0000] {dag.py:3947} INFO - Setting next_dagrun for example_skip_dag to 2026-01-28 00:00:00+00:00, run_after=2026-01-29 00:00:00+00:00
[2026-01-29T00:34:51.644+0000] {processor.py:183} INFO - Processing /home/airflow/.local/lib/python3.12/site-packages/airflow/example_dags/example_skip_dag.py took 0.082 seconds
[2026-01-29T00:35:22.099+0000] {processor.py:161} INFO - Started process (PID=66644) to work on /home/airflow/.local/lib/python3.12/site-packages/airflow/example_dags/example_skip_dag.py
[2026-01-29T00:35:22.100+0000] {processor.py:830} INFO - Processing file /home/airflow/.local/lib/python3.12/site-packages/airflow/example_dags/example_skip_dag.py for tasks to queue
[2026-01-29T00:35:22.103+0000] {logging_mixin.py:188} INFO - [2026-01-29T00:35:22.103+0000] {dagbag.py:545} INFO - Filling up the DagBag from /home/airflow/.local/lib/python3.12/site-packages/airflow/example_dags/example_skip_dag.py
[2026-01-29T00:35:22.110+0000] {processor.py:840} INFO - DAG(s) 'example_skip_dag' retrieved from /home/airflow/.local/lib/python3.12/site-packages/airflow/example_dags/example_skip_dag.py
[2026-01-29T00:35:22.135+0000] {logging_mixin.py:188} INFO - [2026-01-29T00:35:22.134+0000] {dag.py:3089} INFO - Sync 1 DAGs
[2026-01-29T00:35:22.160+0000] {logging_mixin.py:188} INFO - [2026-01-29T00:35:22.160+0000] {dag.py:3947} INFO - Setting next_dagrun for example_skip_dag to 2026-01-28 00:00:00+00:00, run_after=2026-01-29 00:00:00+00:00
[2026-01-29T00:35:22.181+0000] {processor.py:183} INFO - Processing /home/airflow/.local/lib/python3.12/site-packages/airflow/example_dags/example_skip_dag.py took 0.089 seconds
[2026-01-29T00:35:52.580+0000] {processor.py:161} INFO - Started process (PID=66703) to work on /home/airflow/.local/lib/python3.12/site-packages/airflow/example_dags/example_skip_dag.py
[2026-01-29T00:35:52.581+0000] {processor.py:830} INFO - Processing file /home/airflow/.local/lib/python3.12/site-packages/airflow/example_dags/example_skip_dag.py for tasks to queue
[2026-01-29T00:35:52.584+0000] {logging_mixin.py:188} INFO - [2026-01-29T00:35:52.583+0000] {dagbag.py:545} INFO - Filling up the DagBag from /home/airflow/.local/lib/python3.12/site-packages/airflow/example_dags/example_skip_dag.py
[2026-01-29T00:35:52.591+0000] {processor.py:840} INFO - DAG(s) 'example_skip_dag' retrieved from /home/airflow/.local/lib/python3.12/site-packages/airflow/example_dags/example_skip_dag.py
[2026-01-29T00:35:52.619+0000] {logging_mixin.py:188} INFO - [2026-01-29T00:35:52.619+0000] {dag.py:3089} INFO - Sync 1 DAGs
[2026-01-29T00:35:52.647+0000] {logging_mixin.py:188} INFO - [2026-01-29T00:35:52.647+0000] {dag.py:3947} INFO - Setting next_dagrun for example_skip_dag to 2026-01-28 00:00:00+00:00, run_after=2026-01-29 00:00:00+00:00
[2026-01-29T00:35:52.667+0000] {processor.py:183} INFO - Processing /home/airflow/.local/lib/python3.12/site-packages/airflow/example_dags/example_skip_dag.py took 0.095 seconds
[2026-01-29T00:36:22.936+0000] {processor.py:161} INFO - Started process (PID=66767) to work on /home/airflow/.local/lib/python3.12/site-packages/airflow/example_dags/example_skip_dag.py
[2026-01-29T00:36:22.937+0000] {processor.py:830} INFO - Processing file /home/airflow/.local/lib/python3.12/site-packages/airflow/example_dags/example_skip_dag.py for tasks to queue
[2026-01-29T00:36:22.939+0000] {logging_mixin.py:188} INFO - [2026-01-29T00:36:22.939+0000] {dagbag.py:545} INFO - Filling up the DagBag from /home/airflow/.local/lib/python3.12/site-packages/airflow/example_dags/example_skip_dag.py
[2026-01-29T00:36:22.946+0000] {processor.py:840} INFO - DAG(s) 'example_skip_dag' retrieved from /home/airflow/.local/lib/python3.12/site-packages/airflow/example_dags/example_skip_dag.py
[2026-01-29T00:36:22.975+0000] {logging_mixin.py:188} INFO - [2026-01-29T00:36:22.974+0000] {dag.py:3089} INFO - Sync 1 DAGs
[2026-01-29T00:36:23.003+0000] {logging_mixin.py:188} INFO - [2026-01-29T00:36:23.003+0000] {dag.py:3947} INFO - Setting next_dagrun for example_skip_dag to 2026-01-28 00:00:00+00:00, run_after=2026-01-29 00:00:00+00:00
[2026-01-29T00:36:23.022+0000] {processor.py:183} INFO - Processing /home/airflow/.local/lib/python3.12/site-packages/airflow/example_dags/example_skip_dag.py took 0.094 seconds
[2026-01-29T00:36:53.491+0000] {processor.py:161} INFO - Started process (PID=66826) to work on /home/airflow/.local/lib/python3.12/site-packages/airflow/example_dags/example_skip_dag.py
[2026-01-29T00:36:53.492+0000] {processor.py:830} INFO - Processing file /home/airflow/.local/lib/python3.12/site-packages/airflow/example_dags/example_skip_dag.py for tasks to queue
[2026-01-29T00:36:53.495+0000] {logging_mixin.py:188} INFO - [2026-01-29T00:36:53.495+0000] {dagbag.py:545} INFO - Filling up the DagBag from /home/airflow/.local/lib/python3.12/site-packages/airflow/example_dags/example_skip_dag.py
[2026-01-29T00:36:53.502+0000] {processor.py:840} INFO - DAG(s) 'example_skip_dag' retrieved from /home/airflow/.local/lib/python3.12/site-packages/airflow/example_dags/example_skip_dag.py
[2026-01-29T00:36:53.525+0000] {logging_mixin.py:188} INFO - [2026-01-29T00:36:53.525+0000] {dag.py:3089} INFO - Sync 1 DAGs
[2026-01-29T00:36:53.549+0000] {logging_mixin.py:188} INFO - [2026-01-29T00:36:53.549+0000] {dag.py:3947} INFO - Setting next_dagrun for example_skip_dag to 2026-01-28 00:00:00+00:00, run_after=2026-01-29 00:00:00+00:00
[2026-01-29T00:36:53.569+0000] {processor.py:183} INFO - Processing /home/airflow/.local/lib/python3.12/site-packages/airflow/example_dags/example_skip_dag.py took 0.085 seconds
[2026-01-29T00:37:24.017+0000] {processor.py:161} INFO - Started process (PID=66890) to work on /home/airflow/.local/lib/python3.12/site-packages/airflow/example_dags/example_skip_dag.py
[2026-01-29T00:37:24.017+0000] {processor.py:830} INFO - Processing file /home/airflow/.local/lib/python3.12/site-packages/airflow/example_dags/example_skip_dag.py for tasks to queue
[2026-01-29T00:37:24.019+0000] {logging_mixin.py:188} INFO - [2026-01-29T00:37:24.019+0000] {dagbag.py:545} INFO - Filling up the DagBag from /home/airflow/.local/lib/python3.12/site-packages/airflow/example_dags/example_skip_dag.py
[2026-01-29T00:37:24.025+0000] {processor.py:840} INFO - DAG(s) 'example_skip_dag' retrieved from /home/airflow/.local/lib/python3.12/site-packages/airflow/example_dags/example_skip_dag.py
[2026-01-29T00:37:24.047+0000] {logging_mixin.py:188} INFO - [2026-01-29T00:37:24.047+0000] {dag.py:3089} INFO - Sync 1 DAGs
[2026-01-29T00:37:24.069+0000] {logging_mixin.py:188} INFO - [2026-01-29T00:37:24.069+0000] {dag.py:3947} INFO - Setting next_dagrun for example_skip_dag to 2026-01-28 00:00:00+00:00, run_after=2026-01-29 00:00:00+00:00
[2026-01-29T00:37:24.090+0000] {processor.py:183} INFO - Processing /home/airflow/.local/lib/python3.12/site-packages/airflow/example_dags/example_skip_dag.py took 0.079 seconds
[2026-01-29T00:37:54.579+0000] {processor.py:161} INFO - Started process (PID=66949) to work on /home/airflow/.local/lib/python3.12/site-packages/airflow/example_dags/example_skip_dag.py
[2026-01-29T00:37:54.580+0000] {processor.py:830} INFO - Processing file /home/airflow/.local/lib/python3.12/site-packages/airflow/example_dags/example_skip_dag.py for tasks to queue
[2026-01-29T00:37:54.582+0000] {logging_mixin.py:188} INFO - [2026-01-29T00:37:54.582+0000] {dagbag.py:545} INFO - Filling up the DagBag from /home/airflow/.local/lib/python3.12/site-packages/airflow/example_dags/example_skip_dag.py
[2026-01-29T00:37:54.589+0000] {processor.py:840} INFO - DAG(s) 'example_skip_dag' retrieved from /home/airflow/.local/lib/python3.12/site-packages/airflow/example_dags/example_skip_dag.py
[2026-01-29T00:37:54.611+0000] {logging_mixin.py:188} INFO - [2026-01-29T00:37:54.611+0000] {dag.py:3089} INFO - Sync 1 DAGs
[2026-01-29T00:37:54.634+0000] {logging_mixin.py:188} INFO - [2026-01-29T00:37:54.633+0000] {dag.py:3947} INFO - Setting next_dagrun for example_skip_dag to 2026-01-28 00:00:00+00:00, run_after=2026-01-29 00:00:00+00:00
[2026-01-29T00:37:54.653+0000] {processor.py:183} INFO - Processing /home/airflow/.local/lib/python3.12/site-packages/airflow/example_dags/example_skip_dag.py took 0.080 seconds
[2026-01-29T00:38:25.127+0000] {processor.py:161} INFO - Started process (PID=67013) to work on /home/airflow/.local/lib/python3.12/site-packages/airflow/example_dags/example_skip_dag.py
[2026-01-29T00:38:25.128+0000] {processor.py:830} INFO - Processing file /home/airflow/.local/lib/python3.12/site-packages/airflow/example_dags/example_skip_dag.py for tasks to queue
[2026-01-29T00:38:25.130+0000] {logging_mixin.py:188} INFO - [2026-01-29T00:38:25.130+0000] {dagbag.py:545} INFO - Filling up the DagBag from /home/airflow/.local/lib/python3.12/site-packages/airflow/example_dags/example_skip_dag.py
[2026-01-29T00:38:25.137+0000] {processor.py:840} INFO - DAG(s) 'example_skip_dag' retrieved from /home/airflow/.local/lib/python3.12/site-packages/airflow/example_dags/example_skip_dag.py
[2026-01-29T00:38:25.160+0000] {logging_mixin.py:188} INFO - [2026-01-29T00:38:25.159+0000] {dag.py:3089} INFO - Sync 1 DAGs
[2026-01-29T00:38:25.187+0000] {logging_mixin.py:188} INFO - [2026-01-29T00:38:25.186+0000] {dag.py:3947} INFO - Setting next_dagrun for example_skip_dag to 2026-01-28 00:00:00+00:00, run_after=2026-01-29 00:00:00+00:00
[2026-01-29T00:38:25.207+0000] {processor.py:183} INFO - Processing /home/airflow/.local/lib/python3.12/site-packages/airflow/example_dags/example_skip_dag.py took 0.088 seconds
[2026-01-29T00:38:55.596+0000] {processor.py:161} INFO - Started process (PID=67072) to work on /home/airflow/.local/lib/python3.12/site-packages/airflow/example_dags/example_skip_dag.py
[2026-01-29T00:38:55.598+0000] {processor.py:830} INFO - Processing file /home/airflow/.local/lib/python3.12/site-packages/airflow/example_dags/example_skip_dag.py for tasks to queue
[2026-01-29T00:38:55.600+0000] {logging_mixin.py:188} INFO - [2026-01-29T00:38:55.600+0000] {dagbag.py:545} INFO - Filling up the DagBag from /home/airflow/.local/lib/python3.12/site-packages/airflow/example_dags/example_skip_dag.py
[2026-01-29T00:38:55.607+0000] {processor.py:840} INFO - DAG(s) 'example_skip_dag' retrieved from /home/airflow/.local/lib/python3.12/site-packages/airflow/example_dags/example_skip_dag.py
[2026-01-29T00:38:55.631+0000] {logging_mixin.py:188} INFO - [2026-01-29T00:38:55.631+0000] {dag.py:3089} INFO - Sync 1 DAGs
[2026-01-29T00:38:55.657+0000] {logging_mixin.py:188} INFO - [2026-01-29T00:38:55.656+0000] {dag.py:3947} INFO - Setting next_dagrun for example_skip_dag to 2026-01-28 00:00:00+00:00, run_after=2026-01-29 00:00:00+00:00
[2026-01-29T00:38:55.679+0000] {processor.py:183} INFO - Processing /home/airflow/.local/lib/python3.12/site-packages/airflow/example_dags/example_skip_dag.py took 0.090 seconds
[2026-01-29T00:39:26.159+0000] {processor.py:161} INFO - Started process (PID=67136) to work on /home/airflow/.local/lib/python3.12/site-packages/airflow/example_dags/example_skip_dag.py
[2026-01-29T00:39:26.160+0000] {processor.py:830} INFO - Processing file /home/airflow/.local/lib/python3.12/site-packages/airflow/example_dags/example_skip_dag.py for tasks to queue
[2026-01-29T00:39:26.162+0000] {logging_mixin.py:188} INFO - [2026-01-29T00:39:26.162+0000] {dagbag.py:545} INFO - Filling up the DagBag from /home/airflow/.local/lib/python3.12/site-packages/airflow/example_dags/example_skip_dag.py
[2026-01-29T00:39:26.169+0000] {processor.py:840} INFO - DAG(s) 'example_skip_dag' retrieved from /home/airflow/.local/lib/python3.12/site-packages/airflow/example_dags/example_skip_dag.py
[2026-01-29T00:39:26.192+0000] {logging_mixin.py:188} INFO - [2026-01-29T00:39:26.192+0000] {dag.py:3089} INFO - Sync 1 DAGs
[2026-01-29T00:39:26.217+0000] {logging_mixin.py:188} INFO - [2026-01-29T00:39:26.217+0000] {dag.py:3947} INFO - Setting next_dagrun for example_skip_dag to 2026-01-28 00:00:00+00:00, run_after=2026-01-29 00:00:00+00:00
[2026-01-29T00:39:26.236+0000] {processor.py:183} INFO - Processing /home/airflow/.local/lib/python3.12/site-packages/airflow/example_dags/example_skip_dag.py took 0.085 seconds
[2026-01-29T00:39:56.771+0000] {processor.py:161} INFO - Started process (PID=67195) to work on /home/airflow/.local/lib/python3.12/site-packages/airflow/example_dags/example_skip_dag.py
[2026-01-29T00:39:56.772+0000] {processor.py:830} INFO - Processing file /home/airflow/.local/lib/python3.12/site-packages/airflow/example_dags/example_skip_dag.py for tasks to queue
[2026-01-29T00:39:56.775+0000] {logging_mixin.py:188} INFO - [2026-01-29T00:39:56.775+0000] {dagbag.py:545} INFO - Filling up the DagBag from /home/airflow/.local/lib/python3.12/site-packages/airflow/example_dags/example_skip_dag.py
[2026-01-29T00:39:56.783+0000] {processor.py:840} INFO - DAG(s) 'example_skip_dag' retrieved from /home/airflow/.local/lib/python3.12/site-packages/airflow/example_dags/example_skip_dag.py
[2026-01-29T00:39:56.807+0000] {logging_mixin.py:188} INFO - [2026-01-29T00:39:56.807+0000] {dag.py:3089} INFO - Sync 1 DAGs
[2026-01-29T00:39:56.832+0000] {logging_mixin.py:188} INFO - [2026-01-29T00:39:56.832+0000] {dag.py:3947} INFO - Setting next_dagrun for example_skip_dag to 2026-01-28 00:00:00+00:00, run_after=2026-01-29 00:00:00+00:00
[2026-01-29T00:39:56.853+0000] {processor.py:183} INFO - Processing /home/airflow/.local/lib/python3.12/site-packages/airflow/example_dags/example_skip_dag.py took 0.089 seconds
[2026-01-29T00:40:27.253+0000] {processor.py:161} INFO - Started process (PID=67259) to work on /home/airflow/.local/lib/python3.12/site-packages/airflow/example_dags/example_skip_dag.py
[2026-01-29T00:40:27.254+0000] {processor.py:830} INFO - Processing file /home/airflow/.local/lib/python3.12/site-packages/airflow/example_dags/example_skip_dag.py for tasks to queue
[2026-01-29T00:40:27.257+0000] {logging_mixin.py:188} INFO - [2026-01-29T00:40:27.256+0000] {dagbag.py:545} INFO - Filling up the DagBag from /home/airflow/.local/lib/python3.12/site-packages/airflow/example_dags/example_skip_dag.py
[2026-01-29T00:40:27.265+0000] {processor.py:840} INFO - DAG(s) 'example_skip_dag' retrieved from /home/airflow/.local/lib/python3.12/site-packages/airflow/example_dags/example_skip_dag.py
[2026-01-29T00:40:27.293+0000] {logging_mixin.py:188} INFO - [2026-01-29T00:40:27.293+0000] {dag.py:3089} INFO - Sync 1 DAGs
[2026-01-29T00:40:27.316+0000] {logging_mixin.py:188} INFO - [2026-01-29T00:40:27.316+0000] {dag.py:3947} INFO - Setting next_dagrun for example_skip_dag to 2026-01-28 00:00:00+00:00, run_after=2026-01-29 00:00:00+00:00
[2026-01-29T00:40:27.335+0000] {processor.py:183} INFO - Processing /home/airflow/.local/lib/python3.12/site-packages/airflow/example_dags/example_skip_dag.py took 0.089 seconds
[2026-01-29T00:40:57.752+0000] {processor.py:161} INFO - Started process (PID=67318) to work on /home/airflow/.local/lib/python3.12/site-packages/airflow/example_dags/example_skip_dag.py
[2026-01-29T00:40:57.753+0000] {processor.py:830} INFO - Processing file /home/airflow/.local/lib/python3.12/site-packages/airflow/example_dags/example_skip_dag.py for tasks to queue
[2026-01-29T00:40:57.756+0000] {logging_mixin.py:188} INFO - [2026-01-29T00:40:57.755+0000] {dagbag.py:545} INFO - Filling up the DagBag from /home/airflow/.local/lib/python3.12/site-packages/airflow/example_dags/example_skip_dag.py
[2026-01-29T00:40:57.764+0000] {processor.py:840} INFO - DAG(s) 'example_skip_dag' retrieved from /home/airflow/.local/lib/python3.12/site-packages/airflow/example_dags/example_skip_dag.py
[2026-01-29T00:40:57.786+0000] {logging_mixin.py:188} INFO - [2026-01-29T00:40:57.786+0000] {dag.py:3089} INFO - Sync 1 DAGs
[2026-01-29T00:40:57.810+0000] {logging_mixin.py:188} INFO - [2026-01-29T00:40:57.810+0000] {dag.py:3947} INFO - Setting next_dagrun for example_skip_dag to 2026-01-28 00:00:00+00:00, run_after=2026-01-29 00:00:00+00:00
[2026-01-29T00:40:57.828+0000] {processor.py:183} INFO - Processing /home/airflow/.local/lib/python3.12/site-packages/airflow/example_dags/example_skip_dag.py took 0.084 seconds
[2026-01-29T00:41:28.488+0000] {processor.py:161} INFO - Started process (PID=67388) to work on /home/airflow/.local/lib/python3.12/site-packages/airflow/example_dags/example_skip_dag.py
[2026-01-29T00:41:28.489+0000] {processor.py:830} INFO - Processing file /home/airflow/.local/lib/python3.12/site-packages/airflow/example_dags/example_skip_dag.py for tasks to queue
[2026-01-29T00:41:28.491+0000] {logging_mixin.py:188} INFO - [2026-01-29T00:41:28.491+0000] {dagbag.py:545} INFO - Filling up the DagBag from /home/airflow/.local/lib/python3.12/site-packages/airflow/example_dags/example_skip_dag.py
[2026-01-29T00:41:28.497+0000] {processor.py:840} INFO - DAG(s) 'example_skip_dag' retrieved from /home/airflow/.local/lib/python3.12/site-packages/airflow/example_dags/example_skip_dag.py
[2026-01-29T00:41:28.518+0000] {logging_mixin.py:188} INFO - [2026-01-29T00:41:28.518+0000] {dag.py:3089} INFO - Sync 1 DAGs
[2026-01-29T00:41:28.540+0000] {logging_mixin.py:188} INFO - [2026-01-29T00:41:28.540+0000] {dag.py:3947} INFO - Setting next_dagrun for example_skip_dag to 2026-01-28 00:00:00+00:00, run_after=2026-01-29 00:00:00+00:00
[2026-01-29T00:41:28.560+0000] {processor.py:183} INFO - Processing /home/airflow/.local/lib/python3.12/site-packages/airflow/example_dags/example_skip_dag.py took 0.078 seconds
[2026-01-29T00:41:58.992+0000] {processor.py:161} INFO - Started process (PID=67447) to work on /home/airflow/.local/lib/python3.12/site-packages/airflow/example_dags/example_skip_dag.py
[2026-01-29T00:41:58.993+0000] {processor.py:830} INFO - Processing file /home/airflow/.local/lib/python3.12/site-packages/airflow/example_dags/example_skip_dag.py for tasks to queue
[2026-01-29T00:41:58.996+0000] {logging_mixin.py:188} INFO - [2026-01-29T00:41:58.995+0000] {dagbag.py:545} INFO - Filling up the DagBag from /home/airflow/.local/lib/python3.12/site-packages/airflow/example_dags/example_skip_dag.py
[2026-01-29T00:41:59.003+0000] {processor.py:840} INFO - DAG(s) 'example_skip_dag' retrieved from /home/airflow/.local/lib/python3.12/site-packages/airflow/example_dags/example_skip_dag.py
[2026-01-29T00:41:59.032+0000] {logging_mixin.py:188} INFO - [2026-01-29T00:41:59.031+0000] {dag.py:3089} INFO - Sync 1 DAGs
[2026-01-29T00:41:59.060+0000] {logging_mixin.py:188} INFO - [2026-01-29T00:41:59.059+0000] {dag.py:3947} INFO - Setting next_dagrun for example_skip_dag to 2026-01-28 00:00:00+00:00, run_after=2026-01-29 00:00:00+00:00
[2026-01-29T00:41:59.079+0000] {processor.py:183} INFO - Processing /home/airflow/.local/lib/python3.12/site-packages/airflow/example_dags/example_skip_dag.py took 0.095 seconds
[2026-01-29T00:42:29.590+0000] {processor.py:161} INFO - Started process (PID=67511) to work on /home/airflow/.local/lib/python3.12/site-packages/airflow/example_dags/example_skip_dag.py
[2026-01-29T00:42:29.591+0000] {processor.py:830} INFO - Processing file /home/airflow/.local/lib/python3.12/site-packages/airflow/example_dags/example_skip_dag.py for tasks to queue
[2026-01-29T00:42:29.594+0000] {logging_mixin.py:188} INFO - [2026-01-29T00:42:29.593+0000] {dagbag.py:545} INFO - Filling up the DagBag from /home/airflow/.local/lib/python3.12/site-packages/airflow/example_dags/example_skip_dag.py
[2026-01-29T00:42:29.600+0000] {processor.py:840} INFO - DAG(s) 'example_skip_dag' retrieved from /home/airflow/.local/lib/python3.12/site-packages/airflow/example_dags/example_skip_dag.py
[2026-01-29T00:42:29.629+0000] {logging_mixin.py:188} INFO - [2026-01-29T00:42:29.629+0000] {dag.py:3089} INFO - Sync 1 DAGs
[2026-01-29T00:42:29.660+0000] {logging_mixin.py:188} INFO - [2026-01-29T00:42:29.659+0000] {dag.py:3947} INFO - Setting next_dagrun for example_skip_dag to 2026-01-28 00:00:00+00:00, run_after=2026-01-29 00:00:00+00:00
[2026-01-29T00:42:29.680+0000] {processor.py:183} INFO - Processing /home/airflow/.local/lib/python3.12/site-packages/airflow/example_dags/example_skip_dag.py took 0.097 seconds
[2026-01-29T00:43:00.090+0000] {processor.py:161} INFO - Started process (PID=67570) to work on /home/airflow/.local/lib/python3.12/site-packages/airflow/example_dags/example_skip_dag.py
[2026-01-29T00:43:00.092+0000] {processor.py:830} INFO - Processing file /home/airflow/.local/lib/python3.12/site-packages/airflow/example_dags/example_skip_dag.py for tasks to queue
[2026-01-29T00:43:00.094+0000] {logging_mixin.py:188} INFO - [2026-01-29T00:43:00.094+0000] {dagbag.py:545} INFO - Filling up the DagBag from /home/airflow/.local/lib/python3.12/site-packages/airflow/example_dags/example_skip_dag.py
[2026-01-29T00:43:00.101+0000] {processor.py:840} INFO - DAG(s) 'example_skip_dag' retrieved from /home/airflow/.local/lib/python3.12/site-packages/airflow/example_dags/example_skip_dag.py
[2026-01-29T00:43:00.123+0000] {logging_mixin.py:188} INFO - [2026-01-29T00:43:00.123+0000] {dag.py:3089} INFO - Sync 1 DAGs
[2026-01-29T00:43:00.146+0000] {logging_mixin.py:188} INFO - [2026-01-29T00:43:00.146+0000] {dag.py:3947} INFO - Setting next_dagrun for example_skip_dag to 2026-01-28 00:00:00+00:00, run_after=2026-01-29 00:00:00+00:00
[2026-01-29T00:43:00.167+0000] {processor.py:183} INFO - Processing /home/airflow/.local/lib/python3.12/site-packages/airflow/example_dags/example_skip_dag.py took 0.084 seconds
[2026-01-29T00:43:30.690+0000] {processor.py:161} INFO - Started process (PID=67634) to work on /home/airflow/.local/lib/python3.12/site-packages/airflow/example_dags/example_skip_dag.py
[2026-01-29T00:43:30.691+0000] {processor.py:830} INFO - Processing file /home/airflow/.local/lib/python3.12/site-packages/airflow/example_dags/example_skip_dag.py for tasks to queue
[2026-01-29T00:43:30.693+0000] {logging_mixin.py:188} INFO - [2026-01-29T00:43:30.693+0000] {dagbag.py:545} INFO - Filling up the DagBag from /home/airflow/.local/lib/python3.12/site-packages/airflow/example_dags/example_skip_dag.py
[2026-01-29T00:43:30.700+0000] {processor.py:840} INFO - DAG(s) 'example_skip_dag' retrieved from /home/airflow/.local/lib/python3.12/site-packages/airflow/example_dags/example_skip_dag.py
[2026-01-29T00:43:30.723+0000] {logging_mixin.py:188} INFO - [2026-01-29T00:43:30.722+0000] {dag.py:3089} INFO - Sync 1 DAGs
[2026-01-29T00:43:30.746+0000] {logging_mixin.py:188} INFO - [2026-01-29T00:43:30.746+0000] {dag.py:3947} INFO - Setting next_dagrun for example_skip_dag to 2026-01-28 00:00:00+00:00, run_after=2026-01-29 00:00:00+00:00
[2026-01-29T00:43:30.767+0000] {processor.py:183} INFO - Processing /home/airflow/.local/lib/python3.12/site-packages/airflow/example_dags/example_skip_dag.py took 0.085 seconds
[2026-01-29T00:44:01.386+0000] {processor.py:161} INFO - Started process (PID=67698) to work on /home/airflow/.local/lib/python3.12/site-packages/airflow/example_dags/example_skip_dag.py
[2026-01-29T00:44:01.387+0000] {processor.py:830} INFO - Processing file /home/airflow/.local/lib/python3.12/site-packages/airflow/example_dags/example_skip_dag.py for tasks to queue
[2026-01-29T00:44:01.392+0000] {logging_mixin.py:188} INFO - [2026-01-29T00:44:01.391+0000] {dagbag.py:545} INFO - Filling up the DagBag from /home/airflow/.local/lib/python3.12/site-packages/airflow/example_dags/example_skip_dag.py
[2026-01-29T00:44:01.402+0000] {processor.py:840} INFO - DAG(s) 'example_skip_dag' retrieved from /home/airflow/.local/lib/python3.12/site-packages/airflow/example_dags/example_skip_dag.py
[2026-01-29T00:44:01.435+0000] {logging_mixin.py:188} INFO - [2026-01-29T00:44:01.434+0000] {dag.py:3089} INFO - Sync 1 DAGs
[2026-01-29T00:44:01.473+0000] {logging_mixin.py:188} INFO - [2026-01-29T00:44:01.472+0000] {dag.py:3947} INFO - Setting next_dagrun for example_skip_dag to 2026-01-28 00:00:00+00:00, run_after=2026-01-29 00:00:00+00:00
[2026-01-29T00:44:01.514+0000] {processor.py:183} INFO - Processing /home/airflow/.local/lib/python3.12/site-packages/airflow/example_dags/example_skip_dag.py took 0.139 seconds
[2026-01-29T00:44:31.850+0000] {processor.py:161} INFO - Started process (PID=67757) to work on /home/airflow/.local/lib/python3.12/site-packages/airflow/example_dags/example_skip_dag.py
[2026-01-29T00:44:31.851+0000] {processor.py:830} INFO - Processing file /home/airflow/.local/lib/python3.12/site-packages/airflow/example_dags/example_skip_dag.py for tasks to queue
[2026-01-29T00:44:31.854+0000] {logging_mixin.py:188} INFO - [2026-01-29T00:44:31.854+0000] {dagbag.py:545} INFO - Filling up the DagBag from /home/airflow/.local/lib/python3.12/site-packages/airflow/example_dags/example_skip_dag.py
[2026-01-29T00:44:31.861+0000] {processor.py:840} INFO - DAG(s) 'example_skip_dag' retrieved from /home/airflow/.local/lib/python3.12/site-packages/airflow/example_dags/example_skip_dag.py
[2026-01-29T00:44:31.888+0000] {logging_mixin.py:188} INFO - [2026-01-29T00:44:31.887+0000] {dag.py:3089} INFO - Sync 1 DAGs
[2026-01-29T00:44:31.913+0000] {logging_mixin.py:188} INFO - [2026-01-29T00:44:31.913+0000] {dag.py:3947} INFO - Setting next_dagrun for example_skip_dag to 2026-01-28 00:00:00+00:00, run_after=2026-01-29 00:00:00+00:00
[2026-01-29T00:44:31.932+0000] {processor.py:183} INFO - Processing /home/airflow/.local/lib/python3.12/site-packages/airflow/example_dags/example_skip_dag.py took 0.089 seconds
[2026-01-29T00:45:02.879+0000] {processor.py:161} INFO - Started process (PID=67821) to work on /home/airflow/.local/lib/python3.12/site-packages/airflow/example_dags/example_skip_dag.py
[2026-01-29T00:45:02.880+0000] {processor.py:830} INFO - Processing file /home/airflow/.local/lib/python3.12/site-packages/airflow/example_dags/example_skip_dag.py for tasks to queue
[2026-01-29T00:45:02.881+0000] {logging_mixin.py:188} INFO - [2026-01-29T00:45:02.881+0000] {dagbag.py:545} INFO - Filling up the DagBag from /home/airflow/.local/lib/python3.12/site-packages/airflow/example_dags/example_skip_dag.py
[2026-01-29T00:45:02.888+0000] {processor.py:840} INFO - DAG(s) 'example_skip_dag' retrieved from /home/airflow/.local/lib/python3.12/site-packages/airflow/example_dags/example_skip_dag.py
[2026-01-29T00:45:02.916+0000] {logging_mixin.py:188} INFO - [2026-01-29T00:45:02.916+0000] {dag.py:3089} INFO - Sync 1 DAGs
[2026-01-29T00:45:02.951+0000] {logging_mixin.py:188} INFO - [2026-01-29T00:45:02.950+0000] {dag.py:3947} INFO - Setting next_dagrun for example_skip_dag to 2026-01-28 00:00:00+00:00, run_after=2026-01-29 00:00:00+00:00
[2026-01-29T00:45:02.979+0000] {processor.py:183} INFO - Processing /home/airflow/.local/lib/python3.12/site-packages/airflow/example_dags/example_skip_dag.py took 0.107 seconds
[2026-01-29T00:45:33.351+0000] {processor.py:161} INFO - Started process (PID=67880) to work on /home/airflow/.local/lib/python3.12/site-packages/airflow/example_dags/example_skip_dag.py
[2026-01-29T00:45:33.352+0000] {processor.py:830} INFO - Processing file /home/airflow/.local/lib/python3.12/site-packages/airflow/example_dags/example_skip_dag.py for tasks to queue
[2026-01-29T00:45:33.355+0000] {logging_mixin.py:188} INFO - [2026-01-29T00:45:33.354+0000] {dagbag.py:545} INFO - Filling up the DagBag from /home/airflow/.local/lib/python3.12/site-packages/airflow/example_dags/example_skip_dag.py
[2026-01-29T00:45:33.362+0000] {processor.py:840} INFO - DAG(s) 'example_skip_dag' retrieved from /home/airflow/.local/lib/python3.12/site-packages/airflow/example_dags/example_skip_dag.py
[2026-01-29T00:45:33.389+0000] {logging_mixin.py:188} INFO - [2026-01-29T00:45:33.389+0000] {dag.py:3089} INFO - Sync 1 DAGs
[2026-01-29T00:45:33.416+0000] {logging_mixin.py:188} INFO - [2026-01-29T00:45:33.415+0000] {dag.py:3947} INFO - Setting next_dagrun for example_skip_dag to 2026-01-28 00:00:00+00:00, run_after=2026-01-29 00:00:00+00:00
[2026-01-29T00:45:33.435+0000] {processor.py:183} INFO - Processing /home/airflow/.local/lib/python3.12/site-packages/airflow/example_dags/example_skip_dag.py took 0.092 seconds
[2026-01-29T00:46:03.560+0000] {processor.py:161} INFO - Started process (PID=67944) to work on /home/airflow/.local/lib/python3.12/site-packages/airflow/example_dags/example_skip_dag.py
[2026-01-29T00:46:03.561+0000] {processor.py:830} INFO - Processing file /home/airflow/.local/lib/python3.12/site-packages/airflow/example_dags/example_skip_dag.py for tasks to queue
[2026-01-29T00:46:03.563+0000] {logging_mixin.py:188} INFO - [2026-01-29T00:46:03.563+0000] {dagbag.py:545} INFO - Filling up the DagBag from /home/airflow/.local/lib/python3.12/site-packages/airflow/example_dags/example_skip_dag.py
[2026-01-29T00:46:03.570+0000] {processor.py:840} INFO - DAG(s) 'example_skip_dag' retrieved from /home/airflow/.local/lib/python3.12/site-packages/airflow/example_dags/example_skip_dag.py
[2026-01-29T00:46:03.591+0000] {logging_mixin.py:188} INFO - [2026-01-29T00:46:03.590+0000] {dag.py:3089} INFO - Sync 1 DAGs
[2026-01-29T00:46:03.745+0000] {logging_mixin.py:188} INFO - [2026-01-29T00:46:03.745+0000] {dag.py:3947} INFO - Setting next_dagrun for example_skip_dag to 2026-01-28 00:00:00+00:00, run_after=2026-01-29 00:00:00+00:00
[2026-01-29T00:46:03.764+0000] {processor.py:183} INFO - Processing /home/airflow/.local/lib/python3.12/site-packages/airflow/example_dags/example_skip_dag.py took 0.210 seconds
[2026-01-29T00:46:33.955+0000] {processor.py:161} INFO - Started process (PID=68003) to work on /home/airflow/.local/lib/python3.12/site-packages/airflow/example_dags/example_skip_dag.py
[2026-01-29T00:46:33.955+0000] {processor.py:830} INFO - Processing file /home/airflow/.local/lib/python3.12/site-packages/airflow/example_dags/example_skip_dag.py for tasks to queue
[2026-01-29T00:46:33.958+0000] {logging_mixin.py:188} INFO - [2026-01-29T00:46:33.957+0000] {dagbag.py:545} INFO - Filling up the DagBag from /home/airflow/.local/lib/python3.12/site-packages/airflow/example_dags/example_skip_dag.py
[2026-01-29T00:46:33.964+0000] {processor.py:840} INFO - DAG(s) 'example_skip_dag' retrieved from /home/airflow/.local/lib/python3.12/site-packages/airflow/example_dags/example_skip_dag.py
[2026-01-29T00:46:33.986+0000] {logging_mixin.py:188} INFO - [2026-01-29T00:46:33.986+0000] {dag.py:3089} INFO - Sync 1 DAGs
[2026-01-29T00:46:34.137+0000] {logging_mixin.py:188} INFO - [2026-01-29T00:46:34.137+0000] {dag.py:3947} INFO - Setting next_dagrun for example_skip_dag to 2026-01-28 00:00:00+00:00, run_after=2026-01-29 00:00:00+00:00
[2026-01-29T00:46:34.156+0000] {processor.py:183} INFO - Processing /home/airflow/.local/lib/python3.12/site-packages/airflow/example_dags/example_skip_dag.py took 0.209 seconds
[2026-01-29T00:47:04.834+0000] {processor.py:161} INFO - Started process (PID=68066) to work on /home/airflow/.local/lib/python3.12/site-packages/airflow/example_dags/example_skip_dag.py
[2026-01-29T00:47:04.835+0000] {processor.py:830} INFO - Processing file /home/airflow/.local/lib/python3.12/site-packages/airflow/example_dags/example_skip_dag.py for tasks to queue
[2026-01-29T00:47:04.837+0000] {logging_mixin.py:188} INFO - [2026-01-29T00:47:04.837+0000] {dagbag.py:545} INFO - Filling up the DagBag from /home/airflow/.local/lib/python3.12/site-packages/airflow/example_dags/example_skip_dag.py
[2026-01-29T00:47:04.845+0000] {processor.py:840} INFO - DAG(s) 'example_skip_dag' retrieved from /home/airflow/.local/lib/python3.12/site-packages/airflow/example_dags/example_skip_dag.py
[2026-01-29T00:47:04.867+0000] {logging_mixin.py:188} INFO - [2026-01-29T00:47:04.867+0000] {dag.py:3089} INFO - Sync 1 DAGs
[2026-01-29T00:47:04.891+0000] {logging_mixin.py:188} INFO - [2026-01-29T00:47:04.890+0000] {dag.py:3947} INFO - Setting next_dagrun for example_skip_dag to 2026-01-28 00:00:00+00:00, run_after=2026-01-29 00:00:00+00:00
[2026-01-29T00:47:05.045+0000] {processor.py:183} INFO - Processing /home/airflow/.local/lib/python3.12/site-packages/airflow/example_dags/example_skip_dag.py took 0.218 seconds
[2026-01-29T00:47:35.957+0000] {processor.py:161} INFO - Started process (PID=68125) to work on /home/airflow/.local/lib/python3.12/site-packages/airflow/example_dags/example_skip_dag.py
[2026-01-29T00:47:35.958+0000] {processor.py:830} INFO - Processing file /home/airflow/.local/lib/python3.12/site-packages/airflow/example_dags/example_skip_dag.py for tasks to queue
[2026-01-29T00:47:35.960+0000] {logging_mixin.py:188} INFO - [2026-01-29T00:47:35.960+0000] {dagbag.py:545} INFO - Filling up the DagBag from /home/airflow/.local/lib/python3.12/site-packages/airflow/example_dags/example_skip_dag.py
[2026-01-29T00:47:35.967+0000] {processor.py:840} INFO - DAG(s) 'example_skip_dag' retrieved from /home/airflow/.local/lib/python3.12/site-packages/airflow/example_dags/example_skip_dag.py
[2026-01-29T00:47:35.988+0000] {logging_mixin.py:188} INFO - [2026-01-29T00:47:35.988+0000] {dag.py:3089} INFO - Sync 1 DAGs
[2026-01-29T00:47:36.010+0000] {logging_mixin.py:188} INFO - [2026-01-29T00:47:36.010+0000] {dag.py:3947} INFO - Setting next_dagrun for example_skip_dag to 2026-01-28 00:00:00+00:00, run_after=2026-01-29 00:00:00+00:00
[2026-01-29T00:47:36.030+0000] {processor.py:183} INFO - Processing /home/airflow/.local/lib/python3.12/site-packages/airflow/example_dags/example_skip_dag.py took 0.081 seconds
[2026-01-29T00:48:07.035+0000] {processor.py:161} INFO - Started process (PID=68189) to work on /home/airflow/.local/lib/python3.12/site-packages/airflow/example_dags/example_skip_dag.py
[2026-01-29T00:48:07.036+0000] {processor.py:830} INFO - Processing file /home/airflow/.local/lib/python3.12/site-packages/airflow/example_dags/example_skip_dag.py for tasks to queue
[2026-01-29T00:48:07.038+0000] {logging_mixin.py:188} INFO - [2026-01-29T00:48:07.038+0000] {dagbag.py:545} INFO - Filling up the DagBag from /home/airflow/.local/lib/python3.12/site-packages/airflow/example_dags/example_skip_dag.py
[2026-01-29T00:48:07.046+0000] {processor.py:840} INFO - DAG(s) 'example_skip_dag' retrieved from /home/airflow/.local/lib/python3.12/site-packages/airflow/example_dags/example_skip_dag.py
[2026-01-29T00:48:07.068+0000] {logging_mixin.py:188} INFO - [2026-01-29T00:48:07.068+0000] {dag.py:3089} INFO - Sync 1 DAGs
[2026-01-29T00:48:07.093+0000] {logging_mixin.py:188} INFO - [2026-01-29T00:48:07.093+0000] {dag.py:3947} INFO - Setting next_dagrun for example_skip_dag to 2026-01-28 00:00:00+00:00, run_after=2026-01-29 00:00:00+00:00
[2026-01-29T00:48:07.113+0000] {processor.py:183} INFO - Processing /home/airflow/.local/lib/python3.12/site-packages/airflow/example_dags/example_skip_dag.py took 0.086 seconds
[2026-01-29T00:48:37.698+0000] {processor.py:161} INFO - Started process (PID=68248) to work on /home/airflow/.local/lib/python3.12/site-packages/airflow/example_dags/example_skip_dag.py
[2026-01-29T00:48:37.700+0000] {processor.py:830} INFO - Processing file /home/airflow/.local/lib/python3.12/site-packages/airflow/example_dags/example_skip_dag.py for tasks to queue
[2026-01-29T00:48:37.702+0000] {logging_mixin.py:188} INFO - [2026-01-29T00:48:37.701+0000] {dagbag.py:545} INFO - Filling up the DagBag from /home/airflow/.local/lib/python3.12/site-packages/airflow/example_dags/example_skip_dag.py
[2026-01-29T00:48:37.709+0000] {processor.py:840} INFO - DAG(s) 'example_skip_dag' retrieved from /home/airflow/.local/lib/python3.12/site-packages/airflow/example_dags/example_skip_dag.py
[2026-01-29T00:48:37.730+0000] {logging_mixin.py:188} INFO - [2026-01-29T00:48:37.730+0000] {dag.py:3089} INFO - Sync 1 DAGs
[2026-01-29T00:48:37.753+0000] {logging_mixin.py:188} INFO - [2026-01-29T00:48:37.753+0000] {dag.py:3947} INFO - Setting next_dagrun for example_skip_dag to 2026-01-28 00:00:00+00:00, run_after=2026-01-29 00:00:00+00:00
[2026-01-29T00:48:37.773+0000] {processor.py:183} INFO - Processing /home/airflow/.local/lib/python3.12/site-packages/airflow/example_dags/example_skip_dag.py took 0.082 seconds
[2026-01-29T00:49:08.330+0000] {processor.py:161} INFO - Started process (PID=68312) to work on /home/airflow/.local/lib/python3.12/site-packages/airflow/example_dags/example_skip_dag.py
[2026-01-29T00:49:08.331+0000] {processor.py:830} INFO - Processing file /home/airflow/.local/lib/python3.12/site-packages/airflow/example_dags/example_skip_dag.py for tasks to queue
[2026-01-29T00:49:08.333+0000] {logging_mixin.py:188} INFO - [2026-01-29T00:49:08.333+0000] {dagbag.py:545} INFO - Filling up the DagBag from /home/airflow/.local/lib/python3.12/site-packages/airflow/example_dags/example_skip_dag.py
[2026-01-29T00:49:08.340+0000] {processor.py:840} INFO - DAG(s) 'example_skip_dag' retrieved from /home/airflow/.local/lib/python3.12/site-packages/airflow/example_dags/example_skip_dag.py
[2026-01-29T00:49:08.363+0000] {logging_mixin.py:188} INFO - [2026-01-29T00:49:08.362+0000] {dag.py:3089} INFO - Sync 1 DAGs
[2026-01-29T00:49:08.386+0000] {logging_mixin.py:188} INFO - [2026-01-29T00:49:08.385+0000] {dag.py:3947} INFO - Setting next_dagrun for example_skip_dag to 2026-01-28 00:00:00+00:00, run_after=2026-01-29 00:00:00+00:00
[2026-01-29T00:49:08.407+0000] {processor.py:183} INFO - Processing /home/airflow/.local/lib/python3.12/site-packages/airflow/example_dags/example_skip_dag.py took 0.084 seconds
[2026-01-29T00:49:38.964+0000] {processor.py:161} INFO - Started process (PID=68371) to work on /home/airflow/.local/lib/python3.12/site-packages/airflow/example_dags/example_skip_dag.py
[2026-01-29T00:49:38.966+0000] {processor.py:830} INFO - Processing file /home/airflow/.local/lib/python3.12/site-packages/airflow/example_dags/example_skip_dag.py for tasks to queue
[2026-01-29T00:49:38.968+0000] {logging_mixin.py:188} INFO - [2026-01-29T00:49:38.967+0000] {dagbag.py:545} INFO - Filling up the DagBag from /home/airflow/.local/lib/python3.12/site-packages/airflow/example_dags/example_skip_dag.py
[2026-01-29T00:49:38.975+0000] {processor.py:840} INFO - DAG(s) 'example_skip_dag' retrieved from /home/airflow/.local/lib/python3.12/site-packages/airflow/example_dags/example_skip_dag.py
[2026-01-29T00:49:38.999+0000] {logging_mixin.py:188} INFO - [2026-01-29T00:49:38.999+0000] {dag.py:3089} INFO - Sync 1 DAGs
[2026-01-29T00:49:39.024+0000] {logging_mixin.py:188} INFO - [2026-01-29T00:49:39.024+0000] {dag.py:3947} INFO - Setting next_dagrun for example_skip_dag to 2026-01-28 00:00:00+00:00, run_after=2026-01-29 00:00:00+00:00
[2026-01-29T00:49:39.045+0000] {processor.py:183} INFO - Processing /home/airflow/.local/lib/python3.12/site-packages/airflow/example_dags/example_skip_dag.py took 0.088 seconds
[2026-01-29T00:50:09.502+0000] {processor.py:161} INFO - Started process (PID=68435) to work on /home/airflow/.local/lib/python3.12/site-packages/airflow/example_dags/example_skip_dag.py
[2026-01-29T00:50:09.504+0000] {processor.py:830} INFO - Processing file /home/airflow/.local/lib/python3.12/site-packages/airflow/example_dags/example_skip_dag.py for tasks to queue
[2026-01-29T00:50:09.506+0000] {logging_mixin.py:188} INFO - [2026-01-29T00:50:09.505+0000] {dagbag.py:545} INFO - Filling up the DagBag from /home/airflow/.local/lib/python3.12/site-packages/airflow/example_dags/example_skip_dag.py
[2026-01-29T00:50:09.513+0000] {processor.py:840} INFO - DAG(s) 'example_skip_dag' retrieved from /home/airflow/.local/lib/python3.12/site-packages/airflow/example_dags/example_skip_dag.py
[2026-01-29T00:50:09.537+0000] {logging_mixin.py:188} INFO - [2026-01-29T00:50:09.537+0000] {dag.py:3089} INFO - Sync 1 DAGs
[2026-01-29T00:50:09.564+0000] {logging_mixin.py:188} INFO - [2026-01-29T00:50:09.563+0000] {dag.py:3947} INFO - Setting next_dagrun for example_skip_dag to 2026-01-28 00:00:00+00:00, run_after=2026-01-29 00:00:00+00:00
[2026-01-29T00:50:09.585+0000] {processor.py:183} INFO - Processing /home/airflow/.local/lib/python3.12/site-packages/airflow/example_dags/example_skip_dag.py took 0.090 seconds
[2026-01-29T00:50:40.208+0000] {processor.py:161} INFO - Started process (PID=68494) to work on /home/airflow/.local/lib/python3.12/site-packages/airflow/example_dags/example_skip_dag.py
[2026-01-29T00:50:40.209+0000] {processor.py:830} INFO - Processing file /home/airflow/.local/lib/python3.12/site-packages/airflow/example_dags/example_skip_dag.py for tasks to queue
[2026-01-29T00:50:40.211+0000] {logging_mixin.py:188} INFO - [2026-01-29T00:50:40.210+0000] {dagbag.py:545} INFO - Filling up the DagBag from /home/airflow/.local/lib/python3.12/site-packages/airflow/example_dags/example_skip_dag.py
[2026-01-29T00:50:40.217+0000] {processor.py:840} INFO - DAG(s) 'example_skip_dag' retrieved from /home/airflow/.local/lib/python3.12/site-packages/airflow/example_dags/example_skip_dag.py
[2026-01-29T00:50:40.238+0000] {logging_mixin.py:188} INFO - [2026-01-29T00:50:40.238+0000] {dag.py:3089} INFO - Sync 1 DAGs
[2026-01-29T00:50:40.261+0000] {logging_mixin.py:188} INFO - [2026-01-29T00:50:40.261+0000] {dag.py:3947} INFO - Setting next_dagrun for example_skip_dag to 2026-01-28 00:00:00+00:00, run_after=2026-01-29 00:00:00+00:00
[2026-01-29T00:50:40.281+0000] {processor.py:183} INFO - Processing /home/airflow/.local/lib/python3.12/site-packages/airflow/example_dags/example_skip_dag.py took 0.081 seconds
[2026-01-29T00:51:11.032+0000] {processor.py:161} INFO - Started process (PID=68558) to work on /home/airflow/.local/lib/python3.12/site-packages/airflow/example_dags/example_skip_dag.py
[2026-01-29T00:51:11.033+0000] {processor.py:830} INFO - Processing file /home/airflow/.local/lib/python3.12/site-packages/airflow/example_dags/example_skip_dag.py for tasks to queue
[2026-01-29T00:51:11.035+0000] {logging_mixin.py:188} INFO - [2026-01-29T00:51:11.035+0000] {dagbag.py:545} INFO - Filling up the DagBag from /home/airflow/.local/lib/python3.12/site-packages/airflow/example_dags/example_skip_dag.py
[2026-01-29T00:51:11.042+0000] {processor.py:840} INFO - DAG(s) 'example_skip_dag' retrieved from /home/airflow/.local/lib/python3.12/site-packages/airflow/example_dags/example_skip_dag.py
[2026-01-29T00:51:11.070+0000] {logging_mixin.py:188} INFO - [2026-01-29T00:51:11.069+0000] {dag.py:3089} INFO - Sync 1 DAGs
[2026-01-29T00:51:11.098+0000] {logging_mixin.py:188} INFO - [2026-01-29T00:51:11.098+0000] {dag.py:3947} INFO - Setting next_dagrun for example_skip_dag to 2026-01-28 00:00:00+00:00, run_after=2026-01-29 00:00:00+00:00
[2026-01-29T00:51:11.119+0000] {processor.py:183} INFO - Processing /home/airflow/.local/lib/python3.12/site-packages/airflow/example_dags/example_skip_dag.py took 0.095 seconds
[2026-01-29T00:51:41.728+0000] {processor.py:161} INFO - Started process (PID=68617) to work on /home/airflow/.local/lib/python3.12/site-packages/airflow/example_dags/example_skip_dag.py
[2026-01-29T00:51:41.729+0000] {processor.py:830} INFO - Processing file /home/airflow/.local/lib/python3.12/site-packages/airflow/example_dags/example_skip_dag.py for tasks to queue
[2026-01-29T00:51:41.731+0000] {logging_mixin.py:188} INFO - [2026-01-29T00:51:41.731+0000] {dagbag.py:545} INFO - Filling up the DagBag from /home/airflow/.local/lib/python3.12/site-packages/airflow/example_dags/example_skip_dag.py
[2026-01-29T00:51:41.738+0000] {processor.py:840} INFO - DAG(s) 'example_skip_dag' retrieved from /home/airflow/.local/lib/python3.12/site-packages/airflow/example_dags/example_skip_dag.py
[2026-01-29T00:51:41.765+0000] {logging_mixin.py:188} INFO - [2026-01-29T00:51:41.765+0000] {dag.py:3089} INFO - Sync 1 DAGs
[2026-01-29T00:51:41.796+0000] {logging_mixin.py:188} INFO - [2026-01-29T00:51:41.796+0000] {dag.py:3947} INFO - Setting next_dagrun for example_skip_dag to 2026-01-28 00:00:00+00:00, run_after=2026-01-29 00:00:00+00:00
[2026-01-29T00:51:41.820+0000] {processor.py:183} INFO - Processing /home/airflow/.local/lib/python3.12/site-packages/airflow/example_dags/example_skip_dag.py took 0.098 seconds
[2026-01-29T00:52:12.471+0000] {processor.py:161} INFO - Started process (PID=68681) to work on /home/airflow/.local/lib/python3.12/site-packages/airflow/example_dags/example_skip_dag.py
[2026-01-29T00:52:12.472+0000] {processor.py:830} INFO - Processing file /home/airflow/.local/lib/python3.12/site-packages/airflow/example_dags/example_skip_dag.py for tasks to queue
[2026-01-29T00:52:12.475+0000] {logging_mixin.py:188} INFO - [2026-01-29T00:52:12.474+0000] {dagbag.py:545} INFO - Filling up the DagBag from /home/airflow/.local/lib/python3.12/site-packages/airflow/example_dags/example_skip_dag.py
[2026-01-29T00:52:12.482+0000] {processor.py:840} INFO - DAG(s) 'example_skip_dag' retrieved from /home/airflow/.local/lib/python3.12/site-packages/airflow/example_dags/example_skip_dag.py
[2026-01-29T00:52:12.505+0000] {logging_mixin.py:188} INFO - [2026-01-29T00:52:12.505+0000] {dag.py:3089} INFO - Sync 1 DAGs
[2026-01-29T00:52:12.530+0000] {logging_mixin.py:188} INFO - [2026-01-29T00:52:12.530+0000] {dag.py:3947} INFO - Setting next_dagrun for example_skip_dag to 2026-01-28 00:00:00+00:00, run_after=2026-01-29 00:00:00+00:00
[2026-01-29T00:52:12.552+0000] {processor.py:183} INFO - Processing /home/airflow/.local/lib/python3.12/site-packages/airflow/example_dags/example_skip_dag.py took 0.089 seconds
[2026-01-29T00:52:43.176+0000] {processor.py:161} INFO - Started process (PID=68740) to work on /home/airflow/.local/lib/python3.12/site-packages/airflow/example_dags/example_skip_dag.py
[2026-01-29T00:52:43.177+0000] {processor.py:830} INFO - Processing file /home/airflow/.local/lib/python3.12/site-packages/airflow/example_dags/example_skip_dag.py for tasks to queue
[2026-01-29T00:52:43.179+0000] {logging_mixin.py:188} INFO - [2026-01-29T00:52:43.179+0000] {dagbag.py:545} INFO - Filling up the DagBag from /home/airflow/.local/lib/python3.12/site-packages/airflow/example_dags/example_skip_dag.py
[2026-01-29T00:52:43.186+0000] {processor.py:840} INFO - DAG(s) 'example_skip_dag' retrieved from /home/airflow/.local/lib/python3.12/site-packages/airflow/example_dags/example_skip_dag.py
[2026-01-29T00:52:43.206+0000] {logging_mixin.py:188} INFO - [2026-01-29T00:52:43.206+0000] {dag.py:3089} INFO - Sync 1 DAGs
[2026-01-29T00:52:43.229+0000] {logging_mixin.py:188} INFO - [2026-01-29T00:52:43.229+0000] {dag.py:3947} INFO - Setting next_dagrun for example_skip_dag to 2026-01-28 00:00:00+00:00, run_after=2026-01-29 00:00:00+00:00
[2026-01-29T00:52:43.249+0000] {processor.py:183} INFO - Processing /home/airflow/.local/lib/python3.12/site-packages/airflow/example_dags/example_skip_dag.py took 0.079 seconds
[2026-01-29T00:53:13.821+0000] {processor.py:161} INFO - Started process (PID=68804) to work on /home/airflow/.local/lib/python3.12/site-packages/airflow/example_dags/example_skip_dag.py
[2026-01-29T00:53:13.822+0000] {processor.py:830} INFO - Processing file /home/airflow/.local/lib/python3.12/site-packages/airflow/example_dags/example_skip_dag.py for tasks to queue
[2026-01-29T00:53:13.824+0000] {logging_mixin.py:188} INFO - [2026-01-29T00:53:13.824+0000] {dagbag.py:545} INFO - Filling up the DagBag from /home/airflow/.local/lib/python3.12/site-packages/airflow/example_dags/example_skip_dag.py
[2026-01-29T00:53:13.831+0000] {processor.py:840} INFO - DAG(s) 'example_skip_dag' retrieved from /home/airflow/.local/lib/python3.12/site-packages/airflow/example_dags/example_skip_dag.py
[2026-01-29T00:53:13.860+0000] {logging_mixin.py:188} INFO - [2026-01-29T00:53:13.859+0000] {dag.py:3089} INFO - Sync 1 DAGs
[2026-01-29T00:53:13.891+0000] {logging_mixin.py:188} INFO - [2026-01-29T00:53:13.890+0000] {dag.py:3947} INFO - Setting next_dagrun for example_skip_dag to 2026-01-28 00:00:00+00:00, run_after=2026-01-29 00:00:00+00:00
[2026-01-29T00:53:13.912+0000] {processor.py:183} INFO - Processing /home/airflow/.local/lib/python3.12/site-packages/airflow/example_dags/example_skip_dag.py took 0.097 seconds
[2026-01-29T00:53:44.503+0000] {processor.py:161} INFO - Started process (PID=68863) to work on /home/airflow/.local/lib/python3.12/site-packages/airflow/example_dags/example_skip_dag.py
[2026-01-29T00:53:44.504+0000] {processor.py:830} INFO - Processing file /home/airflow/.local/lib/python3.12/site-packages/airflow/example_dags/example_skip_dag.py for tasks to queue
[2026-01-29T00:53:44.507+0000] {logging_mixin.py:188} INFO - [2026-01-29T00:53:44.506+0000] {dagbag.py:545} INFO - Filling up the DagBag from /home/airflow/.local/lib/python3.12/site-packages/airflow/example_dags/example_skip_dag.py
[2026-01-29T00:53:44.514+0000] {processor.py:840} INFO - DAG(s) 'example_skip_dag' retrieved from /home/airflow/.local/lib/python3.12/site-packages/airflow/example_dags/example_skip_dag.py
[2026-01-29T00:53:44.534+0000] {logging_mixin.py:188} INFO - [2026-01-29T00:53:44.534+0000] {dag.py:3089} INFO - Sync 1 DAGs
[2026-01-29T00:53:44.557+0000] {logging_mixin.py:188} INFO - [2026-01-29T00:53:44.557+0000] {dag.py:3947} INFO - Setting next_dagrun for example_skip_dag to 2026-01-28 00:00:00+00:00, run_after=2026-01-29 00:00:00+00:00
[2026-01-29T00:53:44.578+0000] {processor.py:183} INFO - Processing /home/airflow/.local/lib/python3.12/site-packages/airflow/example_dags/example_skip_dag.py took 0.082 seconds
[2026-01-29T00:54:15.416+0000] {processor.py:161} INFO - Started process (PID=68927) to work on /home/airflow/.local/lib/python3.12/site-packages/airflow/example_dags/example_skip_dag.py
[2026-01-29T00:54:15.417+0000] {processor.py:830} INFO - Processing file /home/airflow/.local/lib/python3.12/site-packages/airflow/example_dags/example_skip_dag.py for tasks to queue
[2026-01-29T00:54:15.420+0000] {logging_mixin.py:188} INFO - [2026-01-29T00:54:15.419+0000] {dagbag.py:545} INFO - Filling up the DagBag from /home/airflow/.local/lib/python3.12/site-packages/airflow/example_dags/example_skip_dag.py
[2026-01-29T00:54:15.427+0000] {processor.py:840} INFO - DAG(s) 'example_skip_dag' retrieved from /home/airflow/.local/lib/python3.12/site-packages/airflow/example_dags/example_skip_dag.py
[2026-01-29T00:54:15.448+0000] {logging_mixin.py:188} INFO - [2026-01-29T00:54:15.447+0000] {dag.py:3089} INFO - Sync 1 DAGs
[2026-01-29T00:54:15.470+0000] {logging_mixin.py:188} INFO - [2026-01-29T00:54:15.470+0000] {dag.py:3947} INFO - Setting next_dagrun for example_skip_dag to 2026-01-28 00:00:00+00:00, run_after=2026-01-29 00:00:00+00:00
[2026-01-29T00:54:15.489+0000] {processor.py:183} INFO - Processing /home/airflow/.local/lib/python3.12/site-packages/airflow/example_dags/example_skip_dag.py took 0.081 seconds
[2026-01-29T00:54:46.170+0000] {processor.py:161} INFO - Started process (PID=68986) to work on /home/airflow/.local/lib/python3.12/site-packages/airflow/example_dags/example_skip_dag.py
[2026-01-29T00:54:46.171+0000] {processor.py:830} INFO - Processing file /home/airflow/.local/lib/python3.12/site-packages/airflow/example_dags/example_skip_dag.py for tasks to queue
[2026-01-29T00:54:46.174+0000] {logging_mixin.py:188} INFO - [2026-01-29T00:54:46.173+0000] {dagbag.py:545} INFO - Filling up the DagBag from /home/airflow/.local/lib/python3.12/site-packages/airflow/example_dags/example_skip_dag.py
[2026-01-29T00:54:46.181+0000] {processor.py:840} INFO - DAG(s) 'example_skip_dag' retrieved from /home/airflow/.local/lib/python3.12/site-packages/airflow/example_dags/example_skip_dag.py
[2026-01-29T00:54:46.205+0000] {logging_mixin.py:188} INFO - [2026-01-29T00:54:46.205+0000] {dag.py:3089} INFO - Sync 1 DAGs
[2026-01-29T00:54:46.233+0000] {logging_mixin.py:188} INFO - [2026-01-29T00:54:46.233+0000] {dag.py:3947} INFO - Setting next_dagrun for example_skip_dag to 2026-01-28 00:00:00+00:00, run_after=2026-01-29 00:00:00+00:00
[2026-01-29T00:54:46.255+0000] {processor.py:183} INFO - Processing /home/airflow/.local/lib/python3.12/site-packages/airflow/example_dags/example_skip_dag.py took 0.092 seconds
[2026-01-29T00:55:16.903+0000] {processor.py:161} INFO - Started process (PID=69050) to work on /home/airflow/.local/lib/python3.12/site-packages/airflow/example_dags/example_skip_dag.py
[2026-01-29T00:55:16.904+0000] {processor.py:830} INFO - Processing file /home/airflow/.local/lib/python3.12/site-packages/airflow/example_dags/example_skip_dag.py for tasks to queue
[2026-01-29T00:55:16.907+0000] {logging_mixin.py:188} INFO - [2026-01-29T00:55:16.907+0000] {dagbag.py:545} INFO - Filling up the DagBag from /home/airflow/.local/lib/python3.12/site-packages/airflow/example_dags/example_skip_dag.py
[2026-01-29T00:55:16.914+0000] {processor.py:840} INFO - DAG(s) 'example_skip_dag' retrieved from /home/airflow/.local/lib/python3.12/site-packages/airflow/example_dags/example_skip_dag.py
[2026-01-29T00:55:16.934+0000] {logging_mixin.py:188} INFO - [2026-01-29T00:55:16.934+0000] {dag.py:3089} INFO - Sync 1 DAGs
[2026-01-29T00:55:16.957+0000] {logging_mixin.py:188} INFO - [2026-01-29T00:55:16.956+0000] {dag.py:3947} INFO - Setting next_dagrun for example_skip_dag to 2026-01-28 00:00:00+00:00, run_after=2026-01-29 00:00:00+00:00
[2026-01-29T00:55:16.976+0000] {processor.py:183} INFO - Processing /home/airflow/.local/lib/python3.12/site-packages/airflow/example_dags/example_skip_dag.py took 0.080 seconds
[2026-01-29T00:55:47.428+0000] {processor.py:161} INFO - Started process (PID=69109) to work on /home/airflow/.local/lib/python3.12/site-packages/airflow/example_dags/example_skip_dag.py
[2026-01-29T00:55:47.429+0000] {processor.py:830} INFO - Processing file /home/airflow/.local/lib/python3.12/site-packages/airflow/example_dags/example_skip_dag.py for tasks to queue
[2026-01-29T00:55:47.431+0000] {logging_mixin.py:188} INFO - [2026-01-29T00:55:47.431+0000] {dagbag.py:545} INFO - Filling up the DagBag from /home/airflow/.local/lib/python3.12/site-packages/airflow/example_dags/example_skip_dag.py
[2026-01-29T00:55:47.438+0000] {processor.py:840} INFO - DAG(s) 'example_skip_dag' retrieved from /home/airflow/.local/lib/python3.12/site-packages/airflow/example_dags/example_skip_dag.py
[2026-01-29T00:55:47.459+0000] {logging_mixin.py:188} INFO - [2026-01-29T00:55:47.459+0000] {dag.py:3089} INFO - Sync 1 DAGs
[2026-01-29T00:55:47.482+0000] {logging_mixin.py:188} INFO - [2026-01-29T00:55:47.482+0000] {dag.py:3947} INFO - Setting next_dagrun for example_skip_dag to 2026-01-28 00:00:00+00:00, run_after=2026-01-29 00:00:00+00:00
[2026-01-29T00:55:47.501+0000] {processor.py:183} INFO - Processing /home/airflow/.local/lib/python3.12/site-packages/airflow/example_dags/example_skip_dag.py took 0.081 seconds
[2026-01-29T00:56:18.259+0000] {processor.py:161} INFO - Started process (PID=69173) to work on /home/airflow/.local/lib/python3.12/site-packages/airflow/example_dags/example_skip_dag.py
[2026-01-29T00:56:18.260+0000] {processor.py:830} INFO - Processing file /home/airflow/.local/lib/python3.12/site-packages/airflow/example_dags/example_skip_dag.py for tasks to queue
[2026-01-29T00:56:18.262+0000] {logging_mixin.py:188} INFO - [2026-01-29T00:56:18.262+0000] {dagbag.py:545} INFO - Filling up the DagBag from /home/airflow/.local/lib/python3.12/site-packages/airflow/example_dags/example_skip_dag.py
[2026-01-29T00:56:18.269+0000] {processor.py:840} INFO - DAG(s) 'example_skip_dag' retrieved from /home/airflow/.local/lib/python3.12/site-packages/airflow/example_dags/example_skip_dag.py
[2026-01-29T00:56:18.289+0000] {logging_mixin.py:188} INFO - [2026-01-29T00:56:18.289+0000] {dag.py:3089} INFO - Sync 1 DAGs
[2026-01-29T00:56:18.313+0000] {logging_mixin.py:188} INFO - [2026-01-29T00:56:18.312+0000] {dag.py:3947} INFO - Setting next_dagrun for example_skip_dag to 2026-01-28 00:00:00+00:00, run_after=2026-01-29 00:00:00+00:00
[2026-01-29T00:56:18.331+0000] {processor.py:183} INFO - Processing /home/airflow/.local/lib/python3.12/site-packages/airflow/example_dags/example_skip_dag.py took 0.079 seconds
[2026-01-29T00:56:49.040+0000] {processor.py:161} INFO - Started process (PID=69232) to work on /home/airflow/.local/lib/python3.12/site-packages/airflow/example_dags/example_skip_dag.py
[2026-01-29T00:56:49.041+0000] {processor.py:830} INFO - Processing file /home/airflow/.local/lib/python3.12/site-packages/airflow/example_dags/example_skip_dag.py for tasks to queue
[2026-01-29T00:56:49.043+0000] {logging_mixin.py:188} INFO - [2026-01-29T00:56:49.043+0000] {dagbag.py:545} INFO - Filling up the DagBag from /home/airflow/.local/lib/python3.12/site-packages/airflow/example_dags/example_skip_dag.py
[2026-01-29T00:56:49.050+0000] {processor.py:840} INFO - DAG(s) 'example_skip_dag' retrieved from /home/airflow/.local/lib/python3.12/site-packages/airflow/example_dags/example_skip_dag.py
[2026-01-29T00:56:49.072+0000] {logging_mixin.py:188} INFO - [2026-01-29T00:56:49.072+0000] {dag.py:3089} INFO - Sync 1 DAGs
[2026-01-29T00:56:49.097+0000] {logging_mixin.py:188} INFO - [2026-01-29T00:56:49.097+0000] {dag.py:3947} INFO - Setting next_dagrun for example_skip_dag to 2026-01-28 00:00:00+00:00, run_after=2026-01-29 00:00:00+00:00
[2026-01-29T00:56:49.116+0000] {processor.py:183} INFO - Processing /home/airflow/.local/lib/python3.12/site-packages/airflow/example_dags/example_skip_dag.py took 0.084 seconds
[2026-01-29T00:57:19.727+0000] {processor.py:161} INFO - Started process (PID=69296) to work on /home/airflow/.local/lib/python3.12/site-packages/airflow/example_dags/example_skip_dag.py
[2026-01-29T00:57:19.728+0000] {processor.py:830} INFO - Processing file /home/airflow/.local/lib/python3.12/site-packages/airflow/example_dags/example_skip_dag.py for tasks to queue
[2026-01-29T00:57:19.731+0000] {logging_mixin.py:188} INFO - [2026-01-29T00:57:19.730+0000] {dagbag.py:545} INFO - Filling up the DagBag from /home/airflow/.local/lib/python3.12/site-packages/airflow/example_dags/example_skip_dag.py
[2026-01-29T00:57:19.738+0000] {processor.py:840} INFO - DAG(s) 'example_skip_dag' retrieved from /home/airflow/.local/lib/python3.12/site-packages/airflow/example_dags/example_skip_dag.py
[2026-01-29T00:57:19.759+0000] {logging_mixin.py:188} INFO - [2026-01-29T00:57:19.759+0000] {dag.py:3089} INFO - Sync 1 DAGs
[2026-01-29T00:57:19.782+0000] {logging_mixin.py:188} INFO - [2026-01-29T00:57:19.781+0000] {dag.py:3947} INFO - Setting next_dagrun for example_skip_dag to 2026-01-28 00:00:00+00:00, run_after=2026-01-29 00:00:00+00:00
[2026-01-29T00:57:19.800+0000] {processor.py:183} INFO - Processing /home/airflow/.local/lib/python3.12/site-packages/airflow/example_dags/example_skip_dag.py took 0.081 seconds
[2026-01-29T00:57:50.343+0000] {processor.py:161} INFO - Started process (PID=69355) to work on /home/airflow/.local/lib/python3.12/site-packages/airflow/example_dags/example_skip_dag.py
[2026-01-29T00:57:50.344+0000] {processor.py:830} INFO - Processing file /home/airflow/.local/lib/python3.12/site-packages/airflow/example_dags/example_skip_dag.py for tasks to queue
[2026-01-29T00:57:50.347+0000] {logging_mixin.py:188} INFO - [2026-01-29T00:57:50.347+0000] {dagbag.py:545} INFO - Filling up the DagBag from /home/airflow/.local/lib/python3.12/site-packages/airflow/example_dags/example_skip_dag.py
[2026-01-29T00:57:50.354+0000] {processor.py:840} INFO - DAG(s) 'example_skip_dag' retrieved from /home/airflow/.local/lib/python3.12/site-packages/airflow/example_dags/example_skip_dag.py
[2026-01-29T00:57:50.375+0000] {logging_mixin.py:188} INFO - [2026-01-29T00:57:50.375+0000] {dag.py:3089} INFO - Sync 1 DAGs
[2026-01-29T00:57:50.398+0000] {logging_mixin.py:188} INFO - [2026-01-29T00:57:50.398+0000] {dag.py:3947} INFO - Setting next_dagrun for example_skip_dag to 2026-01-28 00:00:00+00:00, run_after=2026-01-29 00:00:00+00:00
[2026-01-29T00:57:50.419+0000] {processor.py:183} INFO - Processing /home/airflow/.local/lib/python3.12/site-packages/airflow/example_dags/example_skip_dag.py took 0.083 seconds
[2026-01-29T00:58:21.102+0000] {processor.py:161} INFO - Started process (PID=69419) to work on /home/airflow/.local/lib/python3.12/site-packages/airflow/example_dags/example_skip_dag.py
[2026-01-29T00:58:21.103+0000] {processor.py:830} INFO - Processing file /home/airflow/.local/lib/python3.12/site-packages/airflow/example_dags/example_skip_dag.py for tasks to queue
[2026-01-29T00:58:21.105+0000] {logging_mixin.py:188} INFO - [2026-01-29T00:58:21.105+0000] {dagbag.py:545} INFO - Filling up the DagBag from /home/airflow/.local/lib/python3.12/site-packages/airflow/example_dags/example_skip_dag.py
[2026-01-29T00:58:21.111+0000] {processor.py:840} INFO - DAG(s) 'example_skip_dag' retrieved from /home/airflow/.local/lib/python3.12/site-packages/airflow/example_dags/example_skip_dag.py
[2026-01-29T00:58:21.131+0000] {logging_mixin.py:188} INFO - [2026-01-29T00:58:21.131+0000] {dag.py:3089} INFO - Sync 1 DAGs
[2026-01-29T00:58:21.153+0000] {logging_mixin.py:188} INFO - [2026-01-29T00:58:21.153+0000] {dag.py:3947} INFO - Setting next_dagrun for example_skip_dag to 2026-01-28 00:00:00+00:00, run_after=2026-01-29 00:00:00+00:00
[2026-01-29T00:58:21.173+0000] {processor.py:183} INFO - Processing /home/airflow/.local/lib/python3.12/site-packages/airflow/example_dags/example_skip_dag.py took 0.076 seconds
[2026-01-29T00:58:51.760+0000] {processor.py:161} INFO - Started process (PID=69478) to work on /home/airflow/.local/lib/python3.12/site-packages/airflow/example_dags/example_skip_dag.py
[2026-01-29T00:58:51.761+0000] {processor.py:830} INFO - Processing file /home/airflow/.local/lib/python3.12/site-packages/airflow/example_dags/example_skip_dag.py for tasks to queue
[2026-01-29T00:58:51.764+0000] {logging_mixin.py:188} INFO - [2026-01-29T00:58:51.763+0000] {dagbag.py:545} INFO - Filling up the DagBag from /home/airflow/.local/lib/python3.12/site-packages/airflow/example_dags/example_skip_dag.py
[2026-01-29T00:58:51.770+0000] {processor.py:840} INFO - DAG(s) 'example_skip_dag' retrieved from /home/airflow/.local/lib/python3.12/site-packages/airflow/example_dags/example_skip_dag.py
[2026-01-29T00:58:51.792+0000] {logging_mixin.py:188} INFO - [2026-01-29T00:58:51.792+0000] {dag.py:3089} INFO - Sync 1 DAGs
[2026-01-29T00:58:51.818+0000] {logging_mixin.py:188} INFO - [2026-01-29T00:58:51.818+0000] {dag.py:3947} INFO - Setting next_dagrun for example_skip_dag to 2026-01-28 00:00:00+00:00, run_after=2026-01-29 00:00:00+00:00
[2026-01-29T00:58:51.839+0000] {processor.py:183} INFO - Processing /home/airflow/.local/lib/python3.12/site-packages/airflow/example_dags/example_skip_dag.py took 0.085 seconds
[2026-01-29T00:59:22.461+0000] {processor.py:161} INFO - Started process (PID=69542) to work on /home/airflow/.local/lib/python3.12/site-packages/airflow/example_dags/example_skip_dag.py
[2026-01-29T00:59:22.462+0000] {processor.py:830} INFO - Processing file /home/airflow/.local/lib/python3.12/site-packages/airflow/example_dags/example_skip_dag.py for tasks to queue
[2026-01-29T00:59:22.464+0000] {logging_mixin.py:188} INFO - [2026-01-29T00:59:22.464+0000] {dagbag.py:545} INFO - Filling up the DagBag from /home/airflow/.local/lib/python3.12/site-packages/airflow/example_dags/example_skip_dag.py
[2026-01-29T00:59:22.470+0000] {processor.py:840} INFO - DAG(s) 'example_skip_dag' retrieved from /home/airflow/.local/lib/python3.12/site-packages/airflow/example_dags/example_skip_dag.py
[2026-01-29T00:59:22.491+0000] {logging_mixin.py:188} INFO - [2026-01-29T00:59:22.490+0000] {dag.py:3089} INFO - Sync 1 DAGs
[2026-01-29T00:59:22.514+0000] {logging_mixin.py:188} INFO - [2026-01-29T00:59:22.514+0000] {dag.py:3947} INFO - Setting next_dagrun for example_skip_dag to 2026-01-28 00:00:00+00:00, run_after=2026-01-29 00:00:00+00:00
[2026-01-29T00:59:22.534+0000] {processor.py:183} INFO - Processing /home/airflow/.local/lib/python3.12/site-packages/airflow/example_dags/example_skip_dag.py took 0.080 seconds
[2026-01-29T00:59:53.071+0000] {processor.py:161} INFO - Started process (PID=69602) to work on /home/airflow/.local/lib/python3.12/site-packages/airflow/example_dags/example_skip_dag.py
[2026-01-29T00:59:53.072+0000] {processor.py:830} INFO - Processing file /home/airflow/.local/lib/python3.12/site-packages/airflow/example_dags/example_skip_dag.py for tasks to queue
[2026-01-29T00:59:53.075+0000] {logging_mixin.py:188} INFO - [2026-01-29T00:59:53.074+0000] {dagbag.py:545} INFO - Filling up the DagBag from /home/airflow/.local/lib/python3.12/site-packages/airflow/example_dags/example_skip_dag.py
[2026-01-29T00:59:53.082+0000] {processor.py:840} INFO - DAG(s) 'example_skip_dag' retrieved from /home/airflow/.local/lib/python3.12/site-packages/airflow/example_dags/example_skip_dag.py
[2026-01-29T00:59:53.103+0000] {logging_mixin.py:188} INFO - [2026-01-29T00:59:53.103+0000] {dag.py:3089} INFO - Sync 1 DAGs
[2026-01-29T00:59:53.125+0000] {logging_mixin.py:188} INFO - [2026-01-29T00:59:53.125+0000] {dag.py:3947} INFO - Setting next_dagrun for example_skip_dag to 2026-01-28 00:00:00+00:00, run_after=2026-01-29 00:00:00+00:00
[2026-01-29T00:59:53.145+0000] {processor.py:183} INFO - Processing /home/airflow/.local/lib/python3.12/site-packages/airflow/example_dags/example_skip_dag.py took 0.082 seconds
[2026-01-29T01:00:23.896+0000] {processor.py:161} INFO - Started process (PID=69666) to work on /home/airflow/.local/lib/python3.12/site-packages/airflow/example_dags/example_skip_dag.py
[2026-01-29T01:00:23.897+0000] {processor.py:830} INFO - Processing file /home/airflow/.local/lib/python3.12/site-packages/airflow/example_dags/example_skip_dag.py for tasks to queue
[2026-01-29T01:00:23.900+0000] {logging_mixin.py:188} INFO - [2026-01-29T01:00:23.899+0000] {dagbag.py:545} INFO - Filling up the DagBag from /home/airflow/.local/lib/python3.12/site-packages/airflow/example_dags/example_skip_dag.py
[2026-01-29T01:00:23.907+0000] {processor.py:840} INFO - DAG(s) 'example_skip_dag' retrieved from /home/airflow/.local/lib/python3.12/site-packages/airflow/example_dags/example_skip_dag.py
[2026-01-29T01:00:23.927+0000] {logging_mixin.py:188} INFO - [2026-01-29T01:00:23.926+0000] {dag.py:3089} INFO - Sync 1 DAGs
[2026-01-29T01:00:23.949+0000] {logging_mixin.py:188} INFO - [2026-01-29T01:00:23.949+0000] {dag.py:3947} INFO - Setting next_dagrun for example_skip_dag to 2026-01-28 00:00:00+00:00, run_after=2026-01-29 00:00:00+00:00
[2026-01-29T01:00:23.970+0000] {processor.py:183} INFO - Processing /home/airflow/.local/lib/python3.12/site-packages/airflow/example_dags/example_skip_dag.py took 0.081 seconds
[2026-01-29T01:00:54.542+0000] {processor.py:161} INFO - Started process (PID=69725) to work on /home/airflow/.local/lib/python3.12/site-packages/airflow/example_dags/example_skip_dag.py
[2026-01-29T01:00:54.543+0000] {processor.py:830} INFO - Processing file /home/airflow/.local/lib/python3.12/site-packages/airflow/example_dags/example_skip_dag.py for tasks to queue
[2026-01-29T01:00:54.545+0000] {logging_mixin.py:188} INFO - [2026-01-29T01:00:54.545+0000] {dagbag.py:545} INFO - Filling up the DagBag from /home/airflow/.local/lib/python3.12/site-packages/airflow/example_dags/example_skip_dag.py
[2026-01-29T01:00:54.553+0000] {processor.py:840} INFO - DAG(s) 'example_skip_dag' retrieved from /home/airflow/.local/lib/python3.12/site-packages/airflow/example_dags/example_skip_dag.py
[2026-01-29T01:00:54.574+0000] {logging_mixin.py:188} INFO - [2026-01-29T01:00:54.574+0000] {dag.py:3089} INFO - Sync 1 DAGs
[2026-01-29T01:00:54.597+0000] {logging_mixin.py:188} INFO - [2026-01-29T01:00:54.597+0000] {dag.py:3947} INFO - Setting next_dagrun for example_skip_dag to 2026-01-28 00:00:00+00:00, run_after=2026-01-29 00:00:00+00:00
[2026-01-29T01:00:54.617+0000] {processor.py:183} INFO - Processing /home/airflow/.local/lib/python3.12/site-packages/airflow/example_dags/example_skip_dag.py took 0.081 seconds
[2026-01-29T01:01:25.311+0000] {processor.py:161} INFO - Started process (PID=69789) to work on /home/airflow/.local/lib/python3.12/site-packages/airflow/example_dags/example_skip_dag.py
[2026-01-29T01:01:25.312+0000] {processor.py:830} INFO - Processing file /home/airflow/.local/lib/python3.12/site-packages/airflow/example_dags/example_skip_dag.py for tasks to queue
[2026-01-29T01:01:25.315+0000] {logging_mixin.py:188} INFO - [2026-01-29T01:01:25.315+0000] {dagbag.py:545} INFO - Filling up the DagBag from /home/airflow/.local/lib/python3.12/site-packages/airflow/example_dags/example_skip_dag.py
[2026-01-29T01:01:25.322+0000] {processor.py:840} INFO - DAG(s) 'example_skip_dag' retrieved from /home/airflow/.local/lib/python3.12/site-packages/airflow/example_dags/example_skip_dag.py
[2026-01-29T01:01:25.342+0000] {logging_mixin.py:188} INFO - [2026-01-29T01:01:25.342+0000] {dag.py:3089} INFO - Sync 1 DAGs
[2026-01-29T01:01:25.365+0000] {logging_mixin.py:188} INFO - [2026-01-29T01:01:25.365+0000] {dag.py:3947} INFO - Setting next_dagrun for example_skip_dag to 2026-01-28 00:00:00+00:00, run_after=2026-01-29 00:00:00+00:00
[2026-01-29T01:01:25.385+0000] {processor.py:183} INFO - Processing /home/airflow/.local/lib/python3.12/site-packages/airflow/example_dags/example_skip_dag.py took 0.081 seconds
[2026-01-29T01:01:55.967+0000] {processor.py:161} INFO - Started process (PID=69848) to work on /home/airflow/.local/lib/python3.12/site-packages/airflow/example_dags/example_skip_dag.py
[2026-01-29T01:01:55.968+0000] {processor.py:830} INFO - Processing file /home/airflow/.local/lib/python3.12/site-packages/airflow/example_dags/example_skip_dag.py for tasks to queue
[2026-01-29T01:01:55.970+0000] {logging_mixin.py:188} INFO - [2026-01-29T01:01:55.970+0000] {dagbag.py:545} INFO - Filling up the DagBag from /home/airflow/.local/lib/python3.12/site-packages/airflow/example_dags/example_skip_dag.py
[2026-01-29T01:01:55.978+0000] {processor.py:840} INFO - DAG(s) 'example_skip_dag' retrieved from /home/airflow/.local/lib/python3.12/site-packages/airflow/example_dags/example_skip_dag.py
[2026-01-29T01:01:55.999+0000] {logging_mixin.py:188} INFO - [2026-01-29T01:01:55.998+0000] {dag.py:3089} INFO - Sync 1 DAGs
[2026-01-29T01:01:56.022+0000] {logging_mixin.py:188} INFO - [2026-01-29T01:01:56.022+0000] {dag.py:3947} INFO - Setting next_dagrun for example_skip_dag to 2026-01-28 00:00:00+00:00, run_after=2026-01-29 00:00:00+00:00
[2026-01-29T01:01:56.041+0000] {processor.py:183} INFO - Processing /home/airflow/.local/lib/python3.12/site-packages/airflow/example_dags/example_skip_dag.py took 0.081 seconds
[2026-01-29T01:02:26.579+0000] {processor.py:161} INFO - Started process (PID=69912) to work on /home/airflow/.local/lib/python3.12/site-packages/airflow/example_dags/example_skip_dag.py
[2026-01-29T01:02:26.580+0000] {processor.py:830} INFO - Processing file /home/airflow/.local/lib/python3.12/site-packages/airflow/example_dags/example_skip_dag.py for tasks to queue
[2026-01-29T01:02:26.583+0000] {logging_mixin.py:188} INFO - [2026-01-29T01:02:26.582+0000] {dagbag.py:545} INFO - Filling up the DagBag from /home/airflow/.local/lib/python3.12/site-packages/airflow/example_dags/example_skip_dag.py
[2026-01-29T01:02:26.589+0000] {processor.py:840} INFO - DAG(s) 'example_skip_dag' retrieved from /home/airflow/.local/lib/python3.12/site-packages/airflow/example_dags/example_skip_dag.py
[2026-01-29T01:02:26.612+0000] {logging_mixin.py:188} INFO - [2026-01-29T01:02:26.612+0000] {dag.py:3089} INFO - Sync 1 DAGs
[2026-01-29T01:02:26.637+0000] {logging_mixin.py:188} INFO - [2026-01-29T01:02:26.636+0000] {dag.py:3947} INFO - Setting next_dagrun for example_skip_dag to 2026-01-28 00:00:00+00:00, run_after=2026-01-29 00:00:00+00:00
[2026-01-29T01:02:26.657+0000] {processor.py:183} INFO - Processing /home/airflow/.local/lib/python3.12/site-packages/airflow/example_dags/example_skip_dag.py took 0.085 seconds
[2026-01-29T01:02:57.266+0000] {processor.py:161} INFO - Started process (PID=69971) to work on /home/airflow/.local/lib/python3.12/site-packages/airflow/example_dags/example_skip_dag.py
[2026-01-29T01:02:57.267+0000] {processor.py:830} INFO - Processing file /home/airflow/.local/lib/python3.12/site-packages/airflow/example_dags/example_skip_dag.py for tasks to queue
[2026-01-29T01:02:57.269+0000] {logging_mixin.py:188} INFO - [2026-01-29T01:02:57.269+0000] {dagbag.py:545} INFO - Filling up the DagBag from /home/airflow/.local/lib/python3.12/site-packages/airflow/example_dags/example_skip_dag.py
[2026-01-29T01:02:57.276+0000] {processor.py:840} INFO - DAG(s) 'example_skip_dag' retrieved from /home/airflow/.local/lib/python3.12/site-packages/airflow/example_dags/example_skip_dag.py
[2026-01-29T01:02:57.296+0000] {logging_mixin.py:188} INFO - [2026-01-29T01:02:57.296+0000] {dag.py:3089} INFO - Sync 1 DAGs
[2026-01-29T01:02:57.321+0000] {logging_mixin.py:188} INFO - [2026-01-29T01:02:57.321+0000] {dag.py:3947} INFO - Setting next_dagrun for example_skip_dag to 2026-01-28 00:00:00+00:00, run_after=2026-01-29 00:00:00+00:00
[2026-01-29T01:02:57.341+0000] {processor.py:183} INFO - Processing /home/airflow/.local/lib/python3.12/site-packages/airflow/example_dags/example_skip_dag.py took 0.081 seconds
[2026-01-29T01:03:27.900+0000] {processor.py:161} INFO - Started process (PID=70035) to work on /home/airflow/.local/lib/python3.12/site-packages/airflow/example_dags/example_skip_dag.py
[2026-01-29T01:03:27.902+0000] {processor.py:830} INFO - Processing file /home/airflow/.local/lib/python3.12/site-packages/airflow/example_dags/example_skip_dag.py for tasks to queue
[2026-01-29T01:03:27.905+0000] {logging_mixin.py:188} INFO - [2026-01-29T01:03:27.904+0000] {dagbag.py:545} INFO - Filling up the DagBag from /home/airflow/.local/lib/python3.12/site-packages/airflow/example_dags/example_skip_dag.py
[2026-01-29T01:03:27.912+0000] {processor.py:840} INFO - DAG(s) 'example_skip_dag' retrieved from /home/airflow/.local/lib/python3.12/site-packages/airflow/example_dags/example_skip_dag.py
[2026-01-29T01:03:27.935+0000] {logging_mixin.py:188} INFO - [2026-01-29T01:03:27.935+0000] {dag.py:3089} INFO - Sync 1 DAGs
[2026-01-29T01:03:27.959+0000] {logging_mixin.py:188} INFO - [2026-01-29T01:03:27.959+0000] {dag.py:3947} INFO - Setting next_dagrun for example_skip_dag to 2026-01-28 00:00:00+00:00, run_after=2026-01-29 00:00:00+00:00
[2026-01-29T01:03:27.979+0000] {processor.py:183} INFO - Processing /home/airflow/.local/lib/python3.12/site-packages/airflow/example_dags/example_skip_dag.py took 0.086 seconds
[2026-01-29T01:03:58.658+0000] {processor.py:161} INFO - Started process (PID=70094) to work on /home/airflow/.local/lib/python3.12/site-packages/airflow/example_dags/example_skip_dag.py
[2026-01-29T01:03:58.659+0000] {processor.py:830} INFO - Processing file /home/airflow/.local/lib/python3.12/site-packages/airflow/example_dags/example_skip_dag.py for tasks to queue
[2026-01-29T01:03:58.661+0000] {logging_mixin.py:188} INFO - [2026-01-29T01:03:58.661+0000] {dagbag.py:545} INFO - Filling up the DagBag from /home/airflow/.local/lib/python3.12/site-packages/airflow/example_dags/example_skip_dag.py
[2026-01-29T01:03:58.668+0000] {processor.py:840} INFO - DAG(s) 'example_skip_dag' retrieved from /home/airflow/.local/lib/python3.12/site-packages/airflow/example_dags/example_skip_dag.py
[2026-01-29T01:03:58.691+0000] {logging_mixin.py:188} INFO - [2026-01-29T01:03:58.691+0000] {dag.py:3089} INFO - Sync 1 DAGs
[2026-01-29T01:03:58.717+0000] {logging_mixin.py:188} INFO - [2026-01-29T01:03:58.716+0000] {dag.py:3947} INFO - Setting next_dagrun for example_skip_dag to 2026-01-28 00:00:00+00:00, run_after=2026-01-29 00:00:00+00:00
[2026-01-29T01:03:58.738+0000] {processor.py:183} INFO - Processing /home/airflow/.local/lib/python3.12/site-packages/airflow/example_dags/example_skip_dag.py took 0.087 seconds
[2026-01-29T01:04:29.274+0000] {processor.py:161} INFO - Started process (PID=70158) to work on /home/airflow/.local/lib/python3.12/site-packages/airflow/example_dags/example_skip_dag.py
[2026-01-29T01:04:29.275+0000] {processor.py:830} INFO - Processing file /home/airflow/.local/lib/python3.12/site-packages/airflow/example_dags/example_skip_dag.py for tasks to queue
[2026-01-29T01:04:29.278+0000] {logging_mixin.py:188} INFO - [2026-01-29T01:04:29.277+0000] {dagbag.py:545} INFO - Filling up the DagBag from /home/airflow/.local/lib/python3.12/site-packages/airflow/example_dags/example_skip_dag.py
[2026-01-29T01:04:29.285+0000] {processor.py:840} INFO - DAG(s) 'example_skip_dag' retrieved from /home/airflow/.local/lib/python3.12/site-packages/airflow/example_dags/example_skip_dag.py
[2026-01-29T01:04:29.307+0000] {logging_mixin.py:188} INFO - [2026-01-29T01:04:29.307+0000] {dag.py:3089} INFO - Sync 1 DAGs
[2026-01-29T01:04:29.331+0000] {logging_mixin.py:188} INFO - [2026-01-29T01:04:29.331+0000] {dag.py:3947} INFO - Setting next_dagrun for example_skip_dag to 2026-01-28 00:00:00+00:00, run_after=2026-01-29 00:00:00+00:00
[2026-01-29T01:04:29.352+0000] {processor.py:183} INFO - Processing /home/airflow/.local/lib/python3.12/site-packages/airflow/example_dags/example_skip_dag.py took 0.085 seconds
[2026-01-29T01:05:00.094+0000] {processor.py:161} INFO - Started process (PID=70217) to work on /home/airflow/.local/lib/python3.12/site-packages/airflow/example_dags/example_skip_dag.py
[2026-01-29T01:05:00.095+0000] {processor.py:830} INFO - Processing file /home/airflow/.local/lib/python3.12/site-packages/airflow/example_dags/example_skip_dag.py for tasks to queue
[2026-01-29T01:05:00.097+0000] {logging_mixin.py:188} INFO - [2026-01-29T01:05:00.097+0000] {dagbag.py:545} INFO - Filling up the DagBag from /home/airflow/.local/lib/python3.12/site-packages/airflow/example_dags/example_skip_dag.py
[2026-01-29T01:05:00.104+0000] {processor.py:840} INFO - DAG(s) 'example_skip_dag' retrieved from /home/airflow/.local/lib/python3.12/site-packages/airflow/example_dags/example_skip_dag.py
[2026-01-29T01:05:00.125+0000] {logging_mixin.py:188} INFO - [2026-01-29T01:05:00.125+0000] {dag.py:3089} INFO - Sync 1 DAGs
[2026-01-29T01:05:00.147+0000] {logging_mixin.py:188} INFO - [2026-01-29T01:05:00.147+0000] {dag.py:3947} INFO - Setting next_dagrun for example_skip_dag to 2026-01-28 00:00:00+00:00, run_after=2026-01-29 00:00:00+00:00
[2026-01-29T01:05:00.168+0000] {processor.py:183} INFO - Processing /home/airflow/.local/lib/python3.12/site-packages/airflow/example_dags/example_skip_dag.py took 0.081 seconds
[2026-01-29T01:05:30.423+0000] {processor.py:161} INFO - Started process (PID=70281) to work on /home/airflow/.local/lib/python3.12/site-packages/airflow/example_dags/example_skip_dag.py
[2026-01-29T01:05:30.424+0000] {processor.py:830} INFO - Processing file /home/airflow/.local/lib/python3.12/site-packages/airflow/example_dags/example_skip_dag.py for tasks to queue
[2026-01-29T01:05:30.426+0000] {logging_mixin.py:188} INFO - [2026-01-29T01:05:30.426+0000] {dagbag.py:545} INFO - Filling up the DagBag from /home/airflow/.local/lib/python3.12/site-packages/airflow/example_dags/example_skip_dag.py
[2026-01-29T01:05:30.434+0000] {processor.py:840} INFO - DAG(s) 'example_skip_dag' retrieved from /home/airflow/.local/lib/python3.12/site-packages/airflow/example_dags/example_skip_dag.py
[2026-01-29T01:05:30.454+0000] {logging_mixin.py:188} INFO - [2026-01-29T01:05:30.454+0000] {dag.py:3089} INFO - Sync 1 DAGs
[2026-01-29T01:05:30.476+0000] {logging_mixin.py:188} INFO - [2026-01-29T01:05:30.476+0000] {dag.py:3947} INFO - Setting next_dagrun for example_skip_dag to 2026-01-28 00:00:00+00:00, run_after=2026-01-29 00:00:00+00:00
[2026-01-29T01:05:30.495+0000] {processor.py:183} INFO - Processing /home/airflow/.local/lib/python3.12/site-packages/airflow/example_dags/example_skip_dag.py took 0.079 seconds
[2026-01-29T01:06:01.292+0000] {processor.py:161} INFO - Started process (PID=70351) to work on /home/airflow/.local/lib/python3.12/site-packages/airflow/example_dags/example_skip_dag.py
[2026-01-29T01:06:01.293+0000] {processor.py:830} INFO - Processing file /home/airflow/.local/lib/python3.12/site-packages/airflow/example_dags/example_skip_dag.py for tasks to queue
[2026-01-29T01:06:01.295+0000] {logging_mixin.py:188} INFO - [2026-01-29T01:06:01.295+0000] {dagbag.py:545} INFO - Filling up the DagBag from /home/airflow/.local/lib/python3.12/site-packages/airflow/example_dags/example_skip_dag.py
[2026-01-29T01:06:01.304+0000] {processor.py:840} INFO - DAG(s) 'example_skip_dag' retrieved from /home/airflow/.local/lib/python3.12/site-packages/airflow/example_dags/example_skip_dag.py
[2026-01-29T01:06:01.333+0000] {logging_mixin.py:188} INFO - [2026-01-29T01:06:01.332+0000] {dag.py:3089} INFO - Sync 1 DAGs
[2026-01-29T01:06:01.361+0000] {logging_mixin.py:188} INFO - [2026-01-29T01:06:01.361+0000] {dag.py:3947} INFO - Setting next_dagrun for example_skip_dag to 2026-01-28 00:00:00+00:00, run_after=2026-01-29 00:00:00+00:00
[2026-01-29T01:06:01.383+0000] {processor.py:183} INFO - Processing /home/airflow/.local/lib/python3.12/site-packages/airflow/example_dags/example_skip_dag.py took 0.098 seconds
[2026-01-29T01:06:32.093+0000] {processor.py:161} INFO - Started process (PID=70410) to work on /home/airflow/.local/lib/python3.12/site-packages/airflow/example_dags/example_skip_dag.py
[2026-01-29T01:06:32.094+0000] {processor.py:830} INFO - Processing file /home/airflow/.local/lib/python3.12/site-packages/airflow/example_dags/example_skip_dag.py for tasks to queue
[2026-01-29T01:06:32.096+0000] {logging_mixin.py:188} INFO - [2026-01-29T01:06:32.096+0000] {dagbag.py:545} INFO - Filling up the DagBag from /home/airflow/.local/lib/python3.12/site-packages/airflow/example_dags/example_skip_dag.py
[2026-01-29T01:06:32.102+0000] {processor.py:840} INFO - DAG(s) 'example_skip_dag' retrieved from /home/airflow/.local/lib/python3.12/site-packages/airflow/example_dags/example_skip_dag.py
[2026-01-29T01:06:32.129+0000] {logging_mixin.py:188} INFO - [2026-01-29T01:06:32.128+0000] {dag.py:3089} INFO - Sync 1 DAGs
[2026-01-29T01:06:32.152+0000] {logging_mixin.py:188} INFO - [2026-01-29T01:06:32.152+0000] {dag.py:3947} INFO - Setting next_dagrun for example_skip_dag to 2026-01-28 00:00:00+00:00, run_after=2026-01-29 00:00:00+00:00
[2026-01-29T01:06:32.172+0000] {processor.py:183} INFO - Processing /home/airflow/.local/lib/python3.12/site-packages/airflow/example_dags/example_skip_dag.py took 0.086 seconds
[2026-01-29T01:07:02.843+0000] {processor.py:161} INFO - Started process (PID=70473) to work on /home/airflow/.local/lib/python3.12/site-packages/airflow/example_dags/example_skip_dag.py
[2026-01-29T01:07:02.844+0000] {processor.py:830} INFO - Processing file /home/airflow/.local/lib/python3.12/site-packages/airflow/example_dags/example_skip_dag.py for tasks to queue
[2026-01-29T01:07:02.846+0000] {logging_mixin.py:188} INFO - [2026-01-29T01:07:02.846+0000] {dagbag.py:545} INFO - Filling up the DagBag from /home/airflow/.local/lib/python3.12/site-packages/airflow/example_dags/example_skip_dag.py
[2026-01-29T01:07:02.852+0000] {processor.py:840} INFO - DAG(s) 'example_skip_dag' retrieved from /home/airflow/.local/lib/python3.12/site-packages/airflow/example_dags/example_skip_dag.py
[2026-01-29T01:07:02.874+0000] {logging_mixin.py:188} INFO - [2026-01-29T01:07:02.874+0000] {dag.py:3089} INFO - Sync 1 DAGs
[2026-01-29T01:07:02.899+0000] {logging_mixin.py:188} INFO - [2026-01-29T01:07:02.899+0000] {dag.py:3947} INFO - Setting next_dagrun for example_skip_dag to 2026-01-28 00:00:00+00:00, run_after=2026-01-29 00:00:00+00:00
[2026-01-29T01:07:02.920+0000] {processor.py:183} INFO - Processing /home/airflow/.local/lib/python3.12/site-packages/airflow/example_dags/example_skip_dag.py took 0.082 seconds
[2026-01-29T01:07:33.511+0000] {processor.py:161} INFO - Started process (PID=70532) to work on /home/airflow/.local/lib/python3.12/site-packages/airflow/example_dags/example_skip_dag.py
[2026-01-29T01:07:33.512+0000] {processor.py:830} INFO - Processing file /home/airflow/.local/lib/python3.12/site-packages/airflow/example_dags/example_skip_dag.py for tasks to queue
[2026-01-29T01:07:33.515+0000] {logging_mixin.py:188} INFO - [2026-01-29T01:07:33.514+0000] {dagbag.py:545} INFO - Filling up the DagBag from /home/airflow/.local/lib/python3.12/site-packages/airflow/example_dags/example_skip_dag.py
[2026-01-29T01:07:33.522+0000] {processor.py:840} INFO - DAG(s) 'example_skip_dag' retrieved from /home/airflow/.local/lib/python3.12/site-packages/airflow/example_dags/example_skip_dag.py
[2026-01-29T01:07:33.547+0000] {logging_mixin.py:188} INFO - [2026-01-29T01:07:33.547+0000] {dag.py:3089} INFO - Sync 1 DAGs
[2026-01-29T01:07:33.573+0000] {logging_mixin.py:188} INFO - [2026-01-29T01:07:33.572+0000] {dag.py:3947} INFO - Setting next_dagrun for example_skip_dag to 2026-01-28 00:00:00+00:00, run_after=2026-01-29 00:00:00+00:00
[2026-01-29T01:07:33.594+0000] {processor.py:183} INFO - Processing /home/airflow/.local/lib/python3.12/site-packages/airflow/example_dags/example_skip_dag.py took 0.091 seconds
[2026-01-29T01:08:04.100+0000] {processor.py:161} INFO - Started process (PID=70596) to work on /home/airflow/.local/lib/python3.12/site-packages/airflow/example_dags/example_skip_dag.py
[2026-01-29T01:08:04.101+0000] {processor.py:830} INFO - Processing file /home/airflow/.local/lib/python3.12/site-packages/airflow/example_dags/example_skip_dag.py for tasks to queue
[2026-01-29T01:08:04.103+0000] {logging_mixin.py:188} INFO - [2026-01-29T01:08:04.103+0000] {dagbag.py:545} INFO - Filling up the DagBag from /home/airflow/.local/lib/python3.12/site-packages/airflow/example_dags/example_skip_dag.py
[2026-01-29T01:08:04.109+0000] {processor.py:840} INFO - DAG(s) 'example_skip_dag' retrieved from /home/airflow/.local/lib/python3.12/site-packages/airflow/example_dags/example_skip_dag.py
[2026-01-29T01:08:04.130+0000] {logging_mixin.py:188} INFO - [2026-01-29T01:08:04.129+0000] {dag.py:3089} INFO - Sync 1 DAGs
[2026-01-29T01:08:04.158+0000] {logging_mixin.py:188} INFO - [2026-01-29T01:08:04.158+0000] {dag.py:3947} INFO - Setting next_dagrun for example_skip_dag to 2026-01-28 00:00:00+00:00, run_after=2026-01-29 00:00:00+00:00
[2026-01-29T01:08:04.182+0000] {processor.py:183} INFO - Processing /home/airflow/.local/lib/python3.12/site-packages/airflow/example_dags/example_skip_dag.py took 0.087 seconds
[2026-01-29T01:08:34.625+0000] {processor.py:161} INFO - Started process (PID=70655) to work on /home/airflow/.local/lib/python3.12/site-packages/airflow/example_dags/example_skip_dag.py
[2026-01-29T01:08:34.626+0000] {processor.py:830} INFO - Processing file /home/airflow/.local/lib/python3.12/site-packages/airflow/example_dags/example_skip_dag.py for tasks to queue
[2026-01-29T01:08:34.628+0000] {logging_mixin.py:188} INFO - [2026-01-29T01:08:34.628+0000] {dagbag.py:545} INFO - Filling up the DagBag from /home/airflow/.local/lib/python3.12/site-packages/airflow/example_dags/example_skip_dag.py
[2026-01-29T01:08:34.635+0000] {processor.py:840} INFO - DAG(s) 'example_skip_dag' retrieved from /home/airflow/.local/lib/python3.12/site-packages/airflow/example_dags/example_skip_dag.py
[2026-01-29T01:08:34.656+0000] {logging_mixin.py:188} INFO - [2026-01-29T01:08:34.655+0000] {dag.py:3089} INFO - Sync 1 DAGs
[2026-01-29T01:08:34.690+0000] {logging_mixin.py:188} INFO - [2026-01-29T01:08:34.690+0000] {dag.py:3947} INFO - Setting next_dagrun for example_skip_dag to 2026-01-28 00:00:00+00:00, run_after=2026-01-29 00:00:00+00:00
[2026-01-29T01:08:34.711+0000] {processor.py:183} INFO - Processing /home/airflow/.local/lib/python3.12/site-packages/airflow/example_dags/example_skip_dag.py took 0.092 seconds
[2026-01-29T01:09:05.413+0000] {processor.py:161} INFO - Started process (PID=70719) to work on /home/airflow/.local/lib/python3.12/site-packages/airflow/example_dags/example_skip_dag.py
[2026-01-29T01:09:05.414+0000] {processor.py:830} INFO - Processing file /home/airflow/.local/lib/python3.12/site-packages/airflow/example_dags/example_skip_dag.py for tasks to queue
[2026-01-29T01:09:05.416+0000] {logging_mixin.py:188} INFO - [2026-01-29T01:09:05.416+0000] {dagbag.py:545} INFO - Filling up the DagBag from /home/airflow/.local/lib/python3.12/site-packages/airflow/example_dags/example_skip_dag.py
[2026-01-29T01:09:05.422+0000] {processor.py:840} INFO - DAG(s) 'example_skip_dag' retrieved from /home/airflow/.local/lib/python3.12/site-packages/airflow/example_dags/example_skip_dag.py
[2026-01-29T01:09:05.443+0000] {logging_mixin.py:188} INFO - [2026-01-29T01:09:05.443+0000] {dag.py:3089} INFO - Sync 1 DAGs
[2026-01-29T01:09:05.466+0000] {logging_mixin.py:188} INFO - [2026-01-29T01:09:05.465+0000] {dag.py:3947} INFO - Setting next_dagrun for example_skip_dag to 2026-01-28 00:00:00+00:00, run_after=2026-01-29 00:00:00+00:00
[2026-01-29T01:09:05.485+0000] {processor.py:183} INFO - Processing /home/airflow/.local/lib/python3.12/site-packages/airflow/example_dags/example_skip_dag.py took 0.078 seconds
[2026-01-29T01:09:36.044+0000] {processor.py:161} INFO - Started process (PID=70778) to work on /home/airflow/.local/lib/python3.12/site-packages/airflow/example_dags/example_skip_dag.py
[2026-01-29T01:09:36.045+0000] {processor.py:830} INFO - Processing file /home/airflow/.local/lib/python3.12/site-packages/airflow/example_dags/example_skip_dag.py for tasks to queue
[2026-01-29T01:09:36.048+0000] {logging_mixin.py:188} INFO - [2026-01-29T01:09:36.047+0000] {dagbag.py:545} INFO - Filling up the DagBag from /home/airflow/.local/lib/python3.12/site-packages/airflow/example_dags/example_skip_dag.py
[2026-01-29T01:09:36.055+0000] {processor.py:840} INFO - DAG(s) 'example_skip_dag' retrieved from /home/airflow/.local/lib/python3.12/site-packages/airflow/example_dags/example_skip_dag.py
[2026-01-29T01:09:36.078+0000] {logging_mixin.py:188} INFO - [2026-01-29T01:09:36.077+0000] {dag.py:3089} INFO - Sync 1 DAGs
[2026-01-29T01:09:36.102+0000] {logging_mixin.py:188} INFO - [2026-01-29T01:09:36.102+0000] {dag.py:3947} INFO - Setting next_dagrun for example_skip_dag to 2026-01-28 00:00:00+00:00, run_after=2026-01-29 00:00:00+00:00
[2026-01-29T01:09:36.121+0000] {processor.py:183} INFO - Processing /home/airflow/.local/lib/python3.12/site-packages/airflow/example_dags/example_skip_dag.py took 0.085 seconds
[2026-01-29T01:10:06.689+0000] {processor.py:161} INFO - Started process (PID=70842) to work on /home/airflow/.local/lib/python3.12/site-packages/airflow/example_dags/example_skip_dag.py
[2026-01-29T01:10:06.690+0000] {processor.py:830} INFO - Processing file /home/airflow/.local/lib/python3.12/site-packages/airflow/example_dags/example_skip_dag.py for tasks to queue
[2026-01-29T01:10:06.692+0000] {logging_mixin.py:188} INFO - [2026-01-29T01:10:06.692+0000] {dagbag.py:545} INFO - Filling up the DagBag from /home/airflow/.local/lib/python3.12/site-packages/airflow/example_dags/example_skip_dag.py
[2026-01-29T01:10:06.699+0000] {processor.py:840} INFO - DAG(s) 'example_skip_dag' retrieved from /home/airflow/.local/lib/python3.12/site-packages/airflow/example_dags/example_skip_dag.py
[2026-01-29T01:10:06.719+0000] {logging_mixin.py:188} INFO - [2026-01-29T01:10:06.719+0000] {dag.py:3089} INFO - Sync 1 DAGs
[2026-01-29T01:10:06.742+0000] {logging_mixin.py:188} INFO - [2026-01-29T01:10:06.741+0000] {dag.py:3947} INFO - Setting next_dagrun for example_skip_dag to 2026-01-28 00:00:00+00:00, run_after=2026-01-29 00:00:00+00:00
[2026-01-29T01:10:06.762+0000] {processor.py:183} INFO - Processing /home/airflow/.local/lib/python3.12/site-packages/airflow/example_dags/example_skip_dag.py took 0.080 seconds
[2026-01-29T01:10:37.346+0000] {processor.py:161} INFO - Started process (PID=70901) to work on /home/airflow/.local/lib/python3.12/site-packages/airflow/example_dags/example_skip_dag.py
[2026-01-29T01:10:37.347+0000] {processor.py:830} INFO - Processing file /home/airflow/.local/lib/python3.12/site-packages/airflow/example_dags/example_skip_dag.py for tasks to queue
[2026-01-29T01:10:37.350+0000] {logging_mixin.py:188} INFO - [2026-01-29T01:10:37.349+0000] {dagbag.py:545} INFO - Filling up the DagBag from /home/airflow/.local/lib/python3.12/site-packages/airflow/example_dags/example_skip_dag.py
[2026-01-29T01:10:37.357+0000] {processor.py:840} INFO - DAG(s) 'example_skip_dag' retrieved from /home/airflow/.local/lib/python3.12/site-packages/airflow/example_dags/example_skip_dag.py
[2026-01-29T01:10:37.377+0000] {logging_mixin.py:188} INFO - [2026-01-29T01:10:37.377+0000] {dag.py:3089} INFO - Sync 1 DAGs
[2026-01-29T01:10:37.401+0000] {logging_mixin.py:188} INFO - [2026-01-29T01:10:37.400+0000] {dag.py:3947} INFO - Setting next_dagrun for example_skip_dag to 2026-01-28 00:00:00+00:00, run_after=2026-01-29 00:00:00+00:00
[2026-01-29T01:10:37.420+0000] {processor.py:183} INFO - Processing /home/airflow/.local/lib/python3.12/site-packages/airflow/example_dags/example_skip_dag.py took 0.082 seconds
[2026-01-29T01:11:08.018+0000] {processor.py:161} INFO - Started process (PID=70965) to work on /home/airflow/.local/lib/python3.12/site-packages/airflow/example_dags/example_skip_dag.py
[2026-01-29T01:11:08.019+0000] {processor.py:830} INFO - Processing file /home/airflow/.local/lib/python3.12/site-packages/airflow/example_dags/example_skip_dag.py for tasks to queue
[2026-01-29T01:11:08.021+0000] {logging_mixin.py:188} INFO - [2026-01-29T01:11:08.021+0000] {dagbag.py:545} INFO - Filling up the DagBag from /home/airflow/.local/lib/python3.12/site-packages/airflow/example_dags/example_skip_dag.py
[2026-01-29T01:11:08.028+0000] {processor.py:840} INFO - DAG(s) 'example_skip_dag' retrieved from /home/airflow/.local/lib/python3.12/site-packages/airflow/example_dags/example_skip_dag.py
[2026-01-29T01:11:08.056+0000] {logging_mixin.py:188} INFO - [2026-01-29T01:11:08.056+0000] {dag.py:3089} INFO - Sync 1 DAGs
[2026-01-29T01:11:08.081+0000] {logging_mixin.py:188} INFO - [2026-01-29T01:11:08.081+0000] {dag.py:3947} INFO - Setting next_dagrun for example_skip_dag to 2026-01-28 00:00:00+00:00, run_after=2026-01-29 00:00:00+00:00
[2026-01-29T01:11:08.102+0000] {processor.py:183} INFO - Processing /home/airflow/.local/lib/python3.12/site-packages/airflow/example_dags/example_skip_dag.py took 0.091 seconds
[2026-01-29T01:11:38.692+0000] {processor.py:161} INFO - Started process (PID=71024) to work on /home/airflow/.local/lib/python3.12/site-packages/airflow/example_dags/example_skip_dag.py
[2026-01-29T01:11:38.693+0000] {processor.py:830} INFO - Processing file /home/airflow/.local/lib/python3.12/site-packages/airflow/example_dags/example_skip_dag.py for tasks to queue
[2026-01-29T01:11:38.696+0000] {logging_mixin.py:188} INFO - [2026-01-29T01:11:38.695+0000] {dagbag.py:545} INFO - Filling up the DagBag from /home/airflow/.local/lib/python3.12/site-packages/airflow/example_dags/example_skip_dag.py
[2026-01-29T01:11:38.703+0000] {processor.py:840} INFO - DAG(s) 'example_skip_dag' retrieved from /home/airflow/.local/lib/python3.12/site-packages/airflow/example_dags/example_skip_dag.py
[2026-01-29T01:11:38.725+0000] {logging_mixin.py:188} INFO - [2026-01-29T01:11:38.725+0000] {dag.py:3089} INFO - Sync 1 DAGs
[2026-01-29T01:11:38.751+0000] {logging_mixin.py:188} INFO - [2026-01-29T01:11:38.751+0000] {dag.py:3947} INFO - Setting next_dagrun for example_skip_dag to 2026-01-28 00:00:00+00:00, run_after=2026-01-29 00:00:00+00:00
[2026-01-29T01:11:38.773+0000] {processor.py:183} INFO - Processing /home/airflow/.local/lib/python3.12/site-packages/airflow/example_dags/example_skip_dag.py took 0.088 seconds
[2026-01-29T01:12:09.456+0000] {processor.py:161} INFO - Started process (PID=71088) to work on /home/airflow/.local/lib/python3.12/site-packages/airflow/example_dags/example_skip_dag.py
[2026-01-29T01:12:09.457+0000] {processor.py:830} INFO - Processing file /home/airflow/.local/lib/python3.12/site-packages/airflow/example_dags/example_skip_dag.py for tasks to queue
[2026-01-29T01:12:09.459+0000] {logging_mixin.py:188} INFO - [2026-01-29T01:12:09.459+0000] {dagbag.py:545} INFO - Filling up the DagBag from /home/airflow/.local/lib/python3.12/site-packages/airflow/example_dags/example_skip_dag.py
[2026-01-29T01:12:09.466+0000] {processor.py:840} INFO - DAG(s) 'example_skip_dag' retrieved from /home/airflow/.local/lib/python3.12/site-packages/airflow/example_dags/example_skip_dag.py
[2026-01-29T01:12:09.488+0000] {logging_mixin.py:188} INFO - [2026-01-29T01:12:09.488+0000] {dag.py:3089} INFO - Sync 1 DAGs
[2026-01-29T01:12:09.511+0000] {logging_mixin.py:188} INFO - [2026-01-29T01:12:09.511+0000] {dag.py:3947} INFO - Setting next_dagrun for example_skip_dag to 2026-01-28 00:00:00+00:00, run_after=2026-01-29 00:00:00+00:00
[2026-01-29T01:12:09.532+0000] {processor.py:183} INFO - Processing /home/airflow/.local/lib/python3.12/site-packages/airflow/example_dags/example_skip_dag.py took 0.084 seconds
[2026-01-29T01:12:40.235+0000] {processor.py:161} INFO - Started process (PID=71147) to work on /home/airflow/.local/lib/python3.12/site-packages/airflow/example_dags/example_skip_dag.py
[2026-01-29T01:12:40.237+0000] {processor.py:830} INFO - Processing file /home/airflow/.local/lib/python3.12/site-packages/airflow/example_dags/example_skip_dag.py for tasks to queue
[2026-01-29T01:12:40.239+0000] {logging_mixin.py:188} INFO - [2026-01-29T01:12:40.239+0000] {dagbag.py:545} INFO - Filling up the DagBag from /home/airflow/.local/lib/python3.12/site-packages/airflow/example_dags/example_skip_dag.py
[2026-01-29T01:12:40.247+0000] {processor.py:840} INFO - DAG(s) 'example_skip_dag' retrieved from /home/airflow/.local/lib/python3.12/site-packages/airflow/example_dags/example_skip_dag.py
[2026-01-29T01:12:40.269+0000] {logging_mixin.py:188} INFO - [2026-01-29T01:12:40.269+0000] {dag.py:3089} INFO - Sync 1 DAGs
[2026-01-29T01:12:40.294+0000] {logging_mixin.py:188} INFO - [2026-01-29T01:12:40.294+0000] {dag.py:3947} INFO - Setting next_dagrun for example_skip_dag to 2026-01-28 00:00:00+00:00, run_after=2026-01-29 00:00:00+00:00
[2026-01-29T01:12:40.313+0000] {processor.py:183} INFO - Processing /home/airflow/.local/lib/python3.12/site-packages/airflow/example_dags/example_skip_dag.py took 0.086 seconds
[2026-01-29T01:13:10.915+0000] {processor.py:161} INFO - Started process (PID=71211) to work on /home/airflow/.local/lib/python3.12/site-packages/airflow/example_dags/example_skip_dag.py
[2026-01-29T01:13:10.916+0000] {processor.py:830} INFO - Processing file /home/airflow/.local/lib/python3.12/site-packages/airflow/example_dags/example_skip_dag.py for tasks to queue
[2026-01-29T01:13:10.918+0000] {logging_mixin.py:188} INFO - [2026-01-29T01:13:10.918+0000] {dagbag.py:545} INFO - Filling up the DagBag from /home/airflow/.local/lib/python3.12/site-packages/airflow/example_dags/example_skip_dag.py
[2026-01-29T01:13:10.925+0000] {processor.py:840} INFO - DAG(s) 'example_skip_dag' retrieved from /home/airflow/.local/lib/python3.12/site-packages/airflow/example_dags/example_skip_dag.py
[2026-01-29T01:13:10.949+0000] {logging_mixin.py:188} INFO - [2026-01-29T01:13:10.948+0000] {dag.py:3089} INFO - Sync 1 DAGs
[2026-01-29T01:13:10.974+0000] {logging_mixin.py:188} INFO - [2026-01-29T01:13:10.973+0000] {dag.py:3947} INFO - Setting next_dagrun for example_skip_dag to 2026-01-28 00:00:00+00:00, run_after=2026-01-29 00:00:00+00:00
[2026-01-29T01:13:10.994+0000] {processor.py:183} INFO - Processing /home/airflow/.local/lib/python3.12/site-packages/airflow/example_dags/example_skip_dag.py took 0.087 seconds
[2026-01-29T01:13:41.620+0000] {processor.py:161} INFO - Started process (PID=71270) to work on /home/airflow/.local/lib/python3.12/site-packages/airflow/example_dags/example_skip_dag.py
[2026-01-29T01:13:41.621+0000] {processor.py:830} INFO - Processing file /home/airflow/.local/lib/python3.12/site-packages/airflow/example_dags/example_skip_dag.py for tasks to queue
[2026-01-29T01:13:41.624+0000] {logging_mixin.py:188} INFO - [2026-01-29T01:13:41.623+0000] {dagbag.py:545} INFO - Filling up the DagBag from /home/airflow/.local/lib/python3.12/site-packages/airflow/example_dags/example_skip_dag.py
[2026-01-29T01:13:41.629+0000] {processor.py:840} INFO - DAG(s) 'example_skip_dag' retrieved from /home/airflow/.local/lib/python3.12/site-packages/airflow/example_dags/example_skip_dag.py
[2026-01-29T01:13:41.658+0000] {logging_mixin.py:188} INFO - [2026-01-29T01:13:41.657+0000] {dag.py:3089} INFO - Sync 1 DAGs
[2026-01-29T01:13:41.691+0000] {logging_mixin.py:188} INFO - [2026-01-29T01:13:41.691+0000] {dag.py:3947} INFO - Setting next_dagrun for example_skip_dag to 2026-01-28 00:00:00+00:00, run_after=2026-01-29 00:00:00+00:00
[2026-01-29T01:13:41.717+0000] {processor.py:183} INFO - Processing /home/airflow/.local/lib/python3.12/site-packages/airflow/example_dags/example_skip_dag.py took 0.103 seconds
[2026-01-29T01:14:12.348+0000] {processor.py:161} INFO - Started process (PID=71334) to work on /home/airflow/.local/lib/python3.12/site-packages/airflow/example_dags/example_skip_dag.py
[2026-01-29T01:14:12.349+0000] {processor.py:830} INFO - Processing file /home/airflow/.local/lib/python3.12/site-packages/airflow/example_dags/example_skip_dag.py for tasks to queue
[2026-01-29T01:14:12.351+0000] {logging_mixin.py:188} INFO - [2026-01-29T01:14:12.351+0000] {dagbag.py:545} INFO - Filling up the DagBag from /home/airflow/.local/lib/python3.12/site-packages/airflow/example_dags/example_skip_dag.py
[2026-01-29T01:14:12.358+0000] {processor.py:840} INFO - DAG(s) 'example_skip_dag' retrieved from /home/airflow/.local/lib/python3.12/site-packages/airflow/example_dags/example_skip_dag.py
[2026-01-29T01:14:12.380+0000] {logging_mixin.py:188} INFO - [2026-01-29T01:14:12.380+0000] {dag.py:3089} INFO - Sync 1 DAGs
[2026-01-29T01:14:12.404+0000] {logging_mixin.py:188} INFO - [2026-01-29T01:14:12.404+0000] {dag.py:3947} INFO - Setting next_dagrun for example_skip_dag to 2026-01-28 00:00:00+00:00, run_after=2026-01-29 00:00:00+00:00
[2026-01-29T01:14:12.425+0000] {processor.py:183} INFO - Processing /home/airflow/.local/lib/python3.12/site-packages/airflow/example_dags/example_skip_dag.py took 0.084 seconds
[2026-01-29T01:14:43.139+0000] {processor.py:161} INFO - Started process (PID=71393) to work on /home/airflow/.local/lib/python3.12/site-packages/airflow/example_dags/example_skip_dag.py
[2026-01-29T01:14:43.140+0000] {processor.py:830} INFO - Processing file /home/airflow/.local/lib/python3.12/site-packages/airflow/example_dags/example_skip_dag.py for tasks to queue
[2026-01-29T01:14:43.143+0000] {logging_mixin.py:188} INFO - [2026-01-29T01:14:43.142+0000] {dagbag.py:545} INFO - Filling up the DagBag from /home/airflow/.local/lib/python3.12/site-packages/airflow/example_dags/example_skip_dag.py
[2026-01-29T01:14:43.150+0000] {processor.py:840} INFO - DAG(s) 'example_skip_dag' retrieved from /home/airflow/.local/lib/python3.12/site-packages/airflow/example_dags/example_skip_dag.py
[2026-01-29T01:14:43.174+0000] {logging_mixin.py:188} INFO - [2026-01-29T01:14:43.174+0000] {dag.py:3089} INFO - Sync 1 DAGs
[2026-01-29T01:14:43.199+0000] {logging_mixin.py:188} INFO - [2026-01-29T01:14:43.199+0000] {dag.py:3947} INFO - Setting next_dagrun for example_skip_dag to 2026-01-28 00:00:00+00:00, run_after=2026-01-29 00:00:00+00:00
[2026-01-29T01:14:43.220+0000] {processor.py:183} INFO - Processing /home/airflow/.local/lib/python3.12/site-packages/airflow/example_dags/example_skip_dag.py took 0.088 seconds
[2026-01-29T01:15:13.754+0000] {processor.py:161} INFO - Started process (PID=71457) to work on /home/airflow/.local/lib/python3.12/site-packages/airflow/example_dags/example_skip_dag.py
[2026-01-29T01:15:13.755+0000] {processor.py:830} INFO - Processing file /home/airflow/.local/lib/python3.12/site-packages/airflow/example_dags/example_skip_dag.py for tasks to queue
[2026-01-29T01:15:13.758+0000] {logging_mixin.py:188} INFO - [2026-01-29T01:15:13.757+0000] {dagbag.py:545} INFO - Filling up the DagBag from /home/airflow/.local/lib/python3.12/site-packages/airflow/example_dags/example_skip_dag.py
[2026-01-29T01:15:13.765+0000] {processor.py:840} INFO - DAG(s) 'example_skip_dag' retrieved from /home/airflow/.local/lib/python3.12/site-packages/airflow/example_dags/example_skip_dag.py
[2026-01-29T01:15:13.785+0000] {logging_mixin.py:188} INFO - [2026-01-29T01:15:13.785+0000] {dag.py:3089} INFO - Sync 1 DAGs
[2026-01-29T01:15:13.808+0000] {logging_mixin.py:188} INFO - [2026-01-29T01:15:13.807+0000] {dag.py:3947} INFO - Setting next_dagrun for example_skip_dag to 2026-01-28 00:00:00+00:00, run_after=2026-01-29 00:00:00+00:00
[2026-01-29T01:15:13.831+0000] {processor.py:183} INFO - Processing /home/airflow/.local/lib/python3.12/site-packages/airflow/example_dags/example_skip_dag.py took 0.085 seconds
[2026-01-29T01:15:44.328+0000] {processor.py:161} INFO - Started process (PID=71516) to work on /home/airflow/.local/lib/python3.12/site-packages/airflow/example_dags/example_skip_dag.py
[2026-01-29T01:15:44.329+0000] {processor.py:830} INFO - Processing file /home/airflow/.local/lib/python3.12/site-packages/airflow/example_dags/example_skip_dag.py for tasks to queue
[2026-01-29T01:15:44.332+0000] {logging_mixin.py:188} INFO - [2026-01-29T01:15:44.331+0000] {dagbag.py:545} INFO - Filling up the DagBag from /home/airflow/.local/lib/python3.12/site-packages/airflow/example_dags/example_skip_dag.py
[2026-01-29T01:15:44.339+0000] {processor.py:840} INFO - DAG(s) 'example_skip_dag' retrieved from /home/airflow/.local/lib/python3.12/site-packages/airflow/example_dags/example_skip_dag.py
[2026-01-29T01:15:44.362+0000] {logging_mixin.py:188} INFO - [2026-01-29T01:15:44.362+0000] {dag.py:3089} INFO - Sync 1 DAGs
[2026-01-29T01:15:44.385+0000] {logging_mixin.py:188} INFO - [2026-01-29T01:15:44.385+0000] {dag.py:3947} INFO - Setting next_dagrun for example_skip_dag to 2026-01-28 00:00:00+00:00, run_after=2026-01-29 00:00:00+00:00
[2026-01-29T01:15:44.405+0000] {processor.py:183} INFO - Processing /home/airflow/.local/lib/python3.12/site-packages/airflow/example_dags/example_skip_dag.py took 0.084 seconds
[2026-01-29T01:16:15.192+0000] {processor.py:161} INFO - Started process (PID=71580) to work on /home/airflow/.local/lib/python3.12/site-packages/airflow/example_dags/example_skip_dag.py
[2026-01-29T01:16:15.193+0000] {processor.py:830} INFO - Processing file /home/airflow/.local/lib/python3.12/site-packages/airflow/example_dags/example_skip_dag.py for tasks to queue
[2026-01-29T01:16:15.195+0000] {logging_mixin.py:188} INFO - [2026-01-29T01:16:15.195+0000] {dagbag.py:545} INFO - Filling up the DagBag from /home/airflow/.local/lib/python3.12/site-packages/airflow/example_dags/example_skip_dag.py
[2026-01-29T01:16:15.201+0000] {processor.py:840} INFO - DAG(s) 'example_skip_dag' retrieved from /home/airflow/.local/lib/python3.12/site-packages/airflow/example_dags/example_skip_dag.py
[2026-01-29T01:16:15.229+0000] {logging_mixin.py:188} INFO - [2026-01-29T01:16:15.228+0000] {dag.py:3089} INFO - Sync 1 DAGs
[2026-01-29T01:16:15.252+0000] {logging_mixin.py:188} INFO - [2026-01-29T01:16:15.252+0000] {dag.py:3947} INFO - Setting next_dagrun for example_skip_dag to 2026-01-28 00:00:00+00:00, run_after=2026-01-29 00:00:00+00:00
[2026-01-29T01:16:15.272+0000] {processor.py:183} INFO - Processing /home/airflow/.local/lib/python3.12/site-packages/airflow/example_dags/example_skip_dag.py took 0.086 seconds
[2026-01-29T01:16:46.008+0000] {processor.py:161} INFO - Started process (PID=71639) to work on /home/airflow/.local/lib/python3.12/site-packages/airflow/example_dags/example_skip_dag.py
[2026-01-29T01:16:46.009+0000] {processor.py:830} INFO - Processing file /home/airflow/.local/lib/python3.12/site-packages/airflow/example_dags/example_skip_dag.py for tasks to queue
[2026-01-29T01:16:46.012+0000] {logging_mixin.py:188} INFO - [2026-01-29T01:16:46.012+0000] {dagbag.py:545} INFO - Filling up the DagBag from /home/airflow/.local/lib/python3.12/site-packages/airflow/example_dags/example_skip_dag.py
[2026-01-29T01:16:46.019+0000] {processor.py:840} INFO - DAG(s) 'example_skip_dag' retrieved from /home/airflow/.local/lib/python3.12/site-packages/airflow/example_dags/example_skip_dag.py
[2026-01-29T01:16:46.042+0000] {logging_mixin.py:188} INFO - [2026-01-29T01:16:46.042+0000] {dag.py:3089} INFO - Sync 1 DAGs
[2026-01-29T01:16:46.066+0000] {logging_mixin.py:188} INFO - [2026-01-29T01:16:46.066+0000] {dag.py:3947} INFO - Setting next_dagrun for example_skip_dag to 2026-01-28 00:00:00+00:00, run_after=2026-01-29 00:00:00+00:00
[2026-01-29T01:16:46.086+0000] {processor.py:183} INFO - Processing /home/airflow/.local/lib/python3.12/site-packages/airflow/example_dags/example_skip_dag.py took 0.086 seconds
[2026-01-29T01:17:16.790+0000] {processor.py:161} INFO - Started process (PID=71703) to work on /home/airflow/.local/lib/python3.12/site-packages/airflow/example_dags/example_skip_dag.py
[2026-01-29T01:17:16.790+0000] {processor.py:830} INFO - Processing file /home/airflow/.local/lib/python3.12/site-packages/airflow/example_dags/example_skip_dag.py for tasks to queue
[2026-01-29T01:17:16.793+0000] {logging_mixin.py:188} INFO - [2026-01-29T01:17:16.793+0000] {dagbag.py:545} INFO - Filling up the DagBag from /home/airflow/.local/lib/python3.12/site-packages/airflow/example_dags/example_skip_dag.py
[2026-01-29T01:17:16.800+0000] {processor.py:840} INFO - DAG(s) 'example_skip_dag' retrieved from /home/airflow/.local/lib/python3.12/site-packages/airflow/example_dags/example_skip_dag.py
[2026-01-29T01:17:16.820+0000] {logging_mixin.py:188} INFO - [2026-01-29T01:17:16.820+0000] {dag.py:3089} INFO - Sync 1 DAGs
[2026-01-29T01:17:16.843+0000] {logging_mixin.py:188} INFO - [2026-01-29T01:17:16.842+0000] {dag.py:3947} INFO - Setting next_dagrun for example_skip_dag to 2026-01-28 00:00:00+00:00, run_after=2026-01-29 00:00:00+00:00
[2026-01-29T01:17:16.863+0000] {processor.py:183} INFO - Processing /home/airflow/.local/lib/python3.12/site-packages/airflow/example_dags/example_skip_dag.py took 0.080 seconds
[2026-01-29T01:17:47.567+0000] {processor.py:161} INFO - Started process (PID=71762) to work on /home/airflow/.local/lib/python3.12/site-packages/airflow/example_dags/example_skip_dag.py
[2026-01-29T01:17:47.568+0000] {processor.py:830} INFO - Processing file /home/airflow/.local/lib/python3.12/site-packages/airflow/example_dags/example_skip_dag.py for tasks to queue
[2026-01-29T01:17:47.571+0000] {logging_mixin.py:188} INFO - [2026-01-29T01:17:47.571+0000] {dagbag.py:545} INFO - Filling up the DagBag from /home/airflow/.local/lib/python3.12/site-packages/airflow/example_dags/example_skip_dag.py
[2026-01-29T01:17:47.578+0000] {processor.py:840} INFO - DAG(s) 'example_skip_dag' retrieved from /home/airflow/.local/lib/python3.12/site-packages/airflow/example_dags/example_skip_dag.py
[2026-01-29T01:17:47.599+0000] {logging_mixin.py:188} INFO - [2026-01-29T01:17:47.598+0000] {dag.py:3089} INFO - Sync 1 DAGs
[2026-01-29T01:17:47.622+0000] {logging_mixin.py:188} INFO - [2026-01-29T01:17:47.621+0000] {dag.py:3947} INFO - Setting next_dagrun for example_skip_dag to 2026-01-28 00:00:00+00:00, run_after=2026-01-29 00:00:00+00:00
[2026-01-29T01:17:47.640+0000] {processor.py:183} INFO - Processing /home/airflow/.local/lib/python3.12/site-packages/airflow/example_dags/example_skip_dag.py took 0.081 seconds
[2026-01-29T01:18:18.371+0000] {processor.py:161} INFO - Started process (PID=71826) to work on /home/airflow/.local/lib/python3.12/site-packages/airflow/example_dags/example_skip_dag.py
[2026-01-29T01:18:18.372+0000] {processor.py:830} INFO - Processing file /home/airflow/.local/lib/python3.12/site-packages/airflow/example_dags/example_skip_dag.py for tasks to queue
[2026-01-29T01:18:18.374+0000] {logging_mixin.py:188} INFO - [2026-01-29T01:18:18.374+0000] {dagbag.py:545} INFO - Filling up the DagBag from /home/airflow/.local/lib/python3.12/site-packages/airflow/example_dags/example_skip_dag.py
[2026-01-29T01:18:18.381+0000] {processor.py:840} INFO - DAG(s) 'example_skip_dag' retrieved from /home/airflow/.local/lib/python3.12/site-packages/airflow/example_dags/example_skip_dag.py
[2026-01-29T01:18:18.401+0000] {logging_mixin.py:188} INFO - [2026-01-29T01:18:18.401+0000] {dag.py:3089} INFO - Sync 1 DAGs
[2026-01-29T01:18:18.423+0000] {logging_mixin.py:188} INFO - [2026-01-29T01:18:18.423+0000] {dag.py:3947} INFO - Setting next_dagrun for example_skip_dag to 2026-01-28 00:00:00+00:00, run_after=2026-01-29 00:00:00+00:00
[2026-01-29T01:18:18.444+0000] {processor.py:183} INFO - Processing /home/airflow/.local/lib/python3.12/site-packages/airflow/example_dags/example_skip_dag.py took 0.080 seconds
[2026-01-29T01:18:49.293+0000] {processor.py:161} INFO - Started process (PID=71885) to work on /home/airflow/.local/lib/python3.12/site-packages/airflow/example_dags/example_skip_dag.py
[2026-01-29T01:18:49.294+0000] {processor.py:830} INFO - Processing file /home/airflow/.local/lib/python3.12/site-packages/airflow/example_dags/example_skip_dag.py for tasks to queue
[2026-01-29T01:18:49.297+0000] {logging_mixin.py:188} INFO - [2026-01-29T01:18:49.296+0000] {dagbag.py:545} INFO - Filling up the DagBag from /home/airflow/.local/lib/python3.12/site-packages/airflow/example_dags/example_skip_dag.py
[2026-01-29T01:18:49.304+0000] {processor.py:840} INFO - DAG(s) 'example_skip_dag' retrieved from /home/airflow/.local/lib/python3.12/site-packages/airflow/example_dags/example_skip_dag.py
[2026-01-29T01:18:49.327+0000] {logging_mixin.py:188} INFO - [2026-01-29T01:18:49.327+0000] {dag.py:3089} INFO - Sync 1 DAGs
[2026-01-29T01:18:49.352+0000] {logging_mixin.py:188} INFO - [2026-01-29T01:18:49.352+0000] {dag.py:3947} INFO - Setting next_dagrun for example_skip_dag to 2026-01-28 00:00:00+00:00, run_after=2026-01-29 00:00:00+00:00
[2026-01-29T01:18:49.372+0000] {processor.py:183} INFO - Processing /home/airflow/.local/lib/python3.12/site-packages/airflow/example_dags/example_skip_dag.py took 0.086 seconds
[2026-01-29T01:19:20.020+0000] {processor.py:161} INFO - Started process (PID=71949) to work on /home/airflow/.local/lib/python3.12/site-packages/airflow/example_dags/example_skip_dag.py
[2026-01-29T01:19:20.021+0000] {processor.py:830} INFO - Processing file /home/airflow/.local/lib/python3.12/site-packages/airflow/example_dags/example_skip_dag.py for tasks to queue
[2026-01-29T01:19:20.024+0000] {logging_mixin.py:188} INFO - [2026-01-29T01:19:20.023+0000] {dagbag.py:545} INFO - Filling up the DagBag from /home/airflow/.local/lib/python3.12/site-packages/airflow/example_dags/example_skip_dag.py
[2026-01-29T01:19:20.030+0000] {processor.py:840} INFO - DAG(s) 'example_skip_dag' retrieved from /home/airflow/.local/lib/python3.12/site-packages/airflow/example_dags/example_skip_dag.py
[2026-01-29T01:19:20.054+0000] {logging_mixin.py:188} INFO - [2026-01-29T01:19:20.054+0000] {dag.py:3089} INFO - Sync 1 DAGs
[2026-01-29T01:19:20.077+0000] {logging_mixin.py:188} INFO - [2026-01-29T01:19:20.076+0000] {dag.py:3947} INFO - Setting next_dagrun for example_skip_dag to 2026-01-28 00:00:00+00:00, run_after=2026-01-29 00:00:00+00:00
[2026-01-29T01:19:20.096+0000] {processor.py:183} INFO - Processing /home/airflow/.local/lib/python3.12/site-packages/airflow/example_dags/example_skip_dag.py took 0.084 seconds
[2026-01-29T01:19:50.692+0000] {processor.py:161} INFO - Started process (PID=72008) to work on /home/airflow/.local/lib/python3.12/site-packages/airflow/example_dags/example_skip_dag.py
[2026-01-29T01:19:50.693+0000] {processor.py:830} INFO - Processing file /home/airflow/.local/lib/python3.12/site-packages/airflow/example_dags/example_skip_dag.py for tasks to queue
[2026-01-29T01:19:50.696+0000] {logging_mixin.py:188} INFO - [2026-01-29T01:19:50.696+0000] {dagbag.py:545} INFO - Filling up the DagBag from /home/airflow/.local/lib/python3.12/site-packages/airflow/example_dags/example_skip_dag.py
[2026-01-29T01:19:50.703+0000] {processor.py:840} INFO - DAG(s) 'example_skip_dag' retrieved from /home/airflow/.local/lib/python3.12/site-packages/airflow/example_dags/example_skip_dag.py
[2026-01-29T01:19:50.723+0000] {logging_mixin.py:188} INFO - [2026-01-29T01:19:50.723+0000] {dag.py:3089} INFO - Sync 1 DAGs
[2026-01-29T01:19:50.745+0000] {logging_mixin.py:188} INFO - [2026-01-29T01:19:50.745+0000] {dag.py:3947} INFO - Setting next_dagrun for example_skip_dag to 2026-01-28 00:00:00+00:00, run_after=2026-01-29 00:00:00+00:00
[2026-01-29T01:19:50.766+0000] {processor.py:183} INFO - Processing /home/airflow/.local/lib/python3.12/site-packages/airflow/example_dags/example_skip_dag.py took 0.081 seconds
[2026-01-29T01:20:21.556+0000] {processor.py:161} INFO - Started process (PID=72072) to work on /home/airflow/.local/lib/python3.12/site-packages/airflow/example_dags/example_skip_dag.py
[2026-01-29T01:20:21.556+0000] {processor.py:830} INFO - Processing file /home/airflow/.local/lib/python3.12/site-packages/airflow/example_dags/example_skip_dag.py for tasks to queue
[2026-01-29T01:20:21.559+0000] {logging_mixin.py:188} INFO - [2026-01-29T01:20:21.559+0000] {dagbag.py:545} INFO - Filling up the DagBag from /home/airflow/.local/lib/python3.12/site-packages/airflow/example_dags/example_skip_dag.py
[2026-01-29T01:20:21.566+0000] {processor.py:840} INFO - DAG(s) 'example_skip_dag' retrieved from /home/airflow/.local/lib/python3.12/site-packages/airflow/example_dags/example_skip_dag.py
[2026-01-29T01:20:21.588+0000] {logging_mixin.py:188} INFO - [2026-01-29T01:20:21.588+0000] {dag.py:3089} INFO - Sync 1 DAGs
[2026-01-29T01:20:21.613+0000] {logging_mixin.py:188} INFO - [2026-01-29T01:20:21.613+0000] {dag.py:3947} INFO - Setting next_dagrun for example_skip_dag to 2026-01-28 00:00:00+00:00, run_after=2026-01-29 00:00:00+00:00
[2026-01-29T01:20:21.633+0000] {processor.py:183} INFO - Processing /home/airflow/.local/lib/python3.12/site-packages/airflow/example_dags/example_skip_dag.py took 0.085 seconds
[2026-01-29T01:20:52.593+0000] {processor.py:161} INFO - Started process (PID=72131) to work on /home/airflow/.local/lib/python3.12/site-packages/airflow/example_dags/example_skip_dag.py
[2026-01-29T01:20:52.594+0000] {processor.py:830} INFO - Processing file /home/airflow/.local/lib/python3.12/site-packages/airflow/example_dags/example_skip_dag.py for tasks to queue
[2026-01-29T01:20:52.597+0000] {logging_mixin.py:188} INFO - [2026-01-29T01:20:52.597+0000] {dagbag.py:545} INFO - Filling up the DagBag from /home/airflow/.local/lib/python3.12/site-packages/airflow/example_dags/example_skip_dag.py
[2026-01-29T01:20:52.604+0000] {processor.py:840} INFO - DAG(s) 'example_skip_dag' retrieved from /home/airflow/.local/lib/python3.12/site-packages/airflow/example_dags/example_skip_dag.py
[2026-01-29T01:20:52.627+0000] {logging_mixin.py:188} INFO - [2026-01-29T01:20:52.626+0000] {dag.py:3089} INFO - Sync 1 DAGs
[2026-01-29T01:20:52.650+0000] {logging_mixin.py:188} INFO - [2026-01-29T01:20:52.650+0000] {dag.py:3947} INFO - Setting next_dagrun for example_skip_dag to 2026-01-28 00:00:00+00:00, run_after=2026-01-29 00:00:00+00:00
[2026-01-29T01:20:52.670+0000] {processor.py:183} INFO - Processing /home/airflow/.local/lib/python3.12/site-packages/airflow/example_dags/example_skip_dag.py took 0.084 seconds
[2026-01-29T01:21:22.930+0000] {processor.py:161} INFO - Started process (PID=72195) to work on /home/airflow/.local/lib/python3.12/site-packages/airflow/example_dags/example_skip_dag.py
[2026-01-29T01:21:22.930+0000] {processor.py:830} INFO - Processing file /home/airflow/.local/lib/python3.12/site-packages/airflow/example_dags/example_skip_dag.py for tasks to queue
[2026-01-29T01:21:22.932+0000] {logging_mixin.py:188} INFO - [2026-01-29T01:21:22.932+0000] {dagbag.py:545} INFO - Filling up the DagBag from /home/airflow/.local/lib/python3.12/site-packages/airflow/example_dags/example_skip_dag.py
[2026-01-29T01:21:22.939+0000] {processor.py:840} INFO - DAG(s) 'example_skip_dag' retrieved from /home/airflow/.local/lib/python3.12/site-packages/airflow/example_dags/example_skip_dag.py
[2026-01-29T01:21:22.960+0000] {logging_mixin.py:188} INFO - [2026-01-29T01:21:22.959+0000] {dag.py:3089} INFO - Sync 1 DAGs
[2026-01-29T01:21:22.985+0000] {logging_mixin.py:188} INFO - [2026-01-29T01:21:22.984+0000] {dag.py:3947} INFO - Setting next_dagrun for example_skip_dag to 2026-01-28 00:00:00+00:00, run_after=2026-01-29 00:00:00+00:00
[2026-01-29T01:21:23.012+0000] {processor.py:183} INFO - Processing /home/airflow/.local/lib/python3.12/site-packages/airflow/example_dags/example_skip_dag.py took 0.088 seconds
[2026-01-29T01:21:53.103+0000] {processor.py:161} INFO - Started process (PID=72254) to work on /home/airflow/.local/lib/python3.12/site-packages/airflow/example_dags/example_skip_dag.py
[2026-01-29T01:21:53.104+0000] {processor.py:830} INFO - Processing file /home/airflow/.local/lib/python3.12/site-packages/airflow/example_dags/example_skip_dag.py for tasks to queue
[2026-01-29T01:21:53.106+0000] {logging_mixin.py:188} INFO - [2026-01-29T01:21:53.106+0000] {dagbag.py:545} INFO - Filling up the DagBag from /home/airflow/.local/lib/python3.12/site-packages/airflow/example_dags/example_skip_dag.py
[2026-01-29T01:21:53.113+0000] {processor.py:840} INFO - DAG(s) 'example_skip_dag' retrieved from /home/airflow/.local/lib/python3.12/site-packages/airflow/example_dags/example_skip_dag.py
[2026-01-29T01:21:53.139+0000] {logging_mixin.py:188} INFO - [2026-01-29T01:21:53.139+0000] {dag.py:3089} INFO - Sync 1 DAGs
[2026-01-29T01:21:53.164+0000] {logging_mixin.py:188} INFO - [2026-01-29T01:21:53.164+0000] {dag.py:3947} INFO - Setting next_dagrun for example_skip_dag to 2026-01-28 00:00:00+00:00, run_after=2026-01-29 00:00:00+00:00
[2026-01-29T01:21:53.184+0000] {processor.py:183} INFO - Processing /home/airflow/.local/lib/python3.12/site-packages/airflow/example_dags/example_skip_dag.py took 0.089 seconds
[2026-01-29T01:22:23.410+0000] {processor.py:161} INFO - Started process (PID=72319) to work on /home/airflow/.local/lib/python3.12/site-packages/airflow/example_dags/example_skip_dag.py
[2026-01-29T01:22:23.411+0000] {processor.py:830} INFO - Processing file /home/airflow/.local/lib/python3.12/site-packages/airflow/example_dags/example_skip_dag.py for tasks to queue
[2026-01-29T01:22:23.414+0000] {logging_mixin.py:188} INFO - [2026-01-29T01:22:23.413+0000] {dagbag.py:545} INFO - Filling up the DagBag from /home/airflow/.local/lib/python3.12/site-packages/airflow/example_dags/example_skip_dag.py
[2026-01-29T01:22:23.420+0000] {processor.py:840} INFO - DAG(s) 'example_skip_dag' retrieved from /home/airflow/.local/lib/python3.12/site-packages/airflow/example_dags/example_skip_dag.py
[2026-01-29T01:22:23.443+0000] {logging_mixin.py:188} INFO - [2026-01-29T01:22:23.443+0000] {dag.py:3089} INFO - Sync 1 DAGs
[2026-01-29T01:22:23.469+0000] {logging_mixin.py:188} INFO - [2026-01-29T01:22:23.468+0000] {dag.py:3947} INFO - Setting next_dagrun for example_skip_dag to 2026-01-28 00:00:00+00:00, run_after=2026-01-29 00:00:00+00:00
[2026-01-29T01:22:23.488+0000] {processor.py:183} INFO - Processing /home/airflow/.local/lib/python3.12/site-packages/airflow/example_dags/example_skip_dag.py took 0.085 seconds
[2026-01-29T01:22:53.639+0000] {processor.py:161} INFO - Started process (PID=72378) to work on /home/airflow/.local/lib/python3.12/site-packages/airflow/example_dags/example_skip_dag.py
[2026-01-29T01:22:53.641+0000] {processor.py:830} INFO - Processing file /home/airflow/.local/lib/python3.12/site-packages/airflow/example_dags/example_skip_dag.py for tasks to queue
[2026-01-29T01:22:53.643+0000] {logging_mixin.py:188} INFO - [2026-01-29T01:22:53.643+0000] {dagbag.py:545} INFO - Filling up the DagBag from /home/airflow/.local/lib/python3.12/site-packages/airflow/example_dags/example_skip_dag.py
[2026-01-29T01:22:53.650+0000] {processor.py:840} INFO - DAG(s) 'example_skip_dag' retrieved from /home/airflow/.local/lib/python3.12/site-packages/airflow/example_dags/example_skip_dag.py
[2026-01-29T01:22:53.673+0000] {logging_mixin.py:188} INFO - [2026-01-29T01:22:53.673+0000] {dag.py:3089} INFO - Sync 1 DAGs
[2026-01-29T01:22:53.697+0000] {logging_mixin.py:188} INFO - [2026-01-29T01:22:53.697+0000] {dag.py:3947} INFO - Setting next_dagrun for example_skip_dag to 2026-01-28 00:00:00+00:00, run_after=2026-01-29 00:00:00+00:00
[2026-01-29T01:22:53.718+0000] {processor.py:183} INFO - Processing /home/airflow/.local/lib/python3.12/site-packages/airflow/example_dags/example_skip_dag.py took 0.087 seconds
[2026-01-29T01:23:24.191+0000] {processor.py:161} INFO - Started process (PID=72442) to work on /home/airflow/.local/lib/python3.12/site-packages/airflow/example_dags/example_skip_dag.py
[2026-01-29T01:23:24.192+0000] {processor.py:830} INFO - Processing file /home/airflow/.local/lib/python3.12/site-packages/airflow/example_dags/example_skip_dag.py for tasks to queue
[2026-01-29T01:23:24.195+0000] {logging_mixin.py:188} INFO - [2026-01-29T01:23:24.194+0000] {dagbag.py:545} INFO - Filling up the DagBag from /home/airflow/.local/lib/python3.12/site-packages/airflow/example_dags/example_skip_dag.py
[2026-01-29T01:23:24.201+0000] {processor.py:840} INFO - DAG(s) 'example_skip_dag' retrieved from /home/airflow/.local/lib/python3.12/site-packages/airflow/example_dags/example_skip_dag.py
[2026-01-29T01:23:24.225+0000] {logging_mixin.py:188} INFO - [2026-01-29T01:23:24.225+0000] {dag.py:3089} INFO - Sync 1 DAGs
[2026-01-29T01:23:24.249+0000] {logging_mixin.py:188} INFO - [2026-01-29T01:23:24.249+0000] {dag.py:3947} INFO - Setting next_dagrun for example_skip_dag to 2026-01-28 00:00:00+00:00, run_after=2026-01-29 00:00:00+00:00
[2026-01-29T01:23:24.269+0000] {processor.py:183} INFO - Processing /home/airflow/.local/lib/python3.12/site-packages/airflow/example_dags/example_skip_dag.py took 0.085 seconds
[2026-01-29T01:23:54.725+0000] {processor.py:161} INFO - Started process (PID=72501) to work on /home/airflow/.local/lib/python3.12/site-packages/airflow/example_dags/example_skip_dag.py
[2026-01-29T01:23:54.726+0000] {processor.py:830} INFO - Processing file /home/airflow/.local/lib/python3.12/site-packages/airflow/example_dags/example_skip_dag.py for tasks to queue
[2026-01-29T01:23:54.728+0000] {logging_mixin.py:188} INFO - [2026-01-29T01:23:54.728+0000] {dagbag.py:545} INFO - Filling up the DagBag from /home/airflow/.local/lib/python3.12/site-packages/airflow/example_dags/example_skip_dag.py
[2026-01-29T01:23:54.735+0000] {processor.py:840} INFO - DAG(s) 'example_skip_dag' retrieved from /home/airflow/.local/lib/python3.12/site-packages/airflow/example_dags/example_skip_dag.py
[2026-01-29T01:23:54.757+0000] {logging_mixin.py:188} INFO - [2026-01-29T01:23:54.757+0000] {dag.py:3089} INFO - Sync 1 DAGs
[2026-01-29T01:23:54.782+0000] {logging_mixin.py:188} INFO - [2026-01-29T01:23:54.782+0000] {dag.py:3947} INFO - Setting next_dagrun for example_skip_dag to 2026-01-28 00:00:00+00:00, run_after=2026-01-29 00:00:00+00:00
[2026-01-29T01:23:54.803+0000] {processor.py:183} INFO - Processing /home/airflow/.local/lib/python3.12/site-packages/airflow/example_dags/example_skip_dag.py took 0.084 seconds
[2026-01-29T01:24:24.975+0000] {processor.py:161} INFO - Started process (PID=72565) to work on /home/airflow/.local/lib/python3.12/site-packages/airflow/example_dags/example_skip_dag.py
[2026-01-29T01:24:24.976+0000] {processor.py:830} INFO - Processing file /home/airflow/.local/lib/python3.12/site-packages/airflow/example_dags/example_skip_dag.py for tasks to queue
[2026-01-29T01:24:24.978+0000] {logging_mixin.py:188} INFO - [2026-01-29T01:24:24.978+0000] {dagbag.py:545} INFO - Filling up the DagBag from /home/airflow/.local/lib/python3.12/site-packages/airflow/example_dags/example_skip_dag.py
[2026-01-29T01:24:24.985+0000] {processor.py:840} INFO - DAG(s) 'example_skip_dag' retrieved from /home/airflow/.local/lib/python3.12/site-packages/airflow/example_dags/example_skip_dag.py
[2026-01-29T01:24:25.007+0000] {logging_mixin.py:188} INFO - [2026-01-29T01:24:25.007+0000] {dag.py:3089} INFO - Sync 1 DAGs
[2026-01-29T01:24:25.031+0000] {logging_mixin.py:188} INFO - [2026-01-29T01:24:25.031+0000] {dag.py:3947} INFO - Setting next_dagrun for example_skip_dag to 2026-01-28 00:00:00+00:00, run_after=2026-01-29 00:00:00+00:00
[2026-01-29T01:24:25.050+0000] {processor.py:183} INFO - Processing /home/airflow/.local/lib/python3.12/site-packages/airflow/example_dags/example_skip_dag.py took 0.082 seconds
[2026-01-29T01:24:55.517+0000] {processor.py:161} INFO - Started process (PID=72624) to work on /home/airflow/.local/lib/python3.12/site-packages/airflow/example_dags/example_skip_dag.py
[2026-01-29T01:24:55.521+0000] {processor.py:830} INFO - Processing file /home/airflow/.local/lib/python3.12/site-packages/airflow/example_dags/example_skip_dag.py for tasks to queue
[2026-01-29T01:24:55.524+0000] {logging_mixin.py:188} INFO - [2026-01-29T01:24:55.524+0000] {dagbag.py:545} INFO - Filling up the DagBag from /home/airflow/.local/lib/python3.12/site-packages/airflow/example_dags/example_skip_dag.py
[2026-01-29T01:24:55.531+0000] {processor.py:840} INFO - DAG(s) 'example_skip_dag' retrieved from /home/airflow/.local/lib/python3.12/site-packages/airflow/example_dags/example_skip_dag.py
[2026-01-29T01:24:55.558+0000] {logging_mixin.py:188} INFO - [2026-01-29T01:24:55.558+0000] {dag.py:3089} INFO - Sync 1 DAGs
[2026-01-29T01:24:55.586+0000] {logging_mixin.py:188} INFO - [2026-01-29T01:24:55.586+0000] {dag.py:3947} INFO - Setting next_dagrun for example_skip_dag to 2026-01-28 00:00:00+00:00, run_after=2026-01-29 00:00:00+00:00
[2026-01-29T01:24:55.737+0000] {processor.py:183} INFO - Processing /home/airflow/.local/lib/python3.12/site-packages/airflow/example_dags/example_skip_dag.py took 0.227 seconds
[2026-01-29T01:25:26.755+0000] {processor.py:161} INFO - Started process (PID=72688) to work on /home/airflow/.local/lib/python3.12/site-packages/airflow/example_dags/example_skip_dag.py
[2026-01-29T01:25:26.755+0000] {processor.py:830} INFO - Processing file /home/airflow/.local/lib/python3.12/site-packages/airflow/example_dags/example_skip_dag.py for tasks to queue
[2026-01-29T01:25:26.758+0000] {logging_mixin.py:188} INFO - [2026-01-29T01:25:26.758+0000] {dagbag.py:545} INFO - Filling up the DagBag from /home/airflow/.local/lib/python3.12/site-packages/airflow/example_dags/example_skip_dag.py
[2026-01-29T01:25:26.764+0000] {processor.py:840} INFO - DAG(s) 'example_skip_dag' retrieved from /home/airflow/.local/lib/python3.12/site-packages/airflow/example_dags/example_skip_dag.py
[2026-01-29T01:25:26.786+0000] {logging_mixin.py:188} INFO - [2026-01-29T01:25:26.786+0000] {dag.py:3089} INFO - Sync 1 DAGs
[2026-01-29T01:25:26.810+0000] {logging_mixin.py:188} INFO - [2026-01-29T01:25:26.810+0000] {dag.py:3947} INFO - Setting next_dagrun for example_skip_dag to 2026-01-28 00:00:00+00:00, run_after=2026-01-29 00:00:00+00:00
[2026-01-29T01:25:26.830+0000] {processor.py:183} INFO - Processing /home/airflow/.local/lib/python3.12/site-packages/airflow/example_dags/example_skip_dag.py took 0.083 seconds
[2026-01-29T01:25:57.287+0000] {processor.py:161} INFO - Started process (PID=72747) to work on /home/airflow/.local/lib/python3.12/site-packages/airflow/example_dags/example_skip_dag.py
[2026-01-29T01:25:57.288+0000] {processor.py:830} INFO - Processing file /home/airflow/.local/lib/python3.12/site-packages/airflow/example_dags/example_skip_dag.py for tasks to queue
[2026-01-29T01:25:57.290+0000] {logging_mixin.py:188} INFO - [2026-01-29T01:25:57.290+0000] {dagbag.py:545} INFO - Filling up the DagBag from /home/airflow/.local/lib/python3.12/site-packages/airflow/example_dags/example_skip_dag.py
[2026-01-29T01:25:57.297+0000] {processor.py:840} INFO - DAG(s) 'example_skip_dag' retrieved from /home/airflow/.local/lib/python3.12/site-packages/airflow/example_dags/example_skip_dag.py
[2026-01-29T01:25:57.318+0000] {logging_mixin.py:188} INFO - [2026-01-29T01:25:57.317+0000] {dag.py:3089} INFO - Sync 1 DAGs
[2026-01-29T01:25:57.341+0000] {logging_mixin.py:188} INFO - [2026-01-29T01:25:57.341+0000] {dag.py:3947} INFO - Setting next_dagrun for example_skip_dag to 2026-01-28 00:00:00+00:00, run_after=2026-01-29 00:00:00+00:00
[2026-01-29T01:25:57.361+0000] {processor.py:183} INFO - Processing /home/airflow/.local/lib/python3.12/site-packages/airflow/example_dags/example_skip_dag.py took 0.081 seconds
[2026-01-29T01:26:27.935+0000] {processor.py:161} INFO - Started process (PID=72811) to work on /home/airflow/.local/lib/python3.12/site-packages/airflow/example_dags/example_skip_dag.py
[2026-01-29T01:26:27.936+0000] {processor.py:830} INFO - Processing file /home/airflow/.local/lib/python3.12/site-packages/airflow/example_dags/example_skip_dag.py for tasks to queue
[2026-01-29T01:26:27.937+0000] {logging_mixin.py:188} INFO - [2026-01-29T01:26:27.937+0000] {dagbag.py:545} INFO - Filling up the DagBag from /home/airflow/.local/lib/python3.12/site-packages/airflow/example_dags/example_skip_dag.py
[2026-01-29T01:26:27.944+0000] {processor.py:840} INFO - DAG(s) 'example_skip_dag' retrieved from /home/airflow/.local/lib/python3.12/site-packages/airflow/example_dags/example_skip_dag.py
[2026-01-29T01:26:27.966+0000] {logging_mixin.py:188} INFO - [2026-01-29T01:26:27.966+0000] {dag.py:3089} INFO - Sync 1 DAGs
[2026-01-29T01:26:27.990+0000] {logging_mixin.py:188} INFO - [2026-01-29T01:26:27.990+0000] {dag.py:3947} INFO - Setting next_dagrun for example_skip_dag to 2026-01-28 00:00:00+00:00, run_after=2026-01-29 00:00:00+00:00
[2026-01-29T01:26:28.010+0000] {processor.py:183} INFO - Processing /home/airflow/.local/lib/python3.12/site-packages/airflow/example_dags/example_skip_dag.py took 0.082 seconds
[2026-01-29T01:26:58.080+0000] {processor.py:161} INFO - Started process (PID=72870) to work on /home/airflow/.local/lib/python3.12/site-packages/airflow/example_dags/example_skip_dag.py
[2026-01-29T01:26:58.081+0000] {processor.py:830} INFO - Processing file /home/airflow/.local/lib/python3.12/site-packages/airflow/example_dags/example_skip_dag.py for tasks to queue
[2026-01-29T01:26:58.083+0000] {logging_mixin.py:188} INFO - [2026-01-29T01:26:58.083+0000] {dagbag.py:545} INFO - Filling up the DagBag from /home/airflow/.local/lib/python3.12/site-packages/airflow/example_dags/example_skip_dag.py
[2026-01-29T01:26:58.090+0000] {processor.py:840} INFO - DAG(s) 'example_skip_dag' retrieved from /home/airflow/.local/lib/python3.12/site-packages/airflow/example_dags/example_skip_dag.py
[2026-01-29T01:26:58.113+0000] {logging_mixin.py:188} INFO - [2026-01-29T01:26:58.113+0000] {dag.py:3089} INFO - Sync 1 DAGs
[2026-01-29T01:26:58.137+0000] {logging_mixin.py:188} INFO - [2026-01-29T01:26:58.137+0000] {dag.py:3947} INFO - Setting next_dagrun for example_skip_dag to 2026-01-28 00:00:00+00:00, run_after=2026-01-29 00:00:00+00:00
[2026-01-29T01:26:58.157+0000] {processor.py:183} INFO - Processing /home/airflow/.local/lib/python3.12/site-packages/airflow/example_dags/example_skip_dag.py took 0.085 seconds
[2026-01-29T01:27:28.587+0000] {processor.py:161} INFO - Started process (PID=72934) to work on /home/airflow/.local/lib/python3.12/site-packages/airflow/example_dags/example_skip_dag.py
[2026-01-29T01:27:28.588+0000] {processor.py:830} INFO - Processing file /home/airflow/.local/lib/python3.12/site-packages/airflow/example_dags/example_skip_dag.py for tasks to queue
[2026-01-29T01:27:28.590+0000] {logging_mixin.py:188} INFO - [2026-01-29T01:27:28.590+0000] {dagbag.py:545} INFO - Filling up the DagBag from /home/airflow/.local/lib/python3.12/site-packages/airflow/example_dags/example_skip_dag.py
[2026-01-29T01:27:28.597+0000] {processor.py:840} INFO - DAG(s) 'example_skip_dag' retrieved from /home/airflow/.local/lib/python3.12/site-packages/airflow/example_dags/example_skip_dag.py
[2026-01-29T01:27:28.617+0000] {logging_mixin.py:188} INFO - [2026-01-29T01:27:28.617+0000] {dag.py:3089} INFO - Sync 1 DAGs
[2026-01-29T01:27:28.641+0000] {logging_mixin.py:188} INFO - [2026-01-29T01:27:28.641+0000] {dag.py:3947} INFO - Setting next_dagrun for example_skip_dag to 2026-01-28 00:00:00+00:00, run_after=2026-01-29 00:00:00+00:00
[2026-01-29T01:27:28.660+0000] {processor.py:183} INFO - Processing /home/airflow/.local/lib/python3.12/site-packages/airflow/example_dags/example_skip_dag.py took 0.079 seconds
[2026-01-29T01:27:59.227+0000] {processor.py:161} INFO - Started process (PID=72993) to work on /home/airflow/.local/lib/python3.12/site-packages/airflow/example_dags/example_skip_dag.py
[2026-01-29T01:27:59.228+0000] {processor.py:830} INFO - Processing file /home/airflow/.local/lib/python3.12/site-packages/airflow/example_dags/example_skip_dag.py for tasks to queue
[2026-01-29T01:27:59.231+0000] {logging_mixin.py:188} INFO - [2026-01-29T01:27:59.230+0000] {dagbag.py:545} INFO - Filling up the DagBag from /home/airflow/.local/lib/python3.12/site-packages/airflow/example_dags/example_skip_dag.py
[2026-01-29T01:27:59.237+0000] {processor.py:840} INFO - DAG(s) 'example_skip_dag' retrieved from /home/airflow/.local/lib/python3.12/site-packages/airflow/example_dags/example_skip_dag.py
[2026-01-29T01:27:59.261+0000] {logging_mixin.py:188} INFO - [2026-01-29T01:27:59.260+0000] {dag.py:3089} INFO - Sync 1 DAGs
[2026-01-29T01:27:59.287+0000] {logging_mixin.py:188} INFO - [2026-01-29T01:27:59.287+0000] {dag.py:3947} INFO - Setting next_dagrun for example_skip_dag to 2026-01-28 00:00:00+00:00, run_after=2026-01-29 00:00:00+00:00
[2026-01-29T01:27:59.310+0000] {processor.py:183} INFO - Processing /home/airflow/.local/lib/python3.12/site-packages/airflow/example_dags/example_skip_dag.py took 0.088 seconds
[2026-01-29T01:28:29.432+0000] {processor.py:161} INFO - Started process (PID=73057) to work on /home/airflow/.local/lib/python3.12/site-packages/airflow/example_dags/example_skip_dag.py
[2026-01-29T01:28:29.433+0000] {processor.py:830} INFO - Processing file /home/airflow/.local/lib/python3.12/site-packages/airflow/example_dags/example_skip_dag.py for tasks to queue
[2026-01-29T01:28:29.435+0000] {logging_mixin.py:188} INFO - [2026-01-29T01:28:29.435+0000] {dagbag.py:545} INFO - Filling up the DagBag from /home/airflow/.local/lib/python3.12/site-packages/airflow/example_dags/example_skip_dag.py
[2026-01-29T01:28:29.442+0000] {processor.py:840} INFO - DAG(s) 'example_skip_dag' retrieved from /home/airflow/.local/lib/python3.12/site-packages/airflow/example_dags/example_skip_dag.py
[2026-01-29T01:28:29.464+0000] {logging_mixin.py:188} INFO - [2026-01-29T01:28:29.463+0000] {dag.py:3089} INFO - Sync 1 DAGs
[2026-01-29T01:28:29.493+0000] {logging_mixin.py:188} INFO - [2026-01-29T01:28:29.492+0000] {dag.py:3947} INFO - Setting next_dagrun for example_skip_dag to 2026-01-28 00:00:00+00:00, run_after=2026-01-29 00:00:00+00:00
[2026-01-29T01:28:29.513+0000] {processor.py:183} INFO - Processing /home/airflow/.local/lib/python3.12/site-packages/airflow/example_dags/example_skip_dag.py took 0.088 seconds
[2026-01-29T01:28:59.660+0000] {processor.py:161} INFO - Started process (PID=73116) to work on /home/airflow/.local/lib/python3.12/site-packages/airflow/example_dags/example_skip_dag.py
[2026-01-29T01:28:59.661+0000] {processor.py:830} INFO - Processing file /home/airflow/.local/lib/python3.12/site-packages/airflow/example_dags/example_skip_dag.py for tasks to queue
[2026-01-29T01:28:59.663+0000] {logging_mixin.py:188} INFO - [2026-01-29T01:28:59.663+0000] {dagbag.py:545} INFO - Filling up the DagBag from /home/airflow/.local/lib/python3.12/site-packages/airflow/example_dags/example_skip_dag.py
[2026-01-29T01:28:59.671+0000] {processor.py:840} INFO - DAG(s) 'example_skip_dag' retrieved from /home/airflow/.local/lib/python3.12/site-packages/airflow/example_dags/example_skip_dag.py
[2026-01-29T01:28:59.694+0000] {logging_mixin.py:188} INFO - [2026-01-29T01:28:59.694+0000] {dag.py:3089} INFO - Sync 1 DAGs
[2026-01-29T01:28:59.718+0000] {logging_mixin.py:188} INFO - [2026-01-29T01:28:59.718+0000] {dag.py:3947} INFO - Setting next_dagrun for example_skip_dag to 2026-01-28 00:00:00+00:00, run_after=2026-01-29 00:00:00+00:00
[2026-01-29T01:28:59.739+0000] {processor.py:183} INFO - Processing /home/airflow/.local/lib/python3.12/site-packages/airflow/example_dags/example_skip_dag.py took 0.087 seconds
[2026-01-29T01:29:29.908+0000] {processor.py:161} INFO - Started process (PID=73180) to work on /home/airflow/.local/lib/python3.12/site-packages/airflow/example_dags/example_skip_dag.py
[2026-01-29T01:29:29.909+0000] {processor.py:830} INFO - Processing file /home/airflow/.local/lib/python3.12/site-packages/airflow/example_dags/example_skip_dag.py for tasks to queue
[2026-01-29T01:29:29.911+0000] {logging_mixin.py:188} INFO - [2026-01-29T01:29:29.911+0000] {dagbag.py:545} INFO - Filling up the DagBag from /home/airflow/.local/lib/python3.12/site-packages/airflow/example_dags/example_skip_dag.py
[2026-01-29T01:29:29.919+0000] {processor.py:840} INFO - DAG(s) 'example_skip_dag' retrieved from /home/airflow/.local/lib/python3.12/site-packages/airflow/example_dags/example_skip_dag.py
[2026-01-29T01:29:29.941+0000] {logging_mixin.py:188} INFO - [2026-01-29T01:29:29.941+0000] {dag.py:3089} INFO - Sync 1 DAGs
[2026-01-29T01:29:29.965+0000] {logging_mixin.py:188} INFO - [2026-01-29T01:29:29.965+0000] {dag.py:3947} INFO - Setting next_dagrun for example_skip_dag to 2026-01-28 00:00:00+00:00, run_after=2026-01-29 00:00:00+00:00
[2026-01-29T01:29:29.985+0000] {processor.py:183} INFO - Processing /home/airflow/.local/lib/python3.12/site-packages/airflow/example_dags/example_skip_dag.py took 0.085 seconds
[2026-01-29T01:30:00.132+0000] {processor.py:161} INFO - Started process (PID=73239) to work on /home/airflow/.local/lib/python3.12/site-packages/airflow/example_dags/example_skip_dag.py
[2026-01-29T01:30:00.133+0000] {processor.py:830} INFO - Processing file /home/airflow/.local/lib/python3.12/site-packages/airflow/example_dags/example_skip_dag.py for tasks to queue
[2026-01-29T01:30:00.135+0000] {logging_mixin.py:188} INFO - [2026-01-29T01:30:00.135+0000] {dagbag.py:545} INFO - Filling up the DagBag from /home/airflow/.local/lib/python3.12/site-packages/airflow/example_dags/example_skip_dag.py
[2026-01-29T01:30:00.141+0000] {processor.py:840} INFO - DAG(s) 'example_skip_dag' retrieved from /home/airflow/.local/lib/python3.12/site-packages/airflow/example_dags/example_skip_dag.py
[2026-01-29T01:30:00.164+0000] {logging_mixin.py:188} INFO - [2026-01-29T01:30:00.164+0000] {dag.py:3089} INFO - Sync 1 DAGs
[2026-01-29T01:30:00.188+0000] {logging_mixin.py:188} INFO - [2026-01-29T01:30:00.187+0000] {dag.py:3947} INFO - Setting next_dagrun for example_skip_dag to 2026-01-28 00:00:00+00:00, run_after=2026-01-29 00:00:00+00:00
[2026-01-29T01:30:00.206+0000] {processor.py:183} INFO - Processing /home/airflow/.local/lib/python3.12/site-packages/airflow/example_dags/example_skip_dag.py took 0.081 seconds
[2026-01-29T01:30:30.366+0000] {processor.py:161} INFO - Started process (PID=73304) to work on /home/airflow/.local/lib/python3.12/site-packages/airflow/example_dags/example_skip_dag.py
[2026-01-29T01:30:30.367+0000] {processor.py:830} INFO - Processing file /home/airflow/.local/lib/python3.12/site-packages/airflow/example_dags/example_skip_dag.py for tasks to queue
[2026-01-29T01:30:30.369+0000] {logging_mixin.py:188} INFO - [2026-01-29T01:30:30.369+0000] {dagbag.py:545} INFO - Filling up the DagBag from /home/airflow/.local/lib/python3.12/site-packages/airflow/example_dags/example_skip_dag.py
[2026-01-29T01:30:30.375+0000] {processor.py:840} INFO - DAG(s) 'example_skip_dag' retrieved from /home/airflow/.local/lib/python3.12/site-packages/airflow/example_dags/example_skip_dag.py
[2026-01-29T01:30:30.398+0000] {logging_mixin.py:188} INFO - [2026-01-29T01:30:30.398+0000] {dag.py:3089} INFO - Sync 1 DAGs
[2026-01-29T01:30:30.423+0000] {logging_mixin.py:188} INFO - [2026-01-29T01:30:30.423+0000] {dag.py:3947} INFO - Setting next_dagrun for example_skip_dag to 2026-01-28 00:00:00+00:00, run_after=2026-01-29 00:00:00+00:00
[2026-01-29T01:30:30.444+0000] {processor.py:183} INFO - Processing /home/airflow/.local/lib/python3.12/site-packages/airflow/example_dags/example_skip_dag.py took 0.085 seconds
[2026-01-29T01:31:00.541+0000] {processor.py:161} INFO - Started process (PID=73363) to work on /home/airflow/.local/lib/python3.12/site-packages/airflow/example_dags/example_skip_dag.py
[2026-01-29T01:31:00.542+0000] {processor.py:830} INFO - Processing file /home/airflow/.local/lib/python3.12/site-packages/airflow/example_dags/example_skip_dag.py for tasks to queue
[2026-01-29T01:31:00.544+0000] {logging_mixin.py:188} INFO - [2026-01-29T01:31:00.544+0000] {dagbag.py:545} INFO - Filling up the DagBag from /home/airflow/.local/lib/python3.12/site-packages/airflow/example_dags/example_skip_dag.py
[2026-01-29T01:31:00.551+0000] {processor.py:840} INFO - DAG(s) 'example_skip_dag' retrieved from /home/airflow/.local/lib/python3.12/site-packages/airflow/example_dags/example_skip_dag.py
[2026-01-29T01:31:00.574+0000] {logging_mixin.py:188} INFO - [2026-01-29T01:31:00.574+0000] {dag.py:3089} INFO - Sync 1 DAGs
[2026-01-29T01:31:00.600+0000] {logging_mixin.py:188} INFO - [2026-01-29T01:31:00.600+0000] {dag.py:3947} INFO - Setting next_dagrun for example_skip_dag to 2026-01-28 00:00:00+00:00, run_after=2026-01-29 00:00:00+00:00
[2026-01-29T01:31:00.624+0000] {processor.py:183} INFO - Processing /home/airflow/.local/lib/python3.12/site-packages/airflow/example_dags/example_skip_dag.py took 0.090 seconds
[2026-01-29T01:31:30.786+0000] {processor.py:161} INFO - Started process (PID=73427) to work on /home/airflow/.local/lib/python3.12/site-packages/airflow/example_dags/example_skip_dag.py
[2026-01-29T01:31:30.787+0000] {processor.py:830} INFO - Processing file /home/airflow/.local/lib/python3.12/site-packages/airflow/example_dags/example_skip_dag.py for tasks to queue
[2026-01-29T01:31:30.789+0000] {logging_mixin.py:188} INFO - [2026-01-29T01:31:30.789+0000] {dagbag.py:545} INFO - Filling up the DagBag from /home/airflow/.local/lib/python3.12/site-packages/airflow/example_dags/example_skip_dag.py
[2026-01-29T01:31:30.797+0000] {processor.py:840} INFO - DAG(s) 'example_skip_dag' retrieved from /home/airflow/.local/lib/python3.12/site-packages/airflow/example_dags/example_skip_dag.py
[2026-01-29T01:31:30.820+0000] {logging_mixin.py:188} INFO - [2026-01-29T01:31:30.820+0000] {dag.py:3089} INFO - Sync 1 DAGs
[2026-01-29T01:31:30.846+0000] {logging_mixin.py:188} INFO - [2026-01-29T01:31:30.846+0000] {dag.py:3947} INFO - Setting next_dagrun for example_skip_dag to 2026-01-28 00:00:00+00:00, run_after=2026-01-29 00:00:00+00:00
[2026-01-29T01:31:30.867+0000] {processor.py:183} INFO - Processing /home/airflow/.local/lib/python3.12/site-packages/airflow/example_dags/example_skip_dag.py took 0.088 seconds
[2026-01-29T01:32:01.012+0000] {processor.py:161} INFO - Started process (PID=73486) to work on /home/airflow/.local/lib/python3.12/site-packages/airflow/example_dags/example_skip_dag.py
[2026-01-29T01:32:01.013+0000] {processor.py:830} INFO - Processing file /home/airflow/.local/lib/python3.12/site-packages/airflow/example_dags/example_skip_dag.py for tasks to queue
[2026-01-29T01:32:01.016+0000] {logging_mixin.py:188} INFO - [2026-01-29T01:32:01.015+0000] {dagbag.py:545} INFO - Filling up the DagBag from /home/airflow/.local/lib/python3.12/site-packages/airflow/example_dags/example_skip_dag.py
[2026-01-29T01:32:01.023+0000] {processor.py:840} INFO - DAG(s) 'example_skip_dag' retrieved from /home/airflow/.local/lib/python3.12/site-packages/airflow/example_dags/example_skip_dag.py
[2026-01-29T01:32:01.049+0000] {logging_mixin.py:188} INFO - [2026-01-29T01:32:01.049+0000] {dag.py:3089} INFO - Sync 1 DAGs
[2026-01-29T01:32:01.078+0000] {logging_mixin.py:188} INFO - [2026-01-29T01:32:01.078+0000] {dag.py:3947} INFO - Setting next_dagrun for example_skip_dag to 2026-01-28 00:00:00+00:00, run_after=2026-01-29 00:00:00+00:00
[2026-01-29T01:32:01.099+0000] {processor.py:183} INFO - Processing /home/airflow/.local/lib/python3.12/site-packages/airflow/example_dags/example_skip_dag.py took 0.094 seconds
[2026-01-29T01:32:31.266+0000] {processor.py:161} INFO - Started process (PID=73550) to work on /home/airflow/.local/lib/python3.12/site-packages/airflow/example_dags/example_skip_dag.py
[2026-01-29T01:32:31.267+0000] {processor.py:830} INFO - Processing file /home/airflow/.local/lib/python3.12/site-packages/airflow/example_dags/example_skip_dag.py for tasks to queue
[2026-01-29T01:32:31.269+0000] {logging_mixin.py:188} INFO - [2026-01-29T01:32:31.269+0000] {dagbag.py:545} INFO - Filling up the DagBag from /home/airflow/.local/lib/python3.12/site-packages/airflow/example_dags/example_skip_dag.py
[2026-01-29T01:32:31.276+0000] {processor.py:840} INFO - DAG(s) 'example_skip_dag' retrieved from /home/airflow/.local/lib/python3.12/site-packages/airflow/example_dags/example_skip_dag.py
[2026-01-29T01:32:31.300+0000] {logging_mixin.py:188} INFO - [2026-01-29T01:32:31.300+0000] {dag.py:3089} INFO - Sync 1 DAGs
[2026-01-29T01:32:31.326+0000] {logging_mixin.py:188} INFO - [2026-01-29T01:32:31.326+0000] {dag.py:3947} INFO - Setting next_dagrun for example_skip_dag to 2026-01-28 00:00:00+00:00, run_after=2026-01-29 00:00:00+00:00
[2026-01-29T01:32:31.347+0000] {processor.py:183} INFO - Processing /home/airflow/.local/lib/python3.12/site-packages/airflow/example_dags/example_skip_dag.py took 0.089 seconds
[2026-01-29T01:33:01.642+0000] {processor.py:161} INFO - Started process (PID=73614) to work on /home/airflow/.local/lib/python3.12/site-packages/airflow/example_dags/example_skip_dag.py
[2026-01-29T01:33:01.643+0000] {processor.py:830} INFO - Processing file /home/airflow/.local/lib/python3.12/site-packages/airflow/example_dags/example_skip_dag.py for tasks to queue
[2026-01-29T01:33:01.646+0000] {logging_mixin.py:188} INFO - [2026-01-29T01:33:01.646+0000] {dagbag.py:545} INFO - Filling up the DagBag from /home/airflow/.local/lib/python3.12/site-packages/airflow/example_dags/example_skip_dag.py
[2026-01-29T01:33:01.656+0000] {processor.py:840} INFO - DAG(s) 'example_skip_dag' retrieved from /home/airflow/.local/lib/python3.12/site-packages/airflow/example_dags/example_skip_dag.py
[2026-01-29T01:33:01.682+0000] {logging_mixin.py:188} INFO - [2026-01-29T01:33:01.682+0000] {dag.py:3089} INFO - Sync 1 DAGs
[2026-01-29T01:33:01.719+0000] {logging_mixin.py:188} INFO - [2026-01-29T01:33:01.718+0000] {dag.py:3947} INFO - Setting next_dagrun for example_skip_dag to 2026-01-28 00:00:00+00:00, run_after=2026-01-29 00:00:00+00:00
[2026-01-29T01:33:01.745+0000] {processor.py:183} INFO - Processing /home/airflow/.local/lib/python3.12/site-packages/airflow/example_dags/example_skip_dag.py took 0.112 seconds
[2026-01-29T01:33:31.851+0000] {processor.py:161} INFO - Started process (PID=73673) to work on /home/airflow/.local/lib/python3.12/site-packages/airflow/example_dags/example_skip_dag.py
[2026-01-29T01:33:31.852+0000] {processor.py:830} INFO - Processing file /home/airflow/.local/lib/python3.12/site-packages/airflow/example_dags/example_skip_dag.py for tasks to queue
[2026-01-29T01:33:31.854+0000] {logging_mixin.py:188} INFO - [2026-01-29T01:33:31.854+0000] {dagbag.py:545} INFO - Filling up the DagBag from /home/airflow/.local/lib/python3.12/site-packages/airflow/example_dags/example_skip_dag.py
[2026-01-29T01:33:31.861+0000] {processor.py:840} INFO - DAG(s) 'example_skip_dag' retrieved from /home/airflow/.local/lib/python3.12/site-packages/airflow/example_dags/example_skip_dag.py
[2026-01-29T01:33:31.882+0000] {logging_mixin.py:188} INFO - [2026-01-29T01:33:31.881+0000] {dag.py:3089} INFO - Sync 1 DAGs
[2026-01-29T01:33:31.905+0000] {logging_mixin.py:188} INFO - [2026-01-29T01:33:31.905+0000] {dag.py:3947} INFO - Setting next_dagrun for example_skip_dag to 2026-01-28 00:00:00+00:00, run_after=2026-01-29 00:00:00+00:00
[2026-01-29T01:33:31.925+0000] {processor.py:183} INFO - Processing /home/airflow/.local/lib/python3.12/site-packages/airflow/example_dags/example_skip_dag.py took 0.081 seconds
[2026-01-29T01:34:02.047+0000] {processor.py:161} INFO - Started process (PID=73737) to work on /home/airflow/.local/lib/python3.12/site-packages/airflow/example_dags/example_skip_dag.py
[2026-01-29T01:34:02.048+0000] {processor.py:830} INFO - Processing file /home/airflow/.local/lib/python3.12/site-packages/airflow/example_dags/example_skip_dag.py for tasks to queue
[2026-01-29T01:34:02.051+0000] {logging_mixin.py:188} INFO - [2026-01-29T01:34:02.051+0000] {dagbag.py:545} INFO - Filling up the DagBag from /home/airflow/.local/lib/python3.12/site-packages/airflow/example_dags/example_skip_dag.py
[2026-01-29T01:34:02.060+0000] {processor.py:840} INFO - DAG(s) 'example_skip_dag' retrieved from /home/airflow/.local/lib/python3.12/site-packages/airflow/example_dags/example_skip_dag.py
[2026-01-29T01:34:02.084+0000] {logging_mixin.py:188} INFO - [2026-01-29T01:34:02.084+0000] {dag.py:3089} INFO - Sync 1 DAGs
[2026-01-29T01:34:02.120+0000] {logging_mixin.py:188} INFO - [2026-01-29T01:34:02.119+0000] {dag.py:3947} INFO - Setting next_dagrun for example_skip_dag to 2026-01-28 00:00:00+00:00, run_after=2026-01-29 00:00:00+00:00
[2026-01-29T01:34:02.146+0000] {processor.py:183} INFO - Processing /home/airflow/.local/lib/python3.12/site-packages/airflow/example_dags/example_skip_dag.py took 0.108 seconds
[2026-01-29T01:34:32.445+0000] {processor.py:161} INFO - Started process (PID=73796) to work on /home/airflow/.local/lib/python3.12/site-packages/airflow/example_dags/example_skip_dag.py
[2026-01-29T01:34:32.446+0000] {processor.py:830} INFO - Processing file /home/airflow/.local/lib/python3.12/site-packages/airflow/example_dags/example_skip_dag.py for tasks to queue
[2026-01-29T01:34:32.448+0000] {logging_mixin.py:188} INFO - [2026-01-29T01:34:32.448+0000] {dagbag.py:545} INFO - Filling up the DagBag from /home/airflow/.local/lib/python3.12/site-packages/airflow/example_dags/example_skip_dag.py
[2026-01-29T01:34:32.454+0000] {processor.py:840} INFO - DAG(s) 'example_skip_dag' retrieved from /home/airflow/.local/lib/python3.12/site-packages/airflow/example_dags/example_skip_dag.py
[2026-01-29T01:34:32.475+0000] {logging_mixin.py:188} INFO - [2026-01-29T01:34:32.475+0000] {dag.py:3089} INFO - Sync 1 DAGs
[2026-01-29T01:34:32.498+0000] {logging_mixin.py:188} INFO - [2026-01-29T01:34:32.498+0000] {dag.py:3947} INFO - Setting next_dagrun for example_skip_dag to 2026-01-28 00:00:00+00:00, run_after=2026-01-29 00:00:00+00:00
[2026-01-29T01:34:32.519+0000] {processor.py:183} INFO - Processing /home/airflow/.local/lib/python3.12/site-packages/airflow/example_dags/example_skip_dag.py took 0.080 seconds
[2026-01-29T01:35:03.199+0000] {processor.py:161} INFO - Started process (PID=73860) to work on /home/airflow/.local/lib/python3.12/site-packages/airflow/example_dags/example_skip_dag.py
[2026-01-29T01:35:03.200+0000] {processor.py:830} INFO - Processing file /home/airflow/.local/lib/python3.12/site-packages/airflow/example_dags/example_skip_dag.py for tasks to queue
[2026-01-29T01:35:03.202+0000] {logging_mixin.py:188} INFO - [2026-01-29T01:35:03.202+0000] {dagbag.py:545} INFO - Filling up the DagBag from /home/airflow/.local/lib/python3.12/site-packages/airflow/example_dags/example_skip_dag.py
[2026-01-29T01:35:03.209+0000] {processor.py:840} INFO - DAG(s) 'example_skip_dag' retrieved from /home/airflow/.local/lib/python3.12/site-packages/airflow/example_dags/example_skip_dag.py
[2026-01-29T01:35:03.235+0000] {logging_mixin.py:188} INFO - [2026-01-29T01:35:03.234+0000] {dag.py:3089} INFO - Sync 1 DAGs
[2026-01-29T01:35:03.268+0000] {logging_mixin.py:188} INFO - [2026-01-29T01:35:03.268+0000] {dag.py:3947} INFO - Setting next_dagrun for example_skip_dag to 2026-01-28 00:00:00+00:00, run_after=2026-01-29 00:00:00+00:00
[2026-01-29T01:35:03.288+0000] {processor.py:183} INFO - Processing /home/airflow/.local/lib/python3.12/site-packages/airflow/example_dags/example_skip_dag.py took 0.098 seconds
[2026-01-29T01:35:34.025+0000] {processor.py:161} INFO - Started process (PID=73925) to work on /home/airflow/.local/lib/python3.12/site-packages/airflow/example_dags/example_skip_dag.py
[2026-01-29T01:35:34.026+0000] {processor.py:830} INFO - Processing file /home/airflow/.local/lib/python3.12/site-packages/airflow/example_dags/example_skip_dag.py for tasks to queue
[2026-01-29T01:35:34.028+0000] {logging_mixin.py:188} INFO - [2026-01-29T01:35:34.028+0000] {dagbag.py:545} INFO - Filling up the DagBag from /home/airflow/.local/lib/python3.12/site-packages/airflow/example_dags/example_skip_dag.py
[2026-01-29T01:35:34.036+0000] {processor.py:840} INFO - DAG(s) 'example_skip_dag' retrieved from /home/airflow/.local/lib/python3.12/site-packages/airflow/example_dags/example_skip_dag.py
[2026-01-29T01:35:34.058+0000] {logging_mixin.py:188} INFO - [2026-01-29T01:35:34.058+0000] {dag.py:3089} INFO - Sync 1 DAGs
[2026-01-29T01:35:34.084+0000] {logging_mixin.py:188} INFO - [2026-01-29T01:35:34.084+0000] {dag.py:3947} INFO - Setting next_dagrun for example_skip_dag to 2026-01-28 00:00:00+00:00, run_after=2026-01-29 00:00:00+00:00
[2026-01-29T01:35:34.105+0000] {processor.py:183} INFO - Processing /home/airflow/.local/lib/python3.12/site-packages/airflow/example_dags/example_skip_dag.py took 0.087 seconds
[2026-01-29T01:36:04.271+0000] {processor.py:161} INFO - Started process (PID=73989) to work on /home/airflow/.local/lib/python3.12/site-packages/airflow/example_dags/example_skip_dag.py
[2026-01-29T01:36:04.273+0000] {processor.py:830} INFO - Processing file /home/airflow/.local/lib/python3.12/site-packages/airflow/example_dags/example_skip_dag.py for tasks to queue
[2026-01-29T01:36:04.274+0000] {logging_mixin.py:188} INFO - [2026-01-29T01:36:04.274+0000] {dagbag.py:545} INFO - Filling up the DagBag from /home/airflow/.local/lib/python3.12/site-packages/airflow/example_dags/example_skip_dag.py
[2026-01-29T01:36:04.282+0000] {processor.py:840} INFO - DAG(s) 'example_skip_dag' retrieved from /home/airflow/.local/lib/python3.12/site-packages/airflow/example_dags/example_skip_dag.py
[2026-01-29T01:36:04.306+0000] {logging_mixin.py:188} INFO - [2026-01-29T01:36:04.305+0000] {dag.py:3089} INFO - Sync 1 DAGs
[2026-01-29T01:36:04.334+0000] {logging_mixin.py:188} INFO - [2026-01-29T01:36:04.334+0000] {dag.py:3947} INFO - Setting next_dagrun for example_skip_dag to 2026-01-28 00:00:00+00:00, run_after=2026-01-29 00:00:00+00:00
[2026-01-29T01:36:04.354+0000] {processor.py:183} INFO - Processing /home/airflow/.local/lib/python3.12/site-packages/airflow/example_dags/example_skip_dag.py took 0.089 seconds
[2026-01-29T01:36:34.457+0000] {processor.py:161} INFO - Started process (PID=74048) to work on /home/airflow/.local/lib/python3.12/site-packages/airflow/example_dags/example_skip_dag.py
[2026-01-29T01:36:34.458+0000] {processor.py:830} INFO - Processing file /home/airflow/.local/lib/python3.12/site-packages/airflow/example_dags/example_skip_dag.py for tasks to queue
[2026-01-29T01:36:34.460+0000] {logging_mixin.py:188} INFO - [2026-01-29T01:36:34.460+0000] {dagbag.py:545} INFO - Filling up the DagBag from /home/airflow/.local/lib/python3.12/site-packages/airflow/example_dags/example_skip_dag.py
[2026-01-29T01:36:34.466+0000] {processor.py:840} INFO - DAG(s) 'example_skip_dag' retrieved from /home/airflow/.local/lib/python3.12/site-packages/airflow/example_dags/example_skip_dag.py
[2026-01-29T01:36:34.490+0000] {logging_mixin.py:188} INFO - [2026-01-29T01:36:34.490+0000] {dag.py:3089} INFO - Sync 1 DAGs
[2026-01-29T01:36:34.515+0000] {logging_mixin.py:188} INFO - [2026-01-29T01:36:34.515+0000] {dag.py:3947} INFO - Setting next_dagrun for example_skip_dag to 2026-01-28 00:00:00+00:00, run_after=2026-01-29 00:00:00+00:00
[2026-01-29T01:36:34.535+0000] {processor.py:183} INFO - Processing /home/airflow/.local/lib/python3.12/site-packages/airflow/example_dags/example_skip_dag.py took 0.084 seconds
[2026-01-29T01:37:04.781+0000] {processor.py:161} INFO - Started process (PID=74112) to work on /home/airflow/.local/lib/python3.12/site-packages/airflow/example_dags/example_skip_dag.py
[2026-01-29T01:37:04.782+0000] {processor.py:830} INFO - Processing file /home/airflow/.local/lib/python3.12/site-packages/airflow/example_dags/example_skip_dag.py for tasks to queue
[2026-01-29T01:37:04.784+0000] {logging_mixin.py:188} INFO - [2026-01-29T01:37:04.783+0000] {dagbag.py:545} INFO - Filling up the DagBag from /home/airflow/.local/lib/python3.12/site-packages/airflow/example_dags/example_skip_dag.py
[2026-01-29T01:37:04.790+0000] {processor.py:840} INFO - DAG(s) 'example_skip_dag' retrieved from /home/airflow/.local/lib/python3.12/site-packages/airflow/example_dags/example_skip_dag.py
[2026-01-29T01:37:04.812+0000] {logging_mixin.py:188} INFO - [2026-01-29T01:37:04.811+0000] {dag.py:3089} INFO - Sync 1 DAGs
[2026-01-29T01:37:04.836+0000] {logging_mixin.py:188} INFO - [2026-01-29T01:37:04.836+0000] {dag.py:3947} INFO - Setting next_dagrun for example_skip_dag to 2026-01-28 00:00:00+00:00, run_after=2026-01-29 00:00:00+00:00
[2026-01-29T01:37:04.856+0000] {processor.py:183} INFO - Processing /home/airflow/.local/lib/python3.12/site-packages/airflow/example_dags/example_skip_dag.py took 0.081 seconds
[2026-01-29T01:37:34.979+0000] {processor.py:161} INFO - Started process (PID=74171) to work on /home/airflow/.local/lib/python3.12/site-packages/airflow/example_dags/example_skip_dag.py
[2026-01-29T01:37:34.980+0000] {processor.py:830} INFO - Processing file /home/airflow/.local/lib/python3.12/site-packages/airflow/example_dags/example_skip_dag.py for tasks to queue
[2026-01-29T01:37:34.982+0000] {logging_mixin.py:188} INFO - [2026-01-29T01:37:34.981+0000] {dagbag.py:545} INFO - Filling up the DagBag from /home/airflow/.local/lib/python3.12/site-packages/airflow/example_dags/example_skip_dag.py
[2026-01-29T01:37:34.989+0000] {processor.py:840} INFO - DAG(s) 'example_skip_dag' retrieved from /home/airflow/.local/lib/python3.12/site-packages/airflow/example_dags/example_skip_dag.py
[2026-01-29T01:37:35.012+0000] {logging_mixin.py:188} INFO - [2026-01-29T01:37:35.012+0000] {dag.py:3089} INFO - Sync 1 DAGs
[2026-01-29T01:37:35.039+0000] {logging_mixin.py:188} INFO - [2026-01-29T01:37:35.039+0000] {dag.py:3947} INFO - Setting next_dagrun for example_skip_dag to 2026-01-28 00:00:00+00:00, run_after=2026-01-29 00:00:00+00:00
[2026-01-29T01:37:35.060+0000] {processor.py:183} INFO - Processing /home/airflow/.local/lib/python3.12/site-packages/airflow/example_dags/example_skip_dag.py took 0.089 seconds
[2026-01-29T01:38:05.312+0000] {processor.py:161} INFO - Started process (PID=74235) to work on /home/airflow/.local/lib/python3.12/site-packages/airflow/example_dags/example_skip_dag.py
[2026-01-29T01:38:05.313+0000] {processor.py:830} INFO - Processing file /home/airflow/.local/lib/python3.12/site-packages/airflow/example_dags/example_skip_dag.py for tasks to queue
[2026-01-29T01:38:05.315+0000] {logging_mixin.py:188} INFO - [2026-01-29T01:38:05.315+0000] {dagbag.py:545} INFO - Filling up the DagBag from /home/airflow/.local/lib/python3.12/site-packages/airflow/example_dags/example_skip_dag.py
[2026-01-29T01:38:05.323+0000] {processor.py:840} INFO - DAG(s) 'example_skip_dag' retrieved from /home/airflow/.local/lib/python3.12/site-packages/airflow/example_dags/example_skip_dag.py
[2026-01-29T01:38:05.344+0000] {logging_mixin.py:188} INFO - [2026-01-29T01:38:05.344+0000] {dag.py:3089} INFO - Sync 1 DAGs
[2026-01-29T01:38:05.366+0000] {logging_mixin.py:188} INFO - [2026-01-29T01:38:05.366+0000] {dag.py:3947} INFO - Setting next_dagrun for example_skip_dag to 2026-01-28 00:00:00+00:00, run_after=2026-01-29 00:00:00+00:00
[2026-01-29T01:38:05.386+0000] {processor.py:183} INFO - Processing /home/airflow/.local/lib/python3.12/site-packages/airflow/example_dags/example_skip_dag.py took 0.082 seconds
[2026-01-29T01:38:35.435+0000] {processor.py:161} INFO - Started process (PID=74294) to work on /home/airflow/.local/lib/python3.12/site-packages/airflow/example_dags/example_skip_dag.py
[2026-01-29T01:38:35.436+0000] {processor.py:830} INFO - Processing file /home/airflow/.local/lib/python3.12/site-packages/airflow/example_dags/example_skip_dag.py for tasks to queue
[2026-01-29T01:38:35.438+0000] {logging_mixin.py:188} INFO - [2026-01-29T01:38:35.438+0000] {dagbag.py:545} INFO - Filling up the DagBag from /home/airflow/.local/lib/python3.12/site-packages/airflow/example_dags/example_skip_dag.py
[2026-01-29T01:38:35.445+0000] {processor.py:840} INFO - DAG(s) 'example_skip_dag' retrieved from /home/airflow/.local/lib/python3.12/site-packages/airflow/example_dags/example_skip_dag.py
[2026-01-29T01:38:35.468+0000] {logging_mixin.py:188} INFO - [2026-01-29T01:38:35.468+0000] {dag.py:3089} INFO - Sync 1 DAGs
[2026-01-29T01:38:35.491+0000] {logging_mixin.py:188} INFO - [2026-01-29T01:38:35.491+0000] {dag.py:3947} INFO - Setting next_dagrun for example_skip_dag to 2026-01-28 00:00:00+00:00, run_after=2026-01-29 00:00:00+00:00
[2026-01-29T01:38:35.511+0000] {processor.py:183} INFO - Processing /home/airflow/.local/lib/python3.12/site-packages/airflow/example_dags/example_skip_dag.py took 0.083 seconds
[2026-01-29T01:39:06.329+0000] {processor.py:161} INFO - Started process (PID=74356) to work on /home/airflow/.local/lib/python3.12/site-packages/airflow/example_dags/example_skip_dag.py
[2026-01-29T01:39:06.330+0000] {processor.py:830} INFO - Processing file /home/airflow/.local/lib/python3.12/site-packages/airflow/example_dags/example_skip_dag.py for tasks to queue
[2026-01-29T01:39:06.332+0000] {logging_mixin.py:188} INFO - [2026-01-29T01:39:06.332+0000] {dagbag.py:545} INFO - Filling up the DagBag from /home/airflow/.local/lib/python3.12/site-packages/airflow/example_dags/example_skip_dag.py
[2026-01-29T01:39:06.340+0000] {processor.py:840} INFO - DAG(s) 'example_skip_dag' retrieved from /home/airflow/.local/lib/python3.12/site-packages/airflow/example_dags/example_skip_dag.py
[2026-01-29T01:39:06.360+0000] {logging_mixin.py:188} INFO - [2026-01-29T01:39:06.360+0000] {dag.py:3089} INFO - Sync 1 DAGs
[2026-01-29T01:39:06.383+0000] {logging_mixin.py:188} INFO - [2026-01-29T01:39:06.383+0000] {dag.py:3947} INFO - Setting next_dagrun for example_skip_dag to 2026-01-28 00:00:00+00:00, run_after=2026-01-29 00:00:00+00:00
[2026-01-29T01:39:06.403+0000] {processor.py:183} INFO - Processing /home/airflow/.local/lib/python3.12/site-packages/airflow/example_dags/example_skip_dag.py took 0.081 seconds
[2026-01-29T01:39:36.920+0000] {processor.py:161} INFO - Started process (PID=74415) to work on /home/airflow/.local/lib/python3.12/site-packages/airflow/example_dags/example_skip_dag.py
[2026-01-29T01:39:36.921+0000] {processor.py:830} INFO - Processing file /home/airflow/.local/lib/python3.12/site-packages/airflow/example_dags/example_skip_dag.py for tasks to queue
[2026-01-29T01:39:36.923+0000] {logging_mixin.py:188} INFO - [2026-01-29T01:39:36.923+0000] {dagbag.py:545} INFO - Filling up the DagBag from /home/airflow/.local/lib/python3.12/site-packages/airflow/example_dags/example_skip_dag.py
[2026-01-29T01:39:36.930+0000] {processor.py:840} INFO - DAG(s) 'example_skip_dag' retrieved from /home/airflow/.local/lib/python3.12/site-packages/airflow/example_dags/example_skip_dag.py
[2026-01-29T01:39:36.953+0000] {logging_mixin.py:188} INFO - [2026-01-29T01:39:36.952+0000] {dag.py:3089} INFO - Sync 1 DAGs
[2026-01-29T01:39:36.978+0000] {logging_mixin.py:188} INFO - [2026-01-29T01:39:36.977+0000] {dag.py:3947} INFO - Setting next_dagrun for example_skip_dag to 2026-01-28 00:00:00+00:00, run_after=2026-01-29 00:00:00+00:00
[2026-01-29T01:39:36.998+0000] {processor.py:183} INFO - Processing /home/airflow/.local/lib/python3.12/site-packages/airflow/example_dags/example_skip_dag.py took 0.085 seconds
[2026-01-29T01:40:07.835+0000] {processor.py:161} INFO - Started process (PID=74479) to work on /home/airflow/.local/lib/python3.12/site-packages/airflow/example_dags/example_skip_dag.py
[2026-01-29T01:40:07.836+0000] {processor.py:830} INFO - Processing file /home/airflow/.local/lib/python3.12/site-packages/airflow/example_dags/example_skip_dag.py for tasks to queue
[2026-01-29T01:40:07.838+0000] {logging_mixin.py:188} INFO - [2026-01-29T01:40:07.838+0000] {dagbag.py:545} INFO - Filling up the DagBag from /home/airflow/.local/lib/python3.12/site-packages/airflow/example_dags/example_skip_dag.py
[2026-01-29T01:40:07.845+0000] {processor.py:840} INFO - DAG(s) 'example_skip_dag' retrieved from /home/airflow/.local/lib/python3.12/site-packages/airflow/example_dags/example_skip_dag.py
[2026-01-29T01:40:07.870+0000] {logging_mixin.py:188} INFO - [2026-01-29T01:40:07.870+0000] {dag.py:3089} INFO - Sync 1 DAGs
[2026-01-29T01:40:07.898+0000] {logging_mixin.py:188} INFO - [2026-01-29T01:40:07.897+0000] {dag.py:3947} INFO - Setting next_dagrun for example_skip_dag to 2026-01-28 00:00:00+00:00, run_after=2026-01-29 00:00:00+00:00
[2026-01-29T01:40:07.918+0000] {processor.py:183} INFO - Processing /home/airflow/.local/lib/python3.12/site-packages/airflow/example_dags/example_skip_dag.py took 0.090 seconds
[2026-01-29T01:40:37.996+0000] {processor.py:161} INFO - Started process (PID=74538) to work on /home/airflow/.local/lib/python3.12/site-packages/airflow/example_dags/example_skip_dag.py
[2026-01-29T01:40:37.997+0000] {processor.py:830} INFO - Processing file /home/airflow/.local/lib/python3.12/site-packages/airflow/example_dags/example_skip_dag.py for tasks to queue
[2026-01-29T01:40:37.998+0000] {logging_mixin.py:188} INFO - [2026-01-29T01:40:37.998+0000] {dagbag.py:545} INFO - Filling up the DagBag from /home/airflow/.local/lib/python3.12/site-packages/airflow/example_dags/example_skip_dag.py
[2026-01-29T01:40:38.005+0000] {processor.py:840} INFO - DAG(s) 'example_skip_dag' retrieved from /home/airflow/.local/lib/python3.12/site-packages/airflow/example_dags/example_skip_dag.py
[2026-01-29T01:40:38.025+0000] {logging_mixin.py:188} INFO - [2026-01-29T01:40:38.024+0000] {dag.py:3089} INFO - Sync 1 DAGs
[2026-01-29T01:40:38.047+0000] {logging_mixin.py:188} INFO - [2026-01-29T01:40:38.047+0000] {dag.py:3947} INFO - Setting next_dagrun for example_skip_dag to 2026-01-28 00:00:00+00:00, run_after=2026-01-29 00:00:00+00:00
[2026-01-29T01:40:38.066+0000] {processor.py:183} INFO - Processing /home/airflow/.local/lib/python3.12/site-packages/airflow/example_dags/example_skip_dag.py took 0.076 seconds
[2026-01-29T01:41:08.655+0000] {processor.py:161} INFO - Started process (PID=74602) to work on /home/airflow/.local/lib/python3.12/site-packages/airflow/example_dags/example_skip_dag.py
[2026-01-29T01:41:08.656+0000] {processor.py:830} INFO - Processing file /home/airflow/.local/lib/python3.12/site-packages/airflow/example_dags/example_skip_dag.py for tasks to queue
[2026-01-29T01:41:08.658+0000] {logging_mixin.py:188} INFO - [2026-01-29T01:41:08.658+0000] {dagbag.py:545} INFO - Filling up the DagBag from /home/airflow/.local/lib/python3.12/site-packages/airflow/example_dags/example_skip_dag.py
[2026-01-29T01:41:08.665+0000] {processor.py:840} INFO - DAG(s) 'example_skip_dag' retrieved from /home/airflow/.local/lib/python3.12/site-packages/airflow/example_dags/example_skip_dag.py
[2026-01-29T01:41:08.685+0000] {logging_mixin.py:188} INFO - [2026-01-29T01:41:08.685+0000] {dag.py:3089} INFO - Sync 1 DAGs
[2026-01-29T01:41:08.708+0000] {logging_mixin.py:188} INFO - [2026-01-29T01:41:08.708+0000] {dag.py:3947} INFO - Setting next_dagrun for example_skip_dag to 2026-01-28 00:00:00+00:00, run_after=2026-01-29 00:00:00+00:00
[2026-01-29T01:41:08.727+0000] {processor.py:183} INFO - Processing /home/airflow/.local/lib/python3.12/site-packages/airflow/example_dags/example_skip_dag.py took 0.078 seconds
[2026-01-29T01:41:39.509+0000] {processor.py:161} INFO - Started process (PID=74661) to work on /home/airflow/.local/lib/python3.12/site-packages/airflow/example_dags/example_skip_dag.py
[2026-01-29T01:41:39.510+0000] {processor.py:830} INFO - Processing file /home/airflow/.local/lib/python3.12/site-packages/airflow/example_dags/example_skip_dag.py for tasks to queue
[2026-01-29T01:41:39.512+0000] {logging_mixin.py:188} INFO - [2026-01-29T01:41:39.512+0000] {dagbag.py:545} INFO - Filling up the DagBag from /home/airflow/.local/lib/python3.12/site-packages/airflow/example_dags/example_skip_dag.py
[2026-01-29T01:41:39.520+0000] {processor.py:840} INFO - DAG(s) 'example_skip_dag' retrieved from /home/airflow/.local/lib/python3.12/site-packages/airflow/example_dags/example_skip_dag.py
[2026-01-29T01:41:39.540+0000] {logging_mixin.py:188} INFO - [2026-01-29T01:41:39.540+0000] {dag.py:3089} INFO - Sync 1 DAGs
[2026-01-29T01:41:39.563+0000] {logging_mixin.py:188} INFO - [2026-01-29T01:41:39.562+0000] {dag.py:3947} INFO - Setting next_dagrun for example_skip_dag to 2026-01-28 00:00:00+00:00, run_after=2026-01-29 00:00:00+00:00
[2026-01-29T01:41:39.581+0000] {processor.py:183} INFO - Processing /home/airflow/.local/lib/python3.12/site-packages/airflow/example_dags/example_skip_dag.py took 0.079 seconds
[2026-01-29T01:42:10.214+0000] {processor.py:161} INFO - Started process (PID=74725) to work on /home/airflow/.local/lib/python3.12/site-packages/airflow/example_dags/example_skip_dag.py
[2026-01-29T01:42:10.215+0000] {processor.py:830} INFO - Processing file /home/airflow/.local/lib/python3.12/site-packages/airflow/example_dags/example_skip_dag.py for tasks to queue
[2026-01-29T01:42:10.217+0000] {logging_mixin.py:188} INFO - [2026-01-29T01:42:10.216+0000] {dagbag.py:545} INFO - Filling up the DagBag from /home/airflow/.local/lib/python3.12/site-packages/airflow/example_dags/example_skip_dag.py
[2026-01-29T01:42:10.224+0000] {processor.py:840} INFO - DAG(s) 'example_skip_dag' retrieved from /home/airflow/.local/lib/python3.12/site-packages/airflow/example_dags/example_skip_dag.py
[2026-01-29T01:42:10.246+0000] {logging_mixin.py:188} INFO - [2026-01-29T01:42:10.246+0000] {dag.py:3089} INFO - Sync 1 DAGs
[2026-01-29T01:42:10.271+0000] {logging_mixin.py:188} INFO - [2026-01-29T01:42:10.271+0000] {dag.py:3947} INFO - Setting next_dagrun for example_skip_dag to 2026-01-28 00:00:00+00:00, run_after=2026-01-29 00:00:00+00:00
[2026-01-29T01:42:10.292+0000] {processor.py:183} INFO - Processing /home/airflow/.local/lib/python3.12/site-packages/airflow/example_dags/example_skip_dag.py took 0.085 seconds
[2026-01-29T01:42:40.986+0000] {processor.py:161} INFO - Started process (PID=74784) to work on /home/airflow/.local/lib/python3.12/site-packages/airflow/example_dags/example_skip_dag.py
[2026-01-29T01:42:40.987+0000] {processor.py:830} INFO - Processing file /home/airflow/.local/lib/python3.12/site-packages/airflow/example_dags/example_skip_dag.py for tasks to queue
[2026-01-29T01:42:40.989+0000] {logging_mixin.py:188} INFO - [2026-01-29T01:42:40.989+0000] {dagbag.py:545} INFO - Filling up the DagBag from /home/airflow/.local/lib/python3.12/site-packages/airflow/example_dags/example_skip_dag.py
[2026-01-29T01:42:40.997+0000] {processor.py:840} INFO - DAG(s) 'example_skip_dag' retrieved from /home/airflow/.local/lib/python3.12/site-packages/airflow/example_dags/example_skip_dag.py
[2026-01-29T01:42:41.018+0000] {logging_mixin.py:188} INFO - [2026-01-29T01:42:41.018+0000] {dag.py:3089} INFO - Sync 1 DAGs
[2026-01-29T01:42:41.041+0000] {logging_mixin.py:188} INFO - [2026-01-29T01:42:41.040+0000] {dag.py:3947} INFO - Setting next_dagrun for example_skip_dag to 2026-01-28 00:00:00+00:00, run_after=2026-01-29 00:00:00+00:00
[2026-01-29T01:42:41.060+0000] {processor.py:183} INFO - Processing /home/airflow/.local/lib/python3.12/site-packages/airflow/example_dags/example_skip_dag.py took 0.082 seconds
[2026-01-29T01:43:11.784+0000] {processor.py:161} INFO - Started process (PID=74848) to work on /home/airflow/.local/lib/python3.12/site-packages/airflow/example_dags/example_skip_dag.py
[2026-01-29T01:43:11.786+0000] {processor.py:830} INFO - Processing file /home/airflow/.local/lib/python3.12/site-packages/airflow/example_dags/example_skip_dag.py for tasks to queue
[2026-01-29T01:43:11.787+0000] {logging_mixin.py:188} INFO - [2026-01-29T01:43:11.787+0000] {dagbag.py:545} INFO - Filling up the DagBag from /home/airflow/.local/lib/python3.12/site-packages/airflow/example_dags/example_skip_dag.py
[2026-01-29T01:43:11.795+0000] {processor.py:840} INFO - DAG(s) 'example_skip_dag' retrieved from /home/airflow/.local/lib/python3.12/site-packages/airflow/example_dags/example_skip_dag.py
[2026-01-29T01:43:11.817+0000] {logging_mixin.py:188} INFO - [2026-01-29T01:43:11.817+0000] {dag.py:3089} INFO - Sync 1 DAGs
[2026-01-29T01:43:11.840+0000] {logging_mixin.py:188} INFO - [2026-01-29T01:43:11.840+0000] {dag.py:3947} INFO - Setting next_dagrun for example_skip_dag to 2026-01-28 00:00:00+00:00, run_after=2026-01-29 00:00:00+00:00
[2026-01-29T01:43:11.860+0000] {processor.py:183} INFO - Processing /home/airflow/.local/lib/python3.12/site-packages/airflow/example_dags/example_skip_dag.py took 0.083 seconds
[2026-01-29T01:43:42.536+0000] {processor.py:161} INFO - Started process (PID=74907) to work on /home/airflow/.local/lib/python3.12/site-packages/airflow/example_dags/example_skip_dag.py
[2026-01-29T01:43:42.537+0000] {processor.py:830} INFO - Processing file /home/airflow/.local/lib/python3.12/site-packages/airflow/example_dags/example_skip_dag.py for tasks to queue
[2026-01-29T01:43:42.539+0000] {logging_mixin.py:188} INFO - [2026-01-29T01:43:42.539+0000] {dagbag.py:545} INFO - Filling up the DagBag from /home/airflow/.local/lib/python3.12/site-packages/airflow/example_dags/example_skip_dag.py
[2026-01-29T01:43:42.547+0000] {processor.py:840} INFO - DAG(s) 'example_skip_dag' retrieved from /home/airflow/.local/lib/python3.12/site-packages/airflow/example_dags/example_skip_dag.py
[2026-01-29T01:43:42.569+0000] {logging_mixin.py:188} INFO - [2026-01-29T01:43:42.569+0000] {dag.py:3089} INFO - Sync 1 DAGs
[2026-01-29T01:43:42.593+0000] {logging_mixin.py:188} INFO - [2026-01-29T01:43:42.593+0000] {dag.py:3947} INFO - Setting next_dagrun for example_skip_dag to 2026-01-28 00:00:00+00:00, run_after=2026-01-29 00:00:00+00:00
[2026-01-29T01:43:42.613+0000] {processor.py:183} INFO - Processing /home/airflow/.local/lib/python3.12/site-packages/airflow/example_dags/example_skip_dag.py took 0.084 seconds
[2026-01-29T01:44:13.319+0000] {processor.py:161} INFO - Started process (PID=74971) to work on /home/airflow/.local/lib/python3.12/site-packages/airflow/example_dags/example_skip_dag.py
[2026-01-29T01:44:13.321+0000] {processor.py:830} INFO - Processing file /home/airflow/.local/lib/python3.12/site-packages/airflow/example_dags/example_skip_dag.py for tasks to queue
[2026-01-29T01:44:13.322+0000] {logging_mixin.py:188} INFO - [2026-01-29T01:44:13.322+0000] {dagbag.py:545} INFO - Filling up the DagBag from /home/airflow/.local/lib/python3.12/site-packages/airflow/example_dags/example_skip_dag.py
[2026-01-29T01:44:13.330+0000] {processor.py:840} INFO - DAG(s) 'example_skip_dag' retrieved from /home/airflow/.local/lib/python3.12/site-packages/airflow/example_dags/example_skip_dag.py
[2026-01-29T01:44:13.352+0000] {logging_mixin.py:188} INFO - [2026-01-29T01:44:13.351+0000] {dag.py:3089} INFO - Sync 1 DAGs
[2026-01-29T01:44:13.381+0000] {logging_mixin.py:188} INFO - [2026-01-29T01:44:13.380+0000] {dag.py:3947} INFO - Setting next_dagrun for example_skip_dag to 2026-01-28 00:00:00+00:00, run_after=2026-01-29 00:00:00+00:00
[2026-01-29T01:44:13.406+0000] {processor.py:183} INFO - Processing /home/airflow/.local/lib/python3.12/site-packages/airflow/example_dags/example_skip_dag.py took 0.094 seconds
[2026-01-29T01:44:43.976+0000] {processor.py:161} INFO - Started process (PID=75030) to work on /home/airflow/.local/lib/python3.12/site-packages/airflow/example_dags/example_skip_dag.py
[2026-01-29T01:44:43.976+0000] {processor.py:830} INFO - Processing file /home/airflow/.local/lib/python3.12/site-packages/airflow/example_dags/example_skip_dag.py for tasks to queue
[2026-01-29T01:44:43.978+0000] {logging_mixin.py:188} INFO - [2026-01-29T01:44:43.978+0000] {dagbag.py:545} INFO - Filling up the DagBag from /home/airflow/.local/lib/python3.12/site-packages/airflow/example_dags/example_skip_dag.py
[2026-01-29T01:44:43.984+0000] {processor.py:840} INFO - DAG(s) 'example_skip_dag' retrieved from /home/airflow/.local/lib/python3.12/site-packages/airflow/example_dags/example_skip_dag.py
[2026-01-29T01:44:44.007+0000] {logging_mixin.py:188} INFO - [2026-01-29T01:44:44.007+0000] {dag.py:3089} INFO - Sync 1 DAGs
[2026-01-29T01:44:44.030+0000] {logging_mixin.py:188} INFO - [2026-01-29T01:44:44.030+0000] {dag.py:3947} INFO - Setting next_dagrun for example_skip_dag to 2026-01-28 00:00:00+00:00, run_after=2026-01-29 00:00:00+00:00
[2026-01-29T01:44:44.051+0000] {processor.py:183} INFO - Processing /home/airflow/.local/lib/python3.12/site-packages/airflow/example_dags/example_skip_dag.py took 0.082 seconds
[2026-01-29T01:45:14.800+0000] {processor.py:161} INFO - Started process (PID=75094) to work on /home/airflow/.local/lib/python3.12/site-packages/airflow/example_dags/example_skip_dag.py
[2026-01-29T01:45:14.801+0000] {processor.py:830} INFO - Processing file /home/airflow/.local/lib/python3.12/site-packages/airflow/example_dags/example_skip_dag.py for tasks to queue
[2026-01-29T01:45:14.803+0000] {logging_mixin.py:188} INFO - [2026-01-29T01:45:14.803+0000] {dagbag.py:545} INFO - Filling up the DagBag from /home/airflow/.local/lib/python3.12/site-packages/airflow/example_dags/example_skip_dag.py
[2026-01-29T01:45:14.811+0000] {processor.py:840} INFO - DAG(s) 'example_skip_dag' retrieved from /home/airflow/.local/lib/python3.12/site-packages/airflow/example_dags/example_skip_dag.py
[2026-01-29T01:45:14.831+0000] {logging_mixin.py:188} INFO - [2026-01-29T01:45:14.831+0000] {dag.py:3089} INFO - Sync 1 DAGs
[2026-01-29T01:45:14.853+0000] {logging_mixin.py:188} INFO - [2026-01-29T01:45:14.853+0000] {dag.py:3947} INFO - Setting next_dagrun for example_skip_dag to 2026-01-28 00:00:00+00:00, run_after=2026-01-29 00:00:00+00:00
[2026-01-29T01:45:14.872+0000] {processor.py:183} INFO - Processing /home/airflow/.local/lib/python3.12/site-packages/airflow/example_dags/example_skip_dag.py took 0.080 seconds
[2026-01-29T01:45:45.516+0000] {processor.py:161} INFO - Started process (PID=75153) to work on /home/airflow/.local/lib/python3.12/site-packages/airflow/example_dags/example_skip_dag.py
[2026-01-29T01:45:45.517+0000] {processor.py:830} INFO - Processing file /home/airflow/.local/lib/python3.12/site-packages/airflow/example_dags/example_skip_dag.py for tasks to queue
[2026-01-29T01:45:45.519+0000] {logging_mixin.py:188} INFO - [2026-01-29T01:45:45.518+0000] {dagbag.py:545} INFO - Filling up the DagBag from /home/airflow/.local/lib/python3.12/site-packages/airflow/example_dags/example_skip_dag.py
[2026-01-29T01:45:45.526+0000] {processor.py:840} INFO - DAG(s) 'example_skip_dag' retrieved from /home/airflow/.local/lib/python3.12/site-packages/airflow/example_dags/example_skip_dag.py
[2026-01-29T01:45:45.549+0000] {logging_mixin.py:188} INFO - [2026-01-29T01:45:45.548+0000] {dag.py:3089} INFO - Sync 1 DAGs
[2026-01-29T01:45:45.574+0000] {logging_mixin.py:188} INFO - [2026-01-29T01:45:45.574+0000] {dag.py:3947} INFO - Setting next_dagrun for example_skip_dag to 2026-01-28 00:00:00+00:00, run_after=2026-01-29 00:00:00+00:00
[2026-01-29T01:45:45.595+0000] {processor.py:183} INFO - Processing /home/airflow/.local/lib/python3.12/site-packages/airflow/example_dags/example_skip_dag.py took 0.086 seconds
[2026-01-29T01:46:16.271+0000] {processor.py:161} INFO - Started process (PID=75217) to work on /home/airflow/.local/lib/python3.12/site-packages/airflow/example_dags/example_skip_dag.py
[2026-01-29T01:46:16.272+0000] {processor.py:830} INFO - Processing file /home/airflow/.local/lib/python3.12/site-packages/airflow/example_dags/example_skip_dag.py for tasks to queue
[2026-01-29T01:46:16.274+0000] {logging_mixin.py:188} INFO - [2026-01-29T01:46:16.274+0000] {dagbag.py:545} INFO - Filling up the DagBag from /home/airflow/.local/lib/python3.12/site-packages/airflow/example_dags/example_skip_dag.py
[2026-01-29T01:46:16.281+0000] {processor.py:840} INFO - DAG(s) 'example_skip_dag' retrieved from /home/airflow/.local/lib/python3.12/site-packages/airflow/example_dags/example_skip_dag.py
[2026-01-29T01:46:16.302+0000] {logging_mixin.py:188} INFO - [2026-01-29T01:46:16.302+0000] {dag.py:3089} INFO - Sync 1 DAGs
[2026-01-29T01:46:16.325+0000] {logging_mixin.py:188} INFO - [2026-01-29T01:46:16.325+0000] {dag.py:3947} INFO - Setting next_dagrun for example_skip_dag to 2026-01-28 00:00:00+00:00, run_after=2026-01-29 00:00:00+00:00
[2026-01-29T01:46:16.345+0000] {processor.py:183} INFO - Processing /home/airflow/.local/lib/python3.12/site-packages/airflow/example_dags/example_skip_dag.py took 0.081 seconds
[2026-01-29T01:46:47.044+0000] {processor.py:161} INFO - Started process (PID=75276) to work on /home/airflow/.local/lib/python3.12/site-packages/airflow/example_dags/example_skip_dag.py
[2026-01-29T01:46:47.045+0000] {processor.py:830} INFO - Processing file /home/airflow/.local/lib/python3.12/site-packages/airflow/example_dags/example_skip_dag.py for tasks to queue
[2026-01-29T01:46:47.047+0000] {logging_mixin.py:188} INFO - [2026-01-29T01:46:47.046+0000] {dagbag.py:545} INFO - Filling up the DagBag from /home/airflow/.local/lib/python3.12/site-packages/airflow/example_dags/example_skip_dag.py
[2026-01-29T01:46:47.054+0000] {processor.py:840} INFO - DAG(s) 'example_skip_dag' retrieved from /home/airflow/.local/lib/python3.12/site-packages/airflow/example_dags/example_skip_dag.py
[2026-01-29T01:46:47.076+0000] {logging_mixin.py:188} INFO - [2026-01-29T01:46:47.076+0000] {dag.py:3089} INFO - Sync 1 DAGs
[2026-01-29T01:46:47.099+0000] {logging_mixin.py:188} INFO - [2026-01-29T01:46:47.099+0000] {dag.py:3947} INFO - Setting next_dagrun for example_skip_dag to 2026-01-28 00:00:00+00:00, run_after=2026-01-29 00:00:00+00:00
[2026-01-29T01:46:47.120+0000] {processor.py:183} INFO - Processing /home/airflow/.local/lib/python3.12/site-packages/airflow/example_dags/example_skip_dag.py took 0.084 seconds
[2026-01-29T01:47:17.226+0000] {processor.py:161} INFO - Started process (PID=75340) to work on /home/airflow/.local/lib/python3.12/site-packages/airflow/example_dags/example_skip_dag.py
[2026-01-29T01:47:17.227+0000] {processor.py:830} INFO - Processing file /home/airflow/.local/lib/python3.12/site-packages/airflow/example_dags/example_skip_dag.py for tasks to queue
[2026-01-29T01:47:17.229+0000] {logging_mixin.py:188} INFO - [2026-01-29T01:47:17.229+0000] {dagbag.py:545} INFO - Filling up the DagBag from /home/airflow/.local/lib/python3.12/site-packages/airflow/example_dags/example_skip_dag.py
[2026-01-29T01:47:17.236+0000] {processor.py:840} INFO - DAG(s) 'example_skip_dag' retrieved from /home/airflow/.local/lib/python3.12/site-packages/airflow/example_dags/example_skip_dag.py
[2026-01-29T01:47:17.260+0000] {logging_mixin.py:188} INFO - [2026-01-29T01:47:17.259+0000] {dag.py:3089} INFO - Sync 1 DAGs
[2026-01-29T01:47:17.287+0000] {logging_mixin.py:188} INFO - [2026-01-29T01:47:17.286+0000] {dag.py:3947} INFO - Setting next_dagrun for example_skip_dag to 2026-01-28 00:00:00+00:00, run_after=2026-01-29 00:00:00+00:00
[2026-01-29T01:47:17.307+0000] {processor.py:183} INFO - Processing /home/airflow/.local/lib/python3.12/site-packages/airflow/example_dags/example_skip_dag.py took 0.088 seconds
[2026-01-29T01:47:47.498+0000] {processor.py:161} INFO - Started process (PID=75399) to work on /home/airflow/.local/lib/python3.12/site-packages/airflow/example_dags/example_skip_dag.py
[2026-01-29T01:47:47.499+0000] {processor.py:830} INFO - Processing file /home/airflow/.local/lib/python3.12/site-packages/airflow/example_dags/example_skip_dag.py for tasks to queue
[2026-01-29T01:47:47.501+0000] {logging_mixin.py:188} INFO - [2026-01-29T01:47:47.501+0000] {dagbag.py:545} INFO - Filling up the DagBag from /home/airflow/.local/lib/python3.12/site-packages/airflow/example_dags/example_skip_dag.py
[2026-01-29T01:47:47.509+0000] {processor.py:840} INFO - DAG(s) 'example_skip_dag' retrieved from /home/airflow/.local/lib/python3.12/site-packages/airflow/example_dags/example_skip_dag.py
[2026-01-29T01:47:47.530+0000] {logging_mixin.py:188} INFO - [2026-01-29T01:47:47.529+0000] {dag.py:3089} INFO - Sync 1 DAGs
[2026-01-29T01:47:47.552+0000] {logging_mixin.py:188} INFO - [2026-01-29T01:47:47.552+0000] {dag.py:3947} INFO - Setting next_dagrun for example_skip_dag to 2026-01-28 00:00:00+00:00, run_after=2026-01-29 00:00:00+00:00
[2026-01-29T01:47:47.572+0000] {processor.py:183} INFO - Processing /home/airflow/.local/lib/python3.12/site-packages/airflow/example_dags/example_skip_dag.py took 0.081 seconds
[2026-01-29T01:48:17.870+0000] {processor.py:161} INFO - Started process (PID=75463) to work on /home/airflow/.local/lib/python3.12/site-packages/airflow/example_dags/example_skip_dag.py
[2026-01-29T01:48:17.871+0000] {processor.py:830} INFO - Processing file /home/airflow/.local/lib/python3.12/site-packages/airflow/example_dags/example_skip_dag.py for tasks to queue
[2026-01-29T01:48:17.873+0000] {logging_mixin.py:188} INFO - [2026-01-29T01:48:17.873+0000] {dagbag.py:545} INFO - Filling up the DagBag from /home/airflow/.local/lib/python3.12/site-packages/airflow/example_dags/example_skip_dag.py
[2026-01-29T01:48:17.880+0000] {processor.py:840} INFO - DAG(s) 'example_skip_dag' retrieved from /home/airflow/.local/lib/python3.12/site-packages/airflow/example_dags/example_skip_dag.py
[2026-01-29T01:48:17.902+0000] {logging_mixin.py:188} INFO - [2026-01-29T01:48:17.902+0000] {dag.py:3089} INFO - Sync 1 DAGs
[2026-01-29T01:48:17.926+0000] {logging_mixin.py:188} INFO - [2026-01-29T01:48:17.926+0000] {dag.py:3947} INFO - Setting next_dagrun for example_skip_dag to 2026-01-28 00:00:00+00:00, run_after=2026-01-29 00:00:00+00:00
[2026-01-29T01:48:17.946+0000] {processor.py:183} INFO - Processing /home/airflow/.local/lib/python3.12/site-packages/airflow/example_dags/example_skip_dag.py took 0.082 seconds
[2026-01-29T01:48:48.068+0000] {processor.py:161} INFO - Started process (PID=75522) to work on /home/airflow/.local/lib/python3.12/site-packages/airflow/example_dags/example_skip_dag.py
[2026-01-29T01:48:48.069+0000] {processor.py:830} INFO - Processing file /home/airflow/.local/lib/python3.12/site-packages/airflow/example_dags/example_skip_dag.py for tasks to queue
[2026-01-29T01:48:48.071+0000] {logging_mixin.py:188} INFO - [2026-01-29T01:48:48.071+0000] {dagbag.py:545} INFO - Filling up the DagBag from /home/airflow/.local/lib/python3.12/site-packages/airflow/example_dags/example_skip_dag.py
[2026-01-29T01:48:48.078+0000] {processor.py:840} INFO - DAG(s) 'example_skip_dag' retrieved from /home/airflow/.local/lib/python3.12/site-packages/airflow/example_dags/example_skip_dag.py
[2026-01-29T01:48:48.109+0000] {logging_mixin.py:188} INFO - [2026-01-29T01:48:48.109+0000] {dag.py:3089} INFO - Sync 1 DAGs
[2026-01-29T01:48:48.136+0000] {logging_mixin.py:188} INFO - [2026-01-29T01:48:48.136+0000] {dag.py:3947} INFO - Setting next_dagrun for example_skip_dag to 2026-01-28 00:00:00+00:00, run_after=2026-01-29 00:00:00+00:00
[2026-01-29T01:48:48.156+0000] {processor.py:183} INFO - Processing /home/airflow/.local/lib/python3.12/site-packages/airflow/example_dags/example_skip_dag.py took 0.095 seconds
[2026-01-29T01:49:18.495+0000] {processor.py:161} INFO - Started process (PID=75586) to work on /home/airflow/.local/lib/python3.12/site-packages/airflow/example_dags/example_skip_dag.py
[2026-01-29T01:49:18.496+0000] {processor.py:830} INFO - Processing file /home/airflow/.local/lib/python3.12/site-packages/airflow/example_dags/example_skip_dag.py for tasks to queue
[2026-01-29T01:49:18.498+0000] {logging_mixin.py:188} INFO - [2026-01-29T01:49:18.498+0000] {dagbag.py:545} INFO - Filling up the DagBag from /home/airflow/.local/lib/python3.12/site-packages/airflow/example_dags/example_skip_dag.py
[2026-01-29T01:49:18.505+0000] {processor.py:840} INFO - DAG(s) 'example_skip_dag' retrieved from /home/airflow/.local/lib/python3.12/site-packages/airflow/example_dags/example_skip_dag.py
[2026-01-29T01:49:18.528+0000] {logging_mixin.py:188} INFO - [2026-01-29T01:49:18.528+0000] {dag.py:3089} INFO - Sync 1 DAGs
[2026-01-29T01:49:18.552+0000] {logging_mixin.py:188} INFO - [2026-01-29T01:49:18.552+0000] {dag.py:3947} INFO - Setting next_dagrun for example_skip_dag to 2026-01-28 00:00:00+00:00, run_after=2026-01-29 00:00:00+00:00
[2026-01-29T01:49:18.573+0000] {processor.py:183} INFO - Processing /home/airflow/.local/lib/python3.12/site-packages/airflow/example_dags/example_skip_dag.py took 0.085 seconds
[2026-01-29T01:49:48.799+0000] {processor.py:161} INFO - Started process (PID=75645) to work on /home/airflow/.local/lib/python3.12/site-packages/airflow/example_dags/example_skip_dag.py
[2026-01-29T01:49:48.799+0000] {processor.py:830} INFO - Processing file /home/airflow/.local/lib/python3.12/site-packages/airflow/example_dags/example_skip_dag.py for tasks to queue
[2026-01-29T01:49:48.802+0000] {logging_mixin.py:188} INFO - [2026-01-29T01:49:48.801+0000] {dagbag.py:545} INFO - Filling up the DagBag from /home/airflow/.local/lib/python3.12/site-packages/airflow/example_dags/example_skip_dag.py
[2026-01-29T01:49:48.809+0000] {processor.py:840} INFO - DAG(s) 'example_skip_dag' retrieved from /home/airflow/.local/lib/python3.12/site-packages/airflow/example_dags/example_skip_dag.py
[2026-01-29T01:49:48.830+0000] {logging_mixin.py:188} INFO - [2026-01-29T01:49:48.830+0000] {dag.py:3089} INFO - Sync 1 DAGs
[2026-01-29T01:49:48.853+0000] {logging_mixin.py:188} INFO - [2026-01-29T01:49:48.853+0000] {dag.py:3947} INFO - Setting next_dagrun for example_skip_dag to 2026-01-28 00:00:00+00:00, run_after=2026-01-29 00:00:00+00:00
[2026-01-29T01:49:48.873+0000] {processor.py:183} INFO - Processing /home/airflow/.local/lib/python3.12/site-packages/airflow/example_dags/example_skip_dag.py took 0.082 seconds
[2026-01-29T01:50:19.488+0000] {processor.py:161} INFO - Started process (PID=75709) to work on /home/airflow/.local/lib/python3.12/site-packages/airflow/example_dags/example_skip_dag.py
[2026-01-29T01:50:19.489+0000] {processor.py:830} INFO - Processing file /home/airflow/.local/lib/python3.12/site-packages/airflow/example_dags/example_skip_dag.py for tasks to queue
[2026-01-29T01:50:19.491+0000] {logging_mixin.py:188} INFO - [2026-01-29T01:50:19.491+0000] {dagbag.py:545} INFO - Filling up the DagBag from /home/airflow/.local/lib/python3.12/site-packages/airflow/example_dags/example_skip_dag.py
[2026-01-29T01:50:19.499+0000] {processor.py:840} INFO - DAG(s) 'example_skip_dag' retrieved from /home/airflow/.local/lib/python3.12/site-packages/airflow/example_dags/example_skip_dag.py
[2026-01-29T01:50:19.520+0000] {logging_mixin.py:188} INFO - [2026-01-29T01:50:19.520+0000] {dag.py:3089} INFO - Sync 1 DAGs
[2026-01-29T01:50:19.542+0000] {logging_mixin.py:188} INFO - [2026-01-29T01:50:19.542+0000] {dag.py:3947} INFO - Setting next_dagrun for example_skip_dag to 2026-01-28 00:00:00+00:00, run_after=2026-01-29 00:00:00+00:00
[2026-01-29T01:50:19.561+0000] {processor.py:183} INFO - Processing /home/airflow/.local/lib/python3.12/site-packages/airflow/example_dags/example_skip_dag.py took 0.081 seconds
[2026-01-29T01:50:50.291+0000] {processor.py:161} INFO - Started process (PID=75768) to work on /home/airflow/.local/lib/python3.12/site-packages/airflow/example_dags/example_skip_dag.py
[2026-01-29T01:50:50.292+0000] {processor.py:830} INFO - Processing file /home/airflow/.local/lib/python3.12/site-packages/airflow/example_dags/example_skip_dag.py for tasks to queue
[2026-01-29T01:50:50.294+0000] {logging_mixin.py:188} INFO - [2026-01-29T01:50:50.293+0000] {dagbag.py:545} INFO - Filling up the DagBag from /home/airflow/.local/lib/python3.12/site-packages/airflow/example_dags/example_skip_dag.py
[2026-01-29T01:50:50.302+0000] {processor.py:840} INFO - DAG(s) 'example_skip_dag' retrieved from /home/airflow/.local/lib/python3.12/site-packages/airflow/example_dags/example_skip_dag.py
[2026-01-29T01:50:50.322+0000] {logging_mixin.py:188} INFO - [2026-01-29T01:50:50.322+0000] {dag.py:3089} INFO - Sync 1 DAGs
[2026-01-29T01:50:50.345+0000] {logging_mixin.py:188} INFO - [2026-01-29T01:50:50.345+0000] {dag.py:3947} INFO - Setting next_dagrun for example_skip_dag to 2026-01-28 00:00:00+00:00, run_after=2026-01-29 00:00:00+00:00
[2026-01-29T01:50:50.365+0000] {processor.py:183} INFO - Processing /home/airflow/.local/lib/python3.12/site-packages/airflow/example_dags/example_skip_dag.py took 0.082 seconds
[2026-01-29T01:51:20.607+0000] {processor.py:161} INFO - Started process (PID=75832) to work on /home/airflow/.local/lib/python3.12/site-packages/airflow/example_dags/example_skip_dag.py
[2026-01-29T01:51:20.608+0000] {processor.py:830} INFO - Processing file /home/airflow/.local/lib/python3.12/site-packages/airflow/example_dags/example_skip_dag.py for tasks to queue
[2026-01-29T01:51:20.610+0000] {logging_mixin.py:188} INFO - [2026-01-29T01:51:20.609+0000] {dagbag.py:545} INFO - Filling up the DagBag from /home/airflow/.local/lib/python3.12/site-packages/airflow/example_dags/example_skip_dag.py
[2026-01-29T01:51:20.618+0000] {processor.py:840} INFO - DAG(s) 'example_skip_dag' retrieved from /home/airflow/.local/lib/python3.12/site-packages/airflow/example_dags/example_skip_dag.py
[2026-01-29T01:51:20.639+0000] {logging_mixin.py:188} INFO - [2026-01-29T01:51:20.639+0000] {dag.py:3089} INFO - Sync 1 DAGs
[2026-01-29T01:51:20.663+0000] {logging_mixin.py:188} INFO - [2026-01-29T01:51:20.663+0000] {dag.py:3947} INFO - Setting next_dagrun for example_skip_dag to 2026-01-28 00:00:00+00:00, run_after=2026-01-29 00:00:00+00:00
[2026-01-29T01:51:20.683+0000] {processor.py:183} INFO - Processing /home/airflow/.local/lib/python3.12/site-packages/airflow/example_dags/example_skip_dag.py took 0.084 seconds
[2026-01-29T01:51:51.487+0000] {processor.py:161} INFO - Started process (PID=75891) to work on /home/airflow/.local/lib/python3.12/site-packages/airflow/example_dags/example_skip_dag.py
[2026-01-29T01:51:51.488+0000] {processor.py:830} INFO - Processing file /home/airflow/.local/lib/python3.12/site-packages/airflow/example_dags/example_skip_dag.py for tasks to queue
[2026-01-29T01:51:51.490+0000] {logging_mixin.py:188} INFO - [2026-01-29T01:51:51.489+0000] {dagbag.py:545} INFO - Filling up the DagBag from /home/airflow/.local/lib/python3.12/site-packages/airflow/example_dags/example_skip_dag.py
[2026-01-29T01:51:51.496+0000] {processor.py:840} INFO - DAG(s) 'example_skip_dag' retrieved from /home/airflow/.local/lib/python3.12/site-packages/airflow/example_dags/example_skip_dag.py
[2026-01-29T01:51:51.519+0000] {logging_mixin.py:188} INFO - [2026-01-29T01:51:51.519+0000] {dag.py:3089} INFO - Sync 1 DAGs
[2026-01-29T01:51:51.544+0000] {logging_mixin.py:188} INFO - [2026-01-29T01:51:51.544+0000] {dag.py:3947} INFO - Setting next_dagrun for example_skip_dag to 2026-01-28 00:00:00+00:00, run_after=2026-01-29 00:00:00+00:00
[2026-01-29T01:51:51.565+0000] {processor.py:183} INFO - Processing /home/airflow/.local/lib/python3.12/site-packages/airflow/example_dags/example_skip_dag.py took 0.085 seconds
[2026-01-29T01:52:21.739+0000] {processor.py:161} INFO - Started process (PID=75955) to work on /home/airflow/.local/lib/python3.12/site-packages/airflow/example_dags/example_skip_dag.py
[2026-01-29T01:52:21.740+0000] {processor.py:830} INFO - Processing file /home/airflow/.local/lib/python3.12/site-packages/airflow/example_dags/example_skip_dag.py for tasks to queue
[2026-01-29T01:52:21.742+0000] {logging_mixin.py:188} INFO - [2026-01-29T01:52:21.742+0000] {dagbag.py:545} INFO - Filling up the DagBag from /home/airflow/.local/lib/python3.12/site-packages/airflow/example_dags/example_skip_dag.py
[2026-01-29T01:52:21.749+0000] {processor.py:840} INFO - DAG(s) 'example_skip_dag' retrieved from /home/airflow/.local/lib/python3.12/site-packages/airflow/example_dags/example_skip_dag.py
[2026-01-29T01:52:21.771+0000] {logging_mixin.py:188} INFO - [2026-01-29T01:52:21.771+0000] {dag.py:3089} INFO - Sync 1 DAGs
[2026-01-29T01:52:21.795+0000] {logging_mixin.py:188} INFO - [2026-01-29T01:52:21.795+0000] {dag.py:3947} INFO - Setting next_dagrun for example_skip_dag to 2026-01-28 00:00:00+00:00, run_after=2026-01-29 00:00:00+00:00
[2026-01-29T01:52:21.816+0000] {processor.py:183} INFO - Processing /home/airflow/.local/lib/python3.12/site-packages/airflow/example_dags/example_skip_dag.py took 0.084 seconds
[2026-01-29T01:52:51.966+0000] {processor.py:161} INFO - Started process (PID=76014) to work on /home/airflow/.local/lib/python3.12/site-packages/airflow/example_dags/example_skip_dag.py
[2026-01-29T01:52:51.967+0000] {processor.py:830} INFO - Processing file /home/airflow/.local/lib/python3.12/site-packages/airflow/example_dags/example_skip_dag.py for tasks to queue
[2026-01-29T01:52:51.969+0000] {logging_mixin.py:188} INFO - [2026-01-29T01:52:51.968+0000] {dagbag.py:545} INFO - Filling up the DagBag from /home/airflow/.local/lib/python3.12/site-packages/airflow/example_dags/example_skip_dag.py
[2026-01-29T01:52:51.977+0000] {processor.py:840} INFO - DAG(s) 'example_skip_dag' retrieved from /home/airflow/.local/lib/python3.12/site-packages/airflow/example_dags/example_skip_dag.py
[2026-01-29T01:52:51.997+0000] {logging_mixin.py:188} INFO - [2026-01-29T01:52:51.997+0000] {dag.py:3089} INFO - Sync 1 DAGs
[2026-01-29T01:52:52.020+0000] {logging_mixin.py:188} INFO - [2026-01-29T01:52:52.020+0000] {dag.py:3947} INFO - Setting next_dagrun for example_skip_dag to 2026-01-28 00:00:00+00:00, run_after=2026-01-29 00:00:00+00:00
[2026-01-29T01:52:52.039+0000] {processor.py:183} INFO - Processing /home/airflow/.local/lib/python3.12/site-packages/airflow/example_dags/example_skip_dag.py took 0.081 seconds
[2026-01-29T01:53:22.298+0000] {processor.py:161} INFO - Started process (PID=76078) to work on /home/airflow/.local/lib/python3.12/site-packages/airflow/example_dags/example_skip_dag.py
[2026-01-29T01:53:22.298+0000] {processor.py:830} INFO - Processing file /home/airflow/.local/lib/python3.12/site-packages/airflow/example_dags/example_skip_dag.py for tasks to queue
[2026-01-29T01:53:22.300+0000] {logging_mixin.py:188} INFO - [2026-01-29T01:53:22.300+0000] {dagbag.py:545} INFO - Filling up the DagBag from /home/airflow/.local/lib/python3.12/site-packages/airflow/example_dags/example_skip_dag.py
[2026-01-29T01:53:22.307+0000] {processor.py:840} INFO - DAG(s) 'example_skip_dag' retrieved from /home/airflow/.local/lib/python3.12/site-packages/airflow/example_dags/example_skip_dag.py
[2026-01-29T01:53:22.332+0000] {logging_mixin.py:188} INFO - [2026-01-29T01:53:22.331+0000] {dag.py:3089} INFO - Sync 1 DAGs
[2026-01-29T01:53:22.354+0000] {logging_mixin.py:188} INFO - [2026-01-29T01:53:22.354+0000] {dag.py:3947} INFO - Setting next_dagrun for example_skip_dag to 2026-01-28 00:00:00+00:00, run_after=2026-01-29 00:00:00+00:00
[2026-01-29T01:53:22.373+0000] {processor.py:183} INFO - Processing /home/airflow/.local/lib/python3.12/site-packages/airflow/example_dags/example_skip_dag.py took 0.083 seconds
[2026-01-29T01:53:52.682+0000] {processor.py:161} INFO - Started process (PID=76137) to work on /home/airflow/.local/lib/python3.12/site-packages/airflow/example_dags/example_skip_dag.py
[2026-01-29T01:53:52.683+0000] {processor.py:830} INFO - Processing file /home/airflow/.local/lib/python3.12/site-packages/airflow/example_dags/example_skip_dag.py for tasks to queue
[2026-01-29T01:53:52.685+0000] {logging_mixin.py:188} INFO - [2026-01-29T01:53:52.684+0000] {dagbag.py:545} INFO - Filling up the DagBag from /home/airflow/.local/lib/python3.12/site-packages/airflow/example_dags/example_skip_dag.py
[2026-01-29T01:53:52.693+0000] {processor.py:840} INFO - DAG(s) 'example_skip_dag' retrieved from /home/airflow/.local/lib/python3.12/site-packages/airflow/example_dags/example_skip_dag.py
[2026-01-29T01:53:52.713+0000] {logging_mixin.py:188} INFO - [2026-01-29T01:53:52.713+0000] {dag.py:3089} INFO - Sync 1 DAGs
[2026-01-29T01:53:52.735+0000] {logging_mixin.py:188} INFO - [2026-01-29T01:53:52.735+0000] {dag.py:3947} INFO - Setting next_dagrun for example_skip_dag to 2026-01-28 00:00:00+00:00, run_after=2026-01-29 00:00:00+00:00
[2026-01-29T01:53:52.754+0000] {processor.py:183} INFO - Processing /home/airflow/.local/lib/python3.12/site-packages/airflow/example_dags/example_skip_dag.py took 0.080 seconds
[2026-01-29T01:54:23.294+0000] {processor.py:161} INFO - Started process (PID=76201) to work on /home/airflow/.local/lib/python3.12/site-packages/airflow/example_dags/example_skip_dag.py
[2026-01-29T01:54:23.295+0000] {processor.py:830} INFO - Processing file /home/airflow/.local/lib/python3.12/site-packages/airflow/example_dags/example_skip_dag.py for tasks to queue
[2026-01-29T01:54:23.296+0000] {logging_mixin.py:188} INFO - [2026-01-29T01:54:23.296+0000] {dagbag.py:545} INFO - Filling up the DagBag from /home/airflow/.local/lib/python3.12/site-packages/airflow/example_dags/example_skip_dag.py
[2026-01-29T01:54:23.304+0000] {processor.py:840} INFO - DAG(s) 'example_skip_dag' retrieved from /home/airflow/.local/lib/python3.12/site-packages/airflow/example_dags/example_skip_dag.py
[2026-01-29T01:54:23.324+0000] {logging_mixin.py:188} INFO - [2026-01-29T01:54:23.324+0000] {dag.py:3089} INFO - Sync 1 DAGs
[2026-01-29T01:54:23.348+0000] {logging_mixin.py:188} INFO - [2026-01-29T01:54:23.347+0000] {dag.py:3947} INFO - Setting next_dagrun for example_skip_dag to 2026-01-28 00:00:00+00:00, run_after=2026-01-29 00:00:00+00:00
[2026-01-29T01:54:23.367+0000] {processor.py:183} INFO - Processing /home/airflow/.local/lib/python3.12/site-packages/airflow/example_dags/example_skip_dag.py took 0.080 seconds
[2026-01-29T01:54:53.644+0000] {processor.py:161} INFO - Started process (PID=76260) to work on /home/airflow/.local/lib/python3.12/site-packages/airflow/example_dags/example_skip_dag.py
[2026-01-29T01:54:53.645+0000] {processor.py:830} INFO - Processing file /home/airflow/.local/lib/python3.12/site-packages/airflow/example_dags/example_skip_dag.py for tasks to queue
[2026-01-29T01:54:53.647+0000] {logging_mixin.py:188} INFO - [2026-01-29T01:54:53.646+0000] {dagbag.py:545} INFO - Filling up the DagBag from /home/airflow/.local/lib/python3.12/site-packages/airflow/example_dags/example_skip_dag.py
[2026-01-29T01:54:53.654+0000] {processor.py:840} INFO - DAG(s) 'example_skip_dag' retrieved from /home/airflow/.local/lib/python3.12/site-packages/airflow/example_dags/example_skip_dag.py
[2026-01-29T01:54:53.682+0000] {logging_mixin.py:188} INFO - [2026-01-29T01:54:53.681+0000] {dag.py:3089} INFO - Sync 1 DAGs
[2026-01-29T01:54:53.705+0000] {logging_mixin.py:188} INFO - [2026-01-29T01:54:53.705+0000] {dag.py:3947} INFO - Setting next_dagrun for example_skip_dag to 2026-01-28 00:00:00+00:00, run_after=2026-01-29 00:00:00+00:00
[2026-01-29T01:54:53.726+0000] {processor.py:183} INFO - Processing /home/airflow/.local/lib/python3.12/site-packages/airflow/example_dags/example_skip_dag.py took 0.088 seconds
[2026-01-29T01:55:24.055+0000] {processor.py:161} INFO - Started process (PID=76324) to work on /home/airflow/.local/lib/python3.12/site-packages/airflow/example_dags/example_skip_dag.py
[2026-01-29T01:55:24.056+0000] {processor.py:830} INFO - Processing file /home/airflow/.local/lib/python3.12/site-packages/airflow/example_dags/example_skip_dag.py for tasks to queue
[2026-01-29T01:55:24.058+0000] {logging_mixin.py:188} INFO - [2026-01-29T01:55:24.057+0000] {dagbag.py:545} INFO - Filling up the DagBag from /home/airflow/.local/lib/python3.12/site-packages/airflow/example_dags/example_skip_dag.py
[2026-01-29T01:55:24.065+0000] {processor.py:840} INFO - DAG(s) 'example_skip_dag' retrieved from /home/airflow/.local/lib/python3.12/site-packages/airflow/example_dags/example_skip_dag.py
[2026-01-29T01:55:24.087+0000] {logging_mixin.py:188} INFO - [2026-01-29T01:55:24.087+0000] {dag.py:3089} INFO - Sync 1 DAGs
[2026-01-29T01:55:24.110+0000] {logging_mixin.py:188} INFO - [2026-01-29T01:55:24.110+0000] {dag.py:3947} INFO - Setting next_dagrun for example_skip_dag to 2026-01-28 00:00:00+00:00, run_after=2026-01-29 00:00:00+00:00
[2026-01-29T01:55:24.130+0000] {processor.py:183} INFO - Processing /home/airflow/.local/lib/python3.12/site-packages/airflow/example_dags/example_skip_dag.py took 0.083 seconds
[2026-01-29T01:55:54.407+0000] {processor.py:161} INFO - Started process (PID=76383) to work on /home/airflow/.local/lib/python3.12/site-packages/airflow/example_dags/example_skip_dag.py
[2026-01-29T01:55:54.408+0000] {processor.py:830} INFO - Processing file /home/airflow/.local/lib/python3.12/site-packages/airflow/example_dags/example_skip_dag.py for tasks to queue
[2026-01-29T01:55:54.410+0000] {logging_mixin.py:188} INFO - [2026-01-29T01:55:54.410+0000] {dagbag.py:545} INFO - Filling up the DagBag from /home/airflow/.local/lib/python3.12/site-packages/airflow/example_dags/example_skip_dag.py
[2026-01-29T01:55:54.418+0000] {processor.py:840} INFO - DAG(s) 'example_skip_dag' retrieved from /home/airflow/.local/lib/python3.12/site-packages/airflow/example_dags/example_skip_dag.py
[2026-01-29T01:55:54.441+0000] {logging_mixin.py:188} INFO - [2026-01-29T01:55:54.441+0000] {dag.py:3089} INFO - Sync 1 DAGs
[2026-01-29T01:55:54.466+0000] {logging_mixin.py:188} INFO - [2026-01-29T01:55:54.465+0000] {dag.py:3947} INFO - Setting next_dagrun for example_skip_dag to 2026-01-28 00:00:00+00:00, run_after=2026-01-29 00:00:00+00:00
[2026-01-29T01:55:54.486+0000] {processor.py:183} INFO - Processing /home/airflow/.local/lib/python3.12/site-packages/airflow/example_dags/example_skip_dag.py took 0.086 seconds
[2026-01-29T01:56:24.851+0000] {processor.py:161} INFO - Started process (PID=76447) to work on /home/airflow/.local/lib/python3.12/site-packages/airflow/example_dags/example_skip_dag.py
[2026-01-29T01:56:24.851+0000] {processor.py:830} INFO - Processing file /home/airflow/.local/lib/python3.12/site-packages/airflow/example_dags/example_skip_dag.py for tasks to queue
[2026-01-29T01:56:24.853+0000] {logging_mixin.py:188} INFO - [2026-01-29T01:56:24.853+0000] {dagbag.py:545} INFO - Filling up the DagBag from /home/airflow/.local/lib/python3.12/site-packages/airflow/example_dags/example_skip_dag.py
[2026-01-29T01:56:24.860+0000] {processor.py:840} INFO - DAG(s) 'example_skip_dag' retrieved from /home/airflow/.local/lib/python3.12/site-packages/airflow/example_dags/example_skip_dag.py
[2026-01-29T01:56:24.881+0000] {logging_mixin.py:188} INFO - [2026-01-29T01:56:24.881+0000] {dag.py:3089} INFO - Sync 1 DAGs
[2026-01-29T01:56:24.904+0000] {logging_mixin.py:188} INFO - [2026-01-29T01:56:24.904+0000] {dag.py:3947} INFO - Setting next_dagrun for example_skip_dag to 2026-01-28 00:00:00+00:00, run_after=2026-01-29 00:00:00+00:00
[2026-01-29T01:56:24.924+0000] {processor.py:183} INFO - Processing /home/airflow/.local/lib/python3.12/site-packages/airflow/example_dags/example_skip_dag.py took 0.081 seconds
[2026-01-29T01:56:55.307+0000] {processor.py:161} INFO - Started process (PID=76506) to work on /home/airflow/.local/lib/python3.12/site-packages/airflow/example_dags/example_skip_dag.py
[2026-01-29T01:56:55.308+0000] {processor.py:830} INFO - Processing file /home/airflow/.local/lib/python3.12/site-packages/airflow/example_dags/example_skip_dag.py for tasks to queue
[2026-01-29T01:56:55.310+0000] {logging_mixin.py:188} INFO - [2026-01-29T01:56:55.309+0000] {dagbag.py:545} INFO - Filling up the DagBag from /home/airflow/.local/lib/python3.12/site-packages/airflow/example_dags/example_skip_dag.py
[2026-01-29T01:56:55.317+0000] {processor.py:840} INFO - DAG(s) 'example_skip_dag' retrieved from /home/airflow/.local/lib/python3.12/site-packages/airflow/example_dags/example_skip_dag.py
[2026-01-29T01:56:55.338+0000] {logging_mixin.py:188} INFO - [2026-01-29T01:56:55.337+0000] {dag.py:3089} INFO - Sync 1 DAGs
[2026-01-29T01:56:55.365+0000] {logging_mixin.py:188} INFO - [2026-01-29T01:56:55.365+0000] {dag.py:3947} INFO - Setting next_dagrun for example_skip_dag to 2026-01-28 00:00:00+00:00, run_after=2026-01-29 00:00:00+00:00
[2026-01-29T01:56:55.385+0000] {processor.py:183} INFO - Processing /home/airflow/.local/lib/python3.12/site-packages/airflow/example_dags/example_skip_dag.py took 0.086 seconds
[2026-01-29T01:57:25.630+0000] {processor.py:161} INFO - Started process (PID=76570) to work on /home/airflow/.local/lib/python3.12/site-packages/airflow/example_dags/example_skip_dag.py
[2026-01-29T01:57:25.631+0000] {processor.py:830} INFO - Processing file /home/airflow/.local/lib/python3.12/site-packages/airflow/example_dags/example_skip_dag.py for tasks to queue
[2026-01-29T01:57:25.633+0000] {logging_mixin.py:188} INFO - [2026-01-29T01:57:25.632+0000] {dagbag.py:545} INFO - Filling up the DagBag from /home/airflow/.local/lib/python3.12/site-packages/airflow/example_dags/example_skip_dag.py
[2026-01-29T01:57:25.640+0000] {processor.py:840} INFO - DAG(s) 'example_skip_dag' retrieved from /home/airflow/.local/lib/python3.12/site-packages/airflow/example_dags/example_skip_dag.py
[2026-01-29T01:57:25.661+0000] {logging_mixin.py:188} INFO - [2026-01-29T01:57:25.660+0000] {dag.py:3089} INFO - Sync 1 DAGs
[2026-01-29T01:57:25.683+0000] {logging_mixin.py:188} INFO - [2026-01-29T01:57:25.683+0000] {dag.py:3947} INFO - Setting next_dagrun for example_skip_dag to 2026-01-28 00:00:00+00:00, run_after=2026-01-29 00:00:00+00:00
[2026-01-29T01:57:25.703+0000] {processor.py:183} INFO - Processing /home/airflow/.local/lib/python3.12/site-packages/airflow/example_dags/example_skip_dag.py took 0.080 seconds
[2026-01-29T01:57:56.032+0000] {processor.py:161} INFO - Started process (PID=76629) to work on /home/airflow/.local/lib/python3.12/site-packages/airflow/example_dags/example_skip_dag.py
[2026-01-29T01:57:56.033+0000] {processor.py:830} INFO - Processing file /home/airflow/.local/lib/python3.12/site-packages/airflow/example_dags/example_skip_dag.py for tasks to queue
[2026-01-29T01:57:56.035+0000] {logging_mixin.py:188} INFO - [2026-01-29T01:57:56.034+0000] {dagbag.py:545} INFO - Filling up the DagBag from /home/airflow/.local/lib/python3.12/site-packages/airflow/example_dags/example_skip_dag.py
[2026-01-29T01:57:56.042+0000] {processor.py:840} INFO - DAG(s) 'example_skip_dag' retrieved from /home/airflow/.local/lib/python3.12/site-packages/airflow/example_dags/example_skip_dag.py
[2026-01-29T01:57:56.066+0000] {logging_mixin.py:188} INFO - [2026-01-29T01:57:56.066+0000] {dag.py:3089} INFO - Sync 1 DAGs
[2026-01-29T01:57:56.090+0000] {logging_mixin.py:188} INFO - [2026-01-29T01:57:56.090+0000] {dag.py:3947} INFO - Setting next_dagrun for example_skip_dag to 2026-01-28 00:00:00+00:00, run_after=2026-01-29 00:00:00+00:00
[2026-01-29T01:57:56.110+0000] {processor.py:183} INFO - Processing /home/airflow/.local/lib/python3.12/site-packages/airflow/example_dags/example_skip_dag.py took 0.086 seconds
[2026-01-29T01:58:26.467+0000] {processor.py:161} INFO - Started process (PID=76693) to work on /home/airflow/.local/lib/python3.12/site-packages/airflow/example_dags/example_skip_dag.py
[2026-01-29T01:58:26.468+0000] {processor.py:830} INFO - Processing file /home/airflow/.local/lib/python3.12/site-packages/airflow/example_dags/example_skip_dag.py for tasks to queue
[2026-01-29T01:58:26.470+0000] {logging_mixin.py:188} INFO - [2026-01-29T01:58:26.469+0000] {dagbag.py:545} INFO - Filling up the DagBag from /home/airflow/.local/lib/python3.12/site-packages/airflow/example_dags/example_skip_dag.py
[2026-01-29T01:58:26.476+0000] {processor.py:840} INFO - DAG(s) 'example_skip_dag' retrieved from /home/airflow/.local/lib/python3.12/site-packages/airflow/example_dags/example_skip_dag.py
[2026-01-29T01:58:26.499+0000] {logging_mixin.py:188} INFO - [2026-01-29T01:58:26.499+0000] {dag.py:3089} INFO - Sync 1 DAGs
[2026-01-29T01:58:26.525+0000] {logging_mixin.py:188} INFO - [2026-01-29T01:58:26.525+0000] {dag.py:3947} INFO - Setting next_dagrun for example_skip_dag to 2026-01-28 00:00:00+00:00, run_after=2026-01-29 00:00:00+00:00
[2026-01-29T01:58:26.547+0000] {processor.py:183} INFO - Processing /home/airflow/.local/lib/python3.12/site-packages/airflow/example_dags/example_skip_dag.py took 0.086 seconds
[2026-01-29T01:58:56.966+0000] {processor.py:161} INFO - Started process (PID=76752) to work on /home/airflow/.local/lib/python3.12/site-packages/airflow/example_dags/example_skip_dag.py
[2026-01-29T01:58:56.967+0000] {processor.py:830} INFO - Processing file /home/airflow/.local/lib/python3.12/site-packages/airflow/example_dags/example_skip_dag.py for tasks to queue
[2026-01-29T01:58:56.969+0000] {logging_mixin.py:188} INFO - [2026-01-29T01:58:56.968+0000] {dagbag.py:545} INFO - Filling up the DagBag from /home/airflow/.local/lib/python3.12/site-packages/airflow/example_dags/example_skip_dag.py
[2026-01-29T01:58:56.975+0000] {processor.py:840} INFO - DAG(s) 'example_skip_dag' retrieved from /home/airflow/.local/lib/python3.12/site-packages/airflow/example_dags/example_skip_dag.py
[2026-01-29T01:58:57.003+0000] {logging_mixin.py:188} INFO - [2026-01-29T01:58:57.003+0000] {dag.py:3089} INFO - Sync 1 DAGs
[2026-01-29T01:58:57.027+0000] {logging_mixin.py:188} INFO - [2026-01-29T01:58:57.027+0000] {dag.py:3947} INFO - Setting next_dagrun for example_skip_dag to 2026-01-28 00:00:00+00:00, run_after=2026-01-29 00:00:00+00:00
[2026-01-29T01:58:57.047+0000] {processor.py:183} INFO - Processing /home/airflow/.local/lib/python3.12/site-packages/airflow/example_dags/example_skip_dag.py took 0.087 seconds
[2026-01-29T01:59:27.366+0000] {processor.py:161} INFO - Started process (PID=76816) to work on /home/airflow/.local/lib/python3.12/site-packages/airflow/example_dags/example_skip_dag.py
[2026-01-29T01:59:27.367+0000] {processor.py:830} INFO - Processing file /home/airflow/.local/lib/python3.12/site-packages/airflow/example_dags/example_skip_dag.py for tasks to queue
[2026-01-29T01:59:27.369+0000] {logging_mixin.py:188} INFO - [2026-01-29T01:59:27.369+0000] {dagbag.py:545} INFO - Filling up the DagBag from /home/airflow/.local/lib/python3.12/site-packages/airflow/example_dags/example_skip_dag.py
[2026-01-29T01:59:27.376+0000] {processor.py:840} INFO - DAG(s) 'example_skip_dag' retrieved from /home/airflow/.local/lib/python3.12/site-packages/airflow/example_dags/example_skip_dag.py
[2026-01-29T01:59:27.399+0000] {logging_mixin.py:188} INFO - [2026-01-29T01:59:27.399+0000] {dag.py:3089} INFO - Sync 1 DAGs
[2026-01-29T01:59:27.423+0000] {logging_mixin.py:188} INFO - [2026-01-29T01:59:27.423+0000] {dag.py:3947} INFO - Setting next_dagrun for example_skip_dag to 2026-01-28 00:00:00+00:00, run_after=2026-01-29 00:00:00+00:00
[2026-01-29T01:59:27.444+0000] {processor.py:183} INFO - Processing /home/airflow/.local/lib/python3.12/site-packages/airflow/example_dags/example_skip_dag.py took 0.085 seconds
[2026-01-29T01:59:57.700+0000] {processor.py:161} INFO - Started process (PID=76875) to work on /home/airflow/.local/lib/python3.12/site-packages/airflow/example_dags/example_skip_dag.py
[2026-01-29T01:59:57.701+0000] {processor.py:830} INFO - Processing file /home/airflow/.local/lib/python3.12/site-packages/airflow/example_dags/example_skip_dag.py for tasks to queue
[2026-01-29T01:59:57.703+0000] {logging_mixin.py:188} INFO - [2026-01-29T01:59:57.703+0000] {dagbag.py:545} INFO - Filling up the DagBag from /home/airflow/.local/lib/python3.12/site-packages/airflow/example_dags/example_skip_dag.py
[2026-01-29T01:59:57.711+0000] {processor.py:840} INFO - DAG(s) 'example_skip_dag' retrieved from /home/airflow/.local/lib/python3.12/site-packages/airflow/example_dags/example_skip_dag.py
[2026-01-29T01:59:57.732+0000] {logging_mixin.py:188} INFO - [2026-01-29T01:59:57.731+0000] {dag.py:3089} INFO - Sync 1 DAGs
[2026-01-29T01:59:57.756+0000] {logging_mixin.py:188} INFO - [2026-01-29T01:59:57.756+0000] {dag.py:3947} INFO - Setting next_dagrun for example_skip_dag to 2026-01-28 00:00:00+00:00, run_after=2026-01-29 00:00:00+00:00
[2026-01-29T01:59:57.776+0000] {processor.py:183} INFO - Processing /home/airflow/.local/lib/python3.12/site-packages/airflow/example_dags/example_skip_dag.py took 0.083 seconds
[2026-01-29T02:00:27.953+0000] {processor.py:161} INFO - Started process (PID=76939) to work on /home/airflow/.local/lib/python3.12/site-packages/airflow/example_dags/example_skip_dag.py
[2026-01-29T02:00:27.954+0000] {processor.py:830} INFO - Processing file /home/airflow/.local/lib/python3.12/site-packages/airflow/example_dags/example_skip_dag.py for tasks to queue
[2026-01-29T02:00:27.956+0000] {logging_mixin.py:188} INFO - [2026-01-29T02:00:27.956+0000] {dagbag.py:545} INFO - Filling up the DagBag from /home/airflow/.local/lib/python3.12/site-packages/airflow/example_dags/example_skip_dag.py
[2026-01-29T02:00:27.964+0000] {processor.py:840} INFO - DAG(s) 'example_skip_dag' retrieved from /home/airflow/.local/lib/python3.12/site-packages/airflow/example_dags/example_skip_dag.py
[2026-01-29T02:00:27.986+0000] {logging_mixin.py:188} INFO - [2026-01-29T02:00:27.986+0000] {dag.py:3089} INFO - Sync 1 DAGs
[2026-01-29T02:00:28.010+0000] {logging_mixin.py:188} INFO - [2026-01-29T02:00:28.009+0000] {dag.py:3947} INFO - Setting next_dagrun for example_skip_dag to 2026-01-28 00:00:00+00:00, run_after=2026-01-29 00:00:00+00:00
[2026-01-29T02:00:28.038+0000] {processor.py:183} INFO - Processing /home/airflow/.local/lib/python3.12/site-packages/airflow/example_dags/example_skip_dag.py took 0.093 seconds
[2026-01-29T02:00:58.146+0000] {processor.py:161} INFO - Started process (PID=76998) to work on /home/airflow/.local/lib/python3.12/site-packages/airflow/example_dags/example_skip_dag.py
[2026-01-29T02:00:58.148+0000] {processor.py:830} INFO - Processing file /home/airflow/.local/lib/python3.12/site-packages/airflow/example_dags/example_skip_dag.py for tasks to queue
[2026-01-29T02:00:58.149+0000] {logging_mixin.py:188} INFO - [2026-01-29T02:00:58.149+0000] {dagbag.py:545} INFO - Filling up the DagBag from /home/airflow/.local/lib/python3.12/site-packages/airflow/example_dags/example_skip_dag.py
[2026-01-29T02:00:58.157+0000] {processor.py:840} INFO - DAG(s) 'example_skip_dag' retrieved from /home/airflow/.local/lib/python3.12/site-packages/airflow/example_dags/example_skip_dag.py
[2026-01-29T02:00:58.181+0000] {logging_mixin.py:188} INFO - [2026-01-29T02:00:58.181+0000] {dag.py:3089} INFO - Sync 1 DAGs
[2026-01-29T02:00:58.208+0000] {logging_mixin.py:188} INFO - [2026-01-29T02:00:58.208+0000] {dag.py:3947} INFO - Setting next_dagrun for example_skip_dag to 2026-01-28 00:00:00+00:00, run_after=2026-01-29 00:00:00+00:00
[2026-01-29T02:00:58.227+0000] {processor.py:183} INFO - Processing /home/airflow/.local/lib/python3.12/site-packages/airflow/example_dags/example_skip_dag.py took 0.088 seconds
[2026-01-29T02:01:28.507+0000] {processor.py:161} INFO - Started process (PID=77062) to work on /home/airflow/.local/lib/python3.12/site-packages/airflow/example_dags/example_skip_dag.py
[2026-01-29T02:01:28.508+0000] {processor.py:830} INFO - Processing file /home/airflow/.local/lib/python3.12/site-packages/airflow/example_dags/example_skip_dag.py for tasks to queue
[2026-01-29T02:01:28.510+0000] {logging_mixin.py:188} INFO - [2026-01-29T02:01:28.509+0000] {dagbag.py:545} INFO - Filling up the DagBag from /home/airflow/.local/lib/python3.12/site-packages/airflow/example_dags/example_skip_dag.py
[2026-01-29T02:01:28.516+0000] {processor.py:840} INFO - DAG(s) 'example_skip_dag' retrieved from /home/airflow/.local/lib/python3.12/site-packages/airflow/example_dags/example_skip_dag.py
[2026-01-29T02:01:28.539+0000] {logging_mixin.py:188} INFO - [2026-01-29T02:01:28.539+0000] {dag.py:3089} INFO - Sync 1 DAGs
[2026-01-29T02:01:28.565+0000] {logging_mixin.py:188} INFO - [2026-01-29T02:01:28.565+0000] {dag.py:3947} INFO - Setting next_dagrun for example_skip_dag to 2026-01-28 00:00:00+00:00, run_after=2026-01-29 00:00:00+00:00
[2026-01-29T02:01:28.585+0000] {processor.py:183} INFO - Processing /home/airflow/.local/lib/python3.12/site-packages/airflow/example_dags/example_skip_dag.py took 0.084 seconds
[2026-01-29T02:01:58.751+0000] {processor.py:161} INFO - Started process (PID=77121) to work on /home/airflow/.local/lib/python3.12/site-packages/airflow/example_dags/example_skip_dag.py
[2026-01-29T02:01:58.752+0000] {processor.py:830} INFO - Processing file /home/airflow/.local/lib/python3.12/site-packages/airflow/example_dags/example_skip_dag.py for tasks to queue
[2026-01-29T02:01:58.755+0000] {logging_mixin.py:188} INFO - [2026-01-29T02:01:58.754+0000] {dagbag.py:545} INFO - Filling up the DagBag from /home/airflow/.local/lib/python3.12/site-packages/airflow/example_dags/example_skip_dag.py
[2026-01-29T02:01:58.762+0000] {processor.py:840} INFO - DAG(s) 'example_skip_dag' retrieved from /home/airflow/.local/lib/python3.12/site-packages/airflow/example_dags/example_skip_dag.py
[2026-01-29T02:01:58.789+0000] {logging_mixin.py:188} INFO - [2026-01-29T02:01:58.789+0000] {dag.py:3089} INFO - Sync 1 DAGs
[2026-01-29T02:01:58.815+0000] {logging_mixin.py:188} INFO - [2026-01-29T02:01:58.814+0000] {dag.py:3947} INFO - Setting next_dagrun for example_skip_dag to 2026-01-28 00:00:00+00:00, run_after=2026-01-29 00:00:00+00:00
[2026-01-29T02:01:58.835+0000] {processor.py:183} INFO - Processing /home/airflow/.local/lib/python3.12/site-packages/airflow/example_dags/example_skip_dag.py took 0.091 seconds
[2026-01-29T02:02:28.995+0000] {processor.py:161} INFO - Started process (PID=77185) to work on /home/airflow/.local/lib/python3.12/site-packages/airflow/example_dags/example_skip_dag.py
[2026-01-29T02:02:28.996+0000] {processor.py:830} INFO - Processing file /home/airflow/.local/lib/python3.12/site-packages/airflow/example_dags/example_skip_dag.py for tasks to queue
[2026-01-29T02:02:28.998+0000] {logging_mixin.py:188} INFO - [2026-01-29T02:02:28.997+0000] {dagbag.py:545} INFO - Filling up the DagBag from /home/airflow/.local/lib/python3.12/site-packages/airflow/example_dags/example_skip_dag.py
[2026-01-29T02:02:29.007+0000] {processor.py:840} INFO - DAG(s) 'example_skip_dag' retrieved from /home/airflow/.local/lib/python3.12/site-packages/airflow/example_dags/example_skip_dag.py
[2026-01-29T02:02:29.029+0000] {logging_mixin.py:188} INFO - [2026-01-29T02:02:29.029+0000] {dag.py:3089} INFO - Sync 1 DAGs
[2026-01-29T02:02:29.053+0000] {logging_mixin.py:188} INFO - [2026-01-29T02:02:29.053+0000] {dag.py:3947} INFO - Setting next_dagrun for example_skip_dag to 2026-01-28 00:00:00+00:00, run_after=2026-01-29 00:00:00+00:00
[2026-01-29T02:02:29.074+0000] {processor.py:183} INFO - Processing /home/airflow/.local/lib/python3.12/site-packages/airflow/example_dags/example_skip_dag.py took 0.087 seconds
[2026-01-29T02:02:59.426+0000] {processor.py:161} INFO - Started process (PID=77244) to work on /home/airflow/.local/lib/python3.12/site-packages/airflow/example_dags/example_skip_dag.py
[2026-01-29T02:02:59.428+0000] {processor.py:830} INFO - Processing file /home/airflow/.local/lib/python3.12/site-packages/airflow/example_dags/example_skip_dag.py for tasks to queue
[2026-01-29T02:02:59.430+0000] {logging_mixin.py:188} INFO - [2026-01-29T02:02:59.429+0000] {dagbag.py:545} INFO - Filling up the DagBag from /home/airflow/.local/lib/python3.12/site-packages/airflow/example_dags/example_skip_dag.py
[2026-01-29T02:02:59.437+0000] {processor.py:840} INFO - DAG(s) 'example_skip_dag' retrieved from /home/airflow/.local/lib/python3.12/site-packages/airflow/example_dags/example_skip_dag.py
[2026-01-29T02:02:59.461+0000] {logging_mixin.py:188} INFO - [2026-01-29T02:02:59.461+0000] {dag.py:3089} INFO - Sync 1 DAGs
[2026-01-29T02:02:59.486+0000] {logging_mixin.py:188} INFO - [2026-01-29T02:02:59.485+0000] {dag.py:3947} INFO - Setting next_dagrun for example_skip_dag to 2026-01-28 00:00:00+00:00, run_after=2026-01-29 00:00:00+00:00
[2026-01-29T02:02:59.506+0000] {processor.py:183} INFO - Processing /home/airflow/.local/lib/python3.12/site-packages/airflow/example_dags/example_skip_dag.py took 0.087 seconds
[2026-01-29T02:03:29.954+0000] {processor.py:161} INFO - Started process (PID=77308) to work on /home/airflow/.local/lib/python3.12/site-packages/airflow/example_dags/example_skip_dag.py
[2026-01-29T02:03:29.955+0000] {processor.py:830} INFO - Processing file /home/airflow/.local/lib/python3.12/site-packages/airflow/example_dags/example_skip_dag.py for tasks to queue
[2026-01-29T02:03:29.957+0000] {logging_mixin.py:188} INFO - [2026-01-29T02:03:29.956+0000] {dagbag.py:545} INFO - Filling up the DagBag from /home/airflow/.local/lib/python3.12/site-packages/airflow/example_dags/example_skip_dag.py
[2026-01-29T02:03:29.964+0000] {processor.py:840} INFO - DAG(s) 'example_skip_dag' retrieved from /home/airflow/.local/lib/python3.12/site-packages/airflow/example_dags/example_skip_dag.py
[2026-01-29T02:03:29.993+0000] {logging_mixin.py:188} INFO - [2026-01-29T02:03:29.993+0000] {dag.py:3089} INFO - Sync 1 DAGs
[2026-01-29T02:03:30.022+0000] {logging_mixin.py:188} INFO - [2026-01-29T02:03:30.022+0000] {dag.py:3947} INFO - Setting next_dagrun for example_skip_dag to 2026-01-28 00:00:00+00:00, run_after=2026-01-29 00:00:00+00:00
[2026-01-29T02:03:30.043+0000] {processor.py:183} INFO - Processing /home/airflow/.local/lib/python3.12/site-packages/airflow/example_dags/example_skip_dag.py took 0.096 seconds
[2026-01-29T02:04:00.502+0000] {processor.py:161} INFO - Started process (PID=77367) to work on /home/airflow/.local/lib/python3.12/site-packages/airflow/example_dags/example_skip_dag.py
[2026-01-29T02:04:00.503+0000] {processor.py:830} INFO - Processing file /home/airflow/.local/lib/python3.12/site-packages/airflow/example_dags/example_skip_dag.py for tasks to queue
[2026-01-29T02:04:00.505+0000] {logging_mixin.py:188} INFO - [2026-01-29T02:04:00.505+0000] {dagbag.py:545} INFO - Filling up the DagBag from /home/airflow/.local/lib/python3.12/site-packages/airflow/example_dags/example_skip_dag.py
[2026-01-29T02:04:00.513+0000] {processor.py:840} INFO - DAG(s) 'example_skip_dag' retrieved from /home/airflow/.local/lib/python3.12/site-packages/airflow/example_dags/example_skip_dag.py
[2026-01-29T02:04:00.535+0000] {logging_mixin.py:188} INFO - [2026-01-29T02:04:00.535+0000] {dag.py:3089} INFO - Sync 1 DAGs
[2026-01-29T02:04:00.562+0000] {logging_mixin.py:188} INFO - [2026-01-29T02:04:00.561+0000] {dag.py:3947} INFO - Setting next_dagrun for example_skip_dag to 2026-01-28 00:00:00+00:00, run_after=2026-01-29 00:00:00+00:00
[2026-01-29T02:04:00.581+0000] {processor.py:183} INFO - Processing /home/airflow/.local/lib/python3.12/site-packages/airflow/example_dags/example_skip_dag.py took 0.087 seconds
[2026-01-29T02:04:30.734+0000] {processor.py:161} INFO - Started process (PID=77431) to work on /home/airflow/.local/lib/python3.12/site-packages/airflow/example_dags/example_skip_dag.py
[2026-01-29T02:04:30.735+0000] {processor.py:830} INFO - Processing file /home/airflow/.local/lib/python3.12/site-packages/airflow/example_dags/example_skip_dag.py for tasks to queue
[2026-01-29T02:04:30.737+0000] {logging_mixin.py:188} INFO - [2026-01-29T02:04:30.737+0000] {dagbag.py:545} INFO - Filling up the DagBag from /home/airflow/.local/lib/python3.12/site-packages/airflow/example_dags/example_skip_dag.py
[2026-01-29T02:04:30.744+0000] {processor.py:840} INFO - DAG(s) 'example_skip_dag' retrieved from /home/airflow/.local/lib/python3.12/site-packages/airflow/example_dags/example_skip_dag.py
[2026-01-29T02:04:30.768+0000] {logging_mixin.py:188} INFO - [2026-01-29T02:04:30.768+0000] {dag.py:3089} INFO - Sync 1 DAGs
[2026-01-29T02:04:30.792+0000] {logging_mixin.py:188} INFO - [2026-01-29T02:04:30.792+0000] {dag.py:3947} INFO - Setting next_dagrun for example_skip_dag to 2026-01-28 00:00:00+00:00, run_after=2026-01-29 00:00:00+00:00
[2026-01-29T02:04:30.812+0000] {processor.py:183} INFO - Processing /home/airflow/.local/lib/python3.12/site-packages/airflow/example_dags/example_skip_dag.py took 0.085 seconds
[2026-01-29T02:05:01.134+0000] {processor.py:161} INFO - Started process (PID=77495) to work on /home/airflow/.local/lib/python3.12/site-packages/airflow/example_dags/example_skip_dag.py
[2026-01-29T02:05:01.135+0000] {processor.py:830} INFO - Processing file /home/airflow/.local/lib/python3.12/site-packages/airflow/example_dags/example_skip_dag.py for tasks to queue
[2026-01-29T02:05:01.137+0000] {logging_mixin.py:188} INFO - [2026-01-29T02:05:01.137+0000] {dagbag.py:545} INFO - Filling up the DagBag from /home/airflow/.local/lib/python3.12/site-packages/airflow/example_dags/example_skip_dag.py
[2026-01-29T02:05:01.146+0000] {processor.py:840} INFO - DAG(s) 'example_skip_dag' retrieved from /home/airflow/.local/lib/python3.12/site-packages/airflow/example_dags/example_skip_dag.py
[2026-01-29T02:05:01.167+0000] {logging_mixin.py:188} INFO - [2026-01-29T02:05:01.167+0000] {dag.py:3089} INFO - Sync 1 DAGs
[2026-01-29T02:05:01.192+0000] {logging_mixin.py:188} INFO - [2026-01-29T02:05:01.192+0000] {dag.py:3947} INFO - Setting next_dagrun for example_skip_dag to 2026-01-28 00:00:00+00:00, run_after=2026-01-29 00:00:00+00:00
[2026-01-29T02:05:01.212+0000] {processor.py:183} INFO - Processing /home/airflow/.local/lib/python3.12/site-packages/airflow/example_dags/example_skip_dag.py took 0.088 seconds
[2026-01-29T02:05:31.487+0000] {processor.py:161} INFO - Started process (PID=77554) to work on /home/airflow/.local/lib/python3.12/site-packages/airflow/example_dags/example_skip_dag.py
[2026-01-29T02:05:31.488+0000] {processor.py:830} INFO - Processing file /home/airflow/.local/lib/python3.12/site-packages/airflow/example_dags/example_skip_dag.py for tasks to queue
[2026-01-29T02:05:31.489+0000] {logging_mixin.py:188} INFO - [2026-01-29T02:05:31.489+0000] {dagbag.py:545} INFO - Filling up the DagBag from /home/airflow/.local/lib/python3.12/site-packages/airflow/example_dags/example_skip_dag.py
[2026-01-29T02:05:31.496+0000] {processor.py:840} INFO - DAG(s) 'example_skip_dag' retrieved from /home/airflow/.local/lib/python3.12/site-packages/airflow/example_dags/example_skip_dag.py
[2026-01-29T02:05:31.518+0000] {logging_mixin.py:188} INFO - [2026-01-29T02:05:31.518+0000] {dag.py:3089} INFO - Sync 1 DAGs
[2026-01-29T02:05:31.543+0000] {logging_mixin.py:188} INFO - [2026-01-29T02:05:31.543+0000] {dag.py:3947} INFO - Setting next_dagrun for example_skip_dag to 2026-01-28 00:00:00+00:00, run_after=2026-01-29 00:00:00+00:00
[2026-01-29T02:05:31.565+0000] {processor.py:183} INFO - Processing /home/airflow/.local/lib/python3.12/site-packages/airflow/example_dags/example_skip_dag.py took 0.084 seconds
[2026-01-29T02:06:01.839+0000] {processor.py:161} INFO - Started process (PID=77618) to work on /home/airflow/.local/lib/python3.12/site-packages/airflow/example_dags/example_skip_dag.py
[2026-01-29T02:06:01.841+0000] {processor.py:830} INFO - Processing file /home/airflow/.local/lib/python3.12/site-packages/airflow/example_dags/example_skip_dag.py for tasks to queue
[2026-01-29T02:06:01.844+0000] {logging_mixin.py:188} INFO - [2026-01-29T02:06:01.843+0000] {dagbag.py:545} INFO - Filling up the DagBag from /home/airflow/.local/lib/python3.12/site-packages/airflow/example_dags/example_skip_dag.py
[2026-01-29T02:06:01.853+0000] {processor.py:840} INFO - DAG(s) 'example_skip_dag' retrieved from /home/airflow/.local/lib/python3.12/site-packages/airflow/example_dags/example_skip_dag.py
[2026-01-29T02:06:01.883+0000] {logging_mixin.py:188} INFO - [2026-01-29T02:06:01.883+0000] {dag.py:3089} INFO - Sync 1 DAGs
[2026-01-29T02:06:01.919+0000] {logging_mixin.py:188} INFO - [2026-01-29T02:06:01.919+0000] {dag.py:3947} INFO - Setting next_dagrun for example_skip_dag to 2026-01-28 00:00:00+00:00, run_after=2026-01-29 00:00:00+00:00
[2026-01-29T02:06:01.946+0000] {processor.py:183} INFO - Processing /home/airflow/.local/lib/python3.12/site-packages/airflow/example_dags/example_skip_dag.py took 0.116 seconds
[2026-01-29T02:06:32.481+0000] {processor.py:161} INFO - Started process (PID=77677) to work on /home/airflow/.local/lib/python3.12/site-packages/airflow/example_dags/example_skip_dag.py
[2026-01-29T02:06:32.482+0000] {processor.py:830} INFO - Processing file /home/airflow/.local/lib/python3.12/site-packages/airflow/example_dags/example_skip_dag.py for tasks to queue
[2026-01-29T02:06:32.484+0000] {logging_mixin.py:188} INFO - [2026-01-29T02:06:32.484+0000] {dagbag.py:545} INFO - Filling up the DagBag from /home/airflow/.local/lib/python3.12/site-packages/airflow/example_dags/example_skip_dag.py
[2026-01-29T02:06:32.491+0000] {processor.py:840} INFO - DAG(s) 'example_skip_dag' retrieved from /home/airflow/.local/lib/python3.12/site-packages/airflow/example_dags/example_skip_dag.py
[2026-01-29T02:06:32.512+0000] {logging_mixin.py:188} INFO - [2026-01-29T02:06:32.512+0000] {dag.py:3089} INFO - Sync 1 DAGs
[2026-01-29T02:06:32.535+0000] {logging_mixin.py:188} INFO - [2026-01-29T02:06:32.535+0000] {dag.py:3947} INFO - Setting next_dagrun for example_skip_dag to 2026-01-28 00:00:00+00:00, run_after=2026-01-29 00:00:00+00:00
[2026-01-29T02:06:32.555+0000] {processor.py:183} INFO - Processing /home/airflow/.local/lib/python3.12/site-packages/airflow/example_dags/example_skip_dag.py took 0.080 seconds
[2026-01-29T02:07:02.912+0000] {processor.py:161} INFO - Started process (PID=77741) to work on /home/airflow/.local/lib/python3.12/site-packages/airflow/example_dags/example_skip_dag.py
[2026-01-29T02:07:02.913+0000] {processor.py:830} INFO - Processing file /home/airflow/.local/lib/python3.12/site-packages/airflow/example_dags/example_skip_dag.py for tasks to queue
[2026-01-29T02:07:02.915+0000] {logging_mixin.py:188} INFO - [2026-01-29T02:07:02.915+0000] {dagbag.py:545} INFO - Filling up the DagBag from /home/airflow/.local/lib/python3.12/site-packages/airflow/example_dags/example_skip_dag.py
[2026-01-29T02:07:02.921+0000] {processor.py:840} INFO - DAG(s) 'example_skip_dag' retrieved from /home/airflow/.local/lib/python3.12/site-packages/airflow/example_dags/example_skip_dag.py
[2026-01-29T02:07:02.943+0000] {logging_mixin.py:188} INFO - [2026-01-29T02:07:02.942+0000] {dag.py:3089} INFO - Sync 1 DAGs
[2026-01-29T02:07:02.968+0000] {logging_mixin.py:188} INFO - [2026-01-29T02:07:02.967+0000] {dag.py:3947} INFO - Setting next_dagrun for example_skip_dag to 2026-01-28 00:00:00+00:00, run_after=2026-01-29 00:00:00+00:00
[2026-01-29T02:07:02.987+0000] {processor.py:183} INFO - Processing /home/airflow/.local/lib/python3.12/site-packages/airflow/example_dags/example_skip_dag.py took 0.081 seconds
[2026-01-29T02:07:33.221+0000] {processor.py:161} INFO - Started process (PID=77800) to work on /home/airflow/.local/lib/python3.12/site-packages/airflow/example_dags/example_skip_dag.py
[2026-01-29T02:07:33.223+0000] {processor.py:830} INFO - Processing file /home/airflow/.local/lib/python3.12/site-packages/airflow/example_dags/example_skip_dag.py for tasks to queue
[2026-01-29T02:07:33.225+0000] {logging_mixin.py:188} INFO - [2026-01-29T02:07:33.224+0000] {dagbag.py:545} INFO - Filling up the DagBag from /home/airflow/.local/lib/python3.12/site-packages/airflow/example_dags/example_skip_dag.py
[2026-01-29T02:07:33.232+0000] {processor.py:840} INFO - DAG(s) 'example_skip_dag' retrieved from /home/airflow/.local/lib/python3.12/site-packages/airflow/example_dags/example_skip_dag.py
[2026-01-29T02:07:33.255+0000] {logging_mixin.py:188} INFO - [2026-01-29T02:07:33.254+0000] {dag.py:3089} INFO - Sync 1 DAGs
[2026-01-29T02:07:33.278+0000] {logging_mixin.py:188} INFO - [2026-01-29T02:07:33.278+0000] {dag.py:3947} INFO - Setting next_dagrun for example_skip_dag to 2026-01-28 00:00:00+00:00, run_after=2026-01-29 00:00:00+00:00
[2026-01-29T02:07:33.297+0000] {processor.py:183} INFO - Processing /home/airflow/.local/lib/python3.12/site-packages/airflow/example_dags/example_skip_dag.py took 0.083 seconds
[2026-01-29T02:08:03.413+0000] {processor.py:161} INFO - Started process (PID=77864) to work on /home/airflow/.local/lib/python3.12/site-packages/airflow/example_dags/example_skip_dag.py
[2026-01-29T02:08:03.414+0000] {processor.py:830} INFO - Processing file /home/airflow/.local/lib/python3.12/site-packages/airflow/example_dags/example_skip_dag.py for tasks to queue
[2026-01-29T02:08:03.416+0000] {logging_mixin.py:188} INFO - [2026-01-29T02:08:03.415+0000] {dagbag.py:545} INFO - Filling up the DagBag from /home/airflow/.local/lib/python3.12/site-packages/airflow/example_dags/example_skip_dag.py
[2026-01-29T02:08:03.423+0000] {processor.py:840} INFO - DAG(s) 'example_skip_dag' retrieved from /home/airflow/.local/lib/python3.12/site-packages/airflow/example_dags/example_skip_dag.py
[2026-01-29T02:08:03.451+0000] {logging_mixin.py:188} INFO - [2026-01-29T02:08:03.451+0000] {dag.py:3089} INFO - Sync 1 DAGs
[2026-01-29T02:08:03.484+0000] {logging_mixin.py:188} INFO - [2026-01-29T02:08:03.483+0000] {dag.py:3947} INFO - Setting next_dagrun for example_skip_dag to 2026-01-28 00:00:00+00:00, run_after=2026-01-29 00:00:00+00:00
[2026-01-29T02:08:03.510+0000] {processor.py:183} INFO - Processing /home/airflow/.local/lib/python3.12/site-packages/airflow/example_dags/example_skip_dag.py took 0.103 seconds
[2026-01-29T02:08:33.742+0000] {processor.py:161} INFO - Started process (PID=77923) to work on /home/airflow/.local/lib/python3.12/site-packages/airflow/example_dags/example_skip_dag.py
[2026-01-29T02:08:33.743+0000] {processor.py:830} INFO - Processing file /home/airflow/.local/lib/python3.12/site-packages/airflow/example_dags/example_skip_dag.py for tasks to queue
[2026-01-29T02:08:33.745+0000] {logging_mixin.py:188} INFO - [2026-01-29T02:08:33.744+0000] {dagbag.py:545} INFO - Filling up the DagBag from /home/airflow/.local/lib/python3.12/site-packages/airflow/example_dags/example_skip_dag.py
[2026-01-29T02:08:33.752+0000] {processor.py:840} INFO - DAG(s) 'example_skip_dag' retrieved from /home/airflow/.local/lib/python3.12/site-packages/airflow/example_dags/example_skip_dag.py
[2026-01-29T02:08:33.775+0000] {logging_mixin.py:188} INFO - [2026-01-29T02:08:33.774+0000] {dag.py:3089} INFO - Sync 1 DAGs
[2026-01-29T02:08:33.799+0000] {logging_mixin.py:188} INFO - [2026-01-29T02:08:33.799+0000] {dag.py:3947} INFO - Setting next_dagrun for example_skip_dag to 2026-01-28 00:00:00+00:00, run_after=2026-01-29 00:00:00+00:00
[2026-01-29T02:08:33.947+0000] {processor.py:183} INFO - Processing /home/airflow/.local/lib/python3.12/site-packages/airflow/example_dags/example_skip_dag.py took 0.213 seconds
[2026-01-29T02:09:04.270+0000] {processor.py:161} INFO - Started process (PID=77987) to work on /home/airflow/.local/lib/python3.12/site-packages/airflow/example_dags/example_skip_dag.py
[2026-01-29T02:09:04.270+0000] {processor.py:830} INFO - Processing file /home/airflow/.local/lib/python3.12/site-packages/airflow/example_dags/example_skip_dag.py for tasks to queue
[2026-01-29T02:09:04.272+0000] {logging_mixin.py:188} INFO - [2026-01-29T02:09:04.272+0000] {dagbag.py:545} INFO - Filling up the DagBag from /home/airflow/.local/lib/python3.12/site-packages/airflow/example_dags/example_skip_dag.py
[2026-01-29T02:09:04.279+0000] {processor.py:840} INFO - DAG(s) 'example_skip_dag' retrieved from /home/airflow/.local/lib/python3.12/site-packages/airflow/example_dags/example_skip_dag.py
[2026-01-29T02:09:04.310+0000] {logging_mixin.py:188} INFO - [2026-01-29T02:09:04.310+0000] {dag.py:3089} INFO - Sync 1 DAGs
[2026-01-29T02:09:04.337+0000] {logging_mixin.py:188} INFO - [2026-01-29T02:09:04.336+0000] {dag.py:3947} INFO - Setting next_dagrun for example_skip_dag to 2026-01-28 00:00:00+00:00, run_after=2026-01-29 00:00:00+00:00
[2026-01-29T02:09:04.357+0000] {processor.py:183} INFO - Processing /home/airflow/.local/lib/python3.12/site-packages/airflow/example_dags/example_skip_dag.py took 0.093 seconds
[2026-01-29T02:09:34.895+0000] {processor.py:161} INFO - Started process (PID=78046) to work on /home/airflow/.local/lib/python3.12/site-packages/airflow/example_dags/example_skip_dag.py
[2026-01-29T02:09:34.897+0000] {processor.py:830} INFO - Processing file /home/airflow/.local/lib/python3.12/site-packages/airflow/example_dags/example_skip_dag.py for tasks to queue
[2026-01-29T02:09:34.899+0000] {logging_mixin.py:188} INFO - [2026-01-29T02:09:34.899+0000] {dagbag.py:545} INFO - Filling up the DagBag from /home/airflow/.local/lib/python3.12/site-packages/airflow/example_dags/example_skip_dag.py
[2026-01-29T02:09:34.909+0000] {processor.py:840} INFO - DAG(s) 'example_skip_dag' retrieved from /home/airflow/.local/lib/python3.12/site-packages/airflow/example_dags/example_skip_dag.py
[2026-01-29T02:09:34.934+0000] {logging_mixin.py:188} INFO - [2026-01-29T02:09:34.933+0000] {dag.py:3089} INFO - Sync 1 DAGs
[2026-01-29T02:09:34.958+0000] {logging_mixin.py:188} INFO - [2026-01-29T02:09:34.958+0000] {dag.py:3947} INFO - Setting next_dagrun for example_skip_dag to 2026-01-28 00:00:00+00:00, run_after=2026-01-29 00:00:00+00:00
[2026-01-29T02:09:34.977+0000] {processor.py:183} INFO - Processing /home/airflow/.local/lib/python3.12/site-packages/airflow/example_dags/example_skip_dag.py took 0.091 seconds
[2026-01-29T02:10:05.238+0000] {processor.py:161} INFO - Started process (PID=78108) to work on /home/airflow/.local/lib/python3.12/site-packages/airflow/example_dags/example_skip_dag.py
[2026-01-29T02:10:05.239+0000] {processor.py:830} INFO - Processing file /home/airflow/.local/lib/python3.12/site-packages/airflow/example_dags/example_skip_dag.py for tasks to queue
[2026-01-29T02:10:05.241+0000] {logging_mixin.py:188} INFO - [2026-01-29T02:10:05.241+0000] {dagbag.py:545} INFO - Filling up the DagBag from /home/airflow/.local/lib/python3.12/site-packages/airflow/example_dags/example_skip_dag.py
[2026-01-29T02:10:05.248+0000] {processor.py:840} INFO - DAG(s) 'example_skip_dag' retrieved from /home/airflow/.local/lib/python3.12/site-packages/airflow/example_dags/example_skip_dag.py
[2026-01-29T02:10:05.270+0000] {logging_mixin.py:188} INFO - [2026-01-29T02:10:05.270+0000] {dag.py:3089} INFO - Sync 1 DAGs
[2026-01-29T02:10:05.296+0000] {logging_mixin.py:188} INFO - [2026-01-29T02:10:05.296+0000] {dag.py:3947} INFO - Setting next_dagrun for example_skip_dag to 2026-01-28 00:00:00+00:00, run_after=2026-01-29 00:00:00+00:00
[2026-01-29T02:10:05.316+0000] {processor.py:183} INFO - Processing /home/airflow/.local/lib/python3.12/site-packages/airflow/example_dags/example_skip_dag.py took 0.085 seconds
[2026-01-29T02:10:35.428+0000] {processor.py:161} INFO - Started process (PID=78167) to work on /home/airflow/.local/lib/python3.12/site-packages/airflow/example_dags/example_skip_dag.py
[2026-01-29T02:10:35.429+0000] {processor.py:830} INFO - Processing file /home/airflow/.local/lib/python3.12/site-packages/airflow/example_dags/example_skip_dag.py for tasks to queue
[2026-01-29T02:10:35.431+0000] {logging_mixin.py:188} INFO - [2026-01-29T02:10:35.431+0000] {dagbag.py:545} INFO - Filling up the DagBag from /home/airflow/.local/lib/python3.12/site-packages/airflow/example_dags/example_skip_dag.py
[2026-01-29T02:10:35.439+0000] {processor.py:840} INFO - DAG(s) 'example_skip_dag' retrieved from /home/airflow/.local/lib/python3.12/site-packages/airflow/example_dags/example_skip_dag.py
[2026-01-29T02:10:35.463+0000] {logging_mixin.py:188} INFO - [2026-01-29T02:10:35.463+0000] {dag.py:3089} INFO - Sync 1 DAGs
[2026-01-29T02:10:35.612+0000] {logging_mixin.py:188} INFO - [2026-01-29T02:10:35.612+0000] {dag.py:3947} INFO - Setting next_dagrun for example_skip_dag to 2026-01-28 00:00:00+00:00, run_after=2026-01-29 00:00:00+00:00
[2026-01-29T02:10:35.630+0000] {processor.py:183} INFO - Processing /home/airflow/.local/lib/python3.12/site-packages/airflow/example_dags/example_skip_dag.py took 0.209 seconds
[2026-01-29T02:11:05.803+0000] {processor.py:161} INFO - Started process (PID=78231) to work on /home/airflow/.local/lib/python3.12/site-packages/airflow/example_dags/example_skip_dag.py
[2026-01-29T02:11:05.803+0000] {processor.py:830} INFO - Processing file /home/airflow/.local/lib/python3.12/site-packages/airflow/example_dags/example_skip_dag.py for tasks to queue
[2026-01-29T02:11:05.805+0000] {logging_mixin.py:188} INFO - [2026-01-29T02:11:05.805+0000] {dagbag.py:545} INFO - Filling up the DagBag from /home/airflow/.local/lib/python3.12/site-packages/airflow/example_dags/example_skip_dag.py
[2026-01-29T02:11:05.812+0000] {processor.py:840} INFO - DAG(s) 'example_skip_dag' retrieved from /home/airflow/.local/lib/python3.12/site-packages/airflow/example_dags/example_skip_dag.py
[2026-01-29T02:11:05.836+0000] {logging_mixin.py:188} INFO - [2026-01-29T02:11:05.835+0000] {dag.py:3089} INFO - Sync 1 DAGs
[2026-01-29T02:11:05.861+0000] {logging_mixin.py:188} INFO - [2026-01-29T02:11:05.861+0000] {dag.py:3947} INFO - Setting next_dagrun for example_skip_dag to 2026-01-28 00:00:00+00:00, run_after=2026-01-29 00:00:00+00:00
[2026-01-29T02:11:05.881+0000] {processor.py:183} INFO - Processing /home/airflow/.local/lib/python3.12/site-packages/airflow/example_dags/example_skip_dag.py took 0.086 seconds
[2026-01-29T02:11:36.127+0000] {processor.py:161} INFO - Started process (PID=78290) to work on /home/airflow/.local/lib/python3.12/site-packages/airflow/example_dags/example_skip_dag.py
[2026-01-29T02:11:36.128+0000] {processor.py:830} INFO - Processing file /home/airflow/.local/lib/python3.12/site-packages/airflow/example_dags/example_skip_dag.py for tasks to queue
[2026-01-29T02:11:36.130+0000] {logging_mixin.py:188} INFO - [2026-01-29T02:11:36.130+0000] {dagbag.py:545} INFO - Filling up the DagBag from /home/airflow/.local/lib/python3.12/site-packages/airflow/example_dags/example_skip_dag.py
[2026-01-29T02:11:36.138+0000] {processor.py:840} INFO - DAG(s) 'example_skip_dag' retrieved from /home/airflow/.local/lib/python3.12/site-packages/airflow/example_dags/example_skip_dag.py
[2026-01-29T02:11:36.159+0000] {logging_mixin.py:188} INFO - [2026-01-29T02:11:36.159+0000] {dag.py:3089} INFO - Sync 1 DAGs
[2026-01-29T02:11:36.181+0000] {logging_mixin.py:188} INFO - [2026-01-29T02:11:36.181+0000] {dag.py:3947} INFO - Setting next_dagrun for example_skip_dag to 2026-01-28 00:00:00+00:00, run_after=2026-01-29 00:00:00+00:00
[2026-01-29T02:11:36.200+0000] {processor.py:183} INFO - Processing /home/airflow/.local/lib/python3.12/site-packages/airflow/example_dags/example_skip_dag.py took 0.081 seconds
[2026-01-29T02:12:06.392+0000] {processor.py:161} INFO - Started process (PID=78354) to work on /home/airflow/.local/lib/python3.12/site-packages/airflow/example_dags/example_skip_dag.py
[2026-01-29T02:12:06.393+0000] {processor.py:830} INFO - Processing file /home/airflow/.local/lib/python3.12/site-packages/airflow/example_dags/example_skip_dag.py for tasks to queue
[2026-01-29T02:12:06.395+0000] {logging_mixin.py:188} INFO - [2026-01-29T02:12:06.395+0000] {dagbag.py:545} INFO - Filling up the DagBag from /home/airflow/.local/lib/python3.12/site-packages/airflow/example_dags/example_skip_dag.py
[2026-01-29T02:12:06.402+0000] {processor.py:840} INFO - DAG(s) 'example_skip_dag' retrieved from /home/airflow/.local/lib/python3.12/site-packages/airflow/example_dags/example_skip_dag.py
[2026-01-29T02:12:06.425+0000] {logging_mixin.py:188} INFO - [2026-01-29T02:12:06.424+0000] {dag.py:3089} INFO - Sync 1 DAGs
[2026-01-29T02:12:06.450+0000] {logging_mixin.py:188} INFO - [2026-01-29T02:12:06.449+0000] {dag.py:3947} INFO - Setting next_dagrun for example_skip_dag to 2026-01-28 00:00:00+00:00, run_after=2026-01-29 00:00:00+00:00
[2026-01-29T02:12:06.471+0000] {processor.py:183} INFO - Processing /home/airflow/.local/lib/python3.12/site-packages/airflow/example_dags/example_skip_dag.py took 0.084 seconds
[2026-01-29T02:12:36.529+0000] {processor.py:161} INFO - Started process (PID=78412) to work on /home/airflow/.local/lib/python3.12/site-packages/airflow/example_dags/example_skip_dag.py
[2026-01-29T02:12:36.530+0000] {processor.py:830} INFO - Processing file /home/airflow/.local/lib/python3.12/site-packages/airflow/example_dags/example_skip_dag.py for tasks to queue
[2026-01-29T02:12:36.532+0000] {logging_mixin.py:188} INFO - [2026-01-29T02:12:36.532+0000] {dagbag.py:545} INFO - Filling up the DagBag from /home/airflow/.local/lib/python3.12/site-packages/airflow/example_dags/example_skip_dag.py
[2026-01-29T02:12:36.538+0000] {processor.py:840} INFO - DAG(s) 'example_skip_dag' retrieved from /home/airflow/.local/lib/python3.12/site-packages/airflow/example_dags/example_skip_dag.py
[2026-01-29T02:12:36.560+0000] {logging_mixin.py:188} INFO - [2026-01-29T02:12:36.560+0000] {dag.py:3089} INFO - Sync 1 DAGs
[2026-01-29T02:12:36.584+0000] {logging_mixin.py:188} INFO - [2026-01-29T02:12:36.583+0000] {dag.py:3947} INFO - Setting next_dagrun for example_skip_dag to 2026-01-28 00:00:00+00:00, run_after=2026-01-29 00:00:00+00:00
[2026-01-29T02:12:36.603+0000] {processor.py:183} INFO - Processing /home/airflow/.local/lib/python3.12/site-packages/airflow/example_dags/example_skip_dag.py took 0.080 seconds
[2026-01-29T02:13:07.104+0000] {processor.py:161} INFO - Started process (PID=78482) to work on /home/airflow/.local/lib/python3.12/site-packages/airflow/example_dags/example_skip_dag.py
[2026-01-29T02:13:07.105+0000] {processor.py:830} INFO - Processing file /home/airflow/.local/lib/python3.12/site-packages/airflow/example_dags/example_skip_dag.py for tasks to queue
[2026-01-29T02:13:07.107+0000] {logging_mixin.py:188} INFO - [2026-01-29T02:13:07.106+0000] {dagbag.py:545} INFO - Filling up the DagBag from /home/airflow/.local/lib/python3.12/site-packages/airflow/example_dags/example_skip_dag.py
[2026-01-29T02:13:07.113+0000] {processor.py:840} INFO - DAG(s) 'example_skip_dag' retrieved from /home/airflow/.local/lib/python3.12/site-packages/airflow/example_dags/example_skip_dag.py
[2026-01-29T02:13:07.135+0000] {logging_mixin.py:188} INFO - [2026-01-29T02:13:07.135+0000] {dag.py:3089} INFO - Sync 1 DAGs
[2026-01-29T02:13:07.159+0000] {logging_mixin.py:188} INFO - [2026-01-29T02:13:07.158+0000] {dag.py:3947} INFO - Setting next_dagrun for example_skip_dag to 2026-01-28 00:00:00+00:00, run_after=2026-01-29 00:00:00+00:00
[2026-01-29T02:13:07.178+0000] {processor.py:183} INFO - Processing /home/airflow/.local/lib/python3.12/site-packages/airflow/example_dags/example_skip_dag.py took 0.080 seconds
[2026-01-29T02:13:37.475+0000] {processor.py:161} INFO - Started process (PID=78535) to work on /home/airflow/.local/lib/python3.12/site-packages/airflow/example_dags/example_skip_dag.py
[2026-01-29T02:13:37.476+0000] {processor.py:830} INFO - Processing file /home/airflow/.local/lib/python3.12/site-packages/airflow/example_dags/example_skip_dag.py for tasks to queue
[2026-01-29T02:13:37.478+0000] {logging_mixin.py:188} INFO - [2026-01-29T02:13:37.478+0000] {dagbag.py:545} INFO - Filling up the DagBag from /home/airflow/.local/lib/python3.12/site-packages/airflow/example_dags/example_skip_dag.py
[2026-01-29T02:13:37.485+0000] {processor.py:840} INFO - DAG(s) 'example_skip_dag' retrieved from /home/airflow/.local/lib/python3.12/site-packages/airflow/example_dags/example_skip_dag.py
[2026-01-29T02:13:37.507+0000] {logging_mixin.py:188} INFO - [2026-01-29T02:13:37.507+0000] {dag.py:3089} INFO - Sync 1 DAGs
[2026-01-29T02:13:37.532+0000] {logging_mixin.py:188} INFO - [2026-01-29T02:13:37.532+0000] {dag.py:3947} INFO - Setting next_dagrun for example_skip_dag to 2026-01-28 00:00:00+00:00, run_after=2026-01-29 00:00:00+00:00
[2026-01-29T02:13:37.552+0000] {processor.py:183} INFO - Processing /home/airflow/.local/lib/python3.12/site-packages/airflow/example_dags/example_skip_dag.py took 0.085 seconds
[2026-01-29T02:14:07.753+0000] {processor.py:161} INFO - Started process (PID=78599) to work on /home/airflow/.local/lib/python3.12/site-packages/airflow/example_dags/example_skip_dag.py
[2026-01-29T02:14:07.754+0000] {processor.py:830} INFO - Processing file /home/airflow/.local/lib/python3.12/site-packages/airflow/example_dags/example_skip_dag.py for tasks to queue
[2026-01-29T02:14:07.755+0000] {logging_mixin.py:188} INFO - [2026-01-29T02:14:07.755+0000] {dagbag.py:545} INFO - Filling up the DagBag from /home/airflow/.local/lib/python3.12/site-packages/airflow/example_dags/example_skip_dag.py
[2026-01-29T02:14:07.762+0000] {processor.py:840} INFO - DAG(s) 'example_skip_dag' retrieved from /home/airflow/.local/lib/python3.12/site-packages/airflow/example_dags/example_skip_dag.py
[2026-01-29T02:14:07.789+0000] {logging_mixin.py:188} INFO - [2026-01-29T02:14:07.789+0000] {dag.py:3089} INFO - Sync 1 DAGs
[2026-01-29T02:14:07.814+0000] {logging_mixin.py:188} INFO - [2026-01-29T02:14:07.813+0000] {dag.py:3947} INFO - Setting next_dagrun for example_skip_dag to 2026-01-28 00:00:00+00:00, run_after=2026-01-29 00:00:00+00:00
[2026-01-29T02:14:07.834+0000] {processor.py:183} INFO - Processing /home/airflow/.local/lib/python3.12/site-packages/airflow/example_dags/example_skip_dag.py took 0.087 seconds
[2026-01-29T02:14:38.038+0000] {processor.py:161} INFO - Started process (PID=78658) to work on /home/airflow/.local/lib/python3.12/site-packages/airflow/example_dags/example_skip_dag.py
[2026-01-29T02:14:38.039+0000] {processor.py:830} INFO - Processing file /home/airflow/.local/lib/python3.12/site-packages/airflow/example_dags/example_skip_dag.py for tasks to queue
[2026-01-29T02:14:38.041+0000] {logging_mixin.py:188} INFO - [2026-01-29T02:14:38.041+0000] {dagbag.py:545} INFO - Filling up the DagBag from /home/airflow/.local/lib/python3.12/site-packages/airflow/example_dags/example_skip_dag.py
[2026-01-29T02:14:38.049+0000] {processor.py:840} INFO - DAG(s) 'example_skip_dag' retrieved from /home/airflow/.local/lib/python3.12/site-packages/airflow/example_dags/example_skip_dag.py
[2026-01-29T02:14:38.071+0000] {logging_mixin.py:188} INFO - [2026-01-29T02:14:38.071+0000] {dag.py:3089} INFO - Sync 1 DAGs
[2026-01-29T02:14:38.095+0000] {logging_mixin.py:188} INFO - [2026-01-29T02:14:38.095+0000] {dag.py:3947} INFO - Setting next_dagrun for example_skip_dag to 2026-01-28 00:00:00+00:00, run_after=2026-01-29 00:00:00+00:00
[2026-01-29T02:14:38.116+0000] {processor.py:183} INFO - Processing /home/airflow/.local/lib/python3.12/site-packages/airflow/example_dags/example_skip_dag.py took 0.085 seconds
[2026-01-29T02:15:08.455+0000] {processor.py:161} INFO - Started process (PID=78722) to work on /home/airflow/.local/lib/python3.12/site-packages/airflow/example_dags/example_skip_dag.py
[2026-01-29T02:15:08.455+0000] {processor.py:830} INFO - Processing file /home/airflow/.local/lib/python3.12/site-packages/airflow/example_dags/example_skip_dag.py for tasks to queue
[2026-01-29T02:15:08.457+0000] {logging_mixin.py:188} INFO - [2026-01-29T02:15:08.457+0000] {dagbag.py:545} INFO - Filling up the DagBag from /home/airflow/.local/lib/python3.12/site-packages/airflow/example_dags/example_skip_dag.py
[2026-01-29T02:15:08.464+0000] {processor.py:840} INFO - DAG(s) 'example_skip_dag' retrieved from /home/airflow/.local/lib/python3.12/site-packages/airflow/example_dags/example_skip_dag.py
[2026-01-29T02:15:08.485+0000] {logging_mixin.py:188} INFO - [2026-01-29T02:15:08.485+0000] {dag.py:3089} INFO - Sync 1 DAGs
[2026-01-29T02:15:08.507+0000] {logging_mixin.py:188} INFO - [2026-01-29T02:15:08.507+0000] {dag.py:3947} INFO - Setting next_dagrun for example_skip_dag to 2026-01-28 00:00:00+00:00, run_after=2026-01-29 00:00:00+00:00
[2026-01-29T02:15:08.528+0000] {processor.py:183} INFO - Processing /home/airflow/.local/lib/python3.12/site-packages/airflow/example_dags/example_skip_dag.py took 0.080 seconds
[2026-01-29T02:15:38.683+0000] {processor.py:161} INFO - Started process (PID=78781) to work on /home/airflow/.local/lib/python3.12/site-packages/airflow/example_dags/example_skip_dag.py
[2026-01-29T02:15:38.684+0000] {processor.py:830} INFO - Processing file /home/airflow/.local/lib/python3.12/site-packages/airflow/example_dags/example_skip_dag.py for tasks to queue
[2026-01-29T02:15:38.686+0000] {logging_mixin.py:188} INFO - [2026-01-29T02:15:38.686+0000] {dagbag.py:545} INFO - Filling up the DagBag from /home/airflow/.local/lib/python3.12/site-packages/airflow/example_dags/example_skip_dag.py
[2026-01-29T02:15:38.693+0000] {processor.py:840} INFO - DAG(s) 'example_skip_dag' retrieved from /home/airflow/.local/lib/python3.12/site-packages/airflow/example_dags/example_skip_dag.py
[2026-01-29T02:15:38.715+0000] {logging_mixin.py:188} INFO - [2026-01-29T02:15:38.715+0000] {dag.py:3089} INFO - Sync 1 DAGs
[2026-01-29T02:15:38.739+0000] {logging_mixin.py:188} INFO - [2026-01-29T02:15:38.738+0000] {dag.py:3947} INFO - Setting next_dagrun for example_skip_dag to 2026-01-28 00:00:00+00:00, run_after=2026-01-29 00:00:00+00:00
[2026-01-29T02:15:38.758+0000] {processor.py:183} INFO - Processing /home/airflow/.local/lib/python3.12/site-packages/airflow/example_dags/example_skip_dag.py took 0.082 seconds
[2026-01-29T02:16:08.939+0000] {processor.py:161} INFO - Started process (PID=78845) to work on /home/airflow/.local/lib/python3.12/site-packages/airflow/example_dags/example_skip_dag.py
[2026-01-29T02:16:08.939+0000] {processor.py:830} INFO - Processing file /home/airflow/.local/lib/python3.12/site-packages/airflow/example_dags/example_skip_dag.py for tasks to queue
[2026-01-29T02:16:08.941+0000] {logging_mixin.py:188} INFO - [2026-01-29T02:16:08.941+0000] {dagbag.py:545} INFO - Filling up the DagBag from /home/airflow/.local/lib/python3.12/site-packages/airflow/example_dags/example_skip_dag.py
[2026-01-29T02:16:08.949+0000] {processor.py:840} INFO - DAG(s) 'example_skip_dag' retrieved from /home/airflow/.local/lib/python3.12/site-packages/airflow/example_dags/example_skip_dag.py
[2026-01-29T02:16:08.972+0000] {logging_mixin.py:188} INFO - [2026-01-29T02:16:08.972+0000] {dag.py:3089} INFO - Sync 1 DAGs
[2026-01-29T02:16:08.997+0000] {logging_mixin.py:188} INFO - [2026-01-29T02:16:08.997+0000] {dag.py:3947} INFO - Setting next_dagrun for example_skip_dag to 2026-01-28 00:00:00+00:00, run_after=2026-01-29 00:00:00+00:00
[2026-01-29T02:16:09.018+0000] {processor.py:183} INFO - Processing /home/airflow/.local/lib/python3.12/site-packages/airflow/example_dags/example_skip_dag.py took 0.087 seconds
[2026-01-29T02:16:39.210+0000] {processor.py:161} INFO - Started process (PID=78904) to work on /home/airflow/.local/lib/python3.12/site-packages/airflow/example_dags/example_skip_dag.py
[2026-01-29T02:16:39.211+0000] {processor.py:830} INFO - Processing file /home/airflow/.local/lib/python3.12/site-packages/airflow/example_dags/example_skip_dag.py for tasks to queue
[2026-01-29T02:16:39.213+0000] {logging_mixin.py:188} INFO - [2026-01-29T02:16:39.213+0000] {dagbag.py:545} INFO - Filling up the DagBag from /home/airflow/.local/lib/python3.12/site-packages/airflow/example_dags/example_skip_dag.py
[2026-01-29T02:16:39.221+0000] {processor.py:840} INFO - DAG(s) 'example_skip_dag' retrieved from /home/airflow/.local/lib/python3.12/site-packages/airflow/example_dags/example_skip_dag.py
[2026-01-29T02:16:39.242+0000] {logging_mixin.py:188} INFO - [2026-01-29T02:16:39.241+0000] {dag.py:3089} INFO - Sync 1 DAGs
[2026-01-29T02:16:39.264+0000] {logging_mixin.py:188} INFO - [2026-01-29T02:16:39.264+0000] {dag.py:3947} INFO - Setting next_dagrun for example_skip_dag to 2026-01-28 00:00:00+00:00, run_after=2026-01-29 00:00:00+00:00
[2026-01-29T02:16:39.284+0000] {processor.py:183} INFO - Processing /home/airflow/.local/lib/python3.12/site-packages/airflow/example_dags/example_skip_dag.py took 0.081 seconds
[2026-01-29T02:17:09.550+0000] {processor.py:161} INFO - Started process (PID=78968) to work on /home/airflow/.local/lib/python3.12/site-packages/airflow/example_dags/example_skip_dag.py
[2026-01-29T02:17:09.551+0000] {processor.py:830} INFO - Processing file /home/airflow/.local/lib/python3.12/site-packages/airflow/example_dags/example_skip_dag.py for tasks to queue
[2026-01-29T02:17:09.553+0000] {logging_mixin.py:188} INFO - [2026-01-29T02:17:09.553+0000] {dagbag.py:545} INFO - Filling up the DagBag from /home/airflow/.local/lib/python3.12/site-packages/airflow/example_dags/example_skip_dag.py
[2026-01-29T02:17:09.560+0000] {processor.py:840} INFO - DAG(s) 'example_skip_dag' retrieved from /home/airflow/.local/lib/python3.12/site-packages/airflow/example_dags/example_skip_dag.py
[2026-01-29T02:17:09.582+0000] {logging_mixin.py:188} INFO - [2026-01-29T02:17:09.582+0000] {dag.py:3089} INFO - Sync 1 DAGs
[2026-01-29T02:17:09.606+0000] {logging_mixin.py:188} INFO - [2026-01-29T02:17:09.605+0000] {dag.py:3947} INFO - Setting next_dagrun for example_skip_dag to 2026-01-28 00:00:00+00:00, run_after=2026-01-29 00:00:00+00:00
[2026-01-29T02:17:09.625+0000] {processor.py:183} INFO - Processing /home/airflow/.local/lib/python3.12/site-packages/airflow/example_dags/example_skip_dag.py took 0.083 seconds
[2026-01-29T02:17:39.819+0000] {processor.py:161} INFO - Started process (PID=79027) to work on /home/airflow/.local/lib/python3.12/site-packages/airflow/example_dags/example_skip_dag.py
[2026-01-29T02:17:39.820+0000] {processor.py:830} INFO - Processing file /home/airflow/.local/lib/python3.12/site-packages/airflow/example_dags/example_skip_dag.py for tasks to queue
[2026-01-29T02:17:39.822+0000] {logging_mixin.py:188} INFO - [2026-01-29T02:17:39.822+0000] {dagbag.py:545} INFO - Filling up the DagBag from /home/airflow/.local/lib/python3.12/site-packages/airflow/example_dags/example_skip_dag.py
[2026-01-29T02:17:39.829+0000] {processor.py:840} INFO - DAG(s) 'example_skip_dag' retrieved from /home/airflow/.local/lib/python3.12/site-packages/airflow/example_dags/example_skip_dag.py
[2026-01-29T02:17:39.850+0000] {logging_mixin.py:188} INFO - [2026-01-29T02:17:39.849+0000] {dag.py:3089} INFO - Sync 1 DAGs
[2026-01-29T02:17:39.872+0000] {logging_mixin.py:188} INFO - [2026-01-29T02:17:39.872+0000] {dag.py:3947} INFO - Setting next_dagrun for example_skip_dag to 2026-01-28 00:00:00+00:00, run_after=2026-01-29 00:00:00+00:00
[2026-01-29T02:17:39.891+0000] {processor.py:183} INFO - Processing /home/airflow/.local/lib/python3.12/site-packages/airflow/example_dags/example_skip_dag.py took 0.080 seconds
[2026-01-29T02:18:10.069+0000] {processor.py:161} INFO - Started process (PID=79091) to work on /home/airflow/.local/lib/python3.12/site-packages/airflow/example_dags/example_skip_dag.py
[2026-01-29T02:18:10.070+0000] {processor.py:830} INFO - Processing file /home/airflow/.local/lib/python3.12/site-packages/airflow/example_dags/example_skip_dag.py for tasks to queue
[2026-01-29T02:18:10.072+0000] {logging_mixin.py:188} INFO - [2026-01-29T02:18:10.072+0000] {dagbag.py:545} INFO - Filling up the DagBag from /home/airflow/.local/lib/python3.12/site-packages/airflow/example_dags/example_skip_dag.py
[2026-01-29T02:18:10.081+0000] {processor.py:840} INFO - DAG(s) 'example_skip_dag' retrieved from /home/airflow/.local/lib/python3.12/site-packages/airflow/example_dags/example_skip_dag.py
[2026-01-29T02:18:10.103+0000] {logging_mixin.py:188} INFO - [2026-01-29T02:18:10.102+0000] {dag.py:3089} INFO - Sync 1 DAGs
[2026-01-29T02:18:10.126+0000] {logging_mixin.py:188} INFO - [2026-01-29T02:18:10.126+0000] {dag.py:3947} INFO - Setting next_dagrun for example_skip_dag to 2026-01-28 00:00:00+00:00, run_after=2026-01-29 00:00:00+00:00
[2026-01-29T02:18:10.146+0000] {processor.py:183} INFO - Processing /home/airflow/.local/lib/python3.12/site-packages/airflow/example_dags/example_skip_dag.py took 0.085 seconds
[2026-01-29T02:18:40.491+0000] {processor.py:161} INFO - Started process (PID=79150) to work on /home/airflow/.local/lib/python3.12/site-packages/airflow/example_dags/example_skip_dag.py
[2026-01-29T02:18:40.492+0000] {processor.py:830} INFO - Processing file /home/airflow/.local/lib/python3.12/site-packages/airflow/example_dags/example_skip_dag.py for tasks to queue
[2026-01-29T02:18:40.493+0000] {logging_mixin.py:188} INFO - [2026-01-29T02:18:40.493+0000] {dagbag.py:545} INFO - Filling up the DagBag from /home/airflow/.local/lib/python3.12/site-packages/airflow/example_dags/example_skip_dag.py
[2026-01-29T02:18:40.500+0000] {processor.py:840} INFO - DAG(s) 'example_skip_dag' retrieved from /home/airflow/.local/lib/python3.12/site-packages/airflow/example_dags/example_skip_dag.py
[2026-01-29T02:18:40.521+0000] {logging_mixin.py:188} INFO - [2026-01-29T02:18:40.520+0000] {dag.py:3089} INFO - Sync 1 DAGs
[2026-01-29T02:18:40.544+0000] {logging_mixin.py:188} INFO - [2026-01-29T02:18:40.544+0000] {dag.py:3947} INFO - Setting next_dagrun for example_skip_dag to 2026-01-28 00:00:00+00:00, run_after=2026-01-29 00:00:00+00:00
[2026-01-29T02:18:40.563+0000] {processor.py:183} INFO - Processing /home/airflow/.local/lib/python3.12/site-packages/airflow/example_dags/example_skip_dag.py took 0.078 seconds
[2026-01-29T02:19:10.720+0000] {processor.py:161} INFO - Started process (PID=79214) to work on /home/airflow/.local/lib/python3.12/site-packages/airflow/example_dags/example_skip_dag.py
[2026-01-29T02:19:10.721+0000] {processor.py:830} INFO - Processing file /home/airflow/.local/lib/python3.12/site-packages/airflow/example_dags/example_skip_dag.py for tasks to queue
[2026-01-29T02:19:10.723+0000] {logging_mixin.py:188} INFO - [2026-01-29T02:19:10.722+0000] {dagbag.py:545} INFO - Filling up the DagBag from /home/airflow/.local/lib/python3.12/site-packages/airflow/example_dags/example_skip_dag.py
[2026-01-29T02:19:10.730+0000] {processor.py:840} INFO - DAG(s) 'example_skip_dag' retrieved from /home/airflow/.local/lib/python3.12/site-packages/airflow/example_dags/example_skip_dag.py
[2026-01-29T02:19:10.752+0000] {logging_mixin.py:188} INFO - [2026-01-29T02:19:10.752+0000] {dag.py:3089} INFO - Sync 1 DAGs
[2026-01-29T02:19:10.777+0000] {logging_mixin.py:188} INFO - [2026-01-29T02:19:10.777+0000] {dag.py:3947} INFO - Setting next_dagrun for example_skip_dag to 2026-01-28 00:00:00+00:00, run_after=2026-01-29 00:00:00+00:00
[2026-01-29T02:19:10.798+0000] {processor.py:183} INFO - Processing /home/airflow/.local/lib/python3.12/site-packages/airflow/example_dags/example_skip_dag.py took 0.085 seconds
[2026-01-29T02:19:40.978+0000] {processor.py:161} INFO - Started process (PID=79273) to work on /home/airflow/.local/lib/python3.12/site-packages/airflow/example_dags/example_skip_dag.py
[2026-01-29T02:19:40.979+0000] {processor.py:830} INFO - Processing file /home/airflow/.local/lib/python3.12/site-packages/airflow/example_dags/example_skip_dag.py for tasks to queue
[2026-01-29T02:19:40.981+0000] {logging_mixin.py:188} INFO - [2026-01-29T02:19:40.981+0000] {dagbag.py:545} INFO - Filling up the DagBag from /home/airflow/.local/lib/python3.12/site-packages/airflow/example_dags/example_skip_dag.py
[2026-01-29T02:19:40.988+0000] {processor.py:840} INFO - DAG(s) 'example_skip_dag' retrieved from /home/airflow/.local/lib/python3.12/site-packages/airflow/example_dags/example_skip_dag.py
[2026-01-29T02:19:41.009+0000] {logging_mixin.py:188} INFO - [2026-01-29T02:19:41.009+0000] {dag.py:3089} INFO - Sync 1 DAGs
[2026-01-29T02:19:41.032+0000] {logging_mixin.py:188} INFO - [2026-01-29T02:19:41.032+0000] {dag.py:3947} INFO - Setting next_dagrun for example_skip_dag to 2026-01-28 00:00:00+00:00, run_after=2026-01-29 00:00:00+00:00
[2026-01-29T02:19:41.053+0000] {processor.py:183} INFO - Processing /home/airflow/.local/lib/python3.12/site-packages/airflow/example_dags/example_skip_dag.py took 0.082 seconds
[2026-01-29T02:20:11.170+0000] {processor.py:161} INFO - Started process (PID=79337) to work on /home/airflow/.local/lib/python3.12/site-packages/airflow/example_dags/example_skip_dag.py
[2026-01-29T02:20:11.171+0000] {processor.py:830} INFO - Processing file /home/airflow/.local/lib/python3.12/site-packages/airflow/example_dags/example_skip_dag.py for tasks to queue
[2026-01-29T02:20:11.173+0000] {logging_mixin.py:188} INFO - [2026-01-29T02:20:11.173+0000] {dagbag.py:545} INFO - Filling up the DagBag from /home/airflow/.local/lib/python3.12/site-packages/airflow/example_dags/example_skip_dag.py
[2026-01-29T02:20:11.179+0000] {processor.py:840} INFO - DAG(s) 'example_skip_dag' retrieved from /home/airflow/.local/lib/python3.12/site-packages/airflow/example_dags/example_skip_dag.py
[2026-01-29T02:20:11.200+0000] {logging_mixin.py:188} INFO - [2026-01-29T02:20:11.200+0000] {dag.py:3089} INFO - Sync 1 DAGs
[2026-01-29T02:20:11.224+0000] {logging_mixin.py:188} INFO - [2026-01-29T02:20:11.223+0000] {dag.py:3947} INFO - Setting next_dagrun for example_skip_dag to 2026-01-28 00:00:00+00:00, run_after=2026-01-29 00:00:00+00:00
[2026-01-29T02:20:11.245+0000] {processor.py:183} INFO - Processing /home/airflow/.local/lib/python3.12/site-packages/airflow/example_dags/example_skip_dag.py took 0.081 seconds
[2026-01-29T02:20:41.426+0000] {processor.py:161} INFO - Started process (PID=79396) to work on /home/airflow/.local/lib/python3.12/site-packages/airflow/example_dags/example_skip_dag.py
[2026-01-29T02:20:41.427+0000] {processor.py:830} INFO - Processing file /home/airflow/.local/lib/python3.12/site-packages/airflow/example_dags/example_skip_dag.py for tasks to queue
[2026-01-29T02:20:41.429+0000] {logging_mixin.py:188} INFO - [2026-01-29T02:20:41.428+0000] {dagbag.py:545} INFO - Filling up the DagBag from /home/airflow/.local/lib/python3.12/site-packages/airflow/example_dags/example_skip_dag.py
[2026-01-29T02:20:41.436+0000] {processor.py:840} INFO - DAG(s) 'example_skip_dag' retrieved from /home/airflow/.local/lib/python3.12/site-packages/airflow/example_dags/example_skip_dag.py
[2026-01-29T02:20:41.456+0000] {logging_mixin.py:188} INFO - [2026-01-29T02:20:41.456+0000] {dag.py:3089} INFO - Sync 1 DAGs
[2026-01-29T02:20:41.478+0000] {logging_mixin.py:188} INFO - [2026-01-29T02:20:41.478+0000] {dag.py:3947} INFO - Setting next_dagrun for example_skip_dag to 2026-01-28 00:00:00+00:00, run_after=2026-01-29 00:00:00+00:00
[2026-01-29T02:20:41.497+0000] {processor.py:183} INFO - Processing /home/airflow/.local/lib/python3.12/site-packages/airflow/example_dags/example_skip_dag.py took 0.077 seconds
[2026-01-29T02:21:12.158+0000] {processor.py:161} INFO - Started process (PID=79460) to work on /home/airflow/.local/lib/python3.12/site-packages/airflow/example_dags/example_skip_dag.py
[2026-01-29T02:21:12.159+0000] {processor.py:830} INFO - Processing file /home/airflow/.local/lib/python3.12/site-packages/airflow/example_dags/example_skip_dag.py for tasks to queue
[2026-01-29T02:21:12.161+0000] {logging_mixin.py:188} INFO - [2026-01-29T02:21:12.161+0000] {dagbag.py:545} INFO - Filling up the DagBag from /home/airflow/.local/lib/python3.12/site-packages/airflow/example_dags/example_skip_dag.py
[2026-01-29T02:21:12.168+0000] {processor.py:840} INFO - DAG(s) 'example_skip_dag' retrieved from /home/airflow/.local/lib/python3.12/site-packages/airflow/example_dags/example_skip_dag.py
[2026-01-29T02:21:12.191+0000] {logging_mixin.py:188} INFO - [2026-01-29T02:21:12.191+0000] {dag.py:3089} INFO - Sync 1 DAGs
[2026-01-29T02:21:12.215+0000] {logging_mixin.py:188} INFO - [2026-01-29T02:21:12.215+0000] {dag.py:3947} INFO - Setting next_dagrun for example_skip_dag to 2026-01-28 00:00:00+00:00, run_after=2026-01-29 00:00:00+00:00
[2026-01-29T02:21:12.234+0000] {processor.py:183} INFO - Processing /home/airflow/.local/lib/python3.12/site-packages/airflow/example_dags/example_skip_dag.py took 0.084 seconds
[2026-01-29T02:21:42.424+0000] {processor.py:161} INFO - Started process (PID=79519) to work on /home/airflow/.local/lib/python3.12/site-packages/airflow/example_dags/example_skip_dag.py
[2026-01-29T02:21:42.425+0000] {processor.py:830} INFO - Processing file /home/airflow/.local/lib/python3.12/site-packages/airflow/example_dags/example_skip_dag.py for tasks to queue
[2026-01-29T02:21:42.427+0000] {logging_mixin.py:188} INFO - [2026-01-29T02:21:42.427+0000] {dagbag.py:545} INFO - Filling up the DagBag from /home/airflow/.local/lib/python3.12/site-packages/airflow/example_dags/example_skip_dag.py
[2026-01-29T02:21:42.435+0000] {processor.py:840} INFO - DAG(s) 'example_skip_dag' retrieved from /home/airflow/.local/lib/python3.12/site-packages/airflow/example_dags/example_skip_dag.py
[2026-01-29T02:21:42.459+0000] {logging_mixin.py:188} INFO - [2026-01-29T02:21:42.458+0000] {dag.py:3089} INFO - Sync 1 DAGs
[2026-01-29T02:21:42.484+0000] {logging_mixin.py:188} INFO - [2026-01-29T02:21:42.484+0000] {dag.py:3947} INFO - Setting next_dagrun for example_skip_dag to 2026-01-28 00:00:00+00:00, run_after=2026-01-29 00:00:00+00:00
[2026-01-29T02:21:42.504+0000] {processor.py:183} INFO - Processing /home/airflow/.local/lib/python3.12/site-packages/airflow/example_dags/example_skip_dag.py took 0.088 seconds
[2026-01-29T02:22:12.607+0000] {processor.py:161} INFO - Started process (PID=79583) to work on /home/airflow/.local/lib/python3.12/site-packages/airflow/example_dags/example_skip_dag.py
[2026-01-29T02:22:12.608+0000] {processor.py:830} INFO - Processing file /home/airflow/.local/lib/python3.12/site-packages/airflow/example_dags/example_skip_dag.py for tasks to queue
[2026-01-29T02:22:12.610+0000] {logging_mixin.py:188} INFO - [2026-01-29T02:22:12.610+0000] {dagbag.py:545} INFO - Filling up the DagBag from /home/airflow/.local/lib/python3.12/site-packages/airflow/example_dags/example_skip_dag.py
[2026-01-29T02:22:12.617+0000] {processor.py:840} INFO - DAG(s) 'example_skip_dag' retrieved from /home/airflow/.local/lib/python3.12/site-packages/airflow/example_dags/example_skip_dag.py
[2026-01-29T02:22:12.638+0000] {logging_mixin.py:188} INFO - [2026-01-29T02:22:12.638+0000] {dag.py:3089} INFO - Sync 1 DAGs
[2026-01-29T02:22:12.661+0000] {logging_mixin.py:188} INFO - [2026-01-29T02:22:12.661+0000] {dag.py:3947} INFO - Setting next_dagrun for example_skip_dag to 2026-01-28 00:00:00+00:00, run_after=2026-01-29 00:00:00+00:00
[2026-01-29T02:22:12.681+0000] {processor.py:183} INFO - Processing /home/airflow/.local/lib/python3.12/site-packages/airflow/example_dags/example_skip_dag.py took 0.081 seconds
[2026-01-29T02:22:43.303+0000] {processor.py:161} INFO - Started process (PID=79642) to work on /home/airflow/.local/lib/python3.12/site-packages/airflow/example_dags/example_skip_dag.py
[2026-01-29T02:22:43.304+0000] {processor.py:830} INFO - Processing file /home/airflow/.local/lib/python3.12/site-packages/airflow/example_dags/example_skip_dag.py for tasks to queue
[2026-01-29T02:22:43.306+0000] {logging_mixin.py:188} INFO - [2026-01-29T02:22:43.306+0000] {dagbag.py:545} INFO - Filling up the DagBag from /home/airflow/.local/lib/python3.12/site-packages/airflow/example_dags/example_skip_dag.py
[2026-01-29T02:22:43.313+0000] {processor.py:840} INFO - DAG(s) 'example_skip_dag' retrieved from /home/airflow/.local/lib/python3.12/site-packages/airflow/example_dags/example_skip_dag.py
[2026-01-29T02:22:43.338+0000] {logging_mixin.py:188} INFO - [2026-01-29T02:22:43.337+0000] {dag.py:3089} INFO - Sync 1 DAGs
[2026-01-29T02:22:43.361+0000] {logging_mixin.py:188} INFO - [2026-01-29T02:22:43.360+0000] {dag.py:3947} INFO - Setting next_dagrun for example_skip_dag to 2026-01-28 00:00:00+00:00, run_after=2026-01-29 00:00:00+00:00
[2026-01-29T02:22:43.380+0000] {processor.py:183} INFO - Processing /home/airflow/.local/lib/python3.12/site-packages/airflow/example_dags/example_skip_dag.py took 0.085 seconds
[2026-01-29T02:23:14.020+0000] {processor.py:161} INFO - Started process (PID=79706) to work on /home/airflow/.local/lib/python3.12/site-packages/airflow/example_dags/example_skip_dag.py
[2026-01-29T02:23:14.021+0000] {processor.py:830} INFO - Processing file /home/airflow/.local/lib/python3.12/site-packages/airflow/example_dags/example_skip_dag.py for tasks to queue
[2026-01-29T02:23:14.022+0000] {logging_mixin.py:188} INFO - [2026-01-29T02:23:14.022+0000] {dagbag.py:545} INFO - Filling up the DagBag from /home/airflow/.local/lib/python3.12/site-packages/airflow/example_dags/example_skip_dag.py
[2026-01-29T02:23:14.029+0000] {processor.py:840} INFO - DAG(s) 'example_skip_dag' retrieved from /home/airflow/.local/lib/python3.12/site-packages/airflow/example_dags/example_skip_dag.py
[2026-01-29T02:23:14.050+0000] {logging_mixin.py:188} INFO - [2026-01-29T02:23:14.050+0000] {dag.py:3089} INFO - Sync 1 DAGs
[2026-01-29T02:23:14.073+0000] {logging_mixin.py:188} INFO - [2026-01-29T02:23:14.073+0000] {dag.py:3947} INFO - Setting next_dagrun for example_skip_dag to 2026-01-28 00:00:00+00:00, run_after=2026-01-29 00:00:00+00:00
[2026-01-29T02:23:14.093+0000] {processor.py:183} INFO - Processing /home/airflow/.local/lib/python3.12/site-packages/airflow/example_dags/example_skip_dag.py took 0.080 seconds
[2026-01-29T02:23:44.216+0000] {processor.py:161} INFO - Started process (PID=79765) to work on /home/airflow/.local/lib/python3.12/site-packages/airflow/example_dags/example_skip_dag.py
[2026-01-29T02:23:44.217+0000] {processor.py:830} INFO - Processing file /home/airflow/.local/lib/python3.12/site-packages/airflow/example_dags/example_skip_dag.py for tasks to queue
[2026-01-29T02:23:44.219+0000] {logging_mixin.py:188} INFO - [2026-01-29T02:23:44.219+0000] {dagbag.py:545} INFO - Filling up the DagBag from /home/airflow/.local/lib/python3.12/site-packages/airflow/example_dags/example_skip_dag.py
[2026-01-29T02:23:44.227+0000] {processor.py:840} INFO - DAG(s) 'example_skip_dag' retrieved from /home/airflow/.local/lib/python3.12/site-packages/airflow/example_dags/example_skip_dag.py
[2026-01-29T02:23:44.249+0000] {logging_mixin.py:188} INFO - [2026-01-29T02:23:44.249+0000] {dag.py:3089} INFO - Sync 1 DAGs
[2026-01-29T02:23:44.273+0000] {logging_mixin.py:188} INFO - [2026-01-29T02:23:44.272+0000] {dag.py:3947} INFO - Setting next_dagrun for example_skip_dag to 2026-01-28 00:00:00+00:00, run_after=2026-01-29 00:00:00+00:00
[2026-01-29T02:23:44.294+0000] {processor.py:183} INFO - Processing /home/airflow/.local/lib/python3.12/site-packages/airflow/example_dags/example_skip_dag.py took 0.085 seconds
[2026-01-29T02:24:14.347+0000] {processor.py:161} INFO - Started process (PID=79829) to work on /home/airflow/.local/lib/python3.12/site-packages/airflow/example_dags/example_skip_dag.py
[2026-01-29T02:24:14.348+0000] {processor.py:830} INFO - Processing file /home/airflow/.local/lib/python3.12/site-packages/airflow/example_dags/example_skip_dag.py for tasks to queue
[2026-01-29T02:24:14.349+0000] {logging_mixin.py:188} INFO - [2026-01-29T02:24:14.349+0000] {dagbag.py:545} INFO - Filling up the DagBag from /home/airflow/.local/lib/python3.12/site-packages/airflow/example_dags/example_skip_dag.py
[2026-01-29T02:24:14.357+0000] {processor.py:840} INFO - DAG(s) 'example_skip_dag' retrieved from /home/airflow/.local/lib/python3.12/site-packages/airflow/example_dags/example_skip_dag.py
[2026-01-29T02:24:14.380+0000] {logging_mixin.py:188} INFO - [2026-01-29T02:24:14.380+0000] {dag.py:3089} INFO - Sync 1 DAGs
[2026-01-29T02:24:14.406+0000] {logging_mixin.py:188} INFO - [2026-01-29T02:24:14.405+0000] {dag.py:3947} INFO - Setting next_dagrun for example_skip_dag to 2026-01-28 00:00:00+00:00, run_after=2026-01-29 00:00:00+00:00
[2026-01-29T02:24:14.426+0000] {processor.py:183} INFO - Processing /home/airflow/.local/lib/python3.12/site-packages/airflow/example_dags/example_skip_dag.py took 0.087 seconds
[2026-01-29T02:24:44.679+0000] {processor.py:161} INFO - Started process (PID=79888) to work on /home/airflow/.local/lib/python3.12/site-packages/airflow/example_dags/example_skip_dag.py
[2026-01-29T02:24:44.680+0000] {processor.py:830} INFO - Processing file /home/airflow/.local/lib/python3.12/site-packages/airflow/example_dags/example_skip_dag.py for tasks to queue
[2026-01-29T02:24:44.682+0000] {logging_mixin.py:188} INFO - [2026-01-29T02:24:44.682+0000] {dagbag.py:545} INFO - Filling up the DagBag from /home/airflow/.local/lib/python3.12/site-packages/airflow/example_dags/example_skip_dag.py
[2026-01-29T02:24:44.689+0000] {processor.py:840} INFO - DAG(s) 'example_skip_dag' retrieved from /home/airflow/.local/lib/python3.12/site-packages/airflow/example_dags/example_skip_dag.py
[2026-01-29T02:24:44.711+0000] {logging_mixin.py:188} INFO - [2026-01-29T02:24:44.711+0000] {dag.py:3089} INFO - Sync 1 DAGs
[2026-01-29T02:24:44.734+0000] {logging_mixin.py:188} INFO - [2026-01-29T02:24:44.734+0000] {dag.py:3947} INFO - Setting next_dagrun for example_skip_dag to 2026-01-28 00:00:00+00:00, run_after=2026-01-29 00:00:00+00:00
[2026-01-29T02:24:44.754+0000] {processor.py:183} INFO - Processing /home/airflow/.local/lib/python3.12/site-packages/airflow/example_dags/example_skip_dag.py took 0.082 seconds
[2026-01-29T02:25:14.960+0000] {processor.py:161} INFO - Started process (PID=79952) to work on /home/airflow/.local/lib/python3.12/site-packages/airflow/example_dags/example_skip_dag.py
[2026-01-29T02:25:14.960+0000] {processor.py:830} INFO - Processing file /home/airflow/.local/lib/python3.12/site-packages/airflow/example_dags/example_skip_dag.py for tasks to queue
[2026-01-29T02:25:14.962+0000] {logging_mixin.py:188} INFO - [2026-01-29T02:25:14.962+0000] {dagbag.py:545} INFO - Filling up the DagBag from /home/airflow/.local/lib/python3.12/site-packages/airflow/example_dags/example_skip_dag.py
[2026-01-29T02:25:14.968+0000] {processor.py:840} INFO - DAG(s) 'example_skip_dag' retrieved from /home/airflow/.local/lib/python3.12/site-packages/airflow/example_dags/example_skip_dag.py
[2026-01-29T02:25:14.989+0000] {logging_mixin.py:188} INFO - [2026-01-29T02:25:14.989+0000] {dag.py:3089} INFO - Sync 1 DAGs
[2026-01-29T02:25:15.014+0000] {logging_mixin.py:188} INFO - [2026-01-29T02:25:15.013+0000] {dag.py:3947} INFO - Setting next_dagrun for example_skip_dag to 2026-01-28 00:00:00+00:00, run_after=2026-01-29 00:00:00+00:00
[2026-01-29T02:25:15.033+0000] {processor.py:183} INFO - Processing /home/airflow/.local/lib/python3.12/site-packages/airflow/example_dags/example_skip_dag.py took 0.079 seconds
[2026-01-29T02:25:45.219+0000] {processor.py:161} INFO - Started process (PID=80011) to work on /home/airflow/.local/lib/python3.12/site-packages/airflow/example_dags/example_skip_dag.py
[2026-01-29T02:25:45.220+0000] {processor.py:830} INFO - Processing file /home/airflow/.local/lib/python3.12/site-packages/airflow/example_dags/example_skip_dag.py for tasks to queue
[2026-01-29T02:25:45.222+0000] {logging_mixin.py:188} INFO - [2026-01-29T02:25:45.222+0000] {dagbag.py:545} INFO - Filling up the DagBag from /home/airflow/.local/lib/python3.12/site-packages/airflow/example_dags/example_skip_dag.py
[2026-01-29T02:25:45.229+0000] {processor.py:840} INFO - DAG(s) 'example_skip_dag' retrieved from /home/airflow/.local/lib/python3.12/site-packages/airflow/example_dags/example_skip_dag.py
[2026-01-29T02:25:45.251+0000] {logging_mixin.py:188} INFO - [2026-01-29T02:25:45.251+0000] {dag.py:3089} INFO - Sync 1 DAGs
[2026-01-29T02:25:45.276+0000] {logging_mixin.py:188} INFO - [2026-01-29T02:25:45.275+0000] {dag.py:3947} INFO - Setting next_dagrun for example_skip_dag to 2026-01-28 00:00:00+00:00, run_after=2026-01-29 00:00:00+00:00
[2026-01-29T02:25:45.296+0000] {processor.py:183} INFO - Processing /home/airflow/.local/lib/python3.12/site-packages/airflow/example_dags/example_skip_dag.py took 0.084 seconds
[2026-01-29T02:26:15.386+0000] {processor.py:161} INFO - Started process (PID=80075) to work on /home/airflow/.local/lib/python3.12/site-packages/airflow/example_dags/example_skip_dag.py
[2026-01-29T02:26:15.387+0000] {processor.py:830} INFO - Processing file /home/airflow/.local/lib/python3.12/site-packages/airflow/example_dags/example_skip_dag.py for tasks to queue
[2026-01-29T02:26:15.389+0000] {logging_mixin.py:188} INFO - [2026-01-29T02:26:15.389+0000] {dagbag.py:545} INFO - Filling up the DagBag from /home/airflow/.local/lib/python3.12/site-packages/airflow/example_dags/example_skip_dag.py
[2026-01-29T02:26:15.396+0000] {processor.py:840} INFO - DAG(s) 'example_skip_dag' retrieved from /home/airflow/.local/lib/python3.12/site-packages/airflow/example_dags/example_skip_dag.py
[2026-01-29T02:26:15.419+0000] {logging_mixin.py:188} INFO - [2026-01-29T02:26:15.418+0000] {dag.py:3089} INFO - Sync 1 DAGs
[2026-01-29T02:26:15.443+0000] {logging_mixin.py:188} INFO - [2026-01-29T02:26:15.443+0000] {dag.py:3947} INFO - Setting next_dagrun for example_skip_dag to 2026-01-28 00:00:00+00:00, run_after=2026-01-29 00:00:00+00:00
[2026-01-29T02:26:15.464+0000] {processor.py:183} INFO - Processing /home/airflow/.local/lib/python3.12/site-packages/airflow/example_dags/example_skip_dag.py took 0.085 seconds
[2026-01-29T02:26:45.542+0000] {processor.py:161} INFO - Started process (PID=80134) to work on /home/airflow/.local/lib/python3.12/site-packages/airflow/example_dags/example_skip_dag.py
[2026-01-29T02:26:45.543+0000] {processor.py:830} INFO - Processing file /home/airflow/.local/lib/python3.12/site-packages/airflow/example_dags/example_skip_dag.py for tasks to queue
[2026-01-29T02:26:45.545+0000] {logging_mixin.py:188} INFO - [2026-01-29T02:26:45.545+0000] {dagbag.py:545} INFO - Filling up the DagBag from /home/airflow/.local/lib/python3.12/site-packages/airflow/example_dags/example_skip_dag.py
[2026-01-29T02:26:45.552+0000] {processor.py:840} INFO - DAG(s) 'example_skip_dag' retrieved from /home/airflow/.local/lib/python3.12/site-packages/airflow/example_dags/example_skip_dag.py
[2026-01-29T02:26:45.575+0000] {logging_mixin.py:188} INFO - [2026-01-29T02:26:45.575+0000] {dag.py:3089} INFO - Sync 1 DAGs
[2026-01-29T02:26:45.600+0000] {logging_mixin.py:188} INFO - [2026-01-29T02:26:45.600+0000] {dag.py:3947} INFO - Setting next_dagrun for example_skip_dag to 2026-01-28 00:00:00+00:00, run_after=2026-01-29 00:00:00+00:00
[2026-01-29T02:26:45.621+0000] {processor.py:183} INFO - Processing /home/airflow/.local/lib/python3.12/site-packages/airflow/example_dags/example_skip_dag.py took 0.085 seconds
[2026-01-29T02:27:15.873+0000] {processor.py:161} INFO - Started process (PID=80198) to work on /home/airflow/.local/lib/python3.12/site-packages/airflow/example_dags/example_skip_dag.py
[2026-01-29T02:27:15.874+0000] {processor.py:830} INFO - Processing file /home/airflow/.local/lib/python3.12/site-packages/airflow/example_dags/example_skip_dag.py for tasks to queue
[2026-01-29T02:27:15.876+0000] {logging_mixin.py:188} INFO - [2026-01-29T02:27:15.876+0000] {dagbag.py:545} INFO - Filling up the DagBag from /home/airflow/.local/lib/python3.12/site-packages/airflow/example_dags/example_skip_dag.py
[2026-01-29T02:27:15.883+0000] {processor.py:840} INFO - DAG(s) 'example_skip_dag' retrieved from /home/airflow/.local/lib/python3.12/site-packages/airflow/example_dags/example_skip_dag.py
[2026-01-29T02:27:15.911+0000] {logging_mixin.py:188} INFO - [2026-01-29T02:27:15.911+0000] {dag.py:3089} INFO - Sync 1 DAGs
[2026-01-29T02:27:15.939+0000] {logging_mixin.py:188} INFO - [2026-01-29T02:27:15.938+0000] {dag.py:3947} INFO - Setting next_dagrun for example_skip_dag to 2026-01-28 00:00:00+00:00, run_after=2026-01-29 00:00:00+00:00
[2026-01-29T02:27:15.958+0000] {processor.py:183} INFO - Processing /home/airflow/.local/lib/python3.12/site-packages/airflow/example_dags/example_skip_dag.py took 0.092 seconds
[2026-01-29T02:27:46.296+0000] {processor.py:161} INFO - Started process (PID=80257) to work on /home/airflow/.local/lib/python3.12/site-packages/airflow/example_dags/example_skip_dag.py
[2026-01-29T02:27:46.297+0000] {processor.py:830} INFO - Processing file /home/airflow/.local/lib/python3.12/site-packages/airflow/example_dags/example_skip_dag.py for tasks to queue
[2026-01-29T02:27:46.299+0000] {logging_mixin.py:188} INFO - [2026-01-29T02:27:46.298+0000] {dagbag.py:545} INFO - Filling up the DagBag from /home/airflow/.local/lib/python3.12/site-packages/airflow/example_dags/example_skip_dag.py
[2026-01-29T02:27:46.306+0000] {processor.py:840} INFO - DAG(s) 'example_skip_dag' retrieved from /home/airflow/.local/lib/python3.12/site-packages/airflow/example_dags/example_skip_dag.py
[2026-01-29T02:27:46.327+0000] {logging_mixin.py:188} INFO - [2026-01-29T02:27:46.327+0000] {dag.py:3089} INFO - Sync 1 DAGs
[2026-01-29T02:27:46.350+0000] {logging_mixin.py:188} INFO - [2026-01-29T02:27:46.349+0000] {dag.py:3947} INFO - Setting next_dagrun for example_skip_dag to 2026-01-28 00:00:00+00:00, run_after=2026-01-29 00:00:00+00:00
[2026-01-29T02:27:46.369+0000] {processor.py:183} INFO - Processing /home/airflow/.local/lib/python3.12/site-packages/airflow/example_dags/example_skip_dag.py took 0.081 seconds
[2026-01-29T02:28:16.515+0000] {processor.py:161} INFO - Started process (PID=80321) to work on /home/airflow/.local/lib/python3.12/site-packages/airflow/example_dags/example_skip_dag.py
[2026-01-29T02:28:16.516+0000] {processor.py:830} INFO - Processing file /home/airflow/.local/lib/python3.12/site-packages/airflow/example_dags/example_skip_dag.py for tasks to queue
[2026-01-29T02:28:16.518+0000] {logging_mixin.py:188} INFO - [2026-01-29T02:28:16.518+0000] {dagbag.py:545} INFO - Filling up the DagBag from /home/airflow/.local/lib/python3.12/site-packages/airflow/example_dags/example_skip_dag.py
[2026-01-29T02:28:16.526+0000] {processor.py:840} INFO - DAG(s) 'example_skip_dag' retrieved from /home/airflow/.local/lib/python3.12/site-packages/airflow/example_dags/example_skip_dag.py
[2026-01-29T02:28:16.550+0000] {logging_mixin.py:188} INFO - [2026-01-29T02:28:16.549+0000] {dag.py:3089} INFO - Sync 1 DAGs
[2026-01-29T02:28:16.576+0000] {logging_mixin.py:188} INFO - [2026-01-29T02:28:16.576+0000] {dag.py:3947} INFO - Setting next_dagrun for example_skip_dag to 2026-01-28 00:00:00+00:00, run_after=2026-01-29 00:00:00+00:00
[2026-01-29T02:28:16.597+0000] {processor.py:183} INFO - Processing /home/airflow/.local/lib/python3.12/site-packages/airflow/example_dags/example_skip_dag.py took 0.089 seconds
[2026-01-29T02:28:46.671+0000] {processor.py:161} INFO - Started process (PID=80380) to work on /home/airflow/.local/lib/python3.12/site-packages/airflow/example_dags/example_skip_dag.py
[2026-01-29T02:28:46.672+0000] {processor.py:830} INFO - Processing file /home/airflow/.local/lib/python3.12/site-packages/airflow/example_dags/example_skip_dag.py for tasks to queue
[2026-01-29T02:28:46.674+0000] {logging_mixin.py:188} INFO - [2026-01-29T02:28:46.674+0000] {dagbag.py:545} INFO - Filling up the DagBag from /home/airflow/.local/lib/python3.12/site-packages/airflow/example_dags/example_skip_dag.py
[2026-01-29T02:28:46.681+0000] {processor.py:840} INFO - DAG(s) 'example_skip_dag' retrieved from /home/airflow/.local/lib/python3.12/site-packages/airflow/example_dags/example_skip_dag.py
[2026-01-29T02:28:46.704+0000] {logging_mixin.py:188} INFO - [2026-01-29T02:28:46.704+0000] {dag.py:3089} INFO - Sync 1 DAGs
[2026-01-29T02:28:46.728+0000] {logging_mixin.py:188} INFO - [2026-01-29T02:28:46.728+0000] {dag.py:3947} INFO - Setting next_dagrun for example_skip_dag to 2026-01-28 00:00:00+00:00, run_after=2026-01-29 00:00:00+00:00
[2026-01-29T02:28:46.751+0000] {processor.py:183} INFO - Processing /home/airflow/.local/lib/python3.12/site-packages/airflow/example_dags/example_skip_dag.py took 0.087 seconds
[2026-01-29T02:29:17.238+0000] {processor.py:161} INFO - Started process (PID=80444) to work on /home/airflow/.local/lib/python3.12/site-packages/airflow/example_dags/example_skip_dag.py
[2026-01-29T02:29:17.239+0000] {processor.py:830} INFO - Processing file /home/airflow/.local/lib/python3.12/site-packages/airflow/example_dags/example_skip_dag.py for tasks to queue
[2026-01-29T02:29:17.241+0000] {logging_mixin.py:188} INFO - [2026-01-29T02:29:17.241+0000] {dagbag.py:545} INFO - Filling up the DagBag from /home/airflow/.local/lib/python3.12/site-packages/airflow/example_dags/example_skip_dag.py
[2026-01-29T02:29:17.249+0000] {processor.py:840} INFO - DAG(s) 'example_skip_dag' retrieved from /home/airflow/.local/lib/python3.12/site-packages/airflow/example_dags/example_skip_dag.py
[2026-01-29T02:29:17.272+0000] {logging_mixin.py:188} INFO - [2026-01-29T02:29:17.272+0000] {dag.py:3089} INFO - Sync 1 DAGs
[2026-01-29T02:29:17.295+0000] {logging_mixin.py:188} INFO - [2026-01-29T02:29:17.295+0000] {dag.py:3947} INFO - Setting next_dagrun for example_skip_dag to 2026-01-28 00:00:00+00:00, run_after=2026-01-29 00:00:00+00:00
[2026-01-29T02:29:17.315+0000] {processor.py:183} INFO - Processing /home/airflow/.local/lib/python3.12/site-packages/airflow/example_dags/example_skip_dag.py took 0.084 seconds
[2026-01-29T02:29:47.470+0000] {processor.py:161} INFO - Started process (PID=80503) to work on /home/airflow/.local/lib/python3.12/site-packages/airflow/example_dags/example_skip_dag.py
[2026-01-29T02:29:47.471+0000] {processor.py:830} INFO - Processing file /home/airflow/.local/lib/python3.12/site-packages/airflow/example_dags/example_skip_dag.py for tasks to queue
[2026-01-29T02:29:47.473+0000] {logging_mixin.py:188} INFO - [2026-01-29T02:29:47.472+0000] {dagbag.py:545} INFO - Filling up the DagBag from /home/airflow/.local/lib/python3.12/site-packages/airflow/example_dags/example_skip_dag.py
[2026-01-29T02:29:47.480+0000] {processor.py:840} INFO - DAG(s) 'example_skip_dag' retrieved from /home/airflow/.local/lib/python3.12/site-packages/airflow/example_dags/example_skip_dag.py
[2026-01-29T02:29:47.504+0000] {logging_mixin.py:188} INFO - [2026-01-29T02:29:47.504+0000] {dag.py:3089} INFO - Sync 1 DAGs
[2026-01-29T02:29:47.528+0000] {logging_mixin.py:188} INFO - [2026-01-29T02:29:47.527+0000] {dag.py:3947} INFO - Setting next_dagrun for example_skip_dag to 2026-01-28 00:00:00+00:00, run_after=2026-01-29 00:00:00+00:00
[2026-01-29T02:29:47.547+0000] {processor.py:183} INFO - Processing /home/airflow/.local/lib/python3.12/site-packages/airflow/example_dags/example_skip_dag.py took 0.085 seconds
[2026-01-29T02:30:18.322+0000] {processor.py:161} INFO - Started process (PID=80567) to work on /home/airflow/.local/lib/python3.12/site-packages/airflow/example_dags/example_skip_dag.py
[2026-01-29T02:30:18.323+0000] {processor.py:830} INFO - Processing file /home/airflow/.local/lib/python3.12/site-packages/airflow/example_dags/example_skip_dag.py for tasks to queue
[2026-01-29T02:30:18.325+0000] {logging_mixin.py:188} INFO - [2026-01-29T02:30:18.324+0000] {dagbag.py:545} INFO - Filling up the DagBag from /home/airflow/.local/lib/python3.12/site-packages/airflow/example_dags/example_skip_dag.py
[2026-01-29T02:30:18.332+0000] {processor.py:840} INFO - DAG(s) 'example_skip_dag' retrieved from /home/airflow/.local/lib/python3.12/site-packages/airflow/example_dags/example_skip_dag.py
[2026-01-29T02:30:18.356+0000] {logging_mixin.py:188} INFO - [2026-01-29T02:30:18.356+0000] {dag.py:3089} INFO - Sync 1 DAGs
[2026-01-29T02:30:18.383+0000] {logging_mixin.py:188} INFO - [2026-01-29T02:30:18.382+0000] {dag.py:3947} INFO - Setting next_dagrun for example_skip_dag to 2026-01-28 00:00:00+00:00, run_after=2026-01-29 00:00:00+00:00
[2026-01-29T02:30:18.403+0000] {processor.py:183} INFO - Processing /home/airflow/.local/lib/python3.12/site-packages/airflow/example_dags/example_skip_dag.py took 0.088 seconds
[2026-01-29T02:30:48.455+0000] {processor.py:161} INFO - Started process (PID=80626) to work on /home/airflow/.local/lib/python3.12/site-packages/airflow/example_dags/example_skip_dag.py
[2026-01-29T02:30:48.456+0000] {processor.py:830} INFO - Processing file /home/airflow/.local/lib/python3.12/site-packages/airflow/example_dags/example_skip_dag.py for tasks to queue
[2026-01-29T02:30:48.458+0000] {logging_mixin.py:188} INFO - [2026-01-29T02:30:48.457+0000] {dagbag.py:545} INFO - Filling up the DagBag from /home/airflow/.local/lib/python3.12/site-packages/airflow/example_dags/example_skip_dag.py
[2026-01-29T02:30:48.465+0000] {processor.py:840} INFO - DAG(s) 'example_skip_dag' retrieved from /home/airflow/.local/lib/python3.12/site-packages/airflow/example_dags/example_skip_dag.py
[2026-01-29T02:30:48.495+0000] {logging_mixin.py:188} INFO - [2026-01-29T02:30:48.495+0000] {dag.py:3089} INFO - Sync 1 DAGs
[2026-01-29T02:30:48.524+0000] {logging_mixin.py:188} INFO - [2026-01-29T02:30:48.524+0000] {dag.py:3947} INFO - Setting next_dagrun for example_skip_dag to 2026-01-28 00:00:00+00:00, run_after=2026-01-29 00:00:00+00:00
[2026-01-29T02:30:48.544+0000] {processor.py:183} INFO - Processing /home/airflow/.local/lib/python3.12/site-packages/airflow/example_dags/example_skip_dag.py took 0.097 seconds
[2026-01-29T02:31:18.901+0000] {processor.py:161} INFO - Started process (PID=80690) to work on /home/airflow/.local/lib/python3.12/site-packages/airflow/example_dags/example_skip_dag.py
[2026-01-29T02:31:18.903+0000] {processor.py:830} INFO - Processing file /home/airflow/.local/lib/python3.12/site-packages/airflow/example_dags/example_skip_dag.py for tasks to queue
[2026-01-29T02:31:18.904+0000] {logging_mixin.py:188} INFO - [2026-01-29T02:31:18.904+0000] {dagbag.py:545} INFO - Filling up the DagBag from /home/airflow/.local/lib/python3.12/site-packages/airflow/example_dags/example_skip_dag.py
[2026-01-29T02:31:18.912+0000] {processor.py:840} INFO - DAG(s) 'example_skip_dag' retrieved from /home/airflow/.local/lib/python3.12/site-packages/airflow/example_dags/example_skip_dag.py
[2026-01-29T02:31:18.935+0000] {logging_mixin.py:188} INFO - [2026-01-29T02:31:18.934+0000] {dag.py:3089} INFO - Sync 1 DAGs
[2026-01-29T02:31:18.958+0000] {logging_mixin.py:188} INFO - [2026-01-29T02:31:18.958+0000] {dag.py:3947} INFO - Setting next_dagrun for example_skip_dag to 2026-01-28 00:00:00+00:00, run_after=2026-01-29 00:00:00+00:00
[2026-01-29T02:31:18.978+0000] {processor.py:183} INFO - Processing /home/airflow/.local/lib/python3.12/site-packages/airflow/example_dags/example_skip_dag.py took 0.084 seconds
[2026-01-29T02:31:49.332+0000] {processor.py:161} INFO - Started process (PID=80749) to work on /home/airflow/.local/lib/python3.12/site-packages/airflow/example_dags/example_skip_dag.py
[2026-01-29T02:31:49.332+0000] {processor.py:830} INFO - Processing file /home/airflow/.local/lib/python3.12/site-packages/airflow/example_dags/example_skip_dag.py for tasks to queue
[2026-01-29T02:31:49.334+0000] {logging_mixin.py:188} INFO - [2026-01-29T02:31:49.334+0000] {dagbag.py:545} INFO - Filling up the DagBag from /home/airflow/.local/lib/python3.12/site-packages/airflow/example_dags/example_skip_dag.py
[2026-01-29T02:31:49.341+0000] {processor.py:840} INFO - DAG(s) 'example_skip_dag' retrieved from /home/airflow/.local/lib/python3.12/site-packages/airflow/example_dags/example_skip_dag.py
[2026-01-29T02:31:49.364+0000] {logging_mixin.py:188} INFO - [2026-01-29T02:31:49.364+0000] {dag.py:3089} INFO - Sync 1 DAGs
[2026-01-29T02:31:49.388+0000] {logging_mixin.py:188} INFO - [2026-01-29T02:31:49.388+0000] {dag.py:3947} INFO - Setting next_dagrun for example_skip_dag to 2026-01-28 00:00:00+00:00, run_after=2026-01-29 00:00:00+00:00
[2026-01-29T02:31:49.408+0000] {processor.py:183} INFO - Processing /home/airflow/.local/lib/python3.12/site-packages/airflow/example_dags/example_skip_dag.py took 0.083 seconds
[2026-01-29T02:32:19.470+0000] {processor.py:161} INFO - Started process (PID=80813) to work on /home/airflow/.local/lib/python3.12/site-packages/airflow/example_dags/example_skip_dag.py
[2026-01-29T02:32:19.471+0000] {processor.py:830} INFO - Processing file /home/airflow/.local/lib/python3.12/site-packages/airflow/example_dags/example_skip_dag.py for tasks to queue
[2026-01-29T02:32:19.473+0000] {logging_mixin.py:188} INFO - [2026-01-29T02:32:19.472+0000] {dagbag.py:545} INFO - Filling up the DagBag from /home/airflow/.local/lib/python3.12/site-packages/airflow/example_dags/example_skip_dag.py
[2026-01-29T02:32:19.480+0000] {processor.py:840} INFO - DAG(s) 'example_skip_dag' retrieved from /home/airflow/.local/lib/python3.12/site-packages/airflow/example_dags/example_skip_dag.py
[2026-01-29T02:32:19.503+0000] {logging_mixin.py:188} INFO - [2026-01-29T02:32:19.503+0000] {dag.py:3089} INFO - Sync 1 DAGs
[2026-01-29T02:32:19.528+0000] {logging_mixin.py:188} INFO - [2026-01-29T02:32:19.528+0000] {dag.py:3947} INFO - Setting next_dagrun for example_skip_dag to 2026-01-28 00:00:00+00:00, run_after=2026-01-29 00:00:00+00:00
[2026-01-29T02:32:19.547+0000] {processor.py:183} INFO - Processing /home/airflow/.local/lib/python3.12/site-packages/airflow/example_dags/example_skip_dag.py took 0.085 seconds
[2026-01-29T02:32:49.715+0000] {processor.py:161} INFO - Started process (PID=80872) to work on /home/airflow/.local/lib/python3.12/site-packages/airflow/example_dags/example_skip_dag.py
[2026-01-29T02:32:49.715+0000] {processor.py:830} INFO - Processing file /home/airflow/.local/lib/python3.12/site-packages/airflow/example_dags/example_skip_dag.py for tasks to queue
[2026-01-29T02:32:49.717+0000] {logging_mixin.py:188} INFO - [2026-01-29T02:32:49.717+0000] {dagbag.py:545} INFO - Filling up the DagBag from /home/airflow/.local/lib/python3.12/site-packages/airflow/example_dags/example_skip_dag.py
[2026-01-29T02:32:49.724+0000] {processor.py:840} INFO - DAG(s) 'example_skip_dag' retrieved from /home/airflow/.local/lib/python3.12/site-packages/airflow/example_dags/example_skip_dag.py
[2026-01-29T02:32:49.747+0000] {logging_mixin.py:188} INFO - [2026-01-29T02:32:49.746+0000] {dag.py:3089} INFO - Sync 1 DAGs
[2026-01-29T02:32:49.772+0000] {logging_mixin.py:188} INFO - [2026-01-29T02:32:49.772+0000] {dag.py:3947} INFO - Setting next_dagrun for example_skip_dag to 2026-01-28 00:00:00+00:00, run_after=2026-01-29 00:00:00+00:00
[2026-01-29T02:32:49.795+0000] {processor.py:183} INFO - Processing /home/airflow/.local/lib/python3.12/site-packages/airflow/example_dags/example_skip_dag.py took 0.087 seconds
[2026-01-29T02:33:19.873+0000] {processor.py:161} INFO - Started process (PID=80934) to work on /home/airflow/.local/lib/python3.12/site-packages/airflow/example_dags/example_skip_dag.py
[2026-01-29T02:33:19.874+0000] {processor.py:830} INFO - Processing file /home/airflow/.local/lib/python3.12/site-packages/airflow/example_dags/example_skip_dag.py for tasks to queue
[2026-01-29T02:33:19.876+0000] {logging_mixin.py:188} INFO - [2026-01-29T02:33:19.875+0000] {dagbag.py:545} INFO - Filling up the DagBag from /home/airflow/.local/lib/python3.12/site-packages/airflow/example_dags/example_skip_dag.py
[2026-01-29T02:33:19.882+0000] {processor.py:840} INFO - DAG(s) 'example_skip_dag' retrieved from /home/airflow/.local/lib/python3.12/site-packages/airflow/example_dags/example_skip_dag.py
[2026-01-29T02:33:19.905+0000] {logging_mixin.py:188} INFO - [2026-01-29T02:33:19.905+0000] {dag.py:3089} INFO - Sync 1 DAGs
[2026-01-29T02:33:19.930+0000] {logging_mixin.py:188} INFO - [2026-01-29T02:33:19.929+0000] {dag.py:3947} INFO - Setting next_dagrun for example_skip_dag to 2026-01-28 00:00:00+00:00, run_after=2026-01-29 00:00:00+00:00
[2026-01-29T02:33:19.950+0000] {processor.py:183} INFO - Processing /home/airflow/.local/lib/python3.12/site-packages/airflow/example_dags/example_skip_dag.py took 0.084 seconds
[2026-01-29T02:33:50.024+0000] {processor.py:161} INFO - Started process (PID=80993) to work on /home/airflow/.local/lib/python3.12/site-packages/airflow/example_dags/example_skip_dag.py
[2026-01-29T02:33:50.025+0000] {processor.py:830} INFO - Processing file /home/airflow/.local/lib/python3.12/site-packages/airflow/example_dags/example_skip_dag.py for tasks to queue
[2026-01-29T02:33:50.027+0000] {logging_mixin.py:188} INFO - [2026-01-29T02:33:50.026+0000] {dagbag.py:545} INFO - Filling up the DagBag from /home/airflow/.local/lib/python3.12/site-packages/airflow/example_dags/example_skip_dag.py
[2026-01-29T02:33:50.034+0000] {processor.py:840} INFO - DAG(s) 'example_skip_dag' retrieved from /home/airflow/.local/lib/python3.12/site-packages/airflow/example_dags/example_skip_dag.py
[2026-01-29T02:33:50.057+0000] {logging_mixin.py:188} INFO - [2026-01-29T02:33:50.057+0000] {dag.py:3089} INFO - Sync 1 DAGs
[2026-01-29T02:33:50.081+0000] {logging_mixin.py:188} INFO - [2026-01-29T02:33:50.081+0000] {dag.py:3947} INFO - Setting next_dagrun for example_skip_dag to 2026-01-28 00:00:00+00:00, run_after=2026-01-29 00:00:00+00:00
[2026-01-29T02:33:50.102+0000] {processor.py:183} INFO - Processing /home/airflow/.local/lib/python3.12/site-packages/airflow/example_dags/example_skip_dag.py took 0.086 seconds
[2026-01-29T02:34:20.307+0000] {processor.py:161} INFO - Started process (PID=81057) to work on /home/airflow/.local/lib/python3.12/site-packages/airflow/example_dags/example_skip_dag.py
[2026-01-29T02:34:20.308+0000] {processor.py:830} INFO - Processing file /home/airflow/.local/lib/python3.12/site-packages/airflow/example_dags/example_skip_dag.py for tasks to queue
[2026-01-29T02:34:20.310+0000] {logging_mixin.py:188} INFO - [2026-01-29T02:34:20.309+0000] {dagbag.py:545} INFO - Filling up the DagBag from /home/airflow/.local/lib/python3.12/site-packages/airflow/example_dags/example_skip_dag.py
[2026-01-29T02:34:20.317+0000] {processor.py:840} INFO - DAG(s) 'example_skip_dag' retrieved from /home/airflow/.local/lib/python3.12/site-packages/airflow/example_dags/example_skip_dag.py
[2026-01-29T02:34:20.338+0000] {logging_mixin.py:188} INFO - [2026-01-29T02:34:20.338+0000] {dag.py:3089} INFO - Sync 1 DAGs
[2026-01-29T02:34:20.362+0000] {logging_mixin.py:188} INFO - [2026-01-29T02:34:20.362+0000] {dag.py:3947} INFO - Setting next_dagrun for example_skip_dag to 2026-01-28 00:00:00+00:00, run_after=2026-01-29 00:00:00+00:00
[2026-01-29T02:34:20.382+0000] {processor.py:183} INFO - Processing /home/airflow/.local/lib/python3.12/site-packages/airflow/example_dags/example_skip_dag.py took 0.083 seconds
[2026-01-29T02:34:50.565+0000] {processor.py:161} INFO - Started process (PID=81116) to work on /home/airflow/.local/lib/python3.12/site-packages/airflow/example_dags/example_skip_dag.py
[2026-01-29T02:34:50.566+0000] {processor.py:830} INFO - Processing file /home/airflow/.local/lib/python3.12/site-packages/airflow/example_dags/example_skip_dag.py for tasks to queue
[2026-01-29T02:34:50.568+0000] {logging_mixin.py:188} INFO - [2026-01-29T02:34:50.567+0000] {dagbag.py:545} INFO - Filling up the DagBag from /home/airflow/.local/lib/python3.12/site-packages/airflow/example_dags/example_skip_dag.py
[2026-01-29T02:34:50.574+0000] {processor.py:840} INFO - DAG(s) 'example_skip_dag' retrieved from /home/airflow/.local/lib/python3.12/site-packages/airflow/example_dags/example_skip_dag.py
[2026-01-29T02:34:50.594+0000] {logging_mixin.py:188} INFO - [2026-01-29T02:34:50.594+0000] {dag.py:3089} INFO - Sync 1 DAGs
[2026-01-29T02:34:50.618+0000] {logging_mixin.py:188} INFO - [2026-01-29T02:34:50.618+0000] {dag.py:3947} INFO - Setting next_dagrun for example_skip_dag to 2026-01-28 00:00:00+00:00, run_after=2026-01-29 00:00:00+00:00
[2026-01-29T02:34:50.638+0000] {processor.py:183} INFO - Processing /home/airflow/.local/lib/python3.12/site-packages/airflow/example_dags/example_skip_dag.py took 0.079 seconds
[2026-01-29T02:35:20.720+0000] {processor.py:161} INFO - Started process (PID=81180) to work on /home/airflow/.local/lib/python3.12/site-packages/airflow/example_dags/example_skip_dag.py
[2026-01-29T02:35:20.721+0000] {processor.py:830} INFO - Processing file /home/airflow/.local/lib/python3.12/site-packages/airflow/example_dags/example_skip_dag.py for tasks to queue
[2026-01-29T02:35:20.723+0000] {logging_mixin.py:188} INFO - [2026-01-29T02:35:20.723+0000] {dagbag.py:545} INFO - Filling up the DagBag from /home/airflow/.local/lib/python3.12/site-packages/airflow/example_dags/example_skip_dag.py
[2026-01-29T02:35:20.731+0000] {processor.py:840} INFO - DAG(s) 'example_skip_dag' retrieved from /home/airflow/.local/lib/python3.12/site-packages/airflow/example_dags/example_skip_dag.py
[2026-01-29T02:35:20.754+0000] {logging_mixin.py:188} INFO - [2026-01-29T02:35:20.754+0000] {dag.py:3089} INFO - Sync 1 DAGs
[2026-01-29T02:35:20.778+0000] {logging_mixin.py:188} INFO - [2026-01-29T02:35:20.778+0000] {dag.py:3947} INFO - Setting next_dagrun for example_skip_dag to 2026-01-28 00:00:00+00:00, run_after=2026-01-29 00:00:00+00:00
[2026-01-29T02:35:20.798+0000] {processor.py:183} INFO - Processing /home/airflow/.local/lib/python3.12/site-packages/airflow/example_dags/example_skip_dag.py took 0.086 seconds
[2026-01-29T02:35:51.032+0000] {processor.py:161} INFO - Started process (PID=81239) to work on /home/airflow/.local/lib/python3.12/site-packages/airflow/example_dags/example_skip_dag.py
[2026-01-29T02:35:51.033+0000] {processor.py:830} INFO - Processing file /home/airflow/.local/lib/python3.12/site-packages/airflow/example_dags/example_skip_dag.py for tasks to queue
[2026-01-29T02:35:51.034+0000] {logging_mixin.py:188} INFO - [2026-01-29T02:35:51.034+0000] {dagbag.py:545} INFO - Filling up the DagBag from /home/airflow/.local/lib/python3.12/site-packages/airflow/example_dags/example_skip_dag.py
[2026-01-29T02:35:51.041+0000] {processor.py:840} INFO - DAG(s) 'example_skip_dag' retrieved from /home/airflow/.local/lib/python3.12/site-packages/airflow/example_dags/example_skip_dag.py
[2026-01-29T02:35:51.063+0000] {logging_mixin.py:188} INFO - [2026-01-29T02:35:51.063+0000] {dag.py:3089} INFO - Sync 1 DAGs
[2026-01-29T02:35:51.087+0000] {logging_mixin.py:188} INFO - [2026-01-29T02:35:51.087+0000] {dag.py:3947} INFO - Setting next_dagrun for example_skip_dag to 2026-01-28 00:00:00+00:00, run_after=2026-01-29 00:00:00+00:00
[2026-01-29T02:35:51.107+0000] {processor.py:183} INFO - Processing /home/airflow/.local/lib/python3.12/site-packages/airflow/example_dags/example_skip_dag.py took 0.082 seconds
[2026-01-29T02:36:21.268+0000] {processor.py:161} INFO - Started process (PID=81303) to work on /home/airflow/.local/lib/python3.12/site-packages/airflow/example_dags/example_skip_dag.py
[2026-01-29T02:36:21.269+0000] {processor.py:830} INFO - Processing file /home/airflow/.local/lib/python3.12/site-packages/airflow/example_dags/example_skip_dag.py for tasks to queue
[2026-01-29T02:36:21.271+0000] {logging_mixin.py:188} INFO - [2026-01-29T02:36:21.271+0000] {dagbag.py:545} INFO - Filling up the DagBag from /home/airflow/.local/lib/python3.12/site-packages/airflow/example_dags/example_skip_dag.py
[2026-01-29T02:36:21.279+0000] {processor.py:840} INFO - DAG(s) 'example_skip_dag' retrieved from /home/airflow/.local/lib/python3.12/site-packages/airflow/example_dags/example_skip_dag.py
[2026-01-29T02:36:21.303+0000] {logging_mixin.py:188} INFO - [2026-01-29T02:36:21.303+0000] {dag.py:3089} INFO - Sync 1 DAGs
[2026-01-29T02:36:21.326+0000] {logging_mixin.py:188} INFO - [2026-01-29T02:36:21.326+0000] {dag.py:3947} INFO - Setting next_dagrun for example_skip_dag to 2026-01-28 00:00:00+00:00, run_after=2026-01-29 00:00:00+00:00
[2026-01-29T02:36:21.346+0000] {processor.py:183} INFO - Processing /home/airflow/.local/lib/python3.12/site-packages/airflow/example_dags/example_skip_dag.py took 0.086 seconds
[2026-01-29T02:36:51.662+0000] {processor.py:161} INFO - Started process (PID=81362) to work on /home/airflow/.local/lib/python3.12/site-packages/airflow/example_dags/example_skip_dag.py
[2026-01-29T02:36:51.663+0000] {processor.py:830} INFO - Processing file /home/airflow/.local/lib/python3.12/site-packages/airflow/example_dags/example_skip_dag.py for tasks to queue
[2026-01-29T02:36:51.665+0000] {logging_mixin.py:188} INFO - [2026-01-29T02:36:51.664+0000] {dagbag.py:545} INFO - Filling up the DagBag from /home/airflow/.local/lib/python3.12/site-packages/airflow/example_dags/example_skip_dag.py
[2026-01-29T02:36:51.672+0000] {processor.py:840} INFO - DAG(s) 'example_skip_dag' retrieved from /home/airflow/.local/lib/python3.12/site-packages/airflow/example_dags/example_skip_dag.py
[2026-01-29T02:36:51.694+0000] {logging_mixin.py:188} INFO - [2026-01-29T02:36:51.694+0000] {dag.py:3089} INFO - Sync 1 DAGs
[2026-01-29T02:36:51.718+0000] {logging_mixin.py:188} INFO - [2026-01-29T02:36:51.718+0000] {dag.py:3947} INFO - Setting next_dagrun for example_skip_dag to 2026-01-28 00:00:00+00:00, run_after=2026-01-29 00:00:00+00:00
[2026-01-29T02:36:51.738+0000] {processor.py:183} INFO - Processing /home/airflow/.local/lib/python3.12/site-packages/airflow/example_dags/example_skip_dag.py took 0.084 seconds
[2026-01-29T02:37:21.895+0000] {processor.py:161} INFO - Started process (PID=81426) to work on /home/airflow/.local/lib/python3.12/site-packages/airflow/example_dags/example_skip_dag.py
[2026-01-29T02:37:21.896+0000] {processor.py:830} INFO - Processing file /home/airflow/.local/lib/python3.12/site-packages/airflow/example_dags/example_skip_dag.py for tasks to queue
[2026-01-29T02:37:21.898+0000] {logging_mixin.py:188} INFO - [2026-01-29T02:37:21.897+0000] {dagbag.py:545} INFO - Filling up the DagBag from /home/airflow/.local/lib/python3.12/site-packages/airflow/example_dags/example_skip_dag.py
[2026-01-29T02:37:21.905+0000] {processor.py:840} INFO - DAG(s) 'example_skip_dag' retrieved from /home/airflow/.local/lib/python3.12/site-packages/airflow/example_dags/example_skip_dag.py
[2026-01-29T02:37:21.927+0000] {logging_mixin.py:188} INFO - [2026-01-29T02:37:21.927+0000] {dag.py:3089} INFO - Sync 1 DAGs
[2026-01-29T02:37:21.950+0000] {logging_mixin.py:188} INFO - [2026-01-29T02:37:21.950+0000] {dag.py:3947} INFO - Setting next_dagrun for example_skip_dag to 2026-01-28 00:00:00+00:00, run_after=2026-01-29 00:00:00+00:00
[2026-01-29T02:37:21.971+0000] {processor.py:183} INFO - Processing /home/airflow/.local/lib/python3.12/site-packages/airflow/example_dags/example_skip_dag.py took 0.084 seconds
[2026-01-29T02:37:52.154+0000] {processor.py:161} INFO - Started process (PID=81485) to work on /home/airflow/.local/lib/python3.12/site-packages/airflow/example_dags/example_skip_dag.py
[2026-01-29T02:37:52.155+0000] {processor.py:830} INFO - Processing file /home/airflow/.local/lib/python3.12/site-packages/airflow/example_dags/example_skip_dag.py for tasks to queue
[2026-01-29T02:37:52.156+0000] {logging_mixin.py:188} INFO - [2026-01-29T02:37:52.156+0000] {dagbag.py:545} INFO - Filling up the DagBag from /home/airflow/.local/lib/python3.12/site-packages/airflow/example_dags/example_skip_dag.py
[2026-01-29T02:37:52.163+0000] {processor.py:840} INFO - DAG(s) 'example_skip_dag' retrieved from /home/airflow/.local/lib/python3.12/site-packages/airflow/example_dags/example_skip_dag.py
[2026-01-29T02:37:52.184+0000] {logging_mixin.py:188} INFO - [2026-01-29T02:37:52.184+0000] {dag.py:3089} INFO - Sync 1 DAGs
[2026-01-29T02:37:52.207+0000] {logging_mixin.py:188} INFO - [2026-01-29T02:37:52.207+0000] {dag.py:3947} INFO - Setting next_dagrun for example_skip_dag to 2026-01-28 00:00:00+00:00, run_after=2026-01-29 00:00:00+00:00
[2026-01-29T02:37:52.227+0000] {processor.py:183} INFO - Processing /home/airflow/.local/lib/python3.12/site-packages/airflow/example_dags/example_skip_dag.py took 0.079 seconds
[2026-01-29T02:38:22.517+0000] {processor.py:161} INFO - Started process (PID=81549) to work on /home/airflow/.local/lib/python3.12/site-packages/airflow/example_dags/example_skip_dag.py
[2026-01-29T02:38:22.519+0000] {processor.py:830} INFO - Processing file /home/airflow/.local/lib/python3.12/site-packages/airflow/example_dags/example_skip_dag.py for tasks to queue
[2026-01-29T02:38:22.520+0000] {logging_mixin.py:188} INFO - [2026-01-29T02:38:22.520+0000] {dagbag.py:545} INFO - Filling up the DagBag from /home/airflow/.local/lib/python3.12/site-packages/airflow/example_dags/example_skip_dag.py
[2026-01-29T02:38:22.528+0000] {processor.py:840} INFO - DAG(s) 'example_skip_dag' retrieved from /home/airflow/.local/lib/python3.12/site-packages/airflow/example_dags/example_skip_dag.py
[2026-01-29T02:38:22.550+0000] {logging_mixin.py:188} INFO - [2026-01-29T02:38:22.550+0000] {dag.py:3089} INFO - Sync 1 DAGs
[2026-01-29T02:38:22.574+0000] {logging_mixin.py:188} INFO - [2026-01-29T02:38:22.573+0000] {dag.py:3947} INFO - Setting next_dagrun for example_skip_dag to 2026-01-28 00:00:00+00:00, run_after=2026-01-29 00:00:00+00:00
[2026-01-29T02:38:22.594+0000] {processor.py:183} INFO - Processing /home/airflow/.local/lib/python3.12/site-packages/airflow/example_dags/example_skip_dag.py took 0.084 seconds
[2026-01-29T02:38:52.837+0000] {processor.py:161} INFO - Started process (PID=81608) to work on /home/airflow/.local/lib/python3.12/site-packages/airflow/example_dags/example_skip_dag.py
[2026-01-29T02:38:52.838+0000] {processor.py:830} INFO - Processing file /home/airflow/.local/lib/python3.12/site-packages/airflow/example_dags/example_skip_dag.py for tasks to queue
[2026-01-29T02:38:52.840+0000] {logging_mixin.py:188} INFO - [2026-01-29T02:38:52.839+0000] {dagbag.py:545} INFO - Filling up the DagBag from /home/airflow/.local/lib/python3.12/site-packages/airflow/example_dags/example_skip_dag.py
[2026-01-29T02:38:52.847+0000] {processor.py:840} INFO - DAG(s) 'example_skip_dag' retrieved from /home/airflow/.local/lib/python3.12/site-packages/airflow/example_dags/example_skip_dag.py
[2026-01-29T02:38:52.869+0000] {logging_mixin.py:188} INFO - [2026-01-29T02:38:52.869+0000] {dag.py:3089} INFO - Sync 1 DAGs
[2026-01-29T02:38:52.893+0000] {logging_mixin.py:188} INFO - [2026-01-29T02:38:52.892+0000] {dag.py:3947} INFO - Setting next_dagrun for example_skip_dag to 2026-01-28 00:00:00+00:00, run_after=2026-01-29 00:00:00+00:00
[2026-01-29T02:38:52.914+0000] {processor.py:183} INFO - Processing /home/airflow/.local/lib/python3.12/site-packages/airflow/example_dags/example_skip_dag.py took 0.083 seconds
[2026-01-29T02:39:23.110+0000] {processor.py:161} INFO - Started process (PID=81672) to work on /home/airflow/.local/lib/python3.12/site-packages/airflow/example_dags/example_skip_dag.py
[2026-01-29T02:39:23.111+0000] {processor.py:830} INFO - Processing file /home/airflow/.local/lib/python3.12/site-packages/airflow/example_dags/example_skip_dag.py for tasks to queue
[2026-01-29T02:39:23.112+0000] {logging_mixin.py:188} INFO - [2026-01-29T02:39:23.112+0000] {dagbag.py:545} INFO - Filling up the DagBag from /home/airflow/.local/lib/python3.12/site-packages/airflow/example_dags/example_skip_dag.py
[2026-01-29T02:39:23.119+0000] {processor.py:840} INFO - DAG(s) 'example_skip_dag' retrieved from /home/airflow/.local/lib/python3.12/site-packages/airflow/example_dags/example_skip_dag.py
[2026-01-29T02:39:23.139+0000] {logging_mixin.py:188} INFO - [2026-01-29T02:39:23.139+0000] {dag.py:3089} INFO - Sync 1 DAGs
[2026-01-29T02:39:23.164+0000] {logging_mixin.py:188} INFO - [2026-01-29T02:39:23.164+0000] {dag.py:3947} INFO - Setting next_dagrun for example_skip_dag to 2026-01-28 00:00:00+00:00, run_after=2026-01-29 00:00:00+00:00
[2026-01-29T02:39:23.184+0000] {processor.py:183} INFO - Processing /home/airflow/.local/lib/python3.12/site-packages/airflow/example_dags/example_skip_dag.py took 0.081 seconds
[2026-01-29T02:39:53.419+0000] {processor.py:161} INFO - Started process (PID=81731) to work on /home/airflow/.local/lib/python3.12/site-packages/airflow/example_dags/example_skip_dag.py
[2026-01-29T02:39:53.419+0000] {processor.py:830} INFO - Processing file /home/airflow/.local/lib/python3.12/site-packages/airflow/example_dags/example_skip_dag.py for tasks to queue
[2026-01-29T02:39:53.421+0000] {logging_mixin.py:188} INFO - [2026-01-29T02:39:53.421+0000] {dagbag.py:545} INFO - Filling up the DagBag from /home/airflow/.local/lib/python3.12/site-packages/airflow/example_dags/example_skip_dag.py
[2026-01-29T02:39:53.428+0000] {processor.py:840} INFO - DAG(s) 'example_skip_dag' retrieved from /home/airflow/.local/lib/python3.12/site-packages/airflow/example_dags/example_skip_dag.py
[2026-01-29T02:39:53.452+0000] {logging_mixin.py:188} INFO - [2026-01-29T02:39:53.451+0000] {dag.py:3089} INFO - Sync 1 DAGs
[2026-01-29T02:39:53.475+0000] {logging_mixin.py:188} INFO - [2026-01-29T02:39:53.475+0000] {dag.py:3947} INFO - Setting next_dagrun for example_skip_dag to 2026-01-28 00:00:00+00:00, run_after=2026-01-29 00:00:00+00:00
[2026-01-29T02:39:53.497+0000] {processor.py:183} INFO - Processing /home/airflow/.local/lib/python3.12/site-packages/airflow/example_dags/example_skip_dag.py took 0.085 seconds
[2026-01-29T02:40:23.773+0000] {processor.py:161} INFO - Started process (PID=81795) to work on /home/airflow/.local/lib/python3.12/site-packages/airflow/example_dags/example_skip_dag.py
[2026-01-29T02:40:23.774+0000] {processor.py:830} INFO - Processing file /home/airflow/.local/lib/python3.12/site-packages/airflow/example_dags/example_skip_dag.py for tasks to queue
[2026-01-29T02:40:23.776+0000] {logging_mixin.py:188} INFO - [2026-01-29T02:40:23.776+0000] {dagbag.py:545} INFO - Filling up the DagBag from /home/airflow/.local/lib/python3.12/site-packages/airflow/example_dags/example_skip_dag.py
[2026-01-29T02:40:23.784+0000] {processor.py:840} INFO - DAG(s) 'example_skip_dag' retrieved from /home/airflow/.local/lib/python3.12/site-packages/airflow/example_dags/example_skip_dag.py
[2026-01-29T02:40:23.808+0000] {logging_mixin.py:188} INFO - [2026-01-29T02:40:23.807+0000] {dag.py:3089} INFO - Sync 1 DAGs
[2026-01-29T02:40:23.832+0000] {logging_mixin.py:188} INFO - [2026-01-29T02:40:23.831+0000] {dag.py:3947} INFO - Setting next_dagrun for example_skip_dag to 2026-01-28 00:00:00+00:00, run_after=2026-01-29 00:00:00+00:00
[2026-01-29T02:40:23.852+0000] {processor.py:183} INFO - Processing /home/airflow/.local/lib/python3.12/site-packages/airflow/example_dags/example_skip_dag.py took 0.086 seconds
[2026-01-29T02:40:53.974+0000] {processor.py:161} INFO - Started process (PID=81854) to work on /home/airflow/.local/lib/python3.12/site-packages/airflow/example_dags/example_skip_dag.py
[2026-01-29T02:40:53.975+0000] {processor.py:830} INFO - Processing file /home/airflow/.local/lib/python3.12/site-packages/airflow/example_dags/example_skip_dag.py for tasks to queue
[2026-01-29T02:40:53.976+0000] {logging_mixin.py:188} INFO - [2026-01-29T02:40:53.976+0000] {dagbag.py:545} INFO - Filling up the DagBag from /home/airflow/.local/lib/python3.12/site-packages/airflow/example_dags/example_skip_dag.py
[2026-01-29T02:40:53.983+0000] {processor.py:840} INFO - DAG(s) 'example_skip_dag' retrieved from /home/airflow/.local/lib/python3.12/site-packages/airflow/example_dags/example_skip_dag.py
[2026-01-29T02:40:54.004+0000] {logging_mixin.py:188} INFO - [2026-01-29T02:40:54.004+0000] {dag.py:3089} INFO - Sync 1 DAGs
[2026-01-29T02:40:54.026+0000] {logging_mixin.py:188} INFO - [2026-01-29T02:40:54.026+0000] {dag.py:3947} INFO - Setting next_dagrun for example_skip_dag to 2026-01-28 00:00:00+00:00, run_after=2026-01-29 00:00:00+00:00
[2026-01-29T02:40:54.050+0000] {processor.py:183} INFO - Processing /home/airflow/.local/lib/python3.12/site-packages/airflow/example_dags/example_skip_dag.py took 0.083 seconds
[2026-01-29T02:41:24.333+0000] {processor.py:161} INFO - Started process (PID=81918) to work on /home/airflow/.local/lib/python3.12/site-packages/airflow/example_dags/example_skip_dag.py
[2026-01-29T02:41:24.335+0000] {processor.py:830} INFO - Processing file /home/airflow/.local/lib/python3.12/site-packages/airflow/example_dags/example_skip_dag.py for tasks to queue
[2026-01-29T02:41:24.337+0000] {logging_mixin.py:188} INFO - [2026-01-29T02:41:24.336+0000] {dagbag.py:545} INFO - Filling up the DagBag from /home/airflow/.local/lib/python3.12/site-packages/airflow/example_dags/example_skip_dag.py
[2026-01-29T02:41:24.344+0000] {processor.py:840} INFO - DAG(s) 'example_skip_dag' retrieved from /home/airflow/.local/lib/python3.12/site-packages/airflow/example_dags/example_skip_dag.py
[2026-01-29T02:41:24.367+0000] {logging_mixin.py:188} INFO - [2026-01-29T02:41:24.366+0000] {dag.py:3089} INFO - Sync 1 DAGs
[2026-01-29T02:41:24.392+0000] {logging_mixin.py:188} INFO - [2026-01-29T02:41:24.391+0000] {dag.py:3947} INFO - Setting next_dagrun for example_skip_dag to 2026-01-28 00:00:00+00:00, run_after=2026-01-29 00:00:00+00:00
[2026-01-29T02:41:24.412+0000] {processor.py:183} INFO - Processing /home/airflow/.local/lib/python3.12/site-packages/airflow/example_dags/example_skip_dag.py took 0.085 seconds
[2026-01-29T02:41:54.774+0000] {processor.py:161} INFO - Started process (PID=81977) to work on /home/airflow/.local/lib/python3.12/site-packages/airflow/example_dags/example_skip_dag.py
[2026-01-29T02:41:54.774+0000] {processor.py:830} INFO - Processing file /home/airflow/.local/lib/python3.12/site-packages/airflow/example_dags/example_skip_dag.py for tasks to queue
[2026-01-29T02:41:54.776+0000] {logging_mixin.py:188} INFO - [2026-01-29T02:41:54.776+0000] {dagbag.py:545} INFO - Filling up the DagBag from /home/airflow/.local/lib/python3.12/site-packages/airflow/example_dags/example_skip_dag.py
[2026-01-29T02:41:54.783+0000] {processor.py:840} INFO - DAG(s) 'example_skip_dag' retrieved from /home/airflow/.local/lib/python3.12/site-packages/airflow/example_dags/example_skip_dag.py
[2026-01-29T02:41:54.804+0000] {logging_mixin.py:188} INFO - [2026-01-29T02:41:54.804+0000] {dag.py:3089} INFO - Sync 1 DAGs
[2026-01-29T02:41:54.828+0000] {logging_mixin.py:188} INFO - [2026-01-29T02:41:54.828+0000] {dag.py:3947} INFO - Setting next_dagrun for example_skip_dag to 2026-01-28 00:00:00+00:00, run_after=2026-01-29 00:00:00+00:00
[2026-01-29T02:41:54.848+0000] {processor.py:183} INFO - Processing /home/airflow/.local/lib/python3.12/site-packages/airflow/example_dags/example_skip_dag.py took 0.082 seconds
[2026-01-29T02:42:25.186+0000] {processor.py:161} INFO - Started process (PID=82041) to work on /home/airflow/.local/lib/python3.12/site-packages/airflow/example_dags/example_skip_dag.py
[2026-01-29T02:42:25.187+0000] {processor.py:830} INFO - Processing file /home/airflow/.local/lib/python3.12/site-packages/airflow/example_dags/example_skip_dag.py for tasks to queue
[2026-01-29T02:42:25.189+0000] {logging_mixin.py:188} INFO - [2026-01-29T02:42:25.189+0000] {dagbag.py:545} INFO - Filling up the DagBag from /home/airflow/.local/lib/python3.12/site-packages/airflow/example_dags/example_skip_dag.py
[2026-01-29T02:42:25.196+0000] {processor.py:840} INFO - DAG(s) 'example_skip_dag' retrieved from /home/airflow/.local/lib/python3.12/site-packages/airflow/example_dags/example_skip_dag.py
[2026-01-29T02:42:25.219+0000] {logging_mixin.py:188} INFO - [2026-01-29T02:42:25.218+0000] {dag.py:3089} INFO - Sync 1 DAGs
[2026-01-29T02:42:25.241+0000] {logging_mixin.py:188} INFO - [2026-01-29T02:42:25.241+0000] {dag.py:3947} INFO - Setting next_dagrun for example_skip_dag to 2026-01-28 00:00:00+00:00, run_after=2026-01-29 00:00:00+00:00
[2026-01-29T02:42:25.261+0000] {processor.py:183} INFO - Processing /home/airflow/.local/lib/python3.12/site-packages/airflow/example_dags/example_skip_dag.py took 0.083 seconds
[2026-01-29T02:42:55.480+0000] {processor.py:161} INFO - Started process (PID=82100) to work on /home/airflow/.local/lib/python3.12/site-packages/airflow/example_dags/example_skip_dag.py
[2026-01-29T02:42:55.481+0000] {processor.py:830} INFO - Processing file /home/airflow/.local/lib/python3.12/site-packages/airflow/example_dags/example_skip_dag.py for tasks to queue
[2026-01-29T02:42:55.483+0000] {logging_mixin.py:188} INFO - [2026-01-29T02:42:55.482+0000] {dagbag.py:545} INFO - Filling up the DagBag from /home/airflow/.local/lib/python3.12/site-packages/airflow/example_dags/example_skip_dag.py
[2026-01-29T02:42:55.490+0000] {processor.py:840} INFO - DAG(s) 'example_skip_dag' retrieved from /home/airflow/.local/lib/python3.12/site-packages/airflow/example_dags/example_skip_dag.py
[2026-01-29T02:42:55.514+0000] {logging_mixin.py:188} INFO - [2026-01-29T02:42:55.514+0000] {dag.py:3089} INFO - Sync 1 DAGs
[2026-01-29T02:42:55.539+0000] {logging_mixin.py:188} INFO - [2026-01-29T02:42:55.539+0000] {dag.py:3947} INFO - Setting next_dagrun for example_skip_dag to 2026-01-28 00:00:00+00:00, run_after=2026-01-29 00:00:00+00:00
[2026-01-29T02:42:55.559+0000] {processor.py:183} INFO - Processing /home/airflow/.local/lib/python3.12/site-packages/airflow/example_dags/example_skip_dag.py took 0.086 seconds
[2026-01-29T02:43:25.688+0000] {processor.py:161} INFO - Started process (PID=82164) to work on /home/airflow/.local/lib/python3.12/site-packages/airflow/example_dags/example_skip_dag.py
[2026-01-29T02:43:25.689+0000] {processor.py:830} INFO - Processing file /home/airflow/.local/lib/python3.12/site-packages/airflow/example_dags/example_skip_dag.py for tasks to queue
[2026-01-29T02:43:25.691+0000] {logging_mixin.py:188} INFO - [2026-01-29T02:43:25.691+0000] {dagbag.py:545} INFO - Filling up the DagBag from /home/airflow/.local/lib/python3.12/site-packages/airflow/example_dags/example_skip_dag.py
[2026-01-29T02:43:25.699+0000] {processor.py:840} INFO - DAG(s) 'example_skip_dag' retrieved from /home/airflow/.local/lib/python3.12/site-packages/airflow/example_dags/example_skip_dag.py
[2026-01-29T02:43:25.722+0000] {logging_mixin.py:188} INFO - [2026-01-29T02:43:25.722+0000] {dag.py:3089} INFO - Sync 1 DAGs
[2026-01-29T02:43:25.746+0000] {logging_mixin.py:188} INFO - [2026-01-29T02:43:25.745+0000] {dag.py:3947} INFO - Setting next_dagrun for example_skip_dag to 2026-01-28 00:00:00+00:00, run_after=2026-01-29 00:00:00+00:00
[2026-01-29T02:43:25.765+0000] {processor.py:183} INFO - Processing /home/airflow/.local/lib/python3.12/site-packages/airflow/example_dags/example_skip_dag.py took 0.085 seconds
[2026-01-29T02:43:55.903+0000] {processor.py:161} INFO - Started process (PID=82223) to work on /home/airflow/.local/lib/python3.12/site-packages/airflow/example_dags/example_skip_dag.py
[2026-01-29T02:43:55.904+0000] {processor.py:830} INFO - Processing file /home/airflow/.local/lib/python3.12/site-packages/airflow/example_dags/example_skip_dag.py for tasks to queue
[2026-01-29T02:43:55.906+0000] {logging_mixin.py:188} INFO - [2026-01-29T02:43:55.905+0000] {dagbag.py:545} INFO - Filling up the DagBag from /home/airflow/.local/lib/python3.12/site-packages/airflow/example_dags/example_skip_dag.py
[2026-01-29T02:43:55.913+0000] {processor.py:840} INFO - DAG(s) 'example_skip_dag' retrieved from /home/airflow/.local/lib/python3.12/site-packages/airflow/example_dags/example_skip_dag.py
[2026-01-29T02:43:55.935+0000] {logging_mixin.py:188} INFO - [2026-01-29T02:43:55.934+0000] {dag.py:3089} INFO - Sync 1 DAGs
[2026-01-29T02:43:55.957+0000] {logging_mixin.py:188} INFO - [2026-01-29T02:43:55.957+0000] {dag.py:3947} INFO - Setting next_dagrun for example_skip_dag to 2026-01-28 00:00:00+00:00, run_after=2026-01-29 00:00:00+00:00
[2026-01-29T02:43:55.976+0000] {processor.py:183} INFO - Processing /home/airflow/.local/lib/python3.12/site-packages/airflow/example_dags/example_skip_dag.py took 0.081 seconds
[2026-01-29T02:44:26.130+0000] {processor.py:161} INFO - Started process (PID=82287) to work on /home/airflow/.local/lib/python3.12/site-packages/airflow/example_dags/example_skip_dag.py
[2026-01-29T02:44:26.131+0000] {processor.py:830} INFO - Processing file /home/airflow/.local/lib/python3.12/site-packages/airflow/example_dags/example_skip_dag.py for tasks to queue
[2026-01-29T02:44:26.133+0000] {logging_mixin.py:188} INFO - [2026-01-29T02:44:26.133+0000] {dagbag.py:545} INFO - Filling up the DagBag from /home/airflow/.local/lib/python3.12/site-packages/airflow/example_dags/example_skip_dag.py
[2026-01-29T02:44:26.139+0000] {processor.py:840} INFO - DAG(s) 'example_skip_dag' retrieved from /home/airflow/.local/lib/python3.12/site-packages/airflow/example_dags/example_skip_dag.py
[2026-01-29T02:44:26.160+0000] {logging_mixin.py:188} INFO - [2026-01-29T02:44:26.160+0000] {dag.py:3089} INFO - Sync 1 DAGs
[2026-01-29T02:44:26.184+0000] {logging_mixin.py:188} INFO - [2026-01-29T02:44:26.184+0000] {dag.py:3947} INFO - Setting next_dagrun for example_skip_dag to 2026-01-28 00:00:00+00:00, run_after=2026-01-29 00:00:00+00:00
[2026-01-29T02:44:26.204+0000] {processor.py:183} INFO - Processing /home/airflow/.local/lib/python3.12/site-packages/airflow/example_dags/example_skip_dag.py took 0.079 seconds
[2026-01-29T02:44:56.276+0000] {processor.py:161} INFO - Started process (PID=82346) to work on /home/airflow/.local/lib/python3.12/site-packages/airflow/example_dags/example_skip_dag.py
[2026-01-29T02:44:56.277+0000] {processor.py:830} INFO - Processing file /home/airflow/.local/lib/python3.12/site-packages/airflow/example_dags/example_skip_dag.py for tasks to queue
[2026-01-29T02:44:56.279+0000] {logging_mixin.py:188} INFO - [2026-01-29T02:44:56.279+0000] {dagbag.py:545} INFO - Filling up the DagBag from /home/airflow/.local/lib/python3.12/site-packages/airflow/example_dags/example_skip_dag.py
[2026-01-29T02:44:56.286+0000] {processor.py:840} INFO - DAG(s) 'example_skip_dag' retrieved from /home/airflow/.local/lib/python3.12/site-packages/airflow/example_dags/example_skip_dag.py
[2026-01-29T02:44:56.308+0000] {logging_mixin.py:188} INFO - [2026-01-29T02:44:56.308+0000] {dag.py:3089} INFO - Sync 1 DAGs
[2026-01-29T02:44:56.331+0000] {logging_mixin.py:188} INFO - [2026-01-29T02:44:56.331+0000] {dag.py:3947} INFO - Setting next_dagrun for example_skip_dag to 2026-01-28 00:00:00+00:00, run_after=2026-01-29 00:00:00+00:00
[2026-01-29T02:44:56.352+0000] {processor.py:183} INFO - Processing /home/airflow/.local/lib/python3.12/site-packages/airflow/example_dags/example_skip_dag.py took 0.083 seconds
[2026-01-29T02:45:26.528+0000] {processor.py:161} INFO - Started process (PID=82410) to work on /home/airflow/.local/lib/python3.12/site-packages/airflow/example_dags/example_skip_dag.py
[2026-01-29T02:45:26.529+0000] {processor.py:830} INFO - Processing file /home/airflow/.local/lib/python3.12/site-packages/airflow/example_dags/example_skip_dag.py for tasks to queue
[2026-01-29T02:45:26.531+0000] {logging_mixin.py:188} INFO - [2026-01-29T02:45:26.531+0000] {dagbag.py:545} INFO - Filling up the DagBag from /home/airflow/.local/lib/python3.12/site-packages/airflow/example_dags/example_skip_dag.py
[2026-01-29T02:45:26.538+0000] {processor.py:840} INFO - DAG(s) 'example_skip_dag' retrieved from /home/airflow/.local/lib/python3.12/site-packages/airflow/example_dags/example_skip_dag.py
[2026-01-29T02:45:26.558+0000] {logging_mixin.py:188} INFO - [2026-01-29T02:45:26.558+0000] {dag.py:3089} INFO - Sync 1 DAGs
[2026-01-29T02:45:26.582+0000] {logging_mixin.py:188} INFO - [2026-01-29T02:45:26.582+0000] {dag.py:3947} INFO - Setting next_dagrun for example_skip_dag to 2026-01-28 00:00:00+00:00, run_after=2026-01-29 00:00:00+00:00
[2026-01-29T02:45:26.603+0000] {processor.py:183} INFO - Processing /home/airflow/.local/lib/python3.12/site-packages/airflow/example_dags/example_skip_dag.py took 0.081 seconds
[2026-01-29T02:45:56.869+0000] {processor.py:161} INFO - Started process (PID=82469) to work on /home/airflow/.local/lib/python3.12/site-packages/airflow/example_dags/example_skip_dag.py
[2026-01-29T02:45:56.870+0000] {processor.py:830} INFO - Processing file /home/airflow/.local/lib/python3.12/site-packages/airflow/example_dags/example_skip_dag.py for tasks to queue
[2026-01-29T02:45:56.872+0000] {logging_mixin.py:188} INFO - [2026-01-29T02:45:56.871+0000] {dagbag.py:545} INFO - Filling up the DagBag from /home/airflow/.local/lib/python3.12/site-packages/airflow/example_dags/example_skip_dag.py
[2026-01-29T02:45:56.879+0000] {processor.py:840} INFO - DAG(s) 'example_skip_dag' retrieved from /home/airflow/.local/lib/python3.12/site-packages/airflow/example_dags/example_skip_dag.py
[2026-01-29T02:45:56.901+0000] {logging_mixin.py:188} INFO - [2026-01-29T02:45:56.901+0000] {dag.py:3089} INFO - Sync 1 DAGs
[2026-01-29T02:45:56.925+0000] {logging_mixin.py:188} INFO - [2026-01-29T02:45:56.924+0000] {dag.py:3947} INFO - Setting next_dagrun for example_skip_dag to 2026-01-28 00:00:00+00:00, run_after=2026-01-29 00:00:00+00:00
[2026-01-29T02:45:56.947+0000] {processor.py:183} INFO - Processing /home/airflow/.local/lib/python3.12/site-packages/airflow/example_dags/example_skip_dag.py took 0.085 seconds
[2026-01-29T02:46:27.483+0000] {processor.py:161} INFO - Started process (PID=82533) to work on /home/airflow/.local/lib/python3.12/site-packages/airflow/example_dags/example_skip_dag.py
[2026-01-29T02:46:27.484+0000] {processor.py:830} INFO - Processing file /home/airflow/.local/lib/python3.12/site-packages/airflow/example_dags/example_skip_dag.py for tasks to queue
[2026-01-29T02:46:27.486+0000] {logging_mixin.py:188} INFO - [2026-01-29T02:46:27.485+0000] {dagbag.py:545} INFO - Filling up the DagBag from /home/airflow/.local/lib/python3.12/site-packages/airflow/example_dags/example_skip_dag.py
[2026-01-29T02:46:27.493+0000] {processor.py:840} INFO - DAG(s) 'example_skip_dag' retrieved from /home/airflow/.local/lib/python3.12/site-packages/airflow/example_dags/example_skip_dag.py
[2026-01-29T02:46:27.518+0000] {logging_mixin.py:188} INFO - [2026-01-29T02:46:27.517+0000] {dag.py:3089} INFO - Sync 1 DAGs
[2026-01-29T02:46:27.541+0000] {logging_mixin.py:188} INFO - [2026-01-29T02:46:27.541+0000] {dag.py:3947} INFO - Setting next_dagrun for example_skip_dag to 2026-01-28 00:00:00+00:00, run_after=2026-01-29 00:00:00+00:00
[2026-01-29T02:46:27.560+0000] {processor.py:183} INFO - Processing /home/airflow/.local/lib/python3.12/site-packages/airflow/example_dags/example_skip_dag.py took 0.086 seconds
[2026-01-29T02:46:58.001+0000] {processor.py:161} INFO - Started process (PID=82592) to work on /home/airflow/.local/lib/python3.12/site-packages/airflow/example_dags/example_skip_dag.py
[2026-01-29T02:46:58.001+0000] {processor.py:830} INFO - Processing file /home/airflow/.local/lib/python3.12/site-packages/airflow/example_dags/example_skip_dag.py for tasks to queue
[2026-01-29T02:46:58.003+0000] {logging_mixin.py:188} INFO - [2026-01-29T02:46:58.003+0000] {dagbag.py:545} INFO - Filling up the DagBag from /home/airflow/.local/lib/python3.12/site-packages/airflow/example_dags/example_skip_dag.py
[2026-01-29T02:46:58.010+0000] {processor.py:840} INFO - DAG(s) 'example_skip_dag' retrieved from /home/airflow/.local/lib/python3.12/site-packages/airflow/example_dags/example_skip_dag.py
[2026-01-29T02:46:58.033+0000] {logging_mixin.py:188} INFO - [2026-01-29T02:46:58.033+0000] {dag.py:3089} INFO - Sync 1 DAGs
[2026-01-29T02:46:58.058+0000] {logging_mixin.py:188} INFO - [2026-01-29T02:46:58.058+0000] {dag.py:3947} INFO - Setting next_dagrun for example_skip_dag to 2026-01-28 00:00:00+00:00, run_after=2026-01-29 00:00:00+00:00
[2026-01-29T02:46:58.079+0000] {processor.py:183} INFO - Processing /home/airflow/.local/lib/python3.12/site-packages/airflow/example_dags/example_skip_dag.py took 0.086 seconds
[2026-01-29T02:47:28.602+0000] {processor.py:161} INFO - Started process (PID=82656) to work on /home/airflow/.local/lib/python3.12/site-packages/airflow/example_dags/example_skip_dag.py
[2026-01-29T02:47:28.603+0000] {processor.py:830} INFO - Processing file /home/airflow/.local/lib/python3.12/site-packages/airflow/example_dags/example_skip_dag.py for tasks to queue
[2026-01-29T02:47:28.605+0000] {logging_mixin.py:188} INFO - [2026-01-29T02:47:28.605+0000] {dagbag.py:545} INFO - Filling up the DagBag from /home/airflow/.local/lib/python3.12/site-packages/airflow/example_dags/example_skip_dag.py
[2026-01-29T02:47:28.613+0000] {processor.py:840} INFO - DAG(s) 'example_skip_dag' retrieved from /home/airflow/.local/lib/python3.12/site-packages/airflow/example_dags/example_skip_dag.py
[2026-01-29T02:47:28.637+0000] {logging_mixin.py:188} INFO - [2026-01-29T02:47:28.636+0000] {dag.py:3089} INFO - Sync 1 DAGs
[2026-01-29T02:47:28.661+0000] {logging_mixin.py:188} INFO - [2026-01-29T02:47:28.661+0000] {dag.py:3947} INFO - Setting next_dagrun for example_skip_dag to 2026-01-28 00:00:00+00:00, run_after=2026-01-29 00:00:00+00:00
[2026-01-29T02:47:28.681+0000] {processor.py:183} INFO - Processing /home/airflow/.local/lib/python3.12/site-packages/airflow/example_dags/example_skip_dag.py took 0.087 seconds
[2026-01-29T02:47:59.075+0000] {processor.py:161} INFO - Started process (PID=82715) to work on /home/airflow/.local/lib/python3.12/site-packages/airflow/example_dags/example_skip_dag.py
[2026-01-29T02:47:59.076+0000] {processor.py:830} INFO - Processing file /home/airflow/.local/lib/python3.12/site-packages/airflow/example_dags/example_skip_dag.py for tasks to queue
[2026-01-29T02:47:59.077+0000] {logging_mixin.py:188} INFO - [2026-01-29T02:47:59.077+0000] {dagbag.py:545} INFO - Filling up the DagBag from /home/airflow/.local/lib/python3.12/site-packages/airflow/example_dags/example_skip_dag.py
[2026-01-29T02:47:59.084+0000] {processor.py:840} INFO - DAG(s) 'example_skip_dag' retrieved from /home/airflow/.local/lib/python3.12/site-packages/airflow/example_dags/example_skip_dag.py
[2026-01-29T02:47:59.105+0000] {logging_mixin.py:188} INFO - [2026-01-29T02:47:59.105+0000] {dag.py:3089} INFO - Sync 1 DAGs
[2026-01-29T02:47:59.126+0000] {logging_mixin.py:188} INFO - [2026-01-29T02:47:59.126+0000] {dag.py:3947} INFO - Setting next_dagrun for example_skip_dag to 2026-01-28 00:00:00+00:00, run_after=2026-01-29 00:00:00+00:00
[2026-01-29T02:47:59.147+0000] {processor.py:183} INFO - Processing /home/airflow/.local/lib/python3.12/site-packages/airflow/example_dags/example_skip_dag.py took 0.079 seconds
[2026-01-29T02:48:29.623+0000] {processor.py:161} INFO - Started process (PID=82779) to work on /home/airflow/.local/lib/python3.12/site-packages/airflow/example_dags/example_skip_dag.py
[2026-01-29T02:48:29.624+0000] {processor.py:830} INFO - Processing file /home/airflow/.local/lib/python3.12/site-packages/airflow/example_dags/example_skip_dag.py for tasks to queue
[2026-01-29T02:48:29.626+0000] {logging_mixin.py:188} INFO - [2026-01-29T02:48:29.626+0000] {dagbag.py:545} INFO - Filling up the DagBag from /home/airflow/.local/lib/python3.12/site-packages/airflow/example_dags/example_skip_dag.py
[2026-01-29T02:48:29.634+0000] {processor.py:840} INFO - DAG(s) 'example_skip_dag' retrieved from /home/airflow/.local/lib/python3.12/site-packages/airflow/example_dags/example_skip_dag.py
[2026-01-29T02:48:29.656+0000] {logging_mixin.py:188} INFO - [2026-01-29T02:48:29.656+0000] {dag.py:3089} INFO - Sync 1 DAGs
[2026-01-29T02:48:29.679+0000] {logging_mixin.py:188} INFO - [2026-01-29T02:48:29.679+0000] {dag.py:3947} INFO - Setting next_dagrun for example_skip_dag to 2026-01-28 00:00:00+00:00, run_after=2026-01-29 00:00:00+00:00
[2026-01-29T02:48:29.699+0000] {processor.py:183} INFO - Processing /home/airflow/.local/lib/python3.12/site-packages/airflow/example_dags/example_skip_dag.py took 0.083 seconds
[2026-01-29T02:48:59.959+0000] {processor.py:161} INFO - Started process (PID=82838) to work on /home/airflow/.local/lib/python3.12/site-packages/airflow/example_dags/example_skip_dag.py
[2026-01-29T02:48:59.960+0000] {processor.py:830} INFO - Processing file /home/airflow/.local/lib/python3.12/site-packages/airflow/example_dags/example_skip_dag.py for tasks to queue
[2026-01-29T02:48:59.962+0000] {logging_mixin.py:188} INFO - [2026-01-29T02:48:59.961+0000] {dagbag.py:545} INFO - Filling up the DagBag from /home/airflow/.local/lib/python3.12/site-packages/airflow/example_dags/example_skip_dag.py
[2026-01-29T02:48:59.969+0000] {processor.py:840} INFO - DAG(s) 'example_skip_dag' retrieved from /home/airflow/.local/lib/python3.12/site-packages/airflow/example_dags/example_skip_dag.py
[2026-01-29T02:48:59.990+0000] {logging_mixin.py:188} INFO - [2026-01-29T02:48:59.990+0000] {dag.py:3089} INFO - Sync 1 DAGs
[2026-01-29T02:49:00.013+0000] {logging_mixin.py:188} INFO - [2026-01-29T02:49:00.013+0000] {dag.py:3947} INFO - Setting next_dagrun for example_skip_dag to 2026-01-28 00:00:00+00:00, run_after=2026-01-29 00:00:00+00:00
[2026-01-29T02:49:00.032+0000] {processor.py:183} INFO - Processing /home/airflow/.local/lib/python3.12/site-packages/airflow/example_dags/example_skip_dag.py took 0.081 seconds
[2026-01-29T02:49:30.207+0000] {processor.py:161} INFO - Started process (PID=82902) to work on /home/airflow/.local/lib/python3.12/site-packages/airflow/example_dags/example_skip_dag.py
[2026-01-29T02:49:30.208+0000] {processor.py:830} INFO - Processing file /home/airflow/.local/lib/python3.12/site-packages/airflow/example_dags/example_skip_dag.py for tasks to queue
[2026-01-29T02:49:30.210+0000] {logging_mixin.py:188} INFO - [2026-01-29T02:49:30.209+0000] {dagbag.py:545} INFO - Filling up the DagBag from /home/airflow/.local/lib/python3.12/site-packages/airflow/example_dags/example_skip_dag.py
[2026-01-29T02:49:30.217+0000] {processor.py:840} INFO - DAG(s) 'example_skip_dag' retrieved from /home/airflow/.local/lib/python3.12/site-packages/airflow/example_dags/example_skip_dag.py
[2026-01-29T02:49:30.248+0000] {logging_mixin.py:188} INFO - [2026-01-29T02:49:30.248+0000] {dag.py:3089} INFO - Sync 1 DAGs
[2026-01-29T02:49:30.274+0000] {logging_mixin.py:188} INFO - [2026-01-29T02:49:30.274+0000] {dag.py:3947} INFO - Setting next_dagrun for example_skip_dag to 2026-01-28 00:00:00+00:00, run_after=2026-01-29 00:00:00+00:00
[2026-01-29T02:49:30.295+0000] {processor.py:183} INFO - Processing /home/airflow/.local/lib/python3.12/site-packages/airflow/example_dags/example_skip_dag.py took 0.096 seconds
[2026-01-29T02:50:00.464+0000] {processor.py:161} INFO - Started process (PID=82961) to work on /home/airflow/.local/lib/python3.12/site-packages/airflow/example_dags/example_skip_dag.py
[2026-01-29T02:50:00.465+0000] {processor.py:830} INFO - Processing file /home/airflow/.local/lib/python3.12/site-packages/airflow/example_dags/example_skip_dag.py for tasks to queue
[2026-01-29T02:50:00.467+0000] {logging_mixin.py:188} INFO - [2026-01-29T02:50:00.466+0000] {dagbag.py:545} INFO - Filling up the DagBag from /home/airflow/.local/lib/python3.12/site-packages/airflow/example_dags/example_skip_dag.py
[2026-01-29T02:50:00.474+0000] {processor.py:840} INFO - DAG(s) 'example_skip_dag' retrieved from /home/airflow/.local/lib/python3.12/site-packages/airflow/example_dags/example_skip_dag.py
[2026-01-29T02:50:00.496+0000] {logging_mixin.py:188} INFO - [2026-01-29T02:50:00.495+0000] {dag.py:3089} INFO - Sync 1 DAGs
[2026-01-29T02:50:00.520+0000] {logging_mixin.py:188} INFO - [2026-01-29T02:50:00.520+0000] {dag.py:3947} INFO - Setting next_dagrun for example_skip_dag to 2026-01-28 00:00:00+00:00, run_after=2026-01-29 00:00:00+00:00
[2026-01-29T02:50:00.541+0000] {processor.py:183} INFO - Processing /home/airflow/.local/lib/python3.12/site-packages/airflow/example_dags/example_skip_dag.py took 0.084 seconds
[2026-01-29T02:50:31.361+0000] {processor.py:161} INFO - Started process (PID=83023) to work on /home/airflow/.local/lib/python3.12/site-packages/airflow/example_dags/example_skip_dag.py
[2026-01-29T02:50:31.363+0000] {processor.py:830} INFO - Processing file /home/airflow/.local/lib/python3.12/site-packages/airflow/example_dags/example_skip_dag.py for tasks to queue
[2026-01-29T02:50:31.365+0000] {logging_mixin.py:188} INFO - [2026-01-29T02:50:31.364+0000] {dagbag.py:545} INFO - Filling up the DagBag from /home/airflow/.local/lib/python3.12/site-packages/airflow/example_dags/example_skip_dag.py
[2026-01-29T02:50:31.372+0000] {processor.py:840} INFO - DAG(s) 'example_skip_dag' retrieved from /home/airflow/.local/lib/python3.12/site-packages/airflow/example_dags/example_skip_dag.py
[2026-01-29T02:50:31.395+0000] {logging_mixin.py:188} INFO - [2026-01-29T02:50:31.394+0000] {dag.py:3089} INFO - Sync 1 DAGs
[2026-01-29T02:50:31.419+0000] {logging_mixin.py:188} INFO - [2026-01-29T02:50:31.419+0000] {dag.py:3947} INFO - Setting next_dagrun for example_skip_dag to 2026-01-28 00:00:00+00:00, run_after=2026-01-29 00:00:00+00:00
[2026-01-29T02:50:31.440+0000] {processor.py:183} INFO - Processing /home/airflow/.local/lib/python3.12/site-packages/airflow/example_dags/example_skip_dag.py took 0.086 seconds
[2026-01-29T02:51:01.866+0000] {processor.py:161} INFO - Started process (PID=83087) to work on /home/airflow/.local/lib/python3.12/site-packages/airflow/example_dags/example_skip_dag.py
[2026-01-29T02:51:01.867+0000] {processor.py:830} INFO - Processing file /home/airflow/.local/lib/python3.12/site-packages/airflow/example_dags/example_skip_dag.py for tasks to queue
[2026-01-29T02:51:01.870+0000] {logging_mixin.py:188} INFO - [2026-01-29T02:51:01.869+0000] {dagbag.py:545} INFO - Filling up the DagBag from /home/airflow/.local/lib/python3.12/site-packages/airflow/example_dags/example_skip_dag.py
[2026-01-29T02:51:01.878+0000] {processor.py:840} INFO - DAG(s) 'example_skip_dag' retrieved from /home/airflow/.local/lib/python3.12/site-packages/airflow/example_dags/example_skip_dag.py
[2026-01-29T02:51:01.910+0000] {logging_mixin.py:188} INFO - [2026-01-29T02:51:01.910+0000] {dag.py:3089} INFO - Sync 1 DAGs
[2026-01-29T02:51:01.948+0000] {logging_mixin.py:188} INFO - [2026-01-29T02:51:01.947+0000] {dag.py:3947} INFO - Setting next_dagrun for example_skip_dag to 2026-01-28 00:00:00+00:00, run_after=2026-01-29 00:00:00+00:00
[2026-01-29T02:51:01.977+0000] {processor.py:183} INFO - Processing /home/airflow/.local/lib/python3.12/site-packages/airflow/example_dags/example_skip_dag.py took 0.121 seconds
[2026-01-29T02:51:32.657+0000] {processor.py:161} INFO - Started process (PID=83146) to work on /home/airflow/.local/lib/python3.12/site-packages/airflow/example_dags/example_skip_dag.py
[2026-01-29T02:51:32.664+0000] {processor.py:830} INFO - Processing file /home/airflow/.local/lib/python3.12/site-packages/airflow/example_dags/example_skip_dag.py for tasks to queue
[2026-01-29T02:51:32.666+0000] {logging_mixin.py:188} INFO - [2026-01-29T02:51:32.666+0000] {dagbag.py:545} INFO - Filling up the DagBag from /home/airflow/.local/lib/python3.12/site-packages/airflow/example_dags/example_skip_dag.py
[2026-01-29T02:51:32.672+0000] {processor.py:840} INFO - DAG(s) 'example_skip_dag' retrieved from /home/airflow/.local/lib/python3.12/site-packages/airflow/example_dags/example_skip_dag.py
[2026-01-29T02:51:32.695+0000] {logging_mixin.py:188} INFO - [2026-01-29T02:51:32.695+0000] {dag.py:3089} INFO - Sync 1 DAGs
[2026-01-29T02:51:32.720+0000] {logging_mixin.py:188} INFO - [2026-01-29T02:51:32.719+0000] {dag.py:3947} INFO - Setting next_dagrun for example_skip_dag to 2026-01-28 00:00:00+00:00, run_after=2026-01-29 00:00:00+00:00
[2026-01-29T02:51:32.742+0000] {processor.py:183} INFO - Processing /home/airflow/.local/lib/python3.12/site-packages/airflow/example_dags/example_skip_dag.py took 0.090 seconds
[2026-01-29T02:52:03.113+0000] {processor.py:161} INFO - Started process (PID=83210) to work on /home/airflow/.local/lib/python3.12/site-packages/airflow/example_dags/example_skip_dag.py
[2026-01-29T02:52:03.114+0000] {processor.py:830} INFO - Processing file /home/airflow/.local/lib/python3.12/site-packages/airflow/example_dags/example_skip_dag.py for tasks to queue
[2026-01-29T02:52:03.116+0000] {logging_mixin.py:188} INFO - [2026-01-29T02:52:03.116+0000] {dagbag.py:545} INFO - Filling up the DagBag from /home/airflow/.local/lib/python3.12/site-packages/airflow/example_dags/example_skip_dag.py
[2026-01-29T02:52:03.123+0000] {processor.py:840} INFO - DAG(s) 'example_skip_dag' retrieved from /home/airflow/.local/lib/python3.12/site-packages/airflow/example_dags/example_skip_dag.py
[2026-01-29T02:52:03.148+0000] {logging_mixin.py:188} INFO - [2026-01-29T02:52:03.147+0000] {dag.py:3089} INFO - Sync 1 DAGs
[2026-01-29T02:52:03.177+0000] {logging_mixin.py:188} INFO - [2026-01-29T02:52:03.177+0000] {dag.py:3947} INFO - Setting next_dagrun for example_skip_dag to 2026-01-28 00:00:00+00:00, run_after=2026-01-29 00:00:00+00:00
[2026-01-29T02:52:03.334+0000] {processor.py:183} INFO - Processing /home/airflow/.local/lib/python3.12/site-packages/airflow/example_dags/example_skip_dag.py took 0.227 seconds
[2026-01-29T02:52:33.496+0000] {processor.py:161} INFO - Started process (PID=83269) to work on /home/airflow/.local/lib/python3.12/site-packages/airflow/example_dags/example_skip_dag.py
[2026-01-29T02:52:33.497+0000] {processor.py:830} INFO - Processing file /home/airflow/.local/lib/python3.12/site-packages/airflow/example_dags/example_skip_dag.py for tasks to queue
[2026-01-29T02:52:33.499+0000] {logging_mixin.py:188} INFO - [2026-01-29T02:52:33.499+0000] {dagbag.py:545} INFO - Filling up the DagBag from /home/airflow/.local/lib/python3.12/site-packages/airflow/example_dags/example_skip_dag.py
[2026-01-29T02:52:33.507+0000] {processor.py:840} INFO - DAG(s) 'example_skip_dag' retrieved from /home/airflow/.local/lib/python3.12/site-packages/airflow/example_dags/example_skip_dag.py
[2026-01-29T02:52:33.531+0000] {logging_mixin.py:188} INFO - [2026-01-29T02:52:33.530+0000] {dag.py:3089} INFO - Sync 1 DAGs
[2026-01-29T02:52:33.555+0000] {logging_mixin.py:188} INFO - [2026-01-29T02:52:33.555+0000] {dag.py:3947} INFO - Setting next_dagrun for example_skip_dag to 2026-01-28 00:00:00+00:00, run_after=2026-01-29 00:00:00+00:00
[2026-01-29T02:52:33.576+0000] {processor.py:183} INFO - Processing /home/airflow/.local/lib/python3.12/site-packages/airflow/example_dags/example_skip_dag.py took 0.088 seconds
[2026-01-29T02:53:03.849+0000] {processor.py:161} INFO - Started process (PID=83333) to work on /home/airflow/.local/lib/python3.12/site-packages/airflow/example_dags/example_skip_dag.py
[2026-01-29T02:53:03.850+0000] {processor.py:830} INFO - Processing file /home/airflow/.local/lib/python3.12/site-packages/airflow/example_dags/example_skip_dag.py for tasks to queue
[2026-01-29T02:53:03.852+0000] {logging_mixin.py:188} INFO - [2026-01-29T02:53:03.852+0000] {dagbag.py:545} INFO - Filling up the DagBag from /home/airflow/.local/lib/python3.12/site-packages/airflow/example_dags/example_skip_dag.py
[2026-01-29T02:53:03.861+0000] {processor.py:840} INFO - DAG(s) 'example_skip_dag' retrieved from /home/airflow/.local/lib/python3.12/site-packages/airflow/example_dags/example_skip_dag.py
[2026-01-29T02:53:03.890+0000] {logging_mixin.py:188} INFO - [2026-01-29T02:53:03.889+0000] {dag.py:3089} INFO - Sync 1 DAGs
[2026-01-29T02:53:03.924+0000] {logging_mixin.py:188} INFO - [2026-01-29T02:53:03.923+0000] {dag.py:3947} INFO - Setting next_dagrun for example_skip_dag to 2026-01-28 00:00:00+00:00, run_after=2026-01-29 00:00:00+00:00
[2026-01-29T02:53:03.945+0000] {processor.py:183} INFO - Processing /home/airflow/.local/lib/python3.12/site-packages/airflow/example_dags/example_skip_dag.py took 0.101 seconds
[2026-01-29T02:53:34.499+0000] {processor.py:161} INFO - Started process (PID=83392) to work on /home/airflow/.local/lib/python3.12/site-packages/airflow/example_dags/example_skip_dag.py
[2026-01-29T02:53:34.500+0000] {processor.py:830} INFO - Processing file /home/airflow/.local/lib/python3.12/site-packages/airflow/example_dags/example_skip_dag.py for tasks to queue
[2026-01-29T02:53:34.502+0000] {logging_mixin.py:188} INFO - [2026-01-29T02:53:34.502+0000] {dagbag.py:545} INFO - Filling up the DagBag from /home/airflow/.local/lib/python3.12/site-packages/airflow/example_dags/example_skip_dag.py
[2026-01-29T02:53:34.510+0000] {processor.py:840} INFO - DAG(s) 'example_skip_dag' retrieved from /home/airflow/.local/lib/python3.12/site-packages/airflow/example_dags/example_skip_dag.py
[2026-01-29T02:53:34.535+0000] {logging_mixin.py:188} INFO - [2026-01-29T02:53:34.534+0000] {dag.py:3089} INFO - Sync 1 DAGs
[2026-01-29T02:53:34.560+0000] {logging_mixin.py:188} INFO - [2026-01-29T02:53:34.560+0000] {dag.py:3947} INFO - Setting next_dagrun for example_skip_dag to 2026-01-28 00:00:00+00:00, run_after=2026-01-29 00:00:00+00:00
[2026-01-29T02:53:34.581+0000] {processor.py:183} INFO - Processing /home/airflow/.local/lib/python3.12/site-packages/airflow/example_dags/example_skip_dag.py took 0.089 seconds
[2026-01-29T02:54:04.798+0000] {processor.py:161} INFO - Started process (PID=83456) to work on /home/airflow/.local/lib/python3.12/site-packages/airflow/example_dags/example_skip_dag.py
[2026-01-29T02:54:04.799+0000] {processor.py:830} INFO - Processing file /home/airflow/.local/lib/python3.12/site-packages/airflow/example_dags/example_skip_dag.py for tasks to queue
[2026-01-29T02:54:04.801+0000] {logging_mixin.py:188} INFO - [2026-01-29T02:54:04.800+0000] {dagbag.py:545} INFO - Filling up the DagBag from /home/airflow/.local/lib/python3.12/site-packages/airflow/example_dags/example_skip_dag.py
[2026-01-29T02:54:04.807+0000] {processor.py:840} INFO - DAG(s) 'example_skip_dag' retrieved from /home/airflow/.local/lib/python3.12/site-packages/airflow/example_dags/example_skip_dag.py
[2026-01-29T02:54:04.829+0000] {logging_mixin.py:188} INFO - [2026-01-29T02:54:04.829+0000] {dag.py:3089} INFO - Sync 1 DAGs
[2026-01-29T02:54:04.854+0000] {logging_mixin.py:188} INFO - [2026-01-29T02:54:04.854+0000] {dag.py:3947} INFO - Setting next_dagrun for example_skip_dag to 2026-01-28 00:00:00+00:00, run_after=2026-01-29 00:00:00+00:00
[2026-01-29T02:54:04.875+0000] {processor.py:183} INFO - Processing /home/airflow/.local/lib/python3.12/site-packages/airflow/example_dags/example_skip_dag.py took 0.083 seconds
[2026-01-29T02:54:34.971+0000] {processor.py:161} INFO - Started process (PID=83515) to work on /home/airflow/.local/lib/python3.12/site-packages/airflow/example_dags/example_skip_dag.py
[2026-01-29T02:54:34.972+0000] {processor.py:830} INFO - Processing file /home/airflow/.local/lib/python3.12/site-packages/airflow/example_dags/example_skip_dag.py for tasks to queue
[2026-01-29T02:54:34.975+0000] {logging_mixin.py:188} INFO - [2026-01-29T02:54:34.974+0000] {dagbag.py:545} INFO - Filling up the DagBag from /home/airflow/.local/lib/python3.12/site-packages/airflow/example_dags/example_skip_dag.py
[2026-01-29T02:54:34.981+0000] {processor.py:840} INFO - DAG(s) 'example_skip_dag' retrieved from /home/airflow/.local/lib/python3.12/site-packages/airflow/example_dags/example_skip_dag.py
[2026-01-29T02:54:35.004+0000] {logging_mixin.py:188} INFO - [2026-01-29T02:54:35.003+0000] {dag.py:3089} INFO - Sync 1 DAGs
[2026-01-29T02:54:35.028+0000] {logging_mixin.py:188} INFO - [2026-01-29T02:54:35.027+0000] {dag.py:3947} INFO - Setting next_dagrun for example_skip_dag to 2026-01-28 00:00:00+00:00, run_after=2026-01-29 00:00:00+00:00
[2026-01-29T02:54:35.048+0000] {processor.py:183} INFO - Processing /home/airflow/.local/lib/python3.12/site-packages/airflow/example_dags/example_skip_dag.py took 0.084 seconds
[2026-01-29T02:55:05.187+0000] {processor.py:161} INFO - Started process (PID=83579) to work on /home/airflow/.local/lib/python3.12/site-packages/airflow/example_dags/example_skip_dag.py
[2026-01-29T02:55:05.188+0000] {processor.py:830} INFO - Processing file /home/airflow/.local/lib/python3.12/site-packages/airflow/example_dags/example_skip_dag.py for tasks to queue
[2026-01-29T02:55:05.190+0000] {logging_mixin.py:188} INFO - [2026-01-29T02:55:05.189+0000] {dagbag.py:545} INFO - Filling up the DagBag from /home/airflow/.local/lib/python3.12/site-packages/airflow/example_dags/example_skip_dag.py
[2026-01-29T02:55:05.197+0000] {processor.py:840} INFO - DAG(s) 'example_skip_dag' retrieved from /home/airflow/.local/lib/python3.12/site-packages/airflow/example_dags/example_skip_dag.py
[2026-01-29T02:55:05.218+0000] {logging_mixin.py:188} INFO - [2026-01-29T02:55:05.217+0000] {dag.py:3089} INFO - Sync 1 DAGs
[2026-01-29T02:55:05.241+0000] {logging_mixin.py:188} INFO - [2026-01-29T02:55:05.241+0000] {dag.py:3947} INFO - Setting next_dagrun for example_skip_dag to 2026-01-28 00:00:00+00:00, run_after=2026-01-29 00:00:00+00:00
[2026-01-29T02:55:05.261+0000] {processor.py:183} INFO - Processing /home/airflow/.local/lib/python3.12/site-packages/airflow/example_dags/example_skip_dag.py took 0.082 seconds
[2026-01-29T02:55:36.010+0000] {processor.py:161} INFO - Started process (PID=83638) to work on /home/airflow/.local/lib/python3.12/site-packages/airflow/example_dags/example_skip_dag.py
[2026-01-29T02:55:36.012+0000] {processor.py:830} INFO - Processing file /home/airflow/.local/lib/python3.12/site-packages/airflow/example_dags/example_skip_dag.py for tasks to queue
[2026-01-29T02:55:36.014+0000] {logging_mixin.py:188} INFO - [2026-01-29T02:55:36.013+0000] {dagbag.py:545} INFO - Filling up the DagBag from /home/airflow/.local/lib/python3.12/site-packages/airflow/example_dags/example_skip_dag.py
[2026-01-29T02:55:36.021+0000] {processor.py:840} INFO - DAG(s) 'example_skip_dag' retrieved from /home/airflow/.local/lib/python3.12/site-packages/airflow/example_dags/example_skip_dag.py
[2026-01-29T02:55:36.043+0000] {logging_mixin.py:188} INFO - [2026-01-29T02:55:36.042+0000] {dag.py:3089} INFO - Sync 1 DAGs
[2026-01-29T02:55:36.066+0000] {logging_mixin.py:188} INFO - [2026-01-29T02:55:36.066+0000] {dag.py:3947} INFO - Setting next_dagrun for example_skip_dag to 2026-01-28 00:00:00+00:00, run_after=2026-01-29 00:00:00+00:00
[2026-01-29T02:55:36.084+0000] {processor.py:183} INFO - Processing /home/airflow/.local/lib/python3.12/site-packages/airflow/example_dags/example_skip_dag.py took 0.082 seconds
[2026-01-29T02:56:06.949+0000] {processor.py:161} INFO - Started process (PID=83702) to work on /home/airflow/.local/lib/python3.12/site-packages/airflow/example_dags/example_skip_dag.py
[2026-01-29T02:56:06.950+0000] {processor.py:830} INFO - Processing file /home/airflow/.local/lib/python3.12/site-packages/airflow/example_dags/example_skip_dag.py for tasks to queue
[2026-01-29T02:56:06.952+0000] {logging_mixin.py:188} INFO - [2026-01-29T02:56:06.952+0000] {dagbag.py:545} INFO - Filling up the DagBag from /home/airflow/.local/lib/python3.12/site-packages/airflow/example_dags/example_skip_dag.py
[2026-01-29T02:56:06.959+0000] {processor.py:840} INFO - DAG(s) 'example_skip_dag' retrieved from /home/airflow/.local/lib/python3.12/site-packages/airflow/example_dags/example_skip_dag.py
[2026-01-29T02:56:06.982+0000] {logging_mixin.py:188} INFO - [2026-01-29T02:56:06.982+0000] {dag.py:3089} INFO - Sync 1 DAGs
[2026-01-29T02:56:07.004+0000] {logging_mixin.py:188} INFO - [2026-01-29T02:56:07.004+0000] {dag.py:3947} INFO - Setting next_dagrun for example_skip_dag to 2026-01-28 00:00:00+00:00, run_after=2026-01-29 00:00:00+00:00
[2026-01-29T02:56:07.024+0000] {processor.py:183} INFO - Processing /home/airflow/.local/lib/python3.12/site-packages/airflow/example_dags/example_skip_dag.py took 0.082 seconds
[2026-01-29T02:56:37.092+0000] {processor.py:161} INFO - Started process (PID=83761) to work on /home/airflow/.local/lib/python3.12/site-packages/airflow/example_dags/example_skip_dag.py
[2026-01-29T02:56:37.093+0000] {processor.py:830} INFO - Processing file /home/airflow/.local/lib/python3.12/site-packages/airflow/example_dags/example_skip_dag.py for tasks to queue
[2026-01-29T02:56:37.095+0000] {logging_mixin.py:188} INFO - [2026-01-29T02:56:37.094+0000] {dagbag.py:545} INFO - Filling up the DagBag from /home/airflow/.local/lib/python3.12/site-packages/airflow/example_dags/example_skip_dag.py
[2026-01-29T02:56:37.102+0000] {processor.py:840} INFO - DAG(s) 'example_skip_dag' retrieved from /home/airflow/.local/lib/python3.12/site-packages/airflow/example_dags/example_skip_dag.py
[2026-01-29T02:56:37.125+0000] {logging_mixin.py:188} INFO - [2026-01-29T02:56:37.124+0000] {dag.py:3089} INFO - Sync 1 DAGs
[2026-01-29T02:56:37.147+0000] {logging_mixin.py:188} INFO - [2026-01-29T02:56:37.147+0000] {dag.py:3947} INFO - Setting next_dagrun for example_skip_dag to 2026-01-28 00:00:00+00:00, run_after=2026-01-29 00:00:00+00:00
[2026-01-29T02:56:37.167+0000] {processor.py:183} INFO - Processing /home/airflow/.local/lib/python3.12/site-packages/airflow/example_dags/example_skip_dag.py took 0.082 seconds
[2026-01-29T02:57:07.442+0000] {processor.py:161} INFO - Started process (PID=83825) to work on /home/airflow/.local/lib/python3.12/site-packages/airflow/example_dags/example_skip_dag.py
[2026-01-29T02:57:07.443+0000] {processor.py:830} INFO - Processing file /home/airflow/.local/lib/python3.12/site-packages/airflow/example_dags/example_skip_dag.py for tasks to queue
[2026-01-29T02:57:07.445+0000] {logging_mixin.py:188} INFO - [2026-01-29T02:57:07.444+0000] {dagbag.py:545} INFO - Filling up the DagBag from /home/airflow/.local/lib/python3.12/site-packages/airflow/example_dags/example_skip_dag.py
[2026-01-29T02:57:07.452+0000] {processor.py:840} INFO - DAG(s) 'example_skip_dag' retrieved from /home/airflow/.local/lib/python3.12/site-packages/airflow/example_dags/example_skip_dag.py
[2026-01-29T02:57:07.472+0000] {logging_mixin.py:188} INFO - [2026-01-29T02:57:07.472+0000] {dag.py:3089} INFO - Sync 1 DAGs
[2026-01-29T02:57:07.495+0000] {logging_mixin.py:188} INFO - [2026-01-29T02:57:07.495+0000] {dag.py:3947} INFO - Setting next_dagrun for example_skip_dag to 2026-01-28 00:00:00+00:00, run_after=2026-01-29 00:00:00+00:00
[2026-01-29T02:57:07.515+0000] {processor.py:183} INFO - Processing /home/airflow/.local/lib/python3.12/site-packages/airflow/example_dags/example_skip_dag.py took 0.081 seconds
[2026-01-29T02:57:37.601+0000] {processor.py:161} INFO - Started process (PID=83884) to work on /home/airflow/.local/lib/python3.12/site-packages/airflow/example_dags/example_skip_dag.py
[2026-01-29T02:57:37.602+0000] {processor.py:830} INFO - Processing file /home/airflow/.local/lib/python3.12/site-packages/airflow/example_dags/example_skip_dag.py for tasks to queue
[2026-01-29T02:57:37.604+0000] {logging_mixin.py:188} INFO - [2026-01-29T02:57:37.604+0000] {dagbag.py:545} INFO - Filling up the DagBag from /home/airflow/.local/lib/python3.12/site-packages/airflow/example_dags/example_skip_dag.py
[2026-01-29T02:57:37.611+0000] {processor.py:840} INFO - DAG(s) 'example_skip_dag' retrieved from /home/airflow/.local/lib/python3.12/site-packages/airflow/example_dags/example_skip_dag.py
[2026-01-29T02:57:37.633+0000] {logging_mixin.py:188} INFO - [2026-01-29T02:57:37.633+0000] {dag.py:3089} INFO - Sync 1 DAGs
[2026-01-29T02:57:37.657+0000] {logging_mixin.py:188} INFO - [2026-01-29T02:57:37.657+0000] {dag.py:3947} INFO - Setting next_dagrun for example_skip_dag to 2026-01-28 00:00:00+00:00, run_after=2026-01-29 00:00:00+00:00
[2026-01-29T02:57:37.683+0000] {processor.py:183} INFO - Processing /home/airflow/.local/lib/python3.12/site-packages/airflow/example_dags/example_skip_dag.py took 0.090 seconds
[2026-01-29T02:58:07.941+0000] {processor.py:161} INFO - Started process (PID=83948) to work on /home/airflow/.local/lib/python3.12/site-packages/airflow/example_dags/example_skip_dag.py
[2026-01-29T02:58:07.942+0000] {processor.py:830} INFO - Processing file /home/airflow/.local/lib/python3.12/site-packages/airflow/example_dags/example_skip_dag.py for tasks to queue
[2026-01-29T02:58:07.944+0000] {logging_mixin.py:188} INFO - [2026-01-29T02:58:07.943+0000] {dagbag.py:545} INFO - Filling up the DagBag from /home/airflow/.local/lib/python3.12/site-packages/airflow/example_dags/example_skip_dag.py
[2026-01-29T02:58:07.950+0000] {processor.py:840} INFO - DAG(s) 'example_skip_dag' retrieved from /home/airflow/.local/lib/python3.12/site-packages/airflow/example_dags/example_skip_dag.py
[2026-01-29T02:58:07.979+0000] {logging_mixin.py:188} INFO - [2026-01-29T02:58:07.979+0000] {dag.py:3089} INFO - Sync 1 DAGs
[2026-01-29T02:58:08.014+0000] {logging_mixin.py:188} INFO - [2026-01-29T02:58:08.013+0000] {dag.py:3947} INFO - Setting next_dagrun for example_skip_dag to 2026-01-28 00:00:00+00:00, run_after=2026-01-29 00:00:00+00:00
[2026-01-29T02:58:08.035+0000] {processor.py:183} INFO - Processing /home/airflow/.local/lib/python3.12/site-packages/airflow/example_dags/example_skip_dag.py took 0.100 seconds
[2026-01-29T02:58:38.324+0000] {processor.py:161} INFO - Started process (PID=84007) to work on /home/airflow/.local/lib/python3.12/site-packages/airflow/example_dags/example_skip_dag.py
[2026-01-29T02:58:38.325+0000] {processor.py:830} INFO - Processing file /home/airflow/.local/lib/python3.12/site-packages/airflow/example_dags/example_skip_dag.py for tasks to queue
[2026-01-29T02:58:38.327+0000] {logging_mixin.py:188} INFO - [2026-01-29T02:58:38.326+0000] {dagbag.py:545} INFO - Filling up the DagBag from /home/airflow/.local/lib/python3.12/site-packages/airflow/example_dags/example_skip_dag.py
[2026-01-29T02:58:38.335+0000] {processor.py:840} INFO - DAG(s) 'example_skip_dag' retrieved from /home/airflow/.local/lib/python3.12/site-packages/airflow/example_dags/example_skip_dag.py
[2026-01-29T02:58:38.358+0000] {logging_mixin.py:188} INFO - [2026-01-29T02:58:38.358+0000] {dag.py:3089} INFO - Sync 1 DAGs
[2026-01-29T02:58:38.385+0000] {logging_mixin.py:188} INFO - [2026-01-29T02:58:38.385+0000] {dag.py:3947} INFO - Setting next_dagrun for example_skip_dag to 2026-01-28 00:00:00+00:00, run_after=2026-01-29 00:00:00+00:00
[2026-01-29T02:58:38.404+0000] {processor.py:183} INFO - Processing /home/airflow/.local/lib/python3.12/site-packages/airflow/example_dags/example_skip_dag.py took 0.087 seconds
[2026-01-29T02:59:08.691+0000] {processor.py:161} INFO - Started process (PID=84071) to work on /home/airflow/.local/lib/python3.12/site-packages/airflow/example_dags/example_skip_dag.py
[2026-01-29T02:59:08.692+0000] {processor.py:830} INFO - Processing file /home/airflow/.local/lib/python3.12/site-packages/airflow/example_dags/example_skip_dag.py for tasks to queue
[2026-01-29T02:59:08.694+0000] {logging_mixin.py:188} INFO - [2026-01-29T02:59:08.694+0000] {dagbag.py:545} INFO - Filling up the DagBag from /home/airflow/.local/lib/python3.12/site-packages/airflow/example_dags/example_skip_dag.py
[2026-01-29T02:59:08.701+0000] {processor.py:840} INFO - DAG(s) 'example_skip_dag' retrieved from /home/airflow/.local/lib/python3.12/site-packages/airflow/example_dags/example_skip_dag.py
[2026-01-29T02:59:08.722+0000] {logging_mixin.py:188} INFO - [2026-01-29T02:59:08.721+0000] {dag.py:3089} INFO - Sync 1 DAGs
[2026-01-29T02:59:08.746+0000] {logging_mixin.py:188} INFO - [2026-01-29T02:59:08.745+0000] {dag.py:3947} INFO - Setting next_dagrun for example_skip_dag to 2026-01-28 00:00:00+00:00, run_after=2026-01-29 00:00:00+00:00
[2026-01-29T02:59:08.765+0000] {processor.py:183} INFO - Processing /home/airflow/.local/lib/python3.12/site-packages/airflow/example_dags/example_skip_dag.py took 0.081 seconds
[2026-01-29T02:59:39.051+0000] {processor.py:161} INFO - Started process (PID=84130) to work on /home/airflow/.local/lib/python3.12/site-packages/airflow/example_dags/example_skip_dag.py
[2026-01-29T02:59:39.052+0000] {processor.py:830} INFO - Processing file /home/airflow/.local/lib/python3.12/site-packages/airflow/example_dags/example_skip_dag.py for tasks to queue
[2026-01-29T02:59:39.054+0000] {logging_mixin.py:188} INFO - [2026-01-29T02:59:39.053+0000] {dagbag.py:545} INFO - Filling up the DagBag from /home/airflow/.local/lib/python3.12/site-packages/airflow/example_dags/example_skip_dag.py
[2026-01-29T02:59:39.061+0000] {processor.py:840} INFO - DAG(s) 'example_skip_dag' retrieved from /home/airflow/.local/lib/python3.12/site-packages/airflow/example_dags/example_skip_dag.py
[2026-01-29T02:59:39.082+0000] {logging_mixin.py:188} INFO - [2026-01-29T02:59:39.082+0000] {dag.py:3089} INFO - Sync 1 DAGs
[2026-01-29T02:59:39.105+0000] {logging_mixin.py:188} INFO - [2026-01-29T02:59:39.104+0000] {dag.py:3947} INFO - Setting next_dagrun for example_skip_dag to 2026-01-28 00:00:00+00:00, run_after=2026-01-29 00:00:00+00:00
[2026-01-29T02:59:39.124+0000] {processor.py:183} INFO - Processing /home/airflow/.local/lib/python3.12/site-packages/airflow/example_dags/example_skip_dag.py took 0.080 seconds
[2026-01-29T03:00:09.420+0000] {processor.py:161} INFO - Started process (PID=84194) to work on /home/airflow/.local/lib/python3.12/site-packages/airflow/example_dags/example_skip_dag.py
[2026-01-29T03:00:09.421+0000] {processor.py:830} INFO - Processing file /home/airflow/.local/lib/python3.12/site-packages/airflow/example_dags/example_skip_dag.py for tasks to queue
[2026-01-29T03:00:09.423+0000] {logging_mixin.py:188} INFO - [2026-01-29T03:00:09.423+0000] {dagbag.py:545} INFO - Filling up the DagBag from /home/airflow/.local/lib/python3.12/site-packages/airflow/example_dags/example_skip_dag.py
[2026-01-29T03:00:09.431+0000] {processor.py:840} INFO - DAG(s) 'example_skip_dag' retrieved from /home/airflow/.local/lib/python3.12/site-packages/airflow/example_dags/example_skip_dag.py
[2026-01-29T03:00:09.452+0000] {logging_mixin.py:188} INFO - [2026-01-29T03:00:09.451+0000] {dag.py:3089} INFO - Sync 1 DAGs
[2026-01-29T03:00:09.474+0000] {logging_mixin.py:188} INFO - [2026-01-29T03:00:09.474+0000] {dag.py:3947} INFO - Setting next_dagrun for example_skip_dag to 2026-01-28 00:00:00+00:00, run_after=2026-01-29 00:00:00+00:00
[2026-01-29T03:00:09.498+0000] {processor.py:183} INFO - Processing /home/airflow/.local/lib/python3.12/site-packages/airflow/example_dags/example_skip_dag.py took 0.086 seconds
[2026-01-29T03:00:39.786+0000] {processor.py:161} INFO - Started process (PID=84253) to work on /home/airflow/.local/lib/python3.12/site-packages/airflow/example_dags/example_skip_dag.py
[2026-01-29T03:00:39.787+0000] {processor.py:830} INFO - Processing file /home/airflow/.local/lib/python3.12/site-packages/airflow/example_dags/example_skip_dag.py for tasks to queue
[2026-01-29T03:00:39.789+0000] {logging_mixin.py:188} INFO - [2026-01-29T03:00:39.789+0000] {dagbag.py:545} INFO - Filling up the DagBag from /home/airflow/.local/lib/python3.12/site-packages/airflow/example_dags/example_skip_dag.py
[2026-01-29T03:00:39.796+0000] {processor.py:840} INFO - DAG(s) 'example_skip_dag' retrieved from /home/airflow/.local/lib/python3.12/site-packages/airflow/example_dags/example_skip_dag.py
[2026-01-29T03:00:39.819+0000] {logging_mixin.py:188} INFO - [2026-01-29T03:00:39.819+0000] {dag.py:3089} INFO - Sync 1 DAGs
[2026-01-29T03:00:39.845+0000] {logging_mixin.py:188} INFO - [2026-01-29T03:00:39.844+0000] {dag.py:3947} INFO - Setting next_dagrun for example_skip_dag to 2026-01-28 00:00:00+00:00, run_after=2026-01-29 00:00:00+00:00
[2026-01-29T03:00:39.864+0000] {processor.py:183} INFO - Processing /home/airflow/.local/lib/python3.12/site-packages/airflow/example_dags/example_skip_dag.py took 0.085 seconds
[2026-01-29T03:01:09.952+0000] {processor.py:161} INFO - Started process (PID=84317) to work on /home/airflow/.local/lib/python3.12/site-packages/airflow/example_dags/example_skip_dag.py
[2026-01-29T03:01:09.953+0000] {processor.py:830} INFO - Processing file /home/airflow/.local/lib/python3.12/site-packages/airflow/example_dags/example_skip_dag.py for tasks to queue
[2026-01-29T03:01:09.955+0000] {logging_mixin.py:188} INFO - [2026-01-29T03:01:09.954+0000] {dagbag.py:545} INFO - Filling up the DagBag from /home/airflow/.local/lib/python3.12/site-packages/airflow/example_dags/example_skip_dag.py
[2026-01-29T03:01:09.962+0000] {processor.py:840} INFO - DAG(s) 'example_skip_dag' retrieved from /home/airflow/.local/lib/python3.12/site-packages/airflow/example_dags/example_skip_dag.py
[2026-01-29T03:01:09.987+0000] {logging_mixin.py:188} INFO - [2026-01-29T03:01:09.986+0000] {dag.py:3089} INFO - Sync 1 DAGs
[2026-01-29T03:01:10.012+0000] {logging_mixin.py:188} INFO - [2026-01-29T03:01:10.012+0000] {dag.py:3947} INFO - Setting next_dagrun for example_skip_dag to 2026-01-28 00:00:00+00:00, run_after=2026-01-29 00:00:00+00:00
[2026-01-29T03:01:10.033+0000] {processor.py:183} INFO - Processing /home/airflow/.local/lib/python3.12/site-packages/airflow/example_dags/example_skip_dag.py took 0.089 seconds
[2026-01-29T03:01:40.482+0000] {processor.py:161} INFO - Started process (PID=84376) to work on /home/airflow/.local/lib/python3.12/site-packages/airflow/example_dags/example_skip_dag.py
[2026-01-29T03:01:40.483+0000] {processor.py:830} INFO - Processing file /home/airflow/.local/lib/python3.12/site-packages/airflow/example_dags/example_skip_dag.py for tasks to queue
[2026-01-29T03:01:40.484+0000] {logging_mixin.py:188} INFO - [2026-01-29T03:01:40.484+0000] {dagbag.py:545} INFO - Filling up the DagBag from /home/airflow/.local/lib/python3.12/site-packages/airflow/example_dags/example_skip_dag.py
[2026-01-29T03:01:40.491+0000] {processor.py:840} INFO - DAG(s) 'example_skip_dag' retrieved from /home/airflow/.local/lib/python3.12/site-packages/airflow/example_dags/example_skip_dag.py
[2026-01-29T03:01:40.520+0000] {logging_mixin.py:188} INFO - [2026-01-29T03:01:40.520+0000] {dag.py:3089} INFO - Sync 1 DAGs
[2026-01-29T03:01:40.546+0000] {logging_mixin.py:188} INFO - [2026-01-29T03:01:40.545+0000] {dag.py:3947} INFO - Setting next_dagrun for example_skip_dag to 2026-01-28 00:00:00+00:00, run_after=2026-01-29 00:00:00+00:00
[2026-01-29T03:01:40.568+0000] {processor.py:183} INFO - Processing /home/airflow/.local/lib/python3.12/site-packages/airflow/example_dags/example_skip_dag.py took 0.093 seconds
[2026-01-29T03:02:10.810+0000] {processor.py:161} INFO - Started process (PID=84440) to work on /home/airflow/.local/lib/python3.12/site-packages/airflow/example_dags/example_skip_dag.py
[2026-01-29T03:02:10.811+0000] {processor.py:830} INFO - Processing file /home/airflow/.local/lib/python3.12/site-packages/airflow/example_dags/example_skip_dag.py for tasks to queue
[2026-01-29T03:02:10.813+0000] {logging_mixin.py:188} INFO - [2026-01-29T03:02:10.812+0000] {dagbag.py:545} INFO - Filling up the DagBag from /home/airflow/.local/lib/python3.12/site-packages/airflow/example_dags/example_skip_dag.py
[2026-01-29T03:02:10.820+0000] {processor.py:840} INFO - DAG(s) 'example_skip_dag' retrieved from /home/airflow/.local/lib/python3.12/site-packages/airflow/example_dags/example_skip_dag.py
[2026-01-29T03:02:10.842+0000] {logging_mixin.py:188} INFO - [2026-01-29T03:02:10.842+0000] {dag.py:3089} INFO - Sync 1 DAGs
[2026-01-29T03:02:10.864+0000] {logging_mixin.py:188} INFO - [2026-01-29T03:02:10.864+0000] {dag.py:3947} INFO - Setting next_dagrun for example_skip_dag to 2026-01-28 00:00:00+00:00, run_after=2026-01-29 00:00:00+00:00
[2026-01-29T03:02:10.885+0000] {processor.py:183} INFO - Processing /home/airflow/.local/lib/python3.12/site-packages/airflow/example_dags/example_skip_dag.py took 0.082 seconds
[2026-01-29T03:02:41.100+0000] {processor.py:161} INFO - Started process (PID=84499) to work on /home/airflow/.local/lib/python3.12/site-packages/airflow/example_dags/example_skip_dag.py
[2026-01-29T03:02:41.100+0000] {processor.py:830} INFO - Processing file /home/airflow/.local/lib/python3.12/site-packages/airflow/example_dags/example_skip_dag.py for tasks to queue
[2026-01-29T03:02:41.102+0000] {logging_mixin.py:188} INFO - [2026-01-29T03:02:41.102+0000] {dagbag.py:545} INFO - Filling up the DagBag from /home/airflow/.local/lib/python3.12/site-packages/airflow/example_dags/example_skip_dag.py
[2026-01-29T03:02:41.109+0000] {processor.py:840} INFO - DAG(s) 'example_skip_dag' retrieved from /home/airflow/.local/lib/python3.12/site-packages/airflow/example_dags/example_skip_dag.py
[2026-01-29T03:02:41.132+0000] {logging_mixin.py:188} INFO - [2026-01-29T03:02:41.132+0000] {dag.py:3089} INFO - Sync 1 DAGs
[2026-01-29T03:02:41.157+0000] {logging_mixin.py:188} INFO - [2026-01-29T03:02:41.157+0000] {dag.py:3947} INFO - Setting next_dagrun for example_skip_dag to 2026-01-28 00:00:00+00:00, run_after=2026-01-29 00:00:00+00:00
[2026-01-29T03:02:41.178+0000] {processor.py:183} INFO - Processing /home/airflow/.local/lib/python3.12/site-packages/airflow/example_dags/example_skip_dag.py took 0.086 seconds
[2026-01-29T03:03:11.484+0000] {processor.py:161} INFO - Started process (PID=84564) to work on /home/airflow/.local/lib/python3.12/site-packages/airflow/example_dags/example_skip_dag.py
[2026-01-29T03:03:11.485+0000] {processor.py:830} INFO - Processing file /home/airflow/.local/lib/python3.12/site-packages/airflow/example_dags/example_skip_dag.py for tasks to queue
[2026-01-29T03:03:11.487+0000] {logging_mixin.py:188} INFO - [2026-01-29T03:03:11.487+0000] {dagbag.py:545} INFO - Filling up the DagBag from /home/airflow/.local/lib/python3.12/site-packages/airflow/example_dags/example_skip_dag.py
[2026-01-29T03:03:11.494+0000] {processor.py:840} INFO - DAG(s) 'example_skip_dag' retrieved from /home/airflow/.local/lib/python3.12/site-packages/airflow/example_dags/example_skip_dag.py
[2026-01-29T03:03:11.516+0000] {logging_mixin.py:188} INFO - [2026-01-29T03:03:11.515+0000] {dag.py:3089} INFO - Sync 1 DAGs
[2026-01-29T03:03:11.537+0000] {logging_mixin.py:188} INFO - [2026-01-29T03:03:11.537+0000] {dag.py:3947} INFO - Setting next_dagrun for example_skip_dag to 2026-01-28 00:00:00+00:00, run_after=2026-01-29 00:00:00+00:00
[2026-01-29T03:03:11.560+0000] {processor.py:183} INFO - Processing /home/airflow/.local/lib/python3.12/site-packages/airflow/example_dags/example_skip_dag.py took 0.084 seconds
[2026-01-29T03:03:41.692+0000] {processor.py:161} INFO - Started process (PID=84629) to work on /home/airflow/.local/lib/python3.12/site-packages/airflow/example_dags/example_skip_dag.py
[2026-01-29T03:03:41.693+0000] {processor.py:830} INFO - Processing file /home/airflow/.local/lib/python3.12/site-packages/airflow/example_dags/example_skip_dag.py for tasks to queue
[2026-01-29T03:03:41.694+0000] {logging_mixin.py:188} INFO - [2026-01-29T03:03:41.694+0000] {dagbag.py:545} INFO - Filling up the DagBag from /home/airflow/.local/lib/python3.12/site-packages/airflow/example_dags/example_skip_dag.py
[2026-01-29T03:03:41.701+0000] {processor.py:840} INFO - DAG(s) 'example_skip_dag' retrieved from /home/airflow/.local/lib/python3.12/site-packages/airflow/example_dags/example_skip_dag.py
[2026-01-29T03:03:41.728+0000] {logging_mixin.py:188} INFO - [2026-01-29T03:03:41.728+0000] {dag.py:3089} INFO - Sync 1 DAGs
[2026-01-29T03:03:41.753+0000] {logging_mixin.py:188} INFO - [2026-01-29T03:03:41.753+0000] {dag.py:3947} INFO - Setting next_dagrun for example_skip_dag to 2026-01-28 00:00:00+00:00, run_after=2026-01-29 00:00:00+00:00
[2026-01-29T03:03:41.772+0000] {processor.py:183} INFO - Processing /home/airflow/.local/lib/python3.12/site-packages/airflow/example_dags/example_skip_dag.py took 0.086 seconds
[2026-01-29T03:04:12.189+0000] {processor.py:161} INFO - Started process (PID=84693) to work on /home/airflow/.local/lib/python3.12/site-packages/airflow/example_dags/example_skip_dag.py
[2026-01-29T03:04:12.190+0000] {processor.py:830} INFO - Processing file /home/airflow/.local/lib/python3.12/site-packages/airflow/example_dags/example_skip_dag.py for tasks to queue
[2026-01-29T03:04:12.192+0000] {logging_mixin.py:188} INFO - [2026-01-29T03:04:12.192+0000] {dagbag.py:545} INFO - Filling up the DagBag from /home/airflow/.local/lib/python3.12/site-packages/airflow/example_dags/example_skip_dag.py
[2026-01-29T03:04:12.198+0000] {processor.py:840} INFO - DAG(s) 'example_skip_dag' retrieved from /home/airflow/.local/lib/python3.12/site-packages/airflow/example_dags/example_skip_dag.py
[2026-01-29T03:04:12.219+0000] {logging_mixin.py:188} INFO - [2026-01-29T03:04:12.219+0000] {dag.py:3089} INFO - Sync 1 DAGs
[2026-01-29T03:04:12.243+0000] {logging_mixin.py:188} INFO - [2026-01-29T03:04:12.243+0000] {dag.py:3947} INFO - Setting next_dagrun for example_skip_dag to 2026-01-28 00:00:00+00:00, run_after=2026-01-29 00:00:00+00:00
[2026-01-29T03:04:12.267+0000] {processor.py:183} INFO - Processing /home/airflow/.local/lib/python3.12/site-packages/airflow/example_dags/example_skip_dag.py took 0.084 seconds
[2026-01-29T03:04:42.347+0000] {processor.py:161} INFO - Started process (PID=84752) to work on /home/airflow/.local/lib/python3.12/site-packages/airflow/example_dags/example_skip_dag.py
[2026-01-29T03:04:42.348+0000] {processor.py:830} INFO - Processing file /home/airflow/.local/lib/python3.12/site-packages/airflow/example_dags/example_skip_dag.py for tasks to queue
[2026-01-29T03:04:42.349+0000] {logging_mixin.py:188} INFO - [2026-01-29T03:04:42.349+0000] {dagbag.py:545} INFO - Filling up the DagBag from /home/airflow/.local/lib/python3.12/site-packages/airflow/example_dags/example_skip_dag.py
[2026-01-29T03:04:42.356+0000] {processor.py:840} INFO - DAG(s) 'example_skip_dag' retrieved from /home/airflow/.local/lib/python3.12/site-packages/airflow/example_dags/example_skip_dag.py
[2026-01-29T03:04:42.383+0000] {logging_mixin.py:188} INFO - [2026-01-29T03:04:42.383+0000] {dag.py:3089} INFO - Sync 1 DAGs
[2026-01-29T03:04:42.410+0000] {logging_mixin.py:188} INFO - [2026-01-29T03:04:42.410+0000] {dag.py:3947} INFO - Setting next_dagrun for example_skip_dag to 2026-01-28 00:00:00+00:00, run_after=2026-01-29 00:00:00+00:00
[2026-01-29T03:04:42.433+0000] {processor.py:183} INFO - Processing /home/airflow/.local/lib/python3.12/site-packages/airflow/example_dags/example_skip_dag.py took 0.092 seconds
[2026-01-29T03:05:12.672+0000] {processor.py:161} INFO - Started process (PID=84816) to work on /home/airflow/.local/lib/python3.12/site-packages/airflow/example_dags/example_skip_dag.py
[2026-01-29T03:05:12.673+0000] {processor.py:830} INFO - Processing file /home/airflow/.local/lib/python3.12/site-packages/airflow/example_dags/example_skip_dag.py for tasks to queue
[2026-01-29T03:05:12.675+0000] {logging_mixin.py:188} INFO - [2026-01-29T03:05:12.675+0000] {dagbag.py:545} INFO - Filling up the DagBag from /home/airflow/.local/lib/python3.12/site-packages/airflow/example_dags/example_skip_dag.py
[2026-01-29T03:05:12.682+0000] {processor.py:840} INFO - DAG(s) 'example_skip_dag' retrieved from /home/airflow/.local/lib/python3.12/site-packages/airflow/example_dags/example_skip_dag.py
[2026-01-29T03:05:12.705+0000] {logging_mixin.py:188} INFO - [2026-01-29T03:05:12.704+0000] {dag.py:3089} INFO - Sync 1 DAGs
[2026-01-29T03:05:12.728+0000] {logging_mixin.py:188} INFO - [2026-01-29T03:05:12.728+0000] {dag.py:3947} INFO - Setting next_dagrun for example_skip_dag to 2026-01-28 00:00:00+00:00, run_after=2026-01-29 00:00:00+00:00
[2026-01-29T03:05:12.749+0000] {processor.py:183} INFO - Processing /home/airflow/.local/lib/python3.12/site-packages/airflow/example_dags/example_skip_dag.py took 0.084 seconds
[2026-01-29T03:05:43.007+0000] {processor.py:161} INFO - Started process (PID=84875) to work on /home/airflow/.local/lib/python3.12/site-packages/airflow/example_dags/example_skip_dag.py
[2026-01-29T03:05:43.007+0000] {processor.py:830} INFO - Processing file /home/airflow/.local/lib/python3.12/site-packages/airflow/example_dags/example_skip_dag.py for tasks to queue
[2026-01-29T03:05:43.009+0000] {logging_mixin.py:188} INFO - [2026-01-29T03:05:43.009+0000] {dagbag.py:545} INFO - Filling up the DagBag from /home/airflow/.local/lib/python3.12/site-packages/airflow/example_dags/example_skip_dag.py
[2026-01-29T03:05:43.016+0000] {processor.py:840} INFO - DAG(s) 'example_skip_dag' retrieved from /home/airflow/.local/lib/python3.12/site-packages/airflow/example_dags/example_skip_dag.py
[2026-01-29T03:05:43.040+0000] {logging_mixin.py:188} INFO - [2026-01-29T03:05:43.039+0000] {dag.py:3089} INFO - Sync 1 DAGs
[2026-01-29T03:05:43.062+0000] {logging_mixin.py:188} INFO - [2026-01-29T03:05:43.061+0000] {dag.py:3947} INFO - Setting next_dagrun for example_skip_dag to 2026-01-28 00:00:00+00:00, run_after=2026-01-29 00:00:00+00:00
[2026-01-29T03:05:43.082+0000] {processor.py:183} INFO - Processing /home/airflow/.local/lib/python3.12/site-packages/airflow/example_dags/example_skip_dag.py took 0.083 seconds
[2026-01-29T03:06:13.895+0000] {processor.py:161} INFO - Started process (PID=84939) to work on /home/airflow/.local/lib/python3.12/site-packages/airflow/example_dags/example_skip_dag.py
[2026-01-29T03:06:13.896+0000] {processor.py:830} INFO - Processing file /home/airflow/.local/lib/python3.12/site-packages/airflow/example_dags/example_skip_dag.py for tasks to queue
[2026-01-29T03:06:13.898+0000] {logging_mixin.py:188} INFO - [2026-01-29T03:06:13.897+0000] {dagbag.py:545} INFO - Filling up the DagBag from /home/airflow/.local/lib/python3.12/site-packages/airflow/example_dags/example_skip_dag.py
[2026-01-29T03:06:13.905+0000] {processor.py:840} INFO - DAG(s) 'example_skip_dag' retrieved from /home/airflow/.local/lib/python3.12/site-packages/airflow/example_dags/example_skip_dag.py
[2026-01-29T03:06:13.928+0000] {logging_mixin.py:188} INFO - [2026-01-29T03:06:13.928+0000] {dag.py:3089} INFO - Sync 1 DAGs
[2026-01-29T03:06:13.952+0000] {logging_mixin.py:188} INFO - [2026-01-29T03:06:13.952+0000] {dag.py:3947} INFO - Setting next_dagrun for example_skip_dag to 2026-01-28 00:00:00+00:00, run_after=2026-01-29 00:00:00+00:00
[2026-01-29T03:06:13.973+0000] {processor.py:183} INFO - Processing /home/airflow/.local/lib/python3.12/site-packages/airflow/example_dags/example_skip_dag.py took 0.085 seconds
[2026-01-29T03:06:44.183+0000] {processor.py:161} INFO - Started process (PID=84998) to work on /home/airflow/.local/lib/python3.12/site-packages/airflow/example_dags/example_skip_dag.py
[2026-01-29T03:06:44.184+0000] {processor.py:830} INFO - Processing file /home/airflow/.local/lib/python3.12/site-packages/airflow/example_dags/example_skip_dag.py for tasks to queue
[2026-01-29T03:06:44.186+0000] {logging_mixin.py:188} INFO - [2026-01-29T03:06:44.185+0000] {dagbag.py:545} INFO - Filling up the DagBag from /home/airflow/.local/lib/python3.12/site-packages/airflow/example_dags/example_skip_dag.py
[2026-01-29T03:06:44.193+0000] {processor.py:840} INFO - DAG(s) 'example_skip_dag' retrieved from /home/airflow/.local/lib/python3.12/site-packages/airflow/example_dags/example_skip_dag.py
[2026-01-29T03:06:44.223+0000] {logging_mixin.py:188} INFO - [2026-01-29T03:06:44.222+0000] {dag.py:3089} INFO - Sync 1 DAGs
[2026-01-29T03:06:44.248+0000] {logging_mixin.py:188} INFO - [2026-01-29T03:06:44.248+0000] {dag.py:3947} INFO - Setting next_dagrun for example_skip_dag to 2026-01-28 00:00:00+00:00, run_after=2026-01-29 00:00:00+00:00
[2026-01-29T03:06:44.269+0000] {processor.py:183} INFO - Processing /home/airflow/.local/lib/python3.12/site-packages/airflow/example_dags/example_skip_dag.py took 0.093 seconds
[2026-01-29T03:07:14.328+0000] {processor.py:161} INFO - Started process (PID=85062) to work on /home/airflow/.local/lib/python3.12/site-packages/airflow/example_dags/example_skip_dag.py
[2026-01-29T03:07:14.330+0000] {processor.py:830} INFO - Processing file /home/airflow/.local/lib/python3.12/site-packages/airflow/example_dags/example_skip_dag.py for tasks to queue
[2026-01-29T03:07:14.332+0000] {logging_mixin.py:188} INFO - [2026-01-29T03:07:14.331+0000] {dagbag.py:545} INFO - Filling up the DagBag from /home/airflow/.local/lib/python3.12/site-packages/airflow/example_dags/example_skip_dag.py
[2026-01-29T03:07:14.339+0000] {processor.py:840} INFO - DAG(s) 'example_skip_dag' retrieved from /home/airflow/.local/lib/python3.12/site-packages/airflow/example_dags/example_skip_dag.py
[2026-01-29T03:07:14.367+0000] {logging_mixin.py:188} INFO - [2026-01-29T03:07:14.366+0000] {dag.py:3089} INFO - Sync 1 DAGs
[2026-01-29T03:07:14.390+0000] {logging_mixin.py:188} INFO - [2026-01-29T03:07:14.390+0000] {dag.py:3947} INFO - Setting next_dagrun for example_skip_dag to 2026-01-28 00:00:00+00:00, run_after=2026-01-29 00:00:00+00:00
[2026-01-29T03:07:14.410+0000] {processor.py:183} INFO - Processing /home/airflow/.local/lib/python3.12/site-packages/airflow/example_dags/example_skip_dag.py took 0.089 seconds
[2026-01-29T03:07:44.699+0000] {processor.py:161} INFO - Started process (PID=85121) to work on /home/airflow/.local/lib/python3.12/site-packages/airflow/example_dags/example_skip_dag.py
[2026-01-29T03:07:44.700+0000] {processor.py:830} INFO - Processing file /home/airflow/.local/lib/python3.12/site-packages/airflow/example_dags/example_skip_dag.py for tasks to queue
[2026-01-29T03:07:44.702+0000] {logging_mixin.py:188} INFO - [2026-01-29T03:07:44.701+0000] {dagbag.py:545} INFO - Filling up the DagBag from /home/airflow/.local/lib/python3.12/site-packages/airflow/example_dags/example_skip_dag.py
[2026-01-29T03:07:44.709+0000] {processor.py:840} INFO - DAG(s) 'example_skip_dag' retrieved from /home/airflow/.local/lib/python3.12/site-packages/airflow/example_dags/example_skip_dag.py
[2026-01-29T03:07:44.728+0000] {logging_mixin.py:188} INFO - [2026-01-29T03:07:44.728+0000] {dag.py:3089} INFO - Sync 1 DAGs
[2026-01-29T03:07:44.752+0000] {logging_mixin.py:188} INFO - [2026-01-29T03:07:44.751+0000] {dag.py:3947} INFO - Setting next_dagrun for example_skip_dag to 2026-01-28 00:00:00+00:00, run_after=2026-01-29 00:00:00+00:00
[2026-01-29T03:07:44.771+0000] {processor.py:183} INFO - Processing /home/airflow/.local/lib/python3.12/site-packages/airflow/example_dags/example_skip_dag.py took 0.079 seconds
[2026-01-29T03:08:14.882+0000] {processor.py:161} INFO - Started process (PID=85185) to work on /home/airflow/.local/lib/python3.12/site-packages/airflow/example_dags/example_skip_dag.py
[2026-01-29T03:08:14.883+0000] {processor.py:830} INFO - Processing file /home/airflow/.local/lib/python3.12/site-packages/airflow/example_dags/example_skip_dag.py for tasks to queue
[2026-01-29T03:08:14.885+0000] {logging_mixin.py:188} INFO - [2026-01-29T03:08:14.885+0000] {dagbag.py:545} INFO - Filling up the DagBag from /home/airflow/.local/lib/python3.12/site-packages/airflow/example_dags/example_skip_dag.py
[2026-01-29T03:08:14.892+0000] {processor.py:840} INFO - DAG(s) 'example_skip_dag' retrieved from /home/airflow/.local/lib/python3.12/site-packages/airflow/example_dags/example_skip_dag.py
[2026-01-29T03:08:14.913+0000] {logging_mixin.py:188} INFO - [2026-01-29T03:08:14.913+0000] {dag.py:3089} INFO - Sync 1 DAGs
[2026-01-29T03:08:14.936+0000] {logging_mixin.py:188} INFO - [2026-01-29T03:08:14.936+0000] {dag.py:3947} INFO - Setting next_dagrun for example_skip_dag to 2026-01-28 00:00:00+00:00, run_after=2026-01-29 00:00:00+00:00
[2026-01-29T03:08:14.955+0000] {processor.py:183} INFO - Processing /home/airflow/.local/lib/python3.12/site-packages/airflow/example_dags/example_skip_dag.py took 0.081 seconds
[2026-01-29T03:08:45.383+0000] {processor.py:161} INFO - Started process (PID=85244) to work on /home/airflow/.local/lib/python3.12/site-packages/airflow/example_dags/example_skip_dag.py
[2026-01-29T03:08:45.384+0000] {processor.py:830} INFO - Processing file /home/airflow/.local/lib/python3.12/site-packages/airflow/example_dags/example_skip_dag.py for tasks to queue
[2026-01-29T03:08:45.386+0000] {logging_mixin.py:188} INFO - [2026-01-29T03:08:45.386+0000] {dagbag.py:545} INFO - Filling up the DagBag from /home/airflow/.local/lib/python3.12/site-packages/airflow/example_dags/example_skip_dag.py
[2026-01-29T03:08:45.395+0000] {processor.py:840} INFO - DAG(s) 'example_skip_dag' retrieved from /home/airflow/.local/lib/python3.12/site-packages/airflow/example_dags/example_skip_dag.py
[2026-01-29T03:08:45.417+0000] {logging_mixin.py:188} INFO - [2026-01-29T03:08:45.417+0000] {dag.py:3089} INFO - Sync 1 DAGs
[2026-01-29T03:08:45.441+0000] {logging_mixin.py:188} INFO - [2026-01-29T03:08:45.440+0000] {dag.py:3947} INFO - Setting next_dagrun for example_skip_dag to 2026-01-28 00:00:00+00:00, run_after=2026-01-29 00:00:00+00:00
[2026-01-29T03:08:45.461+0000] {processor.py:183} INFO - Processing /home/airflow/.local/lib/python3.12/site-packages/airflow/example_dags/example_skip_dag.py took 0.086 seconds
[2026-01-29T03:09:15.742+0000] {processor.py:161} INFO - Started process (PID=85308) to work on /home/airflow/.local/lib/python3.12/site-packages/airflow/example_dags/example_skip_dag.py
[2026-01-29T03:09:15.743+0000] {processor.py:830} INFO - Processing file /home/airflow/.local/lib/python3.12/site-packages/airflow/example_dags/example_skip_dag.py for tasks to queue
[2026-01-29T03:09:15.744+0000] {logging_mixin.py:188} INFO - [2026-01-29T03:09:15.744+0000] {dagbag.py:545} INFO - Filling up the DagBag from /home/airflow/.local/lib/python3.12/site-packages/airflow/example_dags/example_skip_dag.py
[2026-01-29T03:09:15.751+0000] {processor.py:840} INFO - DAG(s) 'example_skip_dag' retrieved from /home/airflow/.local/lib/python3.12/site-packages/airflow/example_dags/example_skip_dag.py
[2026-01-29T03:09:15.773+0000] {logging_mixin.py:188} INFO - [2026-01-29T03:09:15.773+0000] {dag.py:3089} INFO - Sync 1 DAGs
[2026-01-29T03:09:15.797+0000] {logging_mixin.py:188} INFO - [2026-01-29T03:09:15.796+0000] {dag.py:3947} INFO - Setting next_dagrun for example_skip_dag to 2026-01-28 00:00:00+00:00, run_after=2026-01-29 00:00:00+00:00
[2026-01-29T03:09:15.818+0000] {processor.py:183} INFO - Processing /home/airflow/.local/lib/python3.12/site-packages/airflow/example_dags/example_skip_dag.py took 0.082 seconds
[2026-01-29T03:09:45.874+0000] {processor.py:161} INFO - Started process (PID=85367) to work on /home/airflow/.local/lib/python3.12/site-packages/airflow/example_dags/example_skip_dag.py
[2026-01-29T03:09:45.875+0000] {processor.py:830} INFO - Processing file /home/airflow/.local/lib/python3.12/site-packages/airflow/example_dags/example_skip_dag.py for tasks to queue
[2026-01-29T03:09:45.877+0000] {logging_mixin.py:188} INFO - [2026-01-29T03:09:45.876+0000] {dagbag.py:545} INFO - Filling up the DagBag from /home/airflow/.local/lib/python3.12/site-packages/airflow/example_dags/example_skip_dag.py
[2026-01-29T03:09:45.884+0000] {processor.py:840} INFO - DAG(s) 'example_skip_dag' retrieved from /home/airflow/.local/lib/python3.12/site-packages/airflow/example_dags/example_skip_dag.py
[2026-01-29T03:09:45.906+0000] {logging_mixin.py:188} INFO - [2026-01-29T03:09:45.905+0000] {dag.py:3089} INFO - Sync 1 DAGs
[2026-01-29T03:09:45.929+0000] {logging_mixin.py:188} INFO - [2026-01-29T03:09:45.929+0000] {dag.py:3947} INFO - Setting next_dagrun for example_skip_dag to 2026-01-28 00:00:00+00:00, run_after=2026-01-29 00:00:00+00:00
[2026-01-29T03:09:45.951+0000] {processor.py:183} INFO - Processing /home/airflow/.local/lib/python3.12/site-packages/airflow/example_dags/example_skip_dag.py took 0.084 seconds
[2026-01-29T03:10:16.445+0000] {processor.py:161} INFO - Started process (PID=85431) to work on /home/airflow/.local/lib/python3.12/site-packages/airflow/example_dags/example_skip_dag.py
[2026-01-29T03:10:16.446+0000] {processor.py:830} INFO - Processing file /home/airflow/.local/lib/python3.12/site-packages/airflow/example_dags/example_skip_dag.py for tasks to queue
[2026-01-29T03:10:16.448+0000] {logging_mixin.py:188} INFO - [2026-01-29T03:10:16.448+0000] {dagbag.py:545} INFO - Filling up the DagBag from /home/airflow/.local/lib/python3.12/site-packages/airflow/example_dags/example_skip_dag.py
[2026-01-29T03:10:16.455+0000] {processor.py:840} INFO - DAG(s) 'example_skip_dag' retrieved from /home/airflow/.local/lib/python3.12/site-packages/airflow/example_dags/example_skip_dag.py
[2026-01-29T03:10:16.478+0000] {logging_mixin.py:188} INFO - [2026-01-29T03:10:16.478+0000] {dag.py:3089} INFO - Sync 1 DAGs
[2026-01-29T03:10:16.505+0000] {logging_mixin.py:188} INFO - [2026-01-29T03:10:16.505+0000] {dag.py:3947} INFO - Setting next_dagrun for example_skip_dag to 2026-01-28 00:00:00+00:00, run_after=2026-01-29 00:00:00+00:00
[2026-01-29T03:10:16.524+0000] {processor.py:183} INFO - Processing /home/airflow/.local/lib/python3.12/site-packages/airflow/example_dags/example_skip_dag.py took 0.086 seconds
[2026-01-29T03:10:46.633+0000] {processor.py:161} INFO - Started process (PID=85490) to work on /home/airflow/.local/lib/python3.12/site-packages/airflow/example_dags/example_skip_dag.py
[2026-01-29T03:10:46.634+0000] {processor.py:830} INFO - Processing file /home/airflow/.local/lib/python3.12/site-packages/airflow/example_dags/example_skip_dag.py for tasks to queue
[2026-01-29T03:10:46.636+0000] {logging_mixin.py:188} INFO - [2026-01-29T03:10:46.635+0000] {dagbag.py:545} INFO - Filling up the DagBag from /home/airflow/.local/lib/python3.12/site-packages/airflow/example_dags/example_skip_dag.py
[2026-01-29T03:10:46.643+0000] {processor.py:840} INFO - DAG(s) 'example_skip_dag' retrieved from /home/airflow/.local/lib/python3.12/site-packages/airflow/example_dags/example_skip_dag.py
[2026-01-29T03:10:46.672+0000] {logging_mixin.py:188} INFO - [2026-01-29T03:10:46.671+0000] {dag.py:3089} INFO - Sync 1 DAGs
[2026-01-29T03:10:46.698+0000] {logging_mixin.py:188} INFO - [2026-01-29T03:10:46.698+0000] {dag.py:3947} INFO - Setting next_dagrun for example_skip_dag to 2026-01-28 00:00:00+00:00, run_after=2026-01-29 00:00:00+00:00
[2026-01-29T03:10:46.720+0000] {processor.py:183} INFO - Processing /home/airflow/.local/lib/python3.12/site-packages/airflow/example_dags/example_skip_dag.py took 0.093 seconds
[2026-01-29T03:11:16.810+0000] {processor.py:161} INFO - Started process (PID=85554) to work on /home/airflow/.local/lib/python3.12/site-packages/airflow/example_dags/example_skip_dag.py
[2026-01-29T03:11:16.811+0000] {processor.py:830} INFO - Processing file /home/airflow/.local/lib/python3.12/site-packages/airflow/example_dags/example_skip_dag.py for tasks to queue
[2026-01-29T03:11:16.813+0000] {logging_mixin.py:188} INFO - [2026-01-29T03:11:16.813+0000] {dagbag.py:545} INFO - Filling up the DagBag from /home/airflow/.local/lib/python3.12/site-packages/airflow/example_dags/example_skip_dag.py
[2026-01-29T03:11:16.821+0000] {processor.py:840} INFO - DAG(s) 'example_skip_dag' retrieved from /home/airflow/.local/lib/python3.12/site-packages/airflow/example_dags/example_skip_dag.py
[2026-01-29T03:11:16.844+0000] {logging_mixin.py:188} INFO - [2026-01-29T03:11:16.844+0000] {dag.py:3089} INFO - Sync 1 DAGs
[2026-01-29T03:11:16.869+0000] {logging_mixin.py:188} INFO - [2026-01-29T03:11:16.869+0000] {dag.py:3947} INFO - Setting next_dagrun for example_skip_dag to 2026-01-28 00:00:00+00:00, run_after=2026-01-29 00:00:00+00:00
[2026-01-29T03:11:16.890+0000] {processor.py:183} INFO - Processing /home/airflow/.local/lib/python3.12/site-packages/airflow/example_dags/example_skip_dag.py took 0.088 seconds
[2026-01-29T03:11:46.975+0000] {processor.py:161} INFO - Started process (PID=85613) to work on /home/airflow/.local/lib/python3.12/site-packages/airflow/example_dags/example_skip_dag.py
[2026-01-29T03:11:46.975+0000] {processor.py:830} INFO - Processing file /home/airflow/.local/lib/python3.12/site-packages/airflow/example_dags/example_skip_dag.py for tasks to queue
[2026-01-29T03:11:46.977+0000] {logging_mixin.py:188} INFO - [2026-01-29T03:11:46.977+0000] {dagbag.py:545} INFO - Filling up the DagBag from /home/airflow/.local/lib/python3.12/site-packages/airflow/example_dags/example_skip_dag.py
[2026-01-29T03:11:46.984+0000] {processor.py:840} INFO - DAG(s) 'example_skip_dag' retrieved from /home/airflow/.local/lib/python3.12/site-packages/airflow/example_dags/example_skip_dag.py
[2026-01-29T03:11:47.006+0000] {logging_mixin.py:188} INFO - [2026-01-29T03:11:47.005+0000] {dag.py:3089} INFO - Sync 1 DAGs
[2026-01-29T03:11:47.029+0000] {logging_mixin.py:188} INFO - [2026-01-29T03:11:47.029+0000] {dag.py:3947} INFO - Setting next_dagrun for example_skip_dag to 2026-01-28 00:00:00+00:00, run_after=2026-01-29 00:00:00+00:00
[2026-01-29T03:11:47.049+0000] {processor.py:183} INFO - Processing /home/airflow/.local/lib/python3.12/site-packages/airflow/example_dags/example_skip_dag.py took 0.081 seconds
[2026-01-29T03:12:17.226+0000] {processor.py:161} INFO - Started process (PID=85677) to work on /home/airflow/.local/lib/python3.12/site-packages/airflow/example_dags/example_skip_dag.py
[2026-01-29T03:12:17.227+0000] {processor.py:830} INFO - Processing file /home/airflow/.local/lib/python3.12/site-packages/airflow/example_dags/example_skip_dag.py for tasks to queue
[2026-01-29T03:12:17.228+0000] {logging_mixin.py:188} INFO - [2026-01-29T03:12:17.228+0000] {dagbag.py:545} INFO - Filling up the DagBag from /home/airflow/.local/lib/python3.12/site-packages/airflow/example_dags/example_skip_dag.py
[2026-01-29T03:12:17.235+0000] {processor.py:840} INFO - DAG(s) 'example_skip_dag' retrieved from /home/airflow/.local/lib/python3.12/site-packages/airflow/example_dags/example_skip_dag.py
[2026-01-29T03:12:17.257+0000] {logging_mixin.py:188} INFO - [2026-01-29T03:12:17.257+0000] {dag.py:3089} INFO - Sync 1 DAGs
[2026-01-29T03:12:17.279+0000] {logging_mixin.py:188} INFO - [2026-01-29T03:12:17.279+0000] {dag.py:3947} INFO - Setting next_dagrun for example_skip_dag to 2026-01-28 00:00:00+00:00, run_after=2026-01-29 00:00:00+00:00
[2026-01-29T03:12:17.299+0000] {processor.py:183} INFO - Processing /home/airflow/.local/lib/python3.12/site-packages/airflow/example_dags/example_skip_dag.py took 0.081 seconds
[2026-01-29T03:12:47.500+0000] {processor.py:161} INFO - Started process (PID=85736) to work on /home/airflow/.local/lib/python3.12/site-packages/airflow/example_dags/example_skip_dag.py
[2026-01-29T03:12:47.501+0000] {processor.py:830} INFO - Processing file /home/airflow/.local/lib/python3.12/site-packages/airflow/example_dags/example_skip_dag.py for tasks to queue
[2026-01-29T03:12:47.503+0000] {logging_mixin.py:188} INFO - [2026-01-29T03:12:47.503+0000] {dagbag.py:545} INFO - Filling up the DagBag from /home/airflow/.local/lib/python3.12/site-packages/airflow/example_dags/example_skip_dag.py
[2026-01-29T03:12:47.509+0000] {processor.py:840} INFO - DAG(s) 'example_skip_dag' retrieved from /home/airflow/.local/lib/python3.12/site-packages/airflow/example_dags/example_skip_dag.py
[2026-01-29T03:12:47.530+0000] {logging_mixin.py:188} INFO - [2026-01-29T03:12:47.530+0000] {dag.py:3089} INFO - Sync 1 DAGs
[2026-01-29T03:12:47.553+0000] {logging_mixin.py:188} INFO - [2026-01-29T03:12:47.553+0000] {dag.py:3947} INFO - Setting next_dagrun for example_skip_dag to 2026-01-28 00:00:00+00:00, run_after=2026-01-29 00:00:00+00:00
[2026-01-29T03:12:47.574+0000] {processor.py:183} INFO - Processing /home/airflow/.local/lib/python3.12/site-packages/airflow/example_dags/example_skip_dag.py took 0.080 seconds
[2026-01-29T03:13:17.667+0000] {processor.py:161} INFO - Started process (PID=85799) to work on /home/airflow/.local/lib/python3.12/site-packages/airflow/example_dags/example_skip_dag.py
[2026-01-29T03:13:17.668+0000] {processor.py:830} INFO - Processing file /home/airflow/.local/lib/python3.12/site-packages/airflow/example_dags/example_skip_dag.py for tasks to queue
[2026-01-29T03:13:17.670+0000] {logging_mixin.py:188} INFO - [2026-01-29T03:13:17.669+0000] {dagbag.py:545} INFO - Filling up the DagBag from /home/airflow/.local/lib/python3.12/site-packages/airflow/example_dags/example_skip_dag.py
[2026-01-29T03:13:17.677+0000] {processor.py:840} INFO - DAG(s) 'example_skip_dag' retrieved from /home/airflow/.local/lib/python3.12/site-packages/airflow/example_dags/example_skip_dag.py
[2026-01-29T03:13:17.703+0000] {logging_mixin.py:188} INFO - [2026-01-29T03:13:17.703+0000] {dag.py:3089} INFO - Sync 1 DAGs
[2026-01-29T03:13:17.726+0000] {logging_mixin.py:188} INFO - [2026-01-29T03:13:17.725+0000] {dag.py:3947} INFO - Setting next_dagrun for example_skip_dag to 2026-01-28 00:00:00+00:00, run_after=2026-01-29 00:00:00+00:00
[2026-01-29T03:13:17.745+0000] {processor.py:183} INFO - Processing /home/airflow/.local/lib/python3.12/site-packages/airflow/example_dags/example_skip_dag.py took 0.085 seconds
[2026-01-29T03:13:47.808+0000] {processor.py:161} INFO - Started process (PID=85858) to work on /home/airflow/.local/lib/python3.12/site-packages/airflow/example_dags/example_skip_dag.py
[2026-01-29T03:13:47.809+0000] {processor.py:830} INFO - Processing file /home/airflow/.local/lib/python3.12/site-packages/airflow/example_dags/example_skip_dag.py for tasks to queue
[2026-01-29T03:13:47.811+0000] {logging_mixin.py:188} INFO - [2026-01-29T03:13:47.811+0000] {dagbag.py:545} INFO - Filling up the DagBag from /home/airflow/.local/lib/python3.12/site-packages/airflow/example_dags/example_skip_dag.py
[2026-01-29T03:13:47.819+0000] {processor.py:840} INFO - DAG(s) 'example_skip_dag' retrieved from /home/airflow/.local/lib/python3.12/site-packages/airflow/example_dags/example_skip_dag.py
[2026-01-29T03:13:47.841+0000] {logging_mixin.py:188} INFO - [2026-01-29T03:13:47.841+0000] {dag.py:3089} INFO - Sync 1 DAGs
[2026-01-29T03:13:47.864+0000] {logging_mixin.py:188} INFO - [2026-01-29T03:13:47.864+0000] {dag.py:3947} INFO - Setting next_dagrun for example_skip_dag to 2026-01-28 00:00:00+00:00, run_after=2026-01-29 00:00:00+00:00
[2026-01-29T03:13:47.883+0000] {processor.py:183} INFO - Processing /home/airflow/.local/lib/python3.12/site-packages/airflow/example_dags/example_skip_dag.py took 0.083 seconds
[2026-01-29T03:14:17.922+0000] {processor.py:161} INFO - Started process (PID=85922) to work on /home/airflow/.local/lib/python3.12/site-packages/airflow/example_dags/example_skip_dag.py
[2026-01-29T03:14:17.923+0000] {processor.py:830} INFO - Processing file /home/airflow/.local/lib/python3.12/site-packages/airflow/example_dags/example_skip_dag.py for tasks to queue
[2026-01-29T03:14:17.925+0000] {logging_mixin.py:188} INFO - [2026-01-29T03:14:17.925+0000] {dagbag.py:545} INFO - Filling up the DagBag from /home/airflow/.local/lib/python3.12/site-packages/airflow/example_dags/example_skip_dag.py
[2026-01-29T03:14:17.931+0000] {processor.py:840} INFO - DAG(s) 'example_skip_dag' retrieved from /home/airflow/.local/lib/python3.12/site-packages/airflow/example_dags/example_skip_dag.py
[2026-01-29T03:14:17.953+0000] {logging_mixin.py:188} INFO - [2026-01-29T03:14:17.952+0000] {dag.py:3089} INFO - Sync 1 DAGs
[2026-01-29T03:14:17.975+0000] {logging_mixin.py:188} INFO - [2026-01-29T03:14:17.974+0000] {dag.py:3947} INFO - Setting next_dagrun for example_skip_dag to 2026-01-28 00:00:00+00:00, run_after=2026-01-29 00:00:00+00:00
[2026-01-29T03:14:17.993+0000] {processor.py:183} INFO - Processing /home/airflow/.local/lib/python3.12/site-packages/airflow/example_dags/example_skip_dag.py took 0.077 seconds
[2026-01-29T03:14:48.138+0000] {processor.py:161} INFO - Started process (PID=85981) to work on /home/airflow/.local/lib/python3.12/site-packages/airflow/example_dags/example_skip_dag.py
[2026-01-29T03:14:48.139+0000] {processor.py:830} INFO - Processing file /home/airflow/.local/lib/python3.12/site-packages/airflow/example_dags/example_skip_dag.py for tasks to queue
[2026-01-29T03:14:48.141+0000] {logging_mixin.py:188} INFO - [2026-01-29T03:14:48.140+0000] {dagbag.py:545} INFO - Filling up the DagBag from /home/airflow/.local/lib/python3.12/site-packages/airflow/example_dags/example_skip_dag.py
[2026-01-29T03:14:48.148+0000] {processor.py:840} INFO - DAG(s) 'example_skip_dag' retrieved from /home/airflow/.local/lib/python3.12/site-packages/airflow/example_dags/example_skip_dag.py
[2026-01-29T03:14:48.172+0000] {logging_mixin.py:188} INFO - [2026-01-29T03:14:48.172+0000] {dag.py:3089} INFO - Sync 1 DAGs
[2026-01-29T03:14:48.197+0000] {logging_mixin.py:188} INFO - [2026-01-29T03:14:48.196+0000] {dag.py:3947} INFO - Setting next_dagrun for example_skip_dag to 2026-01-28 00:00:00+00:00, run_after=2026-01-29 00:00:00+00:00
[2026-01-29T03:14:48.217+0000] {processor.py:183} INFO - Processing /home/airflow/.local/lib/python3.12/site-packages/airflow/example_dags/example_skip_dag.py took 0.087 seconds
[2026-01-29T03:15:18.559+0000] {processor.py:161} INFO - Started process (PID=86045) to work on /home/airflow/.local/lib/python3.12/site-packages/airflow/example_dags/example_skip_dag.py
[2026-01-29T03:15:18.560+0000] {processor.py:830} INFO - Processing file /home/airflow/.local/lib/python3.12/site-packages/airflow/example_dags/example_skip_dag.py for tasks to queue
[2026-01-29T03:15:18.562+0000] {logging_mixin.py:188} INFO - [2026-01-29T03:15:18.562+0000] {dagbag.py:545} INFO - Filling up the DagBag from /home/airflow/.local/lib/python3.12/site-packages/airflow/example_dags/example_skip_dag.py
[2026-01-29T03:15:18.570+0000] {processor.py:840} INFO - DAG(s) 'example_skip_dag' retrieved from /home/airflow/.local/lib/python3.12/site-packages/airflow/example_dags/example_skip_dag.py
[2026-01-29T03:15:18.590+0000] {logging_mixin.py:188} INFO - [2026-01-29T03:15:18.590+0000] {dag.py:3089} INFO - Sync 1 DAGs
[2026-01-29T03:15:18.613+0000] {logging_mixin.py:188} INFO - [2026-01-29T03:15:18.613+0000] {dag.py:3947} INFO - Setting next_dagrun for example_skip_dag to 2026-01-28 00:00:00+00:00, run_after=2026-01-29 00:00:00+00:00
[2026-01-29T03:15:18.633+0000] {processor.py:183} INFO - Processing /home/airflow/.local/lib/python3.12/site-packages/airflow/example_dags/example_skip_dag.py took 0.082 seconds
[2026-01-29T03:15:49.462+0000] {processor.py:161} INFO - Started process (PID=86102) to work on /home/airflow/.local/lib/python3.12/site-packages/airflow/example_dags/example_skip_dag.py
[2026-01-29T03:15:49.463+0000] {processor.py:830} INFO - Processing file /home/airflow/.local/lib/python3.12/site-packages/airflow/example_dags/example_skip_dag.py for tasks to queue
[2026-01-29T03:15:49.465+0000] {logging_mixin.py:188} INFO - [2026-01-29T03:15:49.465+0000] {dagbag.py:545} INFO - Filling up the DagBag from /home/airflow/.local/lib/python3.12/site-packages/airflow/example_dags/example_skip_dag.py
[2026-01-29T03:15:49.473+0000] {processor.py:840} INFO - DAG(s) 'example_skip_dag' retrieved from /home/airflow/.local/lib/python3.12/site-packages/airflow/example_dags/example_skip_dag.py
[2026-01-29T03:15:49.495+0000] {logging_mixin.py:188} INFO - [2026-01-29T03:15:49.495+0000] {dag.py:3089} INFO - Sync 1 DAGs
[2026-01-29T03:15:49.518+0000] {logging_mixin.py:188} INFO - [2026-01-29T03:15:49.518+0000] {dag.py:3947} INFO - Setting next_dagrun for example_skip_dag to 2026-01-28 00:00:00+00:00, run_after=2026-01-29 00:00:00+00:00
[2026-01-29T03:15:49.538+0000] {processor.py:183} INFO - Processing /home/airflow/.local/lib/python3.12/site-packages/airflow/example_dags/example_skip_dag.py took 0.084 seconds
[2026-01-29T03:16:19.599+0000] {processor.py:161} INFO - Started process (PID=86166) to work on /home/airflow/.local/lib/python3.12/site-packages/airflow/example_dags/example_skip_dag.py
[2026-01-29T03:16:19.599+0000] {processor.py:830} INFO - Processing file /home/airflow/.local/lib/python3.12/site-packages/airflow/example_dags/example_skip_dag.py for tasks to queue
[2026-01-29T03:16:19.601+0000] {logging_mixin.py:188} INFO - [2026-01-29T03:16:19.601+0000] {dagbag.py:545} INFO - Filling up the DagBag from /home/airflow/.local/lib/python3.12/site-packages/airflow/example_dags/example_skip_dag.py
[2026-01-29T03:16:19.608+0000] {processor.py:840} INFO - DAG(s) 'example_skip_dag' retrieved from /home/airflow/.local/lib/python3.12/site-packages/airflow/example_dags/example_skip_dag.py
[2026-01-29T03:16:19.630+0000] {logging_mixin.py:188} INFO - [2026-01-29T03:16:19.630+0000] {dag.py:3089} INFO - Sync 1 DAGs
[2026-01-29T03:16:19.655+0000] {logging_mixin.py:188} INFO - [2026-01-29T03:16:19.655+0000] {dag.py:3947} INFO - Setting next_dagrun for example_skip_dag to 2026-01-28 00:00:00+00:00, run_after=2026-01-29 00:00:00+00:00
[2026-01-29T03:16:19.676+0000] {processor.py:183} INFO - Processing /home/airflow/.local/lib/python3.12/site-packages/airflow/example_dags/example_skip_dag.py took 0.085 seconds
[2026-01-29T03:16:49.746+0000] {processor.py:161} INFO - Started process (PID=86225) to work on /home/airflow/.local/lib/python3.12/site-packages/airflow/example_dags/example_skip_dag.py
[2026-01-29T03:16:49.747+0000] {processor.py:830} INFO - Processing file /home/airflow/.local/lib/python3.12/site-packages/airflow/example_dags/example_skip_dag.py for tasks to queue
[2026-01-29T03:16:49.748+0000] {logging_mixin.py:188} INFO - [2026-01-29T03:16:49.748+0000] {dagbag.py:545} INFO - Filling up the DagBag from /home/airflow/.local/lib/python3.12/site-packages/airflow/example_dags/example_skip_dag.py
[2026-01-29T03:16:49.755+0000] {processor.py:840} INFO - DAG(s) 'example_skip_dag' retrieved from /home/airflow/.local/lib/python3.12/site-packages/airflow/example_dags/example_skip_dag.py
[2026-01-29T03:16:49.783+0000] {logging_mixin.py:188} INFO - [2026-01-29T03:16:49.783+0000] {dag.py:3089} INFO - Sync 1 DAGs
[2026-01-29T03:16:49.808+0000] {logging_mixin.py:188} INFO - [2026-01-29T03:16:49.807+0000] {dag.py:3947} INFO - Setting next_dagrun for example_skip_dag to 2026-01-28 00:00:00+00:00, run_after=2026-01-29 00:00:00+00:00
[2026-01-29T03:16:49.828+0000] {processor.py:183} INFO - Processing /home/airflow/.local/lib/python3.12/site-packages/airflow/example_dags/example_skip_dag.py took 0.089 seconds
[2026-01-29T03:17:19.935+0000] {processor.py:161} INFO - Started process (PID=86289) to work on /home/airflow/.local/lib/python3.12/site-packages/airflow/example_dags/example_skip_dag.py
[2026-01-29T03:17:19.936+0000] {processor.py:830} INFO - Processing file /home/airflow/.local/lib/python3.12/site-packages/airflow/example_dags/example_skip_dag.py for tasks to queue
[2026-01-29T03:17:19.938+0000] {logging_mixin.py:188} INFO - [2026-01-29T03:17:19.938+0000] {dagbag.py:545} INFO - Filling up the DagBag from /home/airflow/.local/lib/python3.12/site-packages/airflow/example_dags/example_skip_dag.py
[2026-01-29T03:17:19.944+0000] {processor.py:840} INFO - DAG(s) 'example_skip_dag' retrieved from /home/airflow/.local/lib/python3.12/site-packages/airflow/example_dags/example_skip_dag.py
[2026-01-29T03:17:19.966+0000] {logging_mixin.py:188} INFO - [2026-01-29T03:17:19.966+0000] {dag.py:3089} INFO - Sync 1 DAGs
[2026-01-29T03:17:19.989+0000] {logging_mixin.py:188} INFO - [2026-01-29T03:17:19.989+0000] {dag.py:3947} INFO - Setting next_dagrun for example_skip_dag to 2026-01-28 00:00:00+00:00, run_after=2026-01-29 00:00:00+00:00
[2026-01-29T03:17:20.011+0000] {processor.py:183} INFO - Processing /home/airflow/.local/lib/python3.12/site-packages/airflow/example_dags/example_skip_dag.py took 0.082 seconds
[2026-01-29T03:17:50.283+0000] {processor.py:161} INFO - Started process (PID=86348) to work on /home/airflow/.local/lib/python3.12/site-packages/airflow/example_dags/example_skip_dag.py
[2026-01-29T03:17:50.283+0000] {processor.py:830} INFO - Processing file /home/airflow/.local/lib/python3.12/site-packages/airflow/example_dags/example_skip_dag.py for tasks to queue
[2026-01-29T03:17:50.285+0000] {logging_mixin.py:188} INFO - [2026-01-29T03:17:50.285+0000] {dagbag.py:545} INFO - Filling up the DagBag from /home/airflow/.local/lib/python3.12/site-packages/airflow/example_dags/example_skip_dag.py
[2026-01-29T03:17:50.292+0000] {processor.py:840} INFO - DAG(s) 'example_skip_dag' retrieved from /home/airflow/.local/lib/python3.12/site-packages/airflow/example_dags/example_skip_dag.py
[2026-01-29T03:17:50.314+0000] {logging_mixin.py:188} INFO - [2026-01-29T03:17:50.314+0000] {dag.py:3089} INFO - Sync 1 DAGs
[2026-01-29T03:17:50.337+0000] {logging_mixin.py:188} INFO - [2026-01-29T03:17:50.336+0000] {dag.py:3947} INFO - Setting next_dagrun for example_skip_dag to 2026-01-28 00:00:00+00:00, run_after=2026-01-29 00:00:00+00:00
[2026-01-29T03:17:50.357+0000] {processor.py:183} INFO - Processing /home/airflow/.local/lib/python3.12/site-packages/airflow/example_dags/example_skip_dag.py took 0.081 seconds
[2026-01-29T03:18:21.108+0000] {processor.py:161} INFO - Started process (PID=86412) to work on /home/airflow/.local/lib/python3.12/site-packages/airflow/example_dags/example_skip_dag.py
[2026-01-29T03:18:21.109+0000] {processor.py:830} INFO - Processing file /home/airflow/.local/lib/python3.12/site-packages/airflow/example_dags/example_skip_dag.py for tasks to queue
[2026-01-29T03:18:21.111+0000] {logging_mixin.py:188} INFO - [2026-01-29T03:18:21.111+0000] {dagbag.py:545} INFO - Filling up the DagBag from /home/airflow/.local/lib/python3.12/site-packages/airflow/example_dags/example_skip_dag.py
[2026-01-29T03:18:21.119+0000] {processor.py:840} INFO - DAG(s) 'example_skip_dag' retrieved from /home/airflow/.local/lib/python3.12/site-packages/airflow/example_dags/example_skip_dag.py
[2026-01-29T03:18:21.145+0000] {logging_mixin.py:188} INFO - [2026-01-29T03:18:21.145+0000] {dag.py:3089} INFO - Sync 1 DAGs
[2026-01-29T03:18:21.168+0000] {logging_mixin.py:188} INFO - [2026-01-29T03:18:21.167+0000] {dag.py:3947} INFO - Setting next_dagrun for example_skip_dag to 2026-01-28 00:00:00+00:00, run_after=2026-01-29 00:00:00+00:00
[2026-01-29T03:18:21.190+0000] {processor.py:183} INFO - Processing /home/airflow/.local/lib/python3.12/site-packages/airflow/example_dags/example_skip_dag.py took 0.089 seconds
[2026-01-29T03:18:51.320+0000] {processor.py:161} INFO - Started process (PID=86471) to work on /home/airflow/.local/lib/python3.12/site-packages/airflow/example_dags/example_skip_dag.py
[2026-01-29T03:18:51.321+0000] {processor.py:830} INFO - Processing file /home/airflow/.local/lib/python3.12/site-packages/airflow/example_dags/example_skip_dag.py for tasks to queue
[2026-01-29T03:18:51.323+0000] {logging_mixin.py:188} INFO - [2026-01-29T03:18:51.322+0000] {dagbag.py:545} INFO - Filling up the DagBag from /home/airflow/.local/lib/python3.12/site-packages/airflow/example_dags/example_skip_dag.py
[2026-01-29T03:18:51.330+0000] {processor.py:840} INFO - DAG(s) 'example_skip_dag' retrieved from /home/airflow/.local/lib/python3.12/site-packages/airflow/example_dags/example_skip_dag.py
[2026-01-29T03:18:51.350+0000] {logging_mixin.py:188} INFO - [2026-01-29T03:18:51.350+0000] {dag.py:3089} INFO - Sync 1 DAGs
[2026-01-29T03:18:51.373+0000] {logging_mixin.py:188} INFO - [2026-01-29T03:18:51.373+0000] {dag.py:3947} INFO - Setting next_dagrun for example_skip_dag to 2026-01-28 00:00:00+00:00, run_after=2026-01-29 00:00:00+00:00
[2026-01-29T03:18:51.394+0000] {processor.py:183} INFO - Processing /home/airflow/.local/lib/python3.12/site-packages/airflow/example_dags/example_skip_dag.py took 0.081 seconds
[2026-01-29T03:19:21.482+0000] {processor.py:161} INFO - Started process (PID=86535) to work on /home/airflow/.local/lib/python3.12/site-packages/airflow/example_dags/example_skip_dag.py
[2026-01-29T03:19:21.483+0000] {processor.py:830} INFO - Processing file /home/airflow/.local/lib/python3.12/site-packages/airflow/example_dags/example_skip_dag.py for tasks to queue
[2026-01-29T03:19:21.485+0000] {logging_mixin.py:188} INFO - [2026-01-29T03:19:21.484+0000] {dagbag.py:545} INFO - Filling up the DagBag from /home/airflow/.local/lib/python3.12/site-packages/airflow/example_dags/example_skip_dag.py
[2026-01-29T03:19:21.492+0000] {processor.py:840} INFO - DAG(s) 'example_skip_dag' retrieved from /home/airflow/.local/lib/python3.12/site-packages/airflow/example_dags/example_skip_dag.py
[2026-01-29T03:19:21.517+0000] {logging_mixin.py:188} INFO - [2026-01-29T03:19:21.516+0000] {dag.py:3089} INFO - Sync 1 DAGs
[2026-01-29T03:19:21.541+0000] {logging_mixin.py:188} INFO - [2026-01-29T03:19:21.541+0000] {dag.py:3947} INFO - Setting next_dagrun for example_skip_dag to 2026-01-28 00:00:00+00:00, run_after=2026-01-29 00:00:00+00:00
[2026-01-29T03:19:21.561+0000] {processor.py:183} INFO - Processing /home/airflow/.local/lib/python3.12/site-packages/airflow/example_dags/example_skip_dag.py took 0.087 seconds
[2026-01-29T03:19:51.740+0000] {processor.py:161} INFO - Started process (PID=86594) to work on /home/airflow/.local/lib/python3.12/site-packages/airflow/example_dags/example_skip_dag.py
[2026-01-29T03:19:51.741+0000] {processor.py:830} INFO - Processing file /home/airflow/.local/lib/python3.12/site-packages/airflow/example_dags/example_skip_dag.py for tasks to queue
[2026-01-29T03:19:51.742+0000] {logging_mixin.py:188} INFO - [2026-01-29T03:19:51.742+0000] {dagbag.py:545} INFO - Filling up the DagBag from /home/airflow/.local/lib/python3.12/site-packages/airflow/example_dags/example_skip_dag.py
[2026-01-29T03:19:51.749+0000] {processor.py:840} INFO - DAG(s) 'example_skip_dag' retrieved from /home/airflow/.local/lib/python3.12/site-packages/airflow/example_dags/example_skip_dag.py
[2026-01-29T03:19:51.770+0000] {logging_mixin.py:188} INFO - [2026-01-29T03:19:51.770+0000] {dag.py:3089} INFO - Sync 1 DAGs
[2026-01-29T03:19:51.793+0000] {logging_mixin.py:188} INFO - [2026-01-29T03:19:51.792+0000] {dag.py:3947} INFO - Setting next_dagrun for example_skip_dag to 2026-01-28 00:00:00+00:00, run_after=2026-01-29 00:00:00+00:00
[2026-01-29T03:19:51.812+0000] {processor.py:183} INFO - Processing /home/airflow/.local/lib/python3.12/site-packages/airflow/example_dags/example_skip_dag.py took 0.078 seconds
[2026-01-29T03:20:21.900+0000] {processor.py:161} INFO - Started process (PID=86658) to work on /home/airflow/.local/lib/python3.12/site-packages/airflow/example_dags/example_skip_dag.py
[2026-01-29T03:20:21.902+0000] {processor.py:830} INFO - Processing file /home/airflow/.local/lib/python3.12/site-packages/airflow/example_dags/example_skip_dag.py for tasks to queue
[2026-01-29T03:20:21.904+0000] {logging_mixin.py:188} INFO - [2026-01-29T03:20:21.903+0000] {dagbag.py:545} INFO - Filling up the DagBag from /home/airflow/.local/lib/python3.12/site-packages/airflow/example_dags/example_skip_dag.py
[2026-01-29T03:20:21.911+0000] {processor.py:840} INFO - DAG(s) 'example_skip_dag' retrieved from /home/airflow/.local/lib/python3.12/site-packages/airflow/example_dags/example_skip_dag.py
[2026-01-29T03:20:21.933+0000] {logging_mixin.py:188} INFO - [2026-01-29T03:20:21.933+0000] {dag.py:3089} INFO - Sync 1 DAGs
[2026-01-29T03:20:21.957+0000] {logging_mixin.py:188} INFO - [2026-01-29T03:20:21.957+0000] {dag.py:3947} INFO - Setting next_dagrun for example_skip_dag to 2026-01-28 00:00:00+00:00, run_after=2026-01-29 00:00:00+00:00
[2026-01-29T03:20:21.980+0000] {processor.py:183} INFO - Processing /home/airflow/.local/lib/python3.12/site-packages/airflow/example_dags/example_skip_dag.py took 0.087 seconds
[2026-01-29T03:20:52.171+0000] {processor.py:161} INFO - Started process (PID=86717) to work on /home/airflow/.local/lib/python3.12/site-packages/airflow/example_dags/example_skip_dag.py
[2026-01-29T03:20:52.172+0000] {processor.py:830} INFO - Processing file /home/airflow/.local/lib/python3.12/site-packages/airflow/example_dags/example_skip_dag.py for tasks to queue
[2026-01-29T03:20:52.174+0000] {logging_mixin.py:188} INFO - [2026-01-29T03:20:52.174+0000] {dagbag.py:545} INFO - Filling up the DagBag from /home/airflow/.local/lib/python3.12/site-packages/airflow/example_dags/example_skip_dag.py
[2026-01-29T03:20:52.181+0000] {processor.py:840} INFO - DAG(s) 'example_skip_dag' retrieved from /home/airflow/.local/lib/python3.12/site-packages/airflow/example_dags/example_skip_dag.py
[2026-01-29T03:20:52.203+0000] {logging_mixin.py:188} INFO - [2026-01-29T03:20:52.203+0000] {dag.py:3089} INFO - Sync 1 DAGs
[2026-01-29T03:20:52.228+0000] {logging_mixin.py:188} INFO - [2026-01-29T03:20:52.228+0000] {dag.py:3947} INFO - Setting next_dagrun for example_skip_dag to 2026-01-28 00:00:00+00:00, run_after=2026-01-29 00:00:00+00:00
[2026-01-29T03:20:52.251+0000] {processor.py:183} INFO - Processing /home/airflow/.local/lib/python3.12/site-packages/airflow/example_dags/example_skip_dag.py took 0.087 seconds
[2026-01-29T03:21:22.511+0000] {processor.py:161} INFO - Started process (PID=86781) to work on /home/airflow/.local/lib/python3.12/site-packages/airflow/example_dags/example_skip_dag.py
[2026-01-29T03:21:22.512+0000] {processor.py:830} INFO - Processing file /home/airflow/.local/lib/python3.12/site-packages/airflow/example_dags/example_skip_dag.py for tasks to queue
[2026-01-29T03:21:22.514+0000] {logging_mixin.py:188} INFO - [2026-01-29T03:21:22.514+0000] {dagbag.py:545} INFO - Filling up the DagBag from /home/airflow/.local/lib/python3.12/site-packages/airflow/example_dags/example_skip_dag.py
[2026-01-29T03:21:22.522+0000] {processor.py:840} INFO - DAG(s) 'example_skip_dag' retrieved from /home/airflow/.local/lib/python3.12/site-packages/airflow/example_dags/example_skip_dag.py
[2026-01-29T03:21:22.547+0000] {logging_mixin.py:188} INFO - [2026-01-29T03:21:22.547+0000] {dag.py:3089} INFO - Sync 1 DAGs
[2026-01-29T03:21:22.573+0000] {logging_mixin.py:188} INFO - [2026-01-29T03:21:22.573+0000] {dag.py:3947} INFO - Setting next_dagrun for example_skip_dag to 2026-01-28 00:00:00+00:00, run_after=2026-01-29 00:00:00+00:00
[2026-01-29T03:21:22.594+0000] {processor.py:183} INFO - Processing /home/airflow/.local/lib/python3.12/site-packages/airflow/example_dags/example_skip_dag.py took 0.090 seconds
[2026-01-29T03:21:52.926+0000] {processor.py:161} INFO - Started process (PID=86840) to work on /home/airflow/.local/lib/python3.12/site-packages/airflow/example_dags/example_skip_dag.py
[2026-01-29T03:21:52.927+0000] {processor.py:830} INFO - Processing file /home/airflow/.local/lib/python3.12/site-packages/airflow/example_dags/example_skip_dag.py for tasks to queue
[2026-01-29T03:21:52.929+0000] {logging_mixin.py:188} INFO - [2026-01-29T03:21:52.929+0000] {dagbag.py:545} INFO - Filling up the DagBag from /home/airflow/.local/lib/python3.12/site-packages/airflow/example_dags/example_skip_dag.py
[2026-01-29T03:21:52.938+0000] {processor.py:840} INFO - DAG(s) 'example_skip_dag' retrieved from /home/airflow/.local/lib/python3.12/site-packages/airflow/example_dags/example_skip_dag.py
[2026-01-29T03:21:52.961+0000] {logging_mixin.py:188} INFO - [2026-01-29T03:21:52.960+0000] {dag.py:3089} INFO - Sync 1 DAGs
[2026-01-29T03:21:52.983+0000] {logging_mixin.py:188} INFO - [2026-01-29T03:21:52.983+0000] {dag.py:3947} INFO - Setting next_dagrun for example_skip_dag to 2026-01-28 00:00:00+00:00, run_after=2026-01-29 00:00:00+00:00
[2026-01-29T03:21:53.004+0000] {processor.py:183} INFO - Processing /home/airflow/.local/lib/python3.12/site-packages/airflow/example_dags/example_skip_dag.py took 0.087 seconds
[2026-01-29T03:22:23.356+0000] {processor.py:161} INFO - Started process (PID=86904) to work on /home/airflow/.local/lib/python3.12/site-packages/airflow/example_dags/example_skip_dag.py
[2026-01-29T03:22:23.358+0000] {processor.py:830} INFO - Processing file /home/airflow/.local/lib/python3.12/site-packages/airflow/example_dags/example_skip_dag.py for tasks to queue
[2026-01-29T03:22:23.360+0000] {logging_mixin.py:188} INFO - [2026-01-29T03:22:23.359+0000] {dagbag.py:545} INFO - Filling up the DagBag from /home/airflow/.local/lib/python3.12/site-packages/airflow/example_dags/example_skip_dag.py
[2026-01-29T03:22:23.367+0000] {processor.py:840} INFO - DAG(s) 'example_skip_dag' retrieved from /home/airflow/.local/lib/python3.12/site-packages/airflow/example_dags/example_skip_dag.py
[2026-01-29T03:22:23.387+0000] {logging_mixin.py:188} INFO - [2026-01-29T03:22:23.387+0000] {dag.py:3089} INFO - Sync 1 DAGs
[2026-01-29T03:22:23.411+0000] {logging_mixin.py:188} INFO - [2026-01-29T03:22:23.411+0000] {dag.py:3947} INFO - Setting next_dagrun for example_skip_dag to 2026-01-28 00:00:00+00:00, run_after=2026-01-29 00:00:00+00:00
[2026-01-29T03:22:23.431+0000] {processor.py:183} INFO - Processing /home/airflow/.local/lib/python3.12/site-packages/airflow/example_dags/example_skip_dag.py took 0.082 seconds
[2026-01-29T03:22:53.662+0000] {processor.py:161} INFO - Started process (PID=86963) to work on /home/airflow/.local/lib/python3.12/site-packages/airflow/example_dags/example_skip_dag.py
[2026-01-29T03:22:53.663+0000] {processor.py:830} INFO - Processing file /home/airflow/.local/lib/python3.12/site-packages/airflow/example_dags/example_skip_dag.py for tasks to queue
[2026-01-29T03:22:53.665+0000] {logging_mixin.py:188} INFO - [2026-01-29T03:22:53.664+0000] {dagbag.py:545} INFO - Filling up the DagBag from /home/airflow/.local/lib/python3.12/site-packages/airflow/example_dags/example_skip_dag.py
[2026-01-29T03:22:53.671+0000] {processor.py:840} INFO - DAG(s) 'example_skip_dag' retrieved from /home/airflow/.local/lib/python3.12/site-packages/airflow/example_dags/example_skip_dag.py
[2026-01-29T03:22:53.699+0000] {logging_mixin.py:188} INFO - [2026-01-29T03:22:53.699+0000] {dag.py:3089} INFO - Sync 1 DAGs
[2026-01-29T03:22:53.728+0000] {logging_mixin.py:188} INFO - [2026-01-29T03:22:53.728+0000] {dag.py:3947} INFO - Setting next_dagrun for example_skip_dag to 2026-01-28 00:00:00+00:00, run_after=2026-01-29 00:00:00+00:00
[2026-01-29T03:22:53.748+0000] {processor.py:183} INFO - Processing /home/airflow/.local/lib/python3.12/site-packages/airflow/example_dags/example_skip_dag.py took 0.092 seconds
[2026-01-29T03:23:24.424+0000] {processor.py:161} INFO - Started process (PID=87027) to work on /home/airflow/.local/lib/python3.12/site-packages/airflow/example_dags/example_skip_dag.py
[2026-01-29T03:23:24.425+0000] {processor.py:830} INFO - Processing file /home/airflow/.local/lib/python3.12/site-packages/airflow/example_dags/example_skip_dag.py for tasks to queue
[2026-01-29T03:23:24.427+0000] {logging_mixin.py:188} INFO - [2026-01-29T03:23:24.427+0000] {dagbag.py:545} INFO - Filling up the DagBag from /home/airflow/.local/lib/python3.12/site-packages/airflow/example_dags/example_skip_dag.py
[2026-01-29T03:23:24.435+0000] {processor.py:840} INFO - DAG(s) 'example_skip_dag' retrieved from /home/airflow/.local/lib/python3.12/site-packages/airflow/example_dags/example_skip_dag.py
[2026-01-29T03:23:24.457+0000] {logging_mixin.py:188} INFO - [2026-01-29T03:23:24.456+0000] {dag.py:3089} INFO - Sync 1 DAGs
[2026-01-29T03:23:24.478+0000] {logging_mixin.py:188} INFO - [2026-01-29T03:23:24.478+0000] {dag.py:3947} INFO - Setting next_dagrun for example_skip_dag to 2026-01-28 00:00:00+00:00, run_after=2026-01-29 00:00:00+00:00
[2026-01-29T03:23:24.498+0000] {processor.py:183} INFO - Processing /home/airflow/.local/lib/python3.12/site-packages/airflow/example_dags/example_skip_dag.py took 0.081 seconds
[2026-01-29T03:23:54.781+0000] {processor.py:161} INFO - Started process (PID=87086) to work on /home/airflow/.local/lib/python3.12/site-packages/airflow/example_dags/example_skip_dag.py
[2026-01-29T03:23:54.782+0000] {processor.py:830} INFO - Processing file /home/airflow/.local/lib/python3.12/site-packages/airflow/example_dags/example_skip_dag.py for tasks to queue
[2026-01-29T03:23:54.784+0000] {logging_mixin.py:188} INFO - [2026-01-29T03:23:54.783+0000] {dagbag.py:545} INFO - Filling up the DagBag from /home/airflow/.local/lib/python3.12/site-packages/airflow/example_dags/example_skip_dag.py
[2026-01-29T03:23:54.790+0000] {processor.py:840} INFO - DAG(s) 'example_skip_dag' retrieved from /home/airflow/.local/lib/python3.12/site-packages/airflow/example_dags/example_skip_dag.py
[2026-01-29T03:23:54.811+0000] {logging_mixin.py:188} INFO - [2026-01-29T03:23:54.811+0000] {dag.py:3089} INFO - Sync 1 DAGs
[2026-01-29T03:23:54.835+0000] {logging_mixin.py:188} INFO - [2026-01-29T03:23:54.835+0000] {dag.py:3947} INFO - Setting next_dagrun for example_skip_dag to 2026-01-28 00:00:00+00:00, run_after=2026-01-29 00:00:00+00:00
[2026-01-29T03:23:54.857+0000] {processor.py:183} INFO - Processing /home/airflow/.local/lib/python3.12/site-packages/airflow/example_dags/example_skip_dag.py took 0.082 seconds
[2026-01-29T03:24:24.937+0000] {processor.py:161} INFO - Started process (PID=87150) to work on /home/airflow/.local/lib/python3.12/site-packages/airflow/example_dags/example_skip_dag.py
[2026-01-29T03:24:24.938+0000] {processor.py:830} INFO - Processing file /home/airflow/.local/lib/python3.12/site-packages/airflow/example_dags/example_skip_dag.py for tasks to queue
[2026-01-29T03:24:24.940+0000] {logging_mixin.py:188} INFO - [2026-01-29T03:24:24.940+0000] {dagbag.py:545} INFO - Filling up the DagBag from /home/airflow/.local/lib/python3.12/site-packages/airflow/example_dags/example_skip_dag.py
[2026-01-29T03:24:24.949+0000] {processor.py:840} INFO - DAG(s) 'example_skip_dag' retrieved from /home/airflow/.local/lib/python3.12/site-packages/airflow/example_dags/example_skip_dag.py
[2026-01-29T03:24:24.972+0000] {logging_mixin.py:188} INFO - [2026-01-29T03:24:24.972+0000] {dag.py:3089} INFO - Sync 1 DAGs
[2026-01-29T03:24:24.995+0000] {logging_mixin.py:188} INFO - [2026-01-29T03:24:24.995+0000] {dag.py:3947} INFO - Setting next_dagrun for example_skip_dag to 2026-01-28 00:00:00+00:00, run_after=2026-01-29 00:00:00+00:00
[2026-01-29T03:24:25.015+0000] {processor.py:183} INFO - Processing /home/airflow/.local/lib/python3.12/site-packages/airflow/example_dags/example_skip_dag.py took 0.086 seconds
[2026-01-29T03:24:55.352+0000] {processor.py:161} INFO - Started process (PID=87209) to work on /home/airflow/.local/lib/python3.12/site-packages/airflow/example_dags/example_skip_dag.py
[2026-01-29T03:24:55.353+0000] {processor.py:830} INFO - Processing file /home/airflow/.local/lib/python3.12/site-packages/airflow/example_dags/example_skip_dag.py for tasks to queue
[2026-01-29T03:24:55.355+0000] {logging_mixin.py:188} INFO - [2026-01-29T03:24:55.354+0000] {dagbag.py:545} INFO - Filling up the DagBag from /home/airflow/.local/lib/python3.12/site-packages/airflow/example_dags/example_skip_dag.py
[2026-01-29T03:24:55.362+0000] {processor.py:840} INFO - DAG(s) 'example_skip_dag' retrieved from /home/airflow/.local/lib/python3.12/site-packages/airflow/example_dags/example_skip_dag.py
[2026-01-29T03:24:55.382+0000] {logging_mixin.py:188} INFO - [2026-01-29T03:24:55.382+0000] {dag.py:3089} INFO - Sync 1 DAGs
[2026-01-29T03:24:55.404+0000] {logging_mixin.py:188} INFO - [2026-01-29T03:24:55.404+0000] {dag.py:3947} INFO - Setting next_dagrun for example_skip_dag to 2026-01-28 00:00:00+00:00, run_after=2026-01-29 00:00:00+00:00
[2026-01-29T03:24:55.424+0000] {processor.py:183} INFO - Processing /home/airflow/.local/lib/python3.12/site-packages/airflow/example_dags/example_skip_dag.py took 0.080 seconds
[2026-01-29T03:25:25.911+0000] {processor.py:161} INFO - Started process (PID=87273) to work on /home/airflow/.local/lib/python3.12/site-packages/airflow/example_dags/example_skip_dag.py
[2026-01-29T03:25:25.912+0000] {processor.py:830} INFO - Processing file /home/airflow/.local/lib/python3.12/site-packages/airflow/example_dags/example_skip_dag.py for tasks to queue
[2026-01-29T03:25:25.914+0000] {logging_mixin.py:188} INFO - [2026-01-29T03:25:25.913+0000] {dagbag.py:545} INFO - Filling up the DagBag from /home/airflow/.local/lib/python3.12/site-packages/airflow/example_dags/example_skip_dag.py
[2026-01-29T03:25:25.922+0000] {processor.py:840} INFO - DAG(s) 'example_skip_dag' retrieved from /home/airflow/.local/lib/python3.12/site-packages/airflow/example_dags/example_skip_dag.py
[2026-01-29T03:25:25.945+0000] {logging_mixin.py:188} INFO - [2026-01-29T03:25:25.945+0000] {dag.py:3089} INFO - Sync 1 DAGs
[2026-01-29T03:25:25.968+0000] {logging_mixin.py:188} INFO - [2026-01-29T03:25:25.968+0000] {dag.py:3947} INFO - Setting next_dagrun for example_skip_dag to 2026-01-28 00:00:00+00:00, run_after=2026-01-29 00:00:00+00:00
[2026-01-29T03:25:25.988+0000] {processor.py:183} INFO - Processing /home/airflow/.local/lib/python3.12/site-packages/airflow/example_dags/example_skip_dag.py took 0.084 seconds
[2026-01-29T03:25:56.334+0000] {processor.py:161} INFO - Started process (PID=87332) to work on /home/airflow/.local/lib/python3.12/site-packages/airflow/example_dags/example_skip_dag.py
[2026-01-29T03:25:56.335+0000] {processor.py:830} INFO - Processing file /home/airflow/.local/lib/python3.12/site-packages/airflow/example_dags/example_skip_dag.py for tasks to queue
[2026-01-29T03:25:56.337+0000] {logging_mixin.py:188} INFO - [2026-01-29T03:25:56.337+0000] {dagbag.py:545} INFO - Filling up the DagBag from /home/airflow/.local/lib/python3.12/site-packages/airflow/example_dags/example_skip_dag.py
[2026-01-29T03:25:56.345+0000] {processor.py:840} INFO - DAG(s) 'example_skip_dag' retrieved from /home/airflow/.local/lib/python3.12/site-packages/airflow/example_dags/example_skip_dag.py
[2026-01-29T03:25:56.370+0000] {logging_mixin.py:188} INFO - [2026-01-29T03:25:56.369+0000] {dag.py:3089} INFO - Sync 1 DAGs
[2026-01-29T03:25:56.396+0000] {logging_mixin.py:188} INFO - [2026-01-29T03:25:56.395+0000] {dag.py:3947} INFO - Setting next_dagrun for example_skip_dag to 2026-01-28 00:00:00+00:00, run_after=2026-01-29 00:00:00+00:00
[2026-01-29T03:25:56.417+0000] {processor.py:183} INFO - Processing /home/airflow/.local/lib/python3.12/site-packages/airflow/example_dags/example_skip_dag.py took 0.091 seconds
[2026-01-29T03:26:26.728+0000] {processor.py:161} INFO - Started process (PID=87396) to work on /home/airflow/.local/lib/python3.12/site-packages/airflow/example_dags/example_skip_dag.py
[2026-01-29T03:26:26.730+0000] {processor.py:830} INFO - Processing file /home/airflow/.local/lib/python3.12/site-packages/airflow/example_dags/example_skip_dag.py for tasks to queue
[2026-01-29T03:26:26.732+0000] {logging_mixin.py:188} INFO - [2026-01-29T03:26:26.731+0000] {dagbag.py:545} INFO - Filling up the DagBag from /home/airflow/.local/lib/python3.12/site-packages/airflow/example_dags/example_skip_dag.py
[2026-01-29T03:26:26.738+0000] {processor.py:840} INFO - DAG(s) 'example_skip_dag' retrieved from /home/airflow/.local/lib/python3.12/site-packages/airflow/example_dags/example_skip_dag.py
[2026-01-29T03:26:26.761+0000] {logging_mixin.py:188} INFO - [2026-01-29T03:26:26.760+0000] {dag.py:3089} INFO - Sync 1 DAGs
[2026-01-29T03:26:26.788+0000] {logging_mixin.py:188} INFO - [2026-01-29T03:26:26.788+0000] {dag.py:3947} INFO - Setting next_dagrun for example_skip_dag to 2026-01-28 00:00:00+00:00, run_after=2026-01-29 00:00:00+00:00
[2026-01-29T03:26:26.808+0000] {processor.py:183} INFO - Processing /home/airflow/.local/lib/python3.12/site-packages/airflow/example_dags/example_skip_dag.py took 0.087 seconds
[2026-01-29T03:26:57.243+0000] {processor.py:161} INFO - Started process (PID=87455) to work on /home/airflow/.local/lib/python3.12/site-packages/airflow/example_dags/example_skip_dag.py
[2026-01-29T03:26:57.244+0000] {processor.py:830} INFO - Processing file /home/airflow/.local/lib/python3.12/site-packages/airflow/example_dags/example_skip_dag.py for tasks to queue
[2026-01-29T03:26:57.246+0000] {logging_mixin.py:188} INFO - [2026-01-29T03:26:57.246+0000] {dagbag.py:545} INFO - Filling up the DagBag from /home/airflow/.local/lib/python3.12/site-packages/airflow/example_dags/example_skip_dag.py
[2026-01-29T03:26:57.254+0000] {processor.py:840} INFO - DAG(s) 'example_skip_dag' retrieved from /home/airflow/.local/lib/python3.12/site-packages/airflow/example_dags/example_skip_dag.py
[2026-01-29T03:26:57.276+0000] {logging_mixin.py:188} INFO - [2026-01-29T03:26:57.276+0000] {dag.py:3089} INFO - Sync 1 DAGs
[2026-01-29T03:26:57.298+0000] {logging_mixin.py:188} INFO - [2026-01-29T03:26:57.298+0000] {dag.py:3947} INFO - Setting next_dagrun for example_skip_dag to 2026-01-28 00:00:00+00:00, run_after=2026-01-29 00:00:00+00:00
[2026-01-29T03:26:57.318+0000] {processor.py:183} INFO - Processing /home/airflow/.local/lib/python3.12/site-packages/airflow/example_dags/example_skip_dag.py took 0.082 seconds
[2026-01-29T03:27:27.939+0000] {processor.py:161} INFO - Started process (PID=87519) to work on /home/airflow/.local/lib/python3.12/site-packages/airflow/example_dags/example_skip_dag.py
[2026-01-29T03:27:27.940+0000] {processor.py:830} INFO - Processing file /home/airflow/.local/lib/python3.12/site-packages/airflow/example_dags/example_skip_dag.py for tasks to queue
[2026-01-29T03:27:27.942+0000] {logging_mixin.py:188} INFO - [2026-01-29T03:27:27.942+0000] {dagbag.py:545} INFO - Filling up the DagBag from /home/airflow/.local/lib/python3.12/site-packages/airflow/example_dags/example_skip_dag.py
[2026-01-29T03:27:27.950+0000] {processor.py:840} INFO - DAG(s) 'example_skip_dag' retrieved from /home/airflow/.local/lib/python3.12/site-packages/airflow/example_dags/example_skip_dag.py
[2026-01-29T03:27:27.973+0000] {logging_mixin.py:188} INFO - [2026-01-29T03:27:27.973+0000] {dag.py:3089} INFO - Sync 1 DAGs
[2026-01-29T03:27:27.999+0000] {logging_mixin.py:188} INFO - [2026-01-29T03:27:27.999+0000] {dag.py:3947} INFO - Setting next_dagrun for example_skip_dag to 2026-01-28 00:00:00+00:00, run_after=2026-01-29 00:00:00+00:00
[2026-01-29T03:27:28.021+0000] {processor.py:183} INFO - Processing /home/airflow/.local/lib/python3.12/site-packages/airflow/example_dags/example_skip_dag.py took 0.089 seconds
[2026-01-29T03:27:58.531+0000] {processor.py:161} INFO - Started process (PID=87578) to work on /home/airflow/.local/lib/python3.12/site-packages/airflow/example_dags/example_skip_dag.py
[2026-01-29T03:27:58.532+0000] {processor.py:830} INFO - Processing file /home/airflow/.local/lib/python3.12/site-packages/airflow/example_dags/example_skip_dag.py for tasks to queue
[2026-01-29T03:27:58.533+0000] {logging_mixin.py:188} INFO - [2026-01-29T03:27:58.533+0000] {dagbag.py:545} INFO - Filling up the DagBag from /home/airflow/.local/lib/python3.12/site-packages/airflow/example_dags/example_skip_dag.py
[2026-01-29T03:27:58.540+0000] {processor.py:840} INFO - DAG(s) 'example_skip_dag' retrieved from /home/airflow/.local/lib/python3.12/site-packages/airflow/example_dags/example_skip_dag.py
[2026-01-29T03:27:58.562+0000] {logging_mixin.py:188} INFO - [2026-01-29T03:27:58.562+0000] {dag.py:3089} INFO - Sync 1 DAGs
[2026-01-29T03:27:58.586+0000] {logging_mixin.py:188} INFO - [2026-01-29T03:27:58.585+0000] {dag.py:3947} INFO - Setting next_dagrun for example_skip_dag to 2026-01-28 00:00:00+00:00, run_after=2026-01-29 00:00:00+00:00
[2026-01-29T03:27:58.606+0000] {processor.py:183} INFO - Processing /home/airflow/.local/lib/python3.12/site-packages/airflow/example_dags/example_skip_dag.py took 0.082 seconds
[2026-01-29T03:28:29.237+0000] {processor.py:161} INFO - Started process (PID=87642) to work on /home/airflow/.local/lib/python3.12/site-packages/airflow/example_dags/example_skip_dag.py
[2026-01-29T03:28:29.238+0000] {processor.py:830} INFO - Processing file /home/airflow/.local/lib/python3.12/site-packages/airflow/example_dags/example_skip_dag.py for tasks to queue
[2026-01-29T03:28:29.240+0000] {logging_mixin.py:188} INFO - [2026-01-29T03:28:29.240+0000] {dagbag.py:545} INFO - Filling up the DagBag from /home/airflow/.local/lib/python3.12/site-packages/airflow/example_dags/example_skip_dag.py
[2026-01-29T03:28:29.248+0000] {processor.py:840} INFO - DAG(s) 'example_skip_dag' retrieved from /home/airflow/.local/lib/python3.12/site-packages/airflow/example_dags/example_skip_dag.py
[2026-01-29T03:28:29.269+0000] {logging_mixin.py:188} INFO - [2026-01-29T03:28:29.269+0000] {dag.py:3089} INFO - Sync 1 DAGs
[2026-01-29T03:28:29.293+0000] {logging_mixin.py:188} INFO - [2026-01-29T03:28:29.292+0000] {dag.py:3947} INFO - Setting next_dagrun for example_skip_dag to 2026-01-28 00:00:00+00:00, run_after=2026-01-29 00:00:00+00:00
[2026-01-29T03:28:29.313+0000] {processor.py:183} INFO - Processing /home/airflow/.local/lib/python3.12/site-packages/airflow/example_dags/example_skip_dag.py took 0.082 seconds
[2026-01-29T03:28:59.766+0000] {processor.py:161} INFO - Started process (PID=87701) to work on /home/airflow/.local/lib/python3.12/site-packages/airflow/example_dags/example_skip_dag.py
[2026-01-29T03:28:59.767+0000] {processor.py:830} INFO - Processing file /home/airflow/.local/lib/python3.12/site-packages/airflow/example_dags/example_skip_dag.py for tasks to queue
[2026-01-29T03:28:59.769+0000] {logging_mixin.py:188} INFO - [2026-01-29T03:28:59.769+0000] {dagbag.py:545} INFO - Filling up the DagBag from /home/airflow/.local/lib/python3.12/site-packages/airflow/example_dags/example_skip_dag.py
[2026-01-29T03:28:59.776+0000] {processor.py:840} INFO - DAG(s) 'example_skip_dag' retrieved from /home/airflow/.local/lib/python3.12/site-packages/airflow/example_dags/example_skip_dag.py
[2026-01-29T03:28:59.799+0000] {logging_mixin.py:188} INFO - [2026-01-29T03:28:59.799+0000] {dag.py:3089} INFO - Sync 1 DAGs
[2026-01-29T03:28:59.823+0000] {logging_mixin.py:188} INFO - [2026-01-29T03:28:59.823+0000] {dag.py:3947} INFO - Setting next_dagrun for example_skip_dag to 2026-01-28 00:00:00+00:00, run_after=2026-01-29 00:00:00+00:00
[2026-01-29T03:28:59.844+0000] {processor.py:183} INFO - Processing /home/airflow/.local/lib/python3.12/site-packages/airflow/example_dags/example_skip_dag.py took 0.086 seconds
[2026-01-29T03:29:30.403+0000] {processor.py:161} INFO - Started process (PID=87765) to work on /home/airflow/.local/lib/python3.12/site-packages/airflow/example_dags/example_skip_dag.py
[2026-01-29T03:29:30.404+0000] {processor.py:830} INFO - Processing file /home/airflow/.local/lib/python3.12/site-packages/airflow/example_dags/example_skip_dag.py for tasks to queue
[2026-01-29T03:29:30.405+0000] {logging_mixin.py:188} INFO - [2026-01-29T03:29:30.405+0000] {dagbag.py:545} INFO - Filling up the DagBag from /home/airflow/.local/lib/python3.12/site-packages/airflow/example_dags/example_skip_dag.py
[2026-01-29T03:29:30.412+0000] {processor.py:840} INFO - DAG(s) 'example_skip_dag' retrieved from /home/airflow/.local/lib/python3.12/site-packages/airflow/example_dags/example_skip_dag.py
[2026-01-29T03:29:30.434+0000] {logging_mixin.py:188} INFO - [2026-01-29T03:29:30.434+0000] {dag.py:3089} INFO - Sync 1 DAGs
[2026-01-29T03:29:30.459+0000] {logging_mixin.py:188} INFO - [2026-01-29T03:29:30.459+0000] {dag.py:3947} INFO - Setting next_dagrun for example_skip_dag to 2026-01-28 00:00:00+00:00, run_after=2026-01-29 00:00:00+00:00
[2026-01-29T03:29:30.479+0000] {processor.py:183} INFO - Processing /home/airflow/.local/lib/python3.12/site-packages/airflow/example_dags/example_skip_dag.py took 0.083 seconds
[2026-01-29T03:30:00.898+0000] {processor.py:161} INFO - Started process (PID=87829) to work on /home/airflow/.local/lib/python3.12/site-packages/airflow/example_dags/example_skip_dag.py
[2026-01-29T03:30:00.899+0000] {processor.py:830} INFO - Processing file /home/airflow/.local/lib/python3.12/site-packages/airflow/example_dags/example_skip_dag.py for tasks to queue
[2026-01-29T03:30:00.902+0000] {logging_mixin.py:188} INFO - [2026-01-29T03:30:00.902+0000] {dagbag.py:545} INFO - Filling up the DagBag from /home/airflow/.local/lib/python3.12/site-packages/airflow/example_dags/example_skip_dag.py
[2026-01-29T03:30:00.913+0000] {processor.py:840} INFO - DAG(s) 'example_skip_dag' retrieved from /home/airflow/.local/lib/python3.12/site-packages/airflow/example_dags/example_skip_dag.py
[2026-01-29T03:30:00.948+0000] {logging_mixin.py:188} INFO - [2026-01-29T03:30:00.948+0000] {dag.py:3089} INFO - Sync 1 DAGs
[2026-01-29T03:30:00.988+0000] {logging_mixin.py:188} INFO - [2026-01-29T03:30:00.987+0000] {dag.py:3947} INFO - Setting next_dagrun for example_skip_dag to 2026-01-28 00:00:00+00:00, run_after=2026-01-29 00:00:00+00:00
[2026-01-29T03:30:01.018+0000] {processor.py:183} INFO - Processing /home/airflow/.local/lib/python3.12/site-packages/airflow/example_dags/example_skip_dag.py took 0.130 seconds
[2026-01-29T03:30:31.254+0000] {processor.py:161} INFO - Started process (PID=87888) to work on /home/airflow/.local/lib/python3.12/site-packages/airflow/example_dags/example_skip_dag.py
[2026-01-29T03:30:31.255+0000] {processor.py:830} INFO - Processing file /home/airflow/.local/lib/python3.12/site-packages/airflow/example_dags/example_skip_dag.py for tasks to queue
[2026-01-29T03:30:31.257+0000] {logging_mixin.py:188} INFO - [2026-01-29T03:30:31.256+0000] {dagbag.py:545} INFO - Filling up the DagBag from /home/airflow/.local/lib/python3.12/site-packages/airflow/example_dags/example_skip_dag.py
[2026-01-29T03:30:31.264+0000] {processor.py:840} INFO - DAG(s) 'example_skip_dag' retrieved from /home/airflow/.local/lib/python3.12/site-packages/airflow/example_dags/example_skip_dag.py
[2026-01-29T03:30:31.286+0000] {logging_mixin.py:188} INFO - [2026-01-29T03:30:31.285+0000] {dag.py:3089} INFO - Sync 1 DAGs
[2026-01-29T03:30:31.308+0000] {logging_mixin.py:188} INFO - [2026-01-29T03:30:31.308+0000] {dag.py:3947} INFO - Setting next_dagrun for example_skip_dag to 2026-01-28 00:00:00+00:00, run_after=2026-01-29 00:00:00+00:00
[2026-01-29T03:30:31.329+0000] {processor.py:183} INFO - Processing /home/airflow/.local/lib/python3.12/site-packages/airflow/example_dags/example_skip_dag.py took 0.082 seconds
[2026-01-29T03:31:01.459+0000] {processor.py:161} INFO - Started process (PID=87952) to work on /home/airflow/.local/lib/python3.12/site-packages/airflow/example_dags/example_skip_dag.py
[2026-01-29T03:31:01.460+0000] {processor.py:830} INFO - Processing file /home/airflow/.local/lib/python3.12/site-packages/airflow/example_dags/example_skip_dag.py for tasks to queue
[2026-01-29T03:31:01.463+0000] {logging_mixin.py:188} INFO - [2026-01-29T03:31:01.462+0000] {dagbag.py:545} INFO - Filling up the DagBag from /home/airflow/.local/lib/python3.12/site-packages/airflow/example_dags/example_skip_dag.py
[2026-01-29T03:31:01.473+0000] {processor.py:840} INFO - DAG(s) 'example_skip_dag' retrieved from /home/airflow/.local/lib/python3.12/site-packages/airflow/example_dags/example_skip_dag.py
[2026-01-29T03:31:01.505+0000] {logging_mixin.py:188} INFO - [2026-01-29T03:31:01.505+0000] {dag.py:3089} INFO - Sync 1 DAGs
[2026-01-29T03:31:01.541+0000] {logging_mixin.py:188} INFO - [2026-01-29T03:31:01.541+0000] {dag.py:3947} INFO - Setting next_dagrun for example_skip_dag to 2026-01-28 00:00:00+00:00, run_after=2026-01-29 00:00:00+00:00
[2026-01-29T03:31:01.579+0000] {processor.py:183} INFO - Processing /home/airflow/.local/lib/python3.12/site-packages/airflow/example_dags/example_skip_dag.py took 0.130 seconds
[2026-01-29T03:31:31.678+0000] {processor.py:161} INFO - Started process (PID=88011) to work on /home/airflow/.local/lib/python3.12/site-packages/airflow/example_dags/example_skip_dag.py
[2026-01-29T03:31:31.679+0000] {processor.py:830} INFO - Processing file /home/airflow/.local/lib/python3.12/site-packages/airflow/example_dags/example_skip_dag.py for tasks to queue
[2026-01-29T03:31:31.681+0000] {logging_mixin.py:188} INFO - [2026-01-29T03:31:31.681+0000] {dagbag.py:545} INFO - Filling up the DagBag from /home/airflow/.local/lib/python3.12/site-packages/airflow/example_dags/example_skip_dag.py
[2026-01-29T03:31:31.689+0000] {processor.py:840} INFO - DAG(s) 'example_skip_dag' retrieved from /home/airflow/.local/lib/python3.12/site-packages/airflow/example_dags/example_skip_dag.py
[2026-01-29T03:31:31.712+0000] {logging_mixin.py:188} INFO - [2026-01-29T03:31:31.711+0000] {dag.py:3089} INFO - Sync 1 DAGs
[2026-01-29T03:31:31.736+0000] {logging_mixin.py:188} INFO - [2026-01-29T03:31:31.736+0000] {dag.py:3947} INFO - Setting next_dagrun for example_skip_dag to 2026-01-28 00:00:00+00:00, run_after=2026-01-29 00:00:00+00:00
[2026-01-29T03:31:31.756+0000] {processor.py:183} INFO - Processing /home/airflow/.local/lib/python3.12/site-packages/airflow/example_dags/example_skip_dag.py took 0.085 seconds
[2026-01-29T03:32:01.850+0000] {processor.py:161} INFO - Started process (PID=88075) to work on /home/airflow/.local/lib/python3.12/site-packages/airflow/example_dags/example_skip_dag.py
[2026-01-29T03:32:01.852+0000] {processor.py:830} INFO - Processing file /home/airflow/.local/lib/python3.12/site-packages/airflow/example_dags/example_skip_dag.py for tasks to queue
[2026-01-29T03:32:01.854+0000] {logging_mixin.py:188} INFO - [2026-01-29T03:32:01.854+0000] {dagbag.py:545} INFO - Filling up the DagBag from /home/airflow/.local/lib/python3.12/site-packages/airflow/example_dags/example_skip_dag.py
[2026-01-29T03:32:01.862+0000] {processor.py:840} INFO - DAG(s) 'example_skip_dag' retrieved from /home/airflow/.local/lib/python3.12/site-packages/airflow/example_dags/example_skip_dag.py
[2026-01-29T03:32:01.887+0000] {logging_mixin.py:188} INFO - [2026-01-29T03:32:01.887+0000] {dag.py:3089} INFO - Sync 1 DAGs
[2026-01-29T03:32:01.921+0000] {logging_mixin.py:188} INFO - [2026-01-29T03:32:01.921+0000] {dag.py:3947} INFO - Setting next_dagrun for example_skip_dag to 2026-01-28 00:00:00+00:00, run_after=2026-01-29 00:00:00+00:00
[2026-01-29T03:32:01.947+0000] {processor.py:183} INFO - Processing /home/airflow/.local/lib/python3.12/site-packages/airflow/example_dags/example_skip_dag.py took 0.105 seconds
[2026-01-29T03:32:32.094+0000] {processor.py:161} INFO - Started process (PID=88134) to work on /home/airflow/.local/lib/python3.12/site-packages/airflow/example_dags/example_skip_dag.py
[2026-01-29T03:32:32.095+0000] {processor.py:830} INFO - Processing file /home/airflow/.local/lib/python3.12/site-packages/airflow/example_dags/example_skip_dag.py for tasks to queue
[2026-01-29T03:32:32.097+0000] {logging_mixin.py:188} INFO - [2026-01-29T03:32:32.097+0000] {dagbag.py:545} INFO - Filling up the DagBag from /home/airflow/.local/lib/python3.12/site-packages/airflow/example_dags/example_skip_dag.py
[2026-01-29T03:32:32.104+0000] {processor.py:840} INFO - DAG(s) 'example_skip_dag' retrieved from /home/airflow/.local/lib/python3.12/site-packages/airflow/example_dags/example_skip_dag.py
[2026-01-29T03:32:32.132+0000] {logging_mixin.py:188} INFO - [2026-01-29T03:32:32.131+0000] {dag.py:3089} INFO - Sync 1 DAGs
[2026-01-29T03:32:32.158+0000] {logging_mixin.py:188} INFO - [2026-01-29T03:32:32.157+0000] {dag.py:3947} INFO - Setting next_dagrun for example_skip_dag to 2026-01-28 00:00:00+00:00, run_after=2026-01-29 00:00:00+00:00
[2026-01-29T03:32:32.177+0000] {processor.py:183} INFO - Processing /home/airflow/.local/lib/python3.12/site-packages/airflow/example_dags/example_skip_dag.py took 0.090 seconds
[2026-01-29T03:33:02.524+0000] {processor.py:161} INFO - Started process (PID=88198) to work on /home/airflow/.local/lib/python3.12/site-packages/airflow/example_dags/example_skip_dag.py
[2026-01-29T03:33:02.525+0000] {processor.py:830} INFO - Processing file /home/airflow/.local/lib/python3.12/site-packages/airflow/example_dags/example_skip_dag.py for tasks to queue
[2026-01-29T03:33:02.527+0000] {logging_mixin.py:188} INFO - [2026-01-29T03:33:02.526+0000] {dagbag.py:545} INFO - Filling up the DagBag from /home/airflow/.local/lib/python3.12/site-packages/airflow/example_dags/example_skip_dag.py
[2026-01-29T03:33:02.533+0000] {processor.py:840} INFO - DAG(s) 'example_skip_dag' retrieved from /home/airflow/.local/lib/python3.12/site-packages/airflow/example_dags/example_skip_dag.py
[2026-01-29T03:33:02.554+0000] {logging_mixin.py:188} INFO - [2026-01-29T03:33:02.554+0000] {dag.py:3089} INFO - Sync 1 DAGs
[2026-01-29T03:33:02.576+0000] {logging_mixin.py:188} INFO - [2026-01-29T03:33:02.576+0000] {dag.py:3947} INFO - Setting next_dagrun for example_skip_dag to 2026-01-28 00:00:00+00:00, run_after=2026-01-29 00:00:00+00:00
[2026-01-29T03:33:02.728+0000] {processor.py:183} INFO - Processing /home/airflow/.local/lib/python3.12/site-packages/airflow/example_dags/example_skip_dag.py took 0.210 seconds
[2026-01-29T03:33:32.877+0000] {processor.py:161} INFO - Started process (PID=88257) to work on /home/airflow/.local/lib/python3.12/site-packages/airflow/example_dags/example_skip_dag.py
[2026-01-29T03:33:32.878+0000] {processor.py:830} INFO - Processing file /home/airflow/.local/lib/python3.12/site-packages/airflow/example_dags/example_skip_dag.py for tasks to queue
[2026-01-29T03:33:32.881+0000] {logging_mixin.py:188} INFO - [2026-01-29T03:33:32.880+0000] {dagbag.py:545} INFO - Filling up the DagBag from /home/airflow/.local/lib/python3.12/site-packages/airflow/example_dags/example_skip_dag.py
[2026-01-29T03:33:32.888+0000] {processor.py:840} INFO - DAG(s) 'example_skip_dag' retrieved from /home/airflow/.local/lib/python3.12/site-packages/airflow/example_dags/example_skip_dag.py
[2026-01-29T03:33:32.910+0000] {logging_mixin.py:188} INFO - [2026-01-29T03:33:32.909+0000] {dag.py:3089} INFO - Sync 1 DAGs
[2026-01-29T03:33:32.933+0000] {logging_mixin.py:188} INFO - [2026-01-29T03:33:32.933+0000] {dag.py:3947} INFO - Setting next_dagrun for example_skip_dag to 2026-01-28 00:00:00+00:00, run_after=2026-01-29 00:00:00+00:00
[2026-01-29T03:33:32.953+0000] {processor.py:183} INFO - Processing /home/airflow/.local/lib/python3.12/site-packages/airflow/example_dags/example_skip_dag.py took 0.083 seconds
[2026-01-29T03:34:03.359+0000] {processor.py:161} INFO - Started process (PID=88321) to work on /home/airflow/.local/lib/python3.12/site-packages/airflow/example_dags/example_skip_dag.py
[2026-01-29T03:34:03.360+0000] {processor.py:830} INFO - Processing file /home/airflow/.local/lib/python3.12/site-packages/airflow/example_dags/example_skip_dag.py for tasks to queue
[2026-01-29T03:34:03.362+0000] {logging_mixin.py:188} INFO - [2026-01-29T03:34:03.361+0000] {dagbag.py:545} INFO - Filling up the DagBag from /home/airflow/.local/lib/python3.12/site-packages/airflow/example_dags/example_skip_dag.py
[2026-01-29T03:34:03.368+0000] {processor.py:840} INFO - DAG(s) 'example_skip_dag' retrieved from /home/airflow/.local/lib/python3.12/site-packages/airflow/example_dags/example_skip_dag.py
[2026-01-29T03:34:03.390+0000] {logging_mixin.py:188} INFO - [2026-01-29T03:34:03.390+0000] {dag.py:3089} INFO - Sync 1 DAGs
[2026-01-29T03:34:03.413+0000] {logging_mixin.py:188} INFO - [2026-01-29T03:34:03.413+0000] {dag.py:3947} INFO - Setting next_dagrun for example_skip_dag to 2026-01-28 00:00:00+00:00, run_after=2026-01-29 00:00:00+00:00
[2026-01-29T03:34:03.436+0000] {processor.py:183} INFO - Processing /home/airflow/.local/lib/python3.12/site-packages/airflow/example_dags/example_skip_dag.py took 0.083 seconds
[2026-01-29T03:34:33.920+0000] {processor.py:161} INFO - Started process (PID=88380) to work on /home/airflow/.local/lib/python3.12/site-packages/airflow/example_dags/example_skip_dag.py
[2026-01-29T03:34:33.921+0000] {processor.py:830} INFO - Processing file /home/airflow/.local/lib/python3.12/site-packages/airflow/example_dags/example_skip_dag.py for tasks to queue
[2026-01-29T03:34:33.922+0000] {logging_mixin.py:188} INFO - [2026-01-29T03:34:33.922+0000] {dagbag.py:545} INFO - Filling up the DagBag from /home/airflow/.local/lib/python3.12/site-packages/airflow/example_dags/example_skip_dag.py
[2026-01-29T03:34:33.929+0000] {processor.py:840} INFO - DAG(s) 'example_skip_dag' retrieved from /home/airflow/.local/lib/python3.12/site-packages/airflow/example_dags/example_skip_dag.py
[2026-01-29T03:34:34.081+0000] {logging_mixin.py:188} INFO - [2026-01-29T03:34:34.081+0000] {dag.py:3089} INFO - Sync 1 DAGs
[2026-01-29T03:34:34.103+0000] {logging_mixin.py:188} INFO - [2026-01-29T03:34:34.102+0000] {dag.py:3947} INFO - Setting next_dagrun for example_skip_dag to 2026-01-28 00:00:00+00:00, run_after=2026-01-29 00:00:00+00:00
[2026-01-29T03:34:34.122+0000] {processor.py:183} INFO - Processing /home/airflow/.local/lib/python3.12/site-packages/airflow/example_dags/example_skip_dag.py took 0.210 seconds
[2026-01-29T03:35:04.323+0000] {processor.py:161} INFO - Started process (PID=88444) to work on /home/airflow/.local/lib/python3.12/site-packages/airflow/example_dags/example_skip_dag.py
[2026-01-29T03:35:04.324+0000] {processor.py:830} INFO - Processing file /home/airflow/.local/lib/python3.12/site-packages/airflow/example_dags/example_skip_dag.py for tasks to queue
[2026-01-29T03:35:04.326+0000] {logging_mixin.py:188} INFO - [2026-01-29T03:35:04.326+0000] {dagbag.py:545} INFO - Filling up the DagBag from /home/airflow/.local/lib/python3.12/site-packages/airflow/example_dags/example_skip_dag.py
[2026-01-29T03:35:04.333+0000] {processor.py:840} INFO - DAG(s) 'example_skip_dag' retrieved from /home/airflow/.local/lib/python3.12/site-packages/airflow/example_dags/example_skip_dag.py
[2026-01-29T03:35:04.364+0000] {logging_mixin.py:188} INFO - [2026-01-29T03:35:04.364+0000] {dag.py:3089} INFO - Sync 1 DAGs
[2026-01-29T03:35:04.535+0000] {logging_mixin.py:188} INFO - [2026-01-29T03:35:04.535+0000] {dag.py:3947} INFO - Setting next_dagrun for example_skip_dag to 2026-01-28 00:00:00+00:00, run_after=2026-01-29 00:00:00+00:00
[2026-01-29T03:35:04.553+0000] {processor.py:183} INFO - Processing /home/airflow/.local/lib/python3.12/site-packages/airflow/example_dags/example_skip_dag.py took 0.236 seconds
[2026-01-29T03:35:34.882+0000] {processor.py:161} INFO - Started process (PID=88503) to work on /home/airflow/.local/lib/python3.12/site-packages/airflow/example_dags/example_skip_dag.py
[2026-01-29T03:35:34.883+0000] {processor.py:830} INFO - Processing file /home/airflow/.local/lib/python3.12/site-packages/airflow/example_dags/example_skip_dag.py for tasks to queue
[2026-01-29T03:35:34.885+0000] {logging_mixin.py:188} INFO - [2026-01-29T03:35:34.885+0000] {dagbag.py:545} INFO - Filling up the DagBag from /home/airflow/.local/lib/python3.12/site-packages/airflow/example_dags/example_skip_dag.py
[2026-01-29T03:35:34.892+0000] {processor.py:840} INFO - DAG(s) 'example_skip_dag' retrieved from /home/airflow/.local/lib/python3.12/site-packages/airflow/example_dags/example_skip_dag.py
[2026-01-29T03:35:34.914+0000] {logging_mixin.py:188} INFO - [2026-01-29T03:35:34.914+0000] {dag.py:3089} INFO - Sync 1 DAGs
[2026-01-29T03:35:34.938+0000] {logging_mixin.py:188} INFO - [2026-01-29T03:35:34.937+0000] {dag.py:3947} INFO - Setting next_dagrun for example_skip_dag to 2026-01-28 00:00:00+00:00, run_after=2026-01-29 00:00:00+00:00
[2026-01-29T03:35:34.958+0000] {processor.py:183} INFO - Processing /home/airflow/.local/lib/python3.12/site-packages/airflow/example_dags/example_skip_dag.py took 0.082 seconds
[2026-01-29T03:36:05.112+0000] {processor.py:161} INFO - Started process (PID=88567) to work on /home/airflow/.local/lib/python3.12/site-packages/airflow/example_dags/example_skip_dag.py
[2026-01-29T03:36:05.113+0000] {processor.py:830} INFO - Processing file /home/airflow/.local/lib/python3.12/site-packages/airflow/example_dags/example_skip_dag.py for tasks to queue
[2026-01-29T03:36:05.115+0000] {logging_mixin.py:188} INFO - [2026-01-29T03:36:05.115+0000] {dagbag.py:545} INFO - Filling up the DagBag from /home/airflow/.local/lib/python3.12/site-packages/airflow/example_dags/example_skip_dag.py
[2026-01-29T03:36:05.121+0000] {processor.py:840} INFO - DAG(s) 'example_skip_dag' retrieved from /home/airflow/.local/lib/python3.12/site-packages/airflow/example_dags/example_skip_dag.py
[2026-01-29T03:36:05.142+0000] {logging_mixin.py:188} INFO - [2026-01-29T03:36:05.142+0000] {dag.py:3089} INFO - Sync 1 DAGs
[2026-01-29T03:36:05.165+0000] {logging_mixin.py:188} INFO - [2026-01-29T03:36:05.165+0000] {dag.py:3947} INFO - Setting next_dagrun for example_skip_dag to 2026-01-28 00:00:00+00:00, run_after=2026-01-29 00:00:00+00:00
[2026-01-29T03:36:05.188+0000] {processor.py:183} INFO - Processing /home/airflow/.local/lib/python3.12/site-packages/airflow/example_dags/example_skip_dag.py took 0.082 seconds
[2026-01-29T03:36:35.235+0000] {processor.py:161} INFO - Started process (PID=88626) to work on /home/airflow/.local/lib/python3.12/site-packages/airflow/example_dags/example_skip_dag.py
[2026-01-29T03:36:35.236+0000] {processor.py:830} INFO - Processing file /home/airflow/.local/lib/python3.12/site-packages/airflow/example_dags/example_skip_dag.py for tasks to queue
[2026-01-29T03:36:35.238+0000] {logging_mixin.py:188} INFO - [2026-01-29T03:36:35.238+0000] {dagbag.py:545} INFO - Filling up the DagBag from /home/airflow/.local/lib/python3.12/site-packages/airflow/example_dags/example_skip_dag.py
[2026-01-29T03:36:35.245+0000] {processor.py:840} INFO - DAG(s) 'example_skip_dag' retrieved from /home/airflow/.local/lib/python3.12/site-packages/airflow/example_dags/example_skip_dag.py
[2026-01-29T03:36:35.266+0000] {logging_mixin.py:188} INFO - [2026-01-29T03:36:35.266+0000] {dag.py:3089} INFO - Sync 1 DAGs
[2026-01-29T03:36:35.290+0000] {logging_mixin.py:188} INFO - [2026-01-29T03:36:35.290+0000] {dag.py:3947} INFO - Setting next_dagrun for example_skip_dag to 2026-01-28 00:00:00+00:00, run_after=2026-01-29 00:00:00+00:00
[2026-01-29T03:36:35.311+0000] {processor.py:183} INFO - Processing /home/airflow/.local/lib/python3.12/site-packages/airflow/example_dags/example_skip_dag.py took 0.083 seconds
[2026-01-29T03:37:05.426+0000] {processor.py:161} INFO - Started process (PID=88690) to work on /home/airflow/.local/lib/python3.12/site-packages/airflow/example_dags/example_skip_dag.py
[2026-01-29T03:37:05.427+0000] {processor.py:830} INFO - Processing file /home/airflow/.local/lib/python3.12/site-packages/airflow/example_dags/example_skip_dag.py for tasks to queue
[2026-01-29T03:37:05.429+0000] {logging_mixin.py:188} INFO - [2026-01-29T03:37:05.428+0000] {dagbag.py:545} INFO - Filling up the DagBag from /home/airflow/.local/lib/python3.12/site-packages/airflow/example_dags/example_skip_dag.py
[2026-01-29T03:37:05.435+0000] {processor.py:840} INFO - DAG(s) 'example_skip_dag' retrieved from /home/airflow/.local/lib/python3.12/site-packages/airflow/example_dags/example_skip_dag.py
[2026-01-29T03:37:05.463+0000] {logging_mixin.py:188} INFO - [2026-01-29T03:37:05.463+0000] {dag.py:3089} INFO - Sync 1 DAGs
[2026-01-29T03:37:05.488+0000] {logging_mixin.py:188} INFO - [2026-01-29T03:37:05.487+0000] {dag.py:3947} INFO - Setting next_dagrun for example_skip_dag to 2026-01-28 00:00:00+00:00, run_after=2026-01-29 00:00:00+00:00
[2026-01-29T03:37:05.508+0000] {processor.py:183} INFO - Processing /home/airflow/.local/lib/python3.12/site-packages/airflow/example_dags/example_skip_dag.py took 0.088 seconds
[2026-01-29T03:37:35.783+0000] {processor.py:161} INFO - Started process (PID=88749) to work on /home/airflow/.local/lib/python3.12/site-packages/airflow/example_dags/example_skip_dag.py
[2026-01-29T03:37:35.783+0000] {processor.py:830} INFO - Processing file /home/airflow/.local/lib/python3.12/site-packages/airflow/example_dags/example_skip_dag.py for tasks to queue
[2026-01-29T03:37:35.785+0000] {logging_mixin.py:188} INFO - [2026-01-29T03:37:35.785+0000] {dagbag.py:545} INFO - Filling up the DagBag from /home/airflow/.local/lib/python3.12/site-packages/airflow/example_dags/example_skip_dag.py
[2026-01-29T03:37:35.794+0000] {processor.py:840} INFO - DAG(s) 'example_skip_dag' retrieved from /home/airflow/.local/lib/python3.12/site-packages/airflow/example_dags/example_skip_dag.py
[2026-01-29T03:37:35.823+0000] {logging_mixin.py:188} INFO - [2026-01-29T03:37:35.823+0000] {dag.py:3089} INFO - Sync 1 DAGs
[2026-01-29T03:37:35.846+0000] {logging_mixin.py:188} INFO - [2026-01-29T03:37:35.846+0000] {dag.py:3947} INFO - Setting next_dagrun for example_skip_dag to 2026-01-28 00:00:00+00:00, run_after=2026-01-29 00:00:00+00:00
[2026-01-29T03:37:35.865+0000] {processor.py:183} INFO - Processing /home/airflow/.local/lib/python3.12/site-packages/airflow/example_dags/example_skip_dag.py took 0.090 seconds
[2026-01-29T03:38:06.601+0000] {processor.py:161} INFO - Started process (PID=88811) to work on /home/airflow/.local/lib/python3.12/site-packages/airflow/example_dags/example_skip_dag.py
[2026-01-29T03:38:06.602+0000] {processor.py:830} INFO - Processing file /home/airflow/.local/lib/python3.12/site-packages/airflow/example_dags/example_skip_dag.py for tasks to queue
[2026-01-29T03:38:06.605+0000] {logging_mixin.py:188} INFO - [2026-01-29T03:38:06.604+0000] {dagbag.py:545} INFO - Filling up the DagBag from /home/airflow/.local/lib/python3.12/site-packages/airflow/example_dags/example_skip_dag.py
[2026-01-29T03:38:06.612+0000] {processor.py:840} INFO - DAG(s) 'example_skip_dag' retrieved from /home/airflow/.local/lib/python3.12/site-packages/airflow/example_dags/example_skip_dag.py
[2026-01-29T03:38:06.637+0000] {logging_mixin.py:188} INFO - [2026-01-29T03:38:06.637+0000] {dag.py:3089} INFO - Sync 1 DAGs
[2026-01-29T03:38:06.662+0000] {logging_mixin.py:188} INFO - [2026-01-29T03:38:06.662+0000] {dag.py:3947} INFO - Setting next_dagrun for example_skip_dag to 2026-01-28 00:00:00+00:00, run_after=2026-01-29 00:00:00+00:00
[2026-01-29T03:38:06.682+0000] {processor.py:183} INFO - Processing /home/airflow/.local/lib/python3.12/site-packages/airflow/example_dags/example_skip_dag.py took 0.087 seconds
[2026-01-29T03:38:36.758+0000] {processor.py:161} INFO - Started process (PID=88870) to work on /home/airflow/.local/lib/python3.12/site-packages/airflow/example_dags/example_skip_dag.py
[2026-01-29T03:38:36.759+0000] {processor.py:830} INFO - Processing file /home/airflow/.local/lib/python3.12/site-packages/airflow/example_dags/example_skip_dag.py for tasks to queue
[2026-01-29T03:38:36.761+0000] {logging_mixin.py:188} INFO - [2026-01-29T03:38:36.761+0000] {dagbag.py:545} INFO - Filling up the DagBag from /home/airflow/.local/lib/python3.12/site-packages/airflow/example_dags/example_skip_dag.py
[2026-01-29T03:38:36.768+0000] {processor.py:840} INFO - DAG(s) 'example_skip_dag' retrieved from /home/airflow/.local/lib/python3.12/site-packages/airflow/example_dags/example_skip_dag.py
[2026-01-29T03:38:36.792+0000] {logging_mixin.py:188} INFO - [2026-01-29T03:38:36.792+0000] {dag.py:3089} INFO - Sync 1 DAGs
[2026-01-29T03:38:36.817+0000] {logging_mixin.py:188} INFO - [2026-01-29T03:38:36.817+0000] {dag.py:3947} INFO - Setting next_dagrun for example_skip_dag to 2026-01-28 00:00:00+00:00, run_after=2026-01-29 00:00:00+00:00
[2026-01-29T03:38:36.838+0000] {processor.py:183} INFO - Processing /home/airflow/.local/lib/python3.12/site-packages/airflow/example_dags/example_skip_dag.py took 0.088 seconds
[2026-01-29T03:39:07.013+0000] {processor.py:161} INFO - Started process (PID=88934) to work on /home/airflow/.local/lib/python3.12/site-packages/airflow/example_dags/example_skip_dag.py
[2026-01-29T03:39:07.014+0000] {processor.py:830} INFO - Processing file /home/airflow/.local/lib/python3.12/site-packages/airflow/example_dags/example_skip_dag.py for tasks to queue
[2026-01-29T03:39:07.016+0000] {logging_mixin.py:188} INFO - [2026-01-29T03:39:07.016+0000] {dagbag.py:545} INFO - Filling up the DagBag from /home/airflow/.local/lib/python3.12/site-packages/airflow/example_dags/example_skip_dag.py
[2026-01-29T03:39:07.024+0000] {processor.py:840} INFO - DAG(s) 'example_skip_dag' retrieved from /home/airflow/.local/lib/python3.12/site-packages/airflow/example_dags/example_skip_dag.py
[2026-01-29T03:39:07.044+0000] {logging_mixin.py:188} INFO - [2026-01-29T03:39:07.044+0000] {dag.py:3089} INFO - Sync 1 DAGs
[2026-01-29T03:39:07.066+0000] {logging_mixin.py:188} INFO - [2026-01-29T03:39:07.065+0000] {dag.py:3947} INFO - Setting next_dagrun for example_skip_dag to 2026-01-28 00:00:00+00:00, run_after=2026-01-29 00:00:00+00:00
[2026-01-29T03:39:07.084+0000] {processor.py:183} INFO - Processing /home/airflow/.local/lib/python3.12/site-packages/airflow/example_dags/example_skip_dag.py took 0.078 seconds
[2026-01-29T03:39:37.205+0000] {processor.py:161} INFO - Started process (PID=88993) to work on /home/airflow/.local/lib/python3.12/site-packages/airflow/example_dags/example_skip_dag.py
[2026-01-29T03:39:37.206+0000] {processor.py:830} INFO - Processing file /home/airflow/.local/lib/python3.12/site-packages/airflow/example_dags/example_skip_dag.py for tasks to queue
[2026-01-29T03:39:37.207+0000] {logging_mixin.py:188} INFO - [2026-01-29T03:39:37.207+0000] {dagbag.py:545} INFO - Filling up the DagBag from /home/airflow/.local/lib/python3.12/site-packages/airflow/example_dags/example_skip_dag.py
[2026-01-29T03:39:37.213+0000] {processor.py:840} INFO - DAG(s) 'example_skip_dag' retrieved from /home/airflow/.local/lib/python3.12/site-packages/airflow/example_dags/example_skip_dag.py
[2026-01-29T03:39:37.235+0000] {logging_mixin.py:188} INFO - [2026-01-29T03:39:37.235+0000] {dag.py:3089} INFO - Sync 1 DAGs
[2026-01-29T03:39:37.259+0000] {logging_mixin.py:188} INFO - [2026-01-29T03:39:37.258+0000] {dag.py:3947} INFO - Setting next_dagrun for example_skip_dag to 2026-01-28 00:00:00+00:00, run_after=2026-01-29 00:00:00+00:00
[2026-01-29T03:39:37.279+0000] {processor.py:183} INFO - Processing /home/airflow/.local/lib/python3.12/site-packages/airflow/example_dags/example_skip_dag.py took 0.080 seconds
[2026-01-29T03:40:07.462+0000] {processor.py:161} INFO - Started process (PID=89057) to work on /home/airflow/.local/lib/python3.12/site-packages/airflow/example_dags/example_skip_dag.py
[2026-01-29T03:40:07.463+0000] {processor.py:830} INFO - Processing file /home/airflow/.local/lib/python3.12/site-packages/airflow/example_dags/example_skip_dag.py for tasks to queue
[2026-01-29T03:40:07.465+0000] {logging_mixin.py:188} INFO - [2026-01-29T03:40:07.465+0000] {dagbag.py:545} INFO - Filling up the DagBag from /home/airflow/.local/lib/python3.12/site-packages/airflow/example_dags/example_skip_dag.py
[2026-01-29T03:40:07.473+0000] {processor.py:840} INFO - DAG(s) 'example_skip_dag' retrieved from /home/airflow/.local/lib/python3.12/site-packages/airflow/example_dags/example_skip_dag.py
[2026-01-29T03:40:07.494+0000] {logging_mixin.py:188} INFO - [2026-01-29T03:40:07.494+0000] {dag.py:3089} INFO - Sync 1 DAGs
[2026-01-29T03:40:07.517+0000] {logging_mixin.py:188} INFO - [2026-01-29T03:40:07.517+0000] {dag.py:3947} INFO - Setting next_dagrun for example_skip_dag to 2026-01-28 00:00:00+00:00, run_after=2026-01-29 00:00:00+00:00
[2026-01-29T03:40:07.538+0000] {processor.py:183} INFO - Processing /home/airflow/.local/lib/python3.12/site-packages/airflow/example_dags/example_skip_dag.py took 0.082 seconds
[2026-01-29T03:40:37.617+0000] {processor.py:161} INFO - Started process (PID=89116) to work on /home/airflow/.local/lib/python3.12/site-packages/airflow/example_dags/example_skip_dag.py
[2026-01-29T03:40:37.618+0000] {processor.py:830} INFO - Processing file /home/airflow/.local/lib/python3.12/site-packages/airflow/example_dags/example_skip_dag.py for tasks to queue
[2026-01-29T03:40:37.620+0000] {logging_mixin.py:188} INFO - [2026-01-29T03:40:37.620+0000] {dagbag.py:545} INFO - Filling up the DagBag from /home/airflow/.local/lib/python3.12/site-packages/airflow/example_dags/example_skip_dag.py
[2026-01-29T03:40:37.627+0000] {processor.py:840} INFO - DAG(s) 'example_skip_dag' retrieved from /home/airflow/.local/lib/python3.12/site-packages/airflow/example_dags/example_skip_dag.py
[2026-01-29T03:40:37.652+0000] {logging_mixin.py:188} INFO - [2026-01-29T03:40:37.651+0000] {dag.py:3089} INFO - Sync 1 DAGs
[2026-01-29T03:40:37.676+0000] {logging_mixin.py:188} INFO - [2026-01-29T03:40:37.675+0000] {dag.py:3947} INFO - Setting next_dagrun for example_skip_dag to 2026-01-28 00:00:00+00:00, run_after=2026-01-29 00:00:00+00:00
[2026-01-29T03:40:37.695+0000] {processor.py:183} INFO - Processing /home/airflow/.local/lib/python3.12/site-packages/airflow/example_dags/example_skip_dag.py took 0.085 seconds
[2026-01-29T03:41:08.369+0000] {processor.py:161} INFO - Started process (PID=89180) to work on /home/airflow/.local/lib/python3.12/site-packages/airflow/example_dags/example_skip_dag.py
[2026-01-29T03:41:08.370+0000] {processor.py:830} INFO - Processing file /home/airflow/.local/lib/python3.12/site-packages/airflow/example_dags/example_skip_dag.py for tasks to queue
[2026-01-29T03:41:08.372+0000] {logging_mixin.py:188} INFO - [2026-01-29T03:41:08.371+0000] {dagbag.py:545} INFO - Filling up the DagBag from /home/airflow/.local/lib/python3.12/site-packages/airflow/example_dags/example_skip_dag.py
[2026-01-29T03:41:08.378+0000] {processor.py:840} INFO - DAG(s) 'example_skip_dag' retrieved from /home/airflow/.local/lib/python3.12/site-packages/airflow/example_dags/example_skip_dag.py
[2026-01-29T03:41:08.400+0000] {logging_mixin.py:188} INFO - [2026-01-29T03:41:08.400+0000] {dag.py:3089} INFO - Sync 1 DAGs
[2026-01-29T03:41:08.424+0000] {logging_mixin.py:188} INFO - [2026-01-29T03:41:08.424+0000] {dag.py:3947} INFO - Setting next_dagrun for example_skip_dag to 2026-01-28 00:00:00+00:00, run_after=2026-01-29 00:00:00+00:00
[2026-01-29T03:41:08.445+0000] {processor.py:183} INFO - Processing /home/airflow/.local/lib/python3.12/site-packages/airflow/example_dags/example_skip_dag.py took 0.082 seconds
[2026-01-29T03:41:39.134+0000] {processor.py:161} INFO - Started process (PID=89239) to work on /home/airflow/.local/lib/python3.12/site-packages/airflow/example_dags/example_skip_dag.py
[2026-01-29T03:41:39.135+0000] {processor.py:830} INFO - Processing file /home/airflow/.local/lib/python3.12/site-packages/airflow/example_dags/example_skip_dag.py for tasks to queue
[2026-01-29T03:41:39.137+0000] {logging_mixin.py:188} INFO - [2026-01-29T03:41:39.136+0000] {dagbag.py:545} INFO - Filling up the DagBag from /home/airflow/.local/lib/python3.12/site-packages/airflow/example_dags/example_skip_dag.py
[2026-01-29T03:41:39.143+0000] {processor.py:840} INFO - DAG(s) 'example_skip_dag' retrieved from /home/airflow/.local/lib/python3.12/site-packages/airflow/example_dags/example_skip_dag.py
[2026-01-29T03:41:39.166+0000] {logging_mixin.py:188} INFO - [2026-01-29T03:41:39.166+0000] {dag.py:3089} INFO - Sync 1 DAGs
[2026-01-29T03:41:39.190+0000] {logging_mixin.py:188} INFO - [2026-01-29T03:41:39.190+0000] {dag.py:3947} INFO - Setting next_dagrun for example_skip_dag to 2026-01-28 00:00:00+00:00, run_after=2026-01-29 00:00:00+00:00
[2026-01-29T03:41:39.213+0000] {processor.py:183} INFO - Processing /home/airflow/.local/lib/python3.12/site-packages/airflow/example_dags/example_skip_dag.py took 0.084 seconds
[2026-01-29T03:42:09.895+0000] {processor.py:161} INFO - Started process (PID=89303) to work on /home/airflow/.local/lib/python3.12/site-packages/airflow/example_dags/example_skip_dag.py
[2026-01-29T03:42:09.897+0000] {processor.py:830} INFO - Processing file /home/airflow/.local/lib/python3.12/site-packages/airflow/example_dags/example_skip_dag.py for tasks to queue
[2026-01-29T03:42:09.899+0000] {logging_mixin.py:188} INFO - [2026-01-29T03:42:09.898+0000] {dagbag.py:545} INFO - Filling up the DagBag from /home/airflow/.local/lib/python3.12/site-packages/airflow/example_dags/example_skip_dag.py
[2026-01-29T03:42:09.906+0000] {processor.py:840} INFO - DAG(s) 'example_skip_dag' retrieved from /home/airflow/.local/lib/python3.12/site-packages/airflow/example_dags/example_skip_dag.py
[2026-01-29T03:42:09.930+0000] {logging_mixin.py:188} INFO - [2026-01-29T03:42:09.930+0000] {dag.py:3089} INFO - Sync 1 DAGs
[2026-01-29T03:42:09.955+0000] {logging_mixin.py:188} INFO - [2026-01-29T03:42:09.955+0000] {dag.py:3947} INFO - Setting next_dagrun for example_skip_dag to 2026-01-28 00:00:00+00:00, run_after=2026-01-29 00:00:00+00:00
[2026-01-29T03:42:09.976+0000] {processor.py:183} INFO - Processing /home/airflow/.local/lib/python3.12/site-packages/airflow/example_dags/example_skip_dag.py took 0.087 seconds
[2026-01-29T03:42:40.624+0000] {processor.py:161} INFO - Started process (PID=89362) to work on /home/airflow/.local/lib/python3.12/site-packages/airflow/example_dags/example_skip_dag.py
[2026-01-29T03:42:40.624+0000] {processor.py:830} INFO - Processing file /home/airflow/.local/lib/python3.12/site-packages/airflow/example_dags/example_skip_dag.py for tasks to queue
[2026-01-29T03:42:40.626+0000] {logging_mixin.py:188} INFO - [2026-01-29T03:42:40.626+0000] {dagbag.py:545} INFO - Filling up the DagBag from /home/airflow/.local/lib/python3.12/site-packages/airflow/example_dags/example_skip_dag.py
[2026-01-29T03:42:40.632+0000] {processor.py:840} INFO - DAG(s) 'example_skip_dag' retrieved from /home/airflow/.local/lib/python3.12/site-packages/airflow/example_dags/example_skip_dag.py
[2026-01-29T03:42:40.653+0000] {logging_mixin.py:188} INFO - [2026-01-29T03:42:40.653+0000] {dag.py:3089} INFO - Sync 1 DAGs
[2026-01-29T03:42:40.675+0000] {logging_mixin.py:188} INFO - [2026-01-29T03:42:40.675+0000] {dag.py:3947} INFO - Setting next_dagrun for example_skip_dag to 2026-01-28 00:00:00+00:00, run_after=2026-01-29 00:00:00+00:00
[2026-01-29T03:42:40.694+0000] {processor.py:183} INFO - Processing /home/airflow/.local/lib/python3.12/site-packages/airflow/example_dags/example_skip_dag.py took 0.077 seconds
[2026-01-29T03:43:11.230+0000] {processor.py:161} INFO - Started process (PID=89426) to work on /home/airflow/.local/lib/python3.12/site-packages/airflow/example_dags/example_skip_dag.py
[2026-01-29T03:43:11.232+0000] {processor.py:830} INFO - Processing file /home/airflow/.local/lib/python3.12/site-packages/airflow/example_dags/example_skip_dag.py for tasks to queue
[2026-01-29T03:43:11.233+0000] {logging_mixin.py:188} INFO - [2026-01-29T03:43:11.233+0000] {dagbag.py:545} INFO - Filling up the DagBag from /home/airflow/.local/lib/python3.12/site-packages/airflow/example_dags/example_skip_dag.py
[2026-01-29T03:43:11.240+0000] {processor.py:840} INFO - DAG(s) 'example_skip_dag' retrieved from /home/airflow/.local/lib/python3.12/site-packages/airflow/example_dags/example_skip_dag.py
[2026-01-29T03:43:11.260+0000] {logging_mixin.py:188} INFO - [2026-01-29T03:43:11.259+0000] {dag.py:3089} INFO - Sync 1 DAGs
[2026-01-29T03:43:11.282+0000] {logging_mixin.py:188} INFO - [2026-01-29T03:43:11.281+0000] {dag.py:3947} INFO - Setting next_dagrun for example_skip_dag to 2026-01-28 00:00:00+00:00, run_after=2026-01-29 00:00:00+00:00
[2026-01-29T03:43:11.302+0000] {processor.py:183} INFO - Processing /home/airflow/.local/lib/python3.12/site-packages/airflow/example_dags/example_skip_dag.py took 0.077 seconds
[2026-01-29T03:43:41.897+0000] {processor.py:161} INFO - Started process (PID=89485) to work on /home/airflow/.local/lib/python3.12/site-packages/airflow/example_dags/example_skip_dag.py
[2026-01-29T03:43:41.898+0000] {processor.py:830} INFO - Processing file /home/airflow/.local/lib/python3.12/site-packages/airflow/example_dags/example_skip_dag.py for tasks to queue
[2026-01-29T03:43:41.900+0000] {logging_mixin.py:188} INFO - [2026-01-29T03:43:41.899+0000] {dagbag.py:545} INFO - Filling up the DagBag from /home/airflow/.local/lib/python3.12/site-packages/airflow/example_dags/example_skip_dag.py
[2026-01-29T03:43:41.907+0000] {processor.py:840} INFO - DAG(s) 'example_skip_dag' retrieved from /home/airflow/.local/lib/python3.12/site-packages/airflow/example_dags/example_skip_dag.py
[2026-01-29T03:43:41.931+0000] {logging_mixin.py:188} INFO - [2026-01-29T03:43:41.930+0000] {dag.py:3089} INFO - Sync 1 DAGs
[2026-01-29T03:43:41.956+0000] {logging_mixin.py:188} INFO - [2026-01-29T03:43:41.955+0000] {dag.py:3947} INFO - Setting next_dagrun for example_skip_dag to 2026-01-28 00:00:00+00:00, run_after=2026-01-29 00:00:00+00:00
[2026-01-29T03:43:41.977+0000] {processor.py:183} INFO - Processing /home/airflow/.local/lib/python3.12/site-packages/airflow/example_dags/example_skip_dag.py took 0.086 seconds
[2026-01-29T03:44:12.607+0000] {processor.py:161} INFO - Started process (PID=89549) to work on /home/airflow/.local/lib/python3.12/site-packages/airflow/example_dags/example_skip_dag.py
[2026-01-29T03:44:12.608+0000] {processor.py:830} INFO - Processing file /home/airflow/.local/lib/python3.12/site-packages/airflow/example_dags/example_skip_dag.py for tasks to queue
[2026-01-29T03:44:12.610+0000] {logging_mixin.py:188} INFO - [2026-01-29T03:44:12.609+0000] {dagbag.py:545} INFO - Filling up the DagBag from /home/airflow/.local/lib/python3.12/site-packages/airflow/example_dags/example_skip_dag.py
[2026-01-29T03:44:12.616+0000] {processor.py:840} INFO - DAG(s) 'example_skip_dag' retrieved from /home/airflow/.local/lib/python3.12/site-packages/airflow/example_dags/example_skip_dag.py
[2026-01-29T03:44:12.638+0000] {logging_mixin.py:188} INFO - [2026-01-29T03:44:12.638+0000] {dag.py:3089} INFO - Sync 1 DAGs
[2026-01-29T03:44:12.661+0000] {logging_mixin.py:188} INFO - [2026-01-29T03:44:12.661+0000] {dag.py:3947} INFO - Setting next_dagrun for example_skip_dag to 2026-01-28 00:00:00+00:00, run_after=2026-01-29 00:00:00+00:00
[2026-01-29T03:44:12.679+0000] {processor.py:183} INFO - Processing /home/airflow/.local/lib/python3.12/site-packages/airflow/example_dags/example_skip_dag.py took 0.079 seconds
[2026-01-29T03:44:43.339+0000] {processor.py:161} INFO - Started process (PID=89608) to work on /home/airflow/.local/lib/python3.12/site-packages/airflow/example_dags/example_skip_dag.py
[2026-01-29T03:44:43.340+0000] {processor.py:830} INFO - Processing file /home/airflow/.local/lib/python3.12/site-packages/airflow/example_dags/example_skip_dag.py for tasks to queue
[2026-01-29T03:44:43.342+0000] {logging_mixin.py:188} INFO - [2026-01-29T03:44:43.342+0000] {dagbag.py:545} INFO - Filling up the DagBag from /home/airflow/.local/lib/python3.12/site-packages/airflow/example_dags/example_skip_dag.py
[2026-01-29T03:44:43.349+0000] {processor.py:840} INFO - DAG(s) 'example_skip_dag' retrieved from /home/airflow/.local/lib/python3.12/site-packages/airflow/example_dags/example_skip_dag.py
[2026-01-29T03:44:43.369+0000] {logging_mixin.py:188} INFO - [2026-01-29T03:44:43.369+0000] {dag.py:3089} INFO - Sync 1 DAGs
[2026-01-29T03:44:43.392+0000] {logging_mixin.py:188} INFO - [2026-01-29T03:44:43.392+0000] {dag.py:3947} INFO - Setting next_dagrun for example_skip_dag to 2026-01-28 00:00:00+00:00, run_after=2026-01-29 00:00:00+00:00
[2026-01-29T03:44:43.412+0000] {processor.py:183} INFO - Processing /home/airflow/.local/lib/python3.12/site-packages/airflow/example_dags/example_skip_dag.py took 0.080 seconds
[2026-01-29T03:45:14.044+0000] {processor.py:161} INFO - Started process (PID=89672) to work on /home/airflow/.local/lib/python3.12/site-packages/airflow/example_dags/example_skip_dag.py
[2026-01-29T03:45:14.045+0000] {processor.py:830} INFO - Processing file /home/airflow/.local/lib/python3.12/site-packages/airflow/example_dags/example_skip_dag.py for tasks to queue
[2026-01-29T03:45:14.047+0000] {logging_mixin.py:188} INFO - [2026-01-29T03:45:14.047+0000] {dagbag.py:545} INFO - Filling up the DagBag from /home/airflow/.local/lib/python3.12/site-packages/airflow/example_dags/example_skip_dag.py
[2026-01-29T03:45:14.053+0000] {processor.py:840} INFO - DAG(s) 'example_skip_dag' retrieved from /home/airflow/.local/lib/python3.12/site-packages/airflow/example_dags/example_skip_dag.py
[2026-01-29T03:45:14.073+0000] {logging_mixin.py:188} INFO - [2026-01-29T03:45:14.073+0000] {dag.py:3089} INFO - Sync 1 DAGs
[2026-01-29T03:45:14.096+0000] {logging_mixin.py:188} INFO - [2026-01-29T03:45:14.096+0000] {dag.py:3947} INFO - Setting next_dagrun for example_skip_dag to 2026-01-28 00:00:00+00:00, run_after=2026-01-29 00:00:00+00:00
[2026-01-29T03:45:14.114+0000] {processor.py:183} INFO - Processing /home/airflow/.local/lib/python3.12/site-packages/airflow/example_dags/example_skip_dag.py took 0.077 seconds
[2026-01-29T03:45:44.702+0000] {processor.py:161} INFO - Started process (PID=89731) to work on /home/airflow/.local/lib/python3.12/site-packages/airflow/example_dags/example_skip_dag.py
[2026-01-29T03:45:44.703+0000] {processor.py:830} INFO - Processing file /home/airflow/.local/lib/python3.12/site-packages/airflow/example_dags/example_skip_dag.py for tasks to queue
[2026-01-29T03:45:44.705+0000] {logging_mixin.py:188} INFO - [2026-01-29T03:45:44.705+0000] {dagbag.py:545} INFO - Filling up the DagBag from /home/airflow/.local/lib/python3.12/site-packages/airflow/example_dags/example_skip_dag.py
[2026-01-29T03:45:44.713+0000] {processor.py:840} INFO - DAG(s) 'example_skip_dag' retrieved from /home/airflow/.local/lib/python3.12/site-packages/airflow/example_dags/example_skip_dag.py
[2026-01-29T03:45:44.735+0000] {logging_mixin.py:188} INFO - [2026-01-29T03:45:44.734+0000] {dag.py:3089} INFO - Sync 1 DAGs
[2026-01-29T03:45:44.757+0000] {logging_mixin.py:188} INFO - [2026-01-29T03:45:44.757+0000] {dag.py:3947} INFO - Setting next_dagrun for example_skip_dag to 2026-01-28 00:00:00+00:00, run_after=2026-01-29 00:00:00+00:00
[2026-01-29T03:45:44.776+0000] {processor.py:183} INFO - Processing /home/airflow/.local/lib/python3.12/site-packages/airflow/example_dags/example_skip_dag.py took 0.080 seconds
[2026-01-29T03:46:15.433+0000] {processor.py:161} INFO - Started process (PID=89795) to work on /home/airflow/.local/lib/python3.12/site-packages/airflow/example_dags/example_skip_dag.py
[2026-01-29T03:46:15.434+0000] {processor.py:830} INFO - Processing file /home/airflow/.local/lib/python3.12/site-packages/airflow/example_dags/example_skip_dag.py for tasks to queue
[2026-01-29T03:46:15.436+0000] {logging_mixin.py:188} INFO - [2026-01-29T03:46:15.436+0000] {dagbag.py:545} INFO - Filling up the DagBag from /home/airflow/.local/lib/python3.12/site-packages/airflow/example_dags/example_skip_dag.py
[2026-01-29T03:46:15.444+0000] {processor.py:840} INFO - DAG(s) 'example_skip_dag' retrieved from /home/airflow/.local/lib/python3.12/site-packages/airflow/example_dags/example_skip_dag.py
[2026-01-29T03:46:15.468+0000] {logging_mixin.py:188} INFO - [2026-01-29T03:46:15.468+0000] {dag.py:3089} INFO - Sync 1 DAGs
[2026-01-29T03:46:15.493+0000] {logging_mixin.py:188} INFO - [2026-01-29T03:46:15.493+0000] {dag.py:3947} INFO - Setting next_dagrun for example_skip_dag to 2026-01-28 00:00:00+00:00, run_after=2026-01-29 00:00:00+00:00
[2026-01-29T03:46:15.515+0000] {processor.py:183} INFO - Processing /home/airflow/.local/lib/python3.12/site-packages/airflow/example_dags/example_skip_dag.py took 0.088 seconds
[2026-01-29T03:46:46.148+0000] {processor.py:161} INFO - Started process (PID=89860) to work on /home/airflow/.local/lib/python3.12/site-packages/airflow/example_dags/example_skip_dag.py
[2026-01-29T03:46:46.149+0000] {processor.py:830} INFO - Processing file /home/airflow/.local/lib/python3.12/site-packages/airflow/example_dags/example_skip_dag.py for tasks to queue
[2026-01-29T03:46:46.151+0000] {logging_mixin.py:188} INFO - [2026-01-29T03:46:46.151+0000] {dagbag.py:545} INFO - Filling up the DagBag from /home/airflow/.local/lib/python3.12/site-packages/airflow/example_dags/example_skip_dag.py
[2026-01-29T03:46:46.157+0000] {processor.py:840} INFO - DAG(s) 'example_skip_dag' retrieved from /home/airflow/.local/lib/python3.12/site-packages/airflow/example_dags/example_skip_dag.py
[2026-01-29T03:46:46.179+0000] {logging_mixin.py:188} INFO - [2026-01-29T03:46:46.178+0000] {dag.py:3089} INFO - Sync 1 DAGs
[2026-01-29T03:46:46.202+0000] {logging_mixin.py:188} INFO - [2026-01-29T03:46:46.201+0000] {dag.py:3947} INFO - Setting next_dagrun for example_skip_dag to 2026-01-28 00:00:00+00:00, run_after=2026-01-29 00:00:00+00:00
[2026-01-29T03:46:46.221+0000] {processor.py:183} INFO - Processing /home/airflow/.local/lib/python3.12/site-packages/airflow/example_dags/example_skip_dag.py took 0.079 seconds
[2026-01-29T03:47:17.000+0000] {processor.py:161} INFO - Started process (PID=89924) to work on /home/airflow/.local/lib/python3.12/site-packages/airflow/example_dags/example_skip_dag.py
[2026-01-29T03:47:17.002+0000] {processor.py:830} INFO - Processing file /home/airflow/.local/lib/python3.12/site-packages/airflow/example_dags/example_skip_dag.py for tasks to queue
[2026-01-29T03:47:17.003+0000] {logging_mixin.py:188} INFO - [2026-01-29T03:47:17.003+0000] {dagbag.py:545} INFO - Filling up the DagBag from /home/airflow/.local/lib/python3.12/site-packages/airflow/example_dags/example_skip_dag.py
[2026-01-29T03:47:17.009+0000] {processor.py:840} INFO - DAG(s) 'example_skip_dag' retrieved from /home/airflow/.local/lib/python3.12/site-packages/airflow/example_dags/example_skip_dag.py
[2026-01-29T03:47:17.032+0000] {logging_mixin.py:188} INFO - [2026-01-29T03:47:17.031+0000] {dag.py:3089} INFO - Sync 1 DAGs
[2026-01-29T03:47:17.055+0000] {logging_mixin.py:188} INFO - [2026-01-29T03:47:17.055+0000] {dag.py:3947} INFO - Setting next_dagrun for example_skip_dag to 2026-01-28 00:00:00+00:00, run_after=2026-01-29 00:00:00+00:00
[2026-01-29T03:47:17.076+0000] {processor.py:183} INFO - Processing /home/airflow/.local/lib/python3.12/site-packages/airflow/example_dags/example_skip_dag.py took 0.082 seconds
[2026-01-29T03:47:47.887+0000] {processor.py:161} INFO - Started process (PID=89983) to work on /home/airflow/.local/lib/python3.12/site-packages/airflow/example_dags/example_skip_dag.py
[2026-01-29T03:47:47.888+0000] {processor.py:830} INFO - Processing file /home/airflow/.local/lib/python3.12/site-packages/airflow/example_dags/example_skip_dag.py for tasks to queue
[2026-01-29T03:47:47.890+0000] {logging_mixin.py:188} INFO - [2026-01-29T03:47:47.889+0000] {dagbag.py:545} INFO - Filling up the DagBag from /home/airflow/.local/lib/python3.12/site-packages/airflow/example_dags/example_skip_dag.py
[2026-01-29T03:47:47.897+0000] {processor.py:840} INFO - DAG(s) 'example_skip_dag' retrieved from /home/airflow/.local/lib/python3.12/site-packages/airflow/example_dags/example_skip_dag.py
[2026-01-29T03:47:47.920+0000] {logging_mixin.py:188} INFO - [2026-01-29T03:47:47.920+0000] {dag.py:3089} INFO - Sync 1 DAGs
[2026-01-29T03:47:47.944+0000] {logging_mixin.py:188} INFO - [2026-01-29T03:47:47.944+0000] {dag.py:3947} INFO - Setting next_dagrun for example_skip_dag to 2026-01-28 00:00:00+00:00, run_after=2026-01-29 00:00:00+00:00
[2026-01-29T03:47:47.964+0000] {processor.py:183} INFO - Processing /home/airflow/.local/lib/python3.12/site-packages/airflow/example_dags/example_skip_dag.py took 0.085 seconds
[2026-01-29T03:48:18.739+0000] {processor.py:161} INFO - Started process (PID=90047) to work on /home/airflow/.local/lib/python3.12/site-packages/airflow/example_dags/example_skip_dag.py
[2026-01-29T03:48:18.740+0000] {processor.py:830} INFO - Processing file /home/airflow/.local/lib/python3.12/site-packages/airflow/example_dags/example_skip_dag.py for tasks to queue
[2026-01-29T03:48:18.742+0000] {logging_mixin.py:188} INFO - [2026-01-29T03:48:18.741+0000] {dagbag.py:545} INFO - Filling up the DagBag from /home/airflow/.local/lib/python3.12/site-packages/airflow/example_dags/example_skip_dag.py
[2026-01-29T03:48:18.749+0000] {processor.py:840} INFO - DAG(s) 'example_skip_dag' retrieved from /home/airflow/.local/lib/python3.12/site-packages/airflow/example_dags/example_skip_dag.py
[2026-01-29T03:48:18.773+0000] {logging_mixin.py:188} INFO - [2026-01-29T03:48:18.772+0000] {dag.py:3089} INFO - Sync 1 DAGs
[2026-01-29T03:48:18.798+0000] {logging_mixin.py:188} INFO - [2026-01-29T03:48:18.797+0000] {dag.py:3947} INFO - Setting next_dagrun for example_skip_dag to 2026-01-28 00:00:00+00:00, run_after=2026-01-29 00:00:00+00:00
[2026-01-29T03:48:18.819+0000] {processor.py:183} INFO - Processing /home/airflow/.local/lib/python3.12/site-packages/airflow/example_dags/example_skip_dag.py took 0.087 seconds
[2026-01-29T03:48:49.476+0000] {processor.py:161} INFO - Started process (PID=90106) to work on /home/airflow/.local/lib/python3.12/site-packages/airflow/example_dags/example_skip_dag.py
[2026-01-29T03:48:49.477+0000] {processor.py:830} INFO - Processing file /home/airflow/.local/lib/python3.12/site-packages/airflow/example_dags/example_skip_dag.py for tasks to queue
[2026-01-29T03:48:49.479+0000] {logging_mixin.py:188} INFO - [2026-01-29T03:48:49.478+0000] {dagbag.py:545} INFO - Filling up the DagBag from /home/airflow/.local/lib/python3.12/site-packages/airflow/example_dags/example_skip_dag.py
[2026-01-29T03:48:49.485+0000] {processor.py:840} INFO - DAG(s) 'example_skip_dag' retrieved from /home/airflow/.local/lib/python3.12/site-packages/airflow/example_dags/example_skip_dag.py
[2026-01-29T03:48:49.507+0000] {logging_mixin.py:188} INFO - [2026-01-29T03:48:49.507+0000] {dag.py:3089} INFO - Sync 1 DAGs
[2026-01-29T03:48:49.530+0000] {logging_mixin.py:188} INFO - [2026-01-29T03:48:49.530+0000] {dag.py:3947} INFO - Setting next_dagrun for example_skip_dag to 2026-01-28 00:00:00+00:00, run_after=2026-01-29 00:00:00+00:00
[2026-01-29T03:48:49.550+0000] {processor.py:183} INFO - Processing /home/airflow/.local/lib/python3.12/site-packages/airflow/example_dags/example_skip_dag.py took 0.079 seconds
[2026-01-29T03:49:20.331+0000] {processor.py:161} INFO - Started process (PID=90170) to work on /home/airflow/.local/lib/python3.12/site-packages/airflow/example_dags/example_skip_dag.py
[2026-01-29T03:49:20.333+0000] {processor.py:830} INFO - Processing file /home/airflow/.local/lib/python3.12/site-packages/airflow/example_dags/example_skip_dag.py for tasks to queue
[2026-01-29T03:49:20.334+0000] {logging_mixin.py:188} INFO - [2026-01-29T03:49:20.334+0000] {dagbag.py:545} INFO - Filling up the DagBag from /home/airflow/.local/lib/python3.12/site-packages/airflow/example_dags/example_skip_dag.py
[2026-01-29T03:49:20.341+0000] {processor.py:840} INFO - DAG(s) 'example_skip_dag' retrieved from /home/airflow/.local/lib/python3.12/site-packages/airflow/example_dags/example_skip_dag.py
[2026-01-29T03:49:20.362+0000] {logging_mixin.py:188} INFO - [2026-01-29T03:49:20.361+0000] {dag.py:3089} INFO - Sync 1 DAGs
[2026-01-29T03:49:20.384+0000] {logging_mixin.py:188} INFO - [2026-01-29T03:49:20.383+0000] {dag.py:3947} INFO - Setting next_dagrun for example_skip_dag to 2026-01-28 00:00:00+00:00, run_after=2026-01-29 00:00:00+00:00
[2026-01-29T03:49:20.404+0000] {processor.py:183} INFO - Processing /home/airflow/.local/lib/python3.12/site-packages/airflow/example_dags/example_skip_dag.py took 0.078 seconds
[2026-01-29T03:49:51.044+0000] {processor.py:161} INFO - Started process (PID=90229) to work on /home/airflow/.local/lib/python3.12/site-packages/airflow/example_dags/example_skip_dag.py
[2026-01-29T03:49:51.045+0000] {processor.py:830} INFO - Processing file /home/airflow/.local/lib/python3.12/site-packages/airflow/example_dags/example_skip_dag.py for tasks to queue
[2026-01-29T03:49:51.047+0000] {logging_mixin.py:188} INFO - [2026-01-29T03:49:51.046+0000] {dagbag.py:545} INFO - Filling up the DagBag from /home/airflow/.local/lib/python3.12/site-packages/airflow/example_dags/example_skip_dag.py
[2026-01-29T03:49:51.053+0000] {processor.py:840} INFO - DAG(s) 'example_skip_dag' retrieved from /home/airflow/.local/lib/python3.12/site-packages/airflow/example_dags/example_skip_dag.py
[2026-01-29T03:49:51.073+0000] {logging_mixin.py:188} INFO - [2026-01-29T03:49:51.073+0000] {dag.py:3089} INFO - Sync 1 DAGs
[2026-01-29T03:49:51.096+0000] {logging_mixin.py:188} INFO - [2026-01-29T03:49:51.095+0000] {dag.py:3947} INFO - Setting next_dagrun for example_skip_dag to 2026-01-28 00:00:00+00:00, run_after=2026-01-29 00:00:00+00:00
[2026-01-29T03:49:51.117+0000] {processor.py:183} INFO - Processing /home/airflow/.local/lib/python3.12/site-packages/airflow/example_dags/example_skip_dag.py took 0.079 seconds
[2026-01-29T03:50:22.069+0000] {processor.py:161} INFO - Started process (PID=90293) to work on /home/airflow/.local/lib/python3.12/site-packages/airflow/example_dags/example_skip_dag.py
[2026-01-29T03:50:22.070+0000] {processor.py:830} INFO - Processing file /home/airflow/.local/lib/python3.12/site-packages/airflow/example_dags/example_skip_dag.py for tasks to queue
[2026-01-29T03:50:22.072+0000] {logging_mixin.py:188} INFO - [2026-01-29T03:50:22.072+0000] {dagbag.py:545} INFO - Filling up the DagBag from /home/airflow/.local/lib/python3.12/site-packages/airflow/example_dags/example_skip_dag.py
[2026-01-29T03:50:22.078+0000] {processor.py:840} INFO - DAG(s) 'example_skip_dag' retrieved from /home/airflow/.local/lib/python3.12/site-packages/airflow/example_dags/example_skip_dag.py
[2026-01-29T03:50:22.099+0000] {logging_mixin.py:188} INFO - [2026-01-29T03:50:22.098+0000] {dag.py:3089} INFO - Sync 1 DAGs
[2026-01-29T03:50:22.121+0000] {logging_mixin.py:188} INFO - [2026-01-29T03:50:22.121+0000] {dag.py:3947} INFO - Setting next_dagrun for example_skip_dag to 2026-01-28 00:00:00+00:00, run_after=2026-01-29 00:00:00+00:00
[2026-01-29T03:50:22.140+0000] {processor.py:183} INFO - Processing /home/airflow/.local/lib/python3.12/site-packages/airflow/example_dags/example_skip_dag.py took 0.077 seconds
[2026-01-29T03:50:52.222+0000] {processor.py:161} INFO - Started process (PID=90352) to work on /home/airflow/.local/lib/python3.12/site-packages/airflow/example_dags/example_skip_dag.py
[2026-01-29T03:50:52.223+0000] {processor.py:830} INFO - Processing file /home/airflow/.local/lib/python3.12/site-packages/airflow/example_dags/example_skip_dag.py for tasks to queue
[2026-01-29T03:50:52.224+0000] {logging_mixin.py:188} INFO - [2026-01-29T03:50:52.224+0000] {dagbag.py:545} INFO - Filling up the DagBag from /home/airflow/.local/lib/python3.12/site-packages/airflow/example_dags/example_skip_dag.py
[2026-01-29T03:50:52.231+0000] {processor.py:840} INFO - DAG(s) 'example_skip_dag' retrieved from /home/airflow/.local/lib/python3.12/site-packages/airflow/example_dags/example_skip_dag.py
[2026-01-29T03:50:52.254+0000] {logging_mixin.py:188} INFO - [2026-01-29T03:50:52.253+0000] {dag.py:3089} INFO - Sync 1 DAGs
[2026-01-29T03:50:52.278+0000] {logging_mixin.py:188} INFO - [2026-01-29T03:50:52.277+0000] {dag.py:3947} INFO - Setting next_dagrun for example_skip_dag to 2026-01-28 00:00:00+00:00, run_after=2026-01-29 00:00:00+00:00
[2026-01-29T03:50:52.298+0000] {processor.py:183} INFO - Processing /home/airflow/.local/lib/python3.12/site-packages/airflow/example_dags/example_skip_dag.py took 0.082 seconds
[2026-01-29T03:51:22.406+0000] {processor.py:161} INFO - Started process (PID=90416) to work on /home/airflow/.local/lib/python3.12/site-packages/airflow/example_dags/example_skip_dag.py
[2026-01-29T03:51:22.407+0000] {processor.py:830} INFO - Processing file /home/airflow/.local/lib/python3.12/site-packages/airflow/example_dags/example_skip_dag.py for tasks to queue
[2026-01-29T03:51:22.409+0000] {logging_mixin.py:188} INFO - [2026-01-29T03:51:22.408+0000] {dagbag.py:545} INFO - Filling up the DagBag from /home/airflow/.local/lib/python3.12/site-packages/airflow/example_dags/example_skip_dag.py
[2026-01-29T03:51:22.415+0000] {processor.py:840} INFO - DAG(s) 'example_skip_dag' retrieved from /home/airflow/.local/lib/python3.12/site-packages/airflow/example_dags/example_skip_dag.py
[2026-01-29T03:51:22.435+0000] {logging_mixin.py:188} INFO - [2026-01-29T03:51:22.434+0000] {dag.py:3089} INFO - Sync 1 DAGs
[2026-01-29T03:51:22.457+0000] {logging_mixin.py:188} INFO - [2026-01-29T03:51:22.457+0000] {dag.py:3947} INFO - Setting next_dagrun for example_skip_dag to 2026-01-28 00:00:00+00:00, run_after=2026-01-29 00:00:00+00:00
[2026-01-29T03:51:22.475+0000] {processor.py:183} INFO - Processing /home/airflow/.local/lib/python3.12/site-packages/airflow/example_dags/example_skip_dag.py took 0.076 seconds
[2026-01-29T03:51:53.190+0000] {processor.py:161} INFO - Started process (PID=90475) to work on /home/airflow/.local/lib/python3.12/site-packages/airflow/example_dags/example_skip_dag.py
[2026-01-29T03:51:53.191+0000] {processor.py:830} INFO - Processing file /home/airflow/.local/lib/python3.12/site-packages/airflow/example_dags/example_skip_dag.py for tasks to queue
[2026-01-29T03:51:53.193+0000] {logging_mixin.py:188} INFO - [2026-01-29T03:51:53.192+0000] {dagbag.py:545} INFO - Filling up the DagBag from /home/airflow/.local/lib/python3.12/site-packages/airflow/example_dags/example_skip_dag.py
[2026-01-29T03:51:53.199+0000] {processor.py:840} INFO - DAG(s) 'example_skip_dag' retrieved from /home/airflow/.local/lib/python3.12/site-packages/airflow/example_dags/example_skip_dag.py
[2026-01-29T03:51:53.221+0000] {logging_mixin.py:188} INFO - [2026-01-29T03:51:53.220+0000] {dag.py:3089} INFO - Sync 1 DAGs
[2026-01-29T03:51:53.245+0000] {logging_mixin.py:188} INFO - [2026-01-29T03:51:53.245+0000] {dag.py:3947} INFO - Setting next_dagrun for example_skip_dag to 2026-01-28 00:00:00+00:00, run_after=2026-01-29 00:00:00+00:00
[2026-01-29T03:51:53.266+0000] {processor.py:183} INFO - Processing /home/airflow/.local/lib/python3.12/site-packages/airflow/example_dags/example_skip_dag.py took 0.082 seconds
[2026-01-29T03:52:23.533+0000] {processor.py:161} INFO - Started process (PID=90539) to work on /home/airflow/.local/lib/python3.12/site-packages/airflow/example_dags/example_skip_dag.py
[2026-01-29T03:52:23.534+0000] {processor.py:830} INFO - Processing file /home/airflow/.local/lib/python3.12/site-packages/airflow/example_dags/example_skip_dag.py for tasks to queue
[2026-01-29T03:52:23.536+0000] {logging_mixin.py:188} INFO - [2026-01-29T03:52:23.536+0000] {dagbag.py:545} INFO - Filling up the DagBag from /home/airflow/.local/lib/python3.12/site-packages/airflow/example_dags/example_skip_dag.py
[2026-01-29T03:52:23.542+0000] {processor.py:840} INFO - DAG(s) 'example_skip_dag' retrieved from /home/airflow/.local/lib/python3.12/site-packages/airflow/example_dags/example_skip_dag.py
[2026-01-29T03:52:23.563+0000] {logging_mixin.py:188} INFO - [2026-01-29T03:52:23.562+0000] {dag.py:3089} INFO - Sync 1 DAGs
[2026-01-29T03:52:23.586+0000] {logging_mixin.py:188} INFO - [2026-01-29T03:52:23.586+0000] {dag.py:3947} INFO - Setting next_dagrun for example_skip_dag to 2026-01-28 00:00:00+00:00, run_after=2026-01-29 00:00:00+00:00
[2026-01-29T03:52:23.605+0000] {processor.py:183} INFO - Processing /home/airflow/.local/lib/python3.12/site-packages/airflow/example_dags/example_skip_dag.py took 0.078 seconds
[2026-01-29T03:52:53.773+0000] {processor.py:161} INFO - Started process (PID=90598) to work on /home/airflow/.local/lib/python3.12/site-packages/airflow/example_dags/example_skip_dag.py
[2026-01-29T03:52:53.774+0000] {processor.py:830} INFO - Processing file /home/airflow/.local/lib/python3.12/site-packages/airflow/example_dags/example_skip_dag.py for tasks to queue
[2026-01-29T03:52:53.776+0000] {logging_mixin.py:188} INFO - [2026-01-29T03:52:53.776+0000] {dagbag.py:545} INFO - Filling up the DagBag from /home/airflow/.local/lib/python3.12/site-packages/airflow/example_dags/example_skip_dag.py
[2026-01-29T03:52:53.784+0000] {processor.py:840} INFO - DAG(s) 'example_skip_dag' retrieved from /home/airflow/.local/lib/python3.12/site-packages/airflow/example_dags/example_skip_dag.py
[2026-01-29T03:52:53.806+0000] {logging_mixin.py:188} INFO - [2026-01-29T03:52:53.805+0000] {dag.py:3089} INFO - Sync 1 DAGs
[2026-01-29T03:52:53.829+0000] {logging_mixin.py:188} INFO - [2026-01-29T03:52:53.829+0000] {dag.py:3947} INFO - Setting next_dagrun for example_skip_dag to 2026-01-28 00:00:00+00:00, run_after=2026-01-29 00:00:00+00:00
[2026-01-29T03:52:53.848+0000] {processor.py:183} INFO - Processing /home/airflow/.local/lib/python3.12/site-packages/airflow/example_dags/example_skip_dag.py took 0.081 seconds
[2026-01-29T03:53:24.055+0000] {processor.py:161} INFO - Started process (PID=90662) to work on /home/airflow/.local/lib/python3.12/site-packages/airflow/example_dags/example_skip_dag.py
[2026-01-29T03:53:24.056+0000] {processor.py:830} INFO - Processing file /home/airflow/.local/lib/python3.12/site-packages/airflow/example_dags/example_skip_dag.py for tasks to queue
[2026-01-29T03:53:24.058+0000] {logging_mixin.py:188} INFO - [2026-01-29T03:53:24.057+0000] {dagbag.py:545} INFO - Filling up the DagBag from /home/airflow/.local/lib/python3.12/site-packages/airflow/example_dags/example_skip_dag.py
[2026-01-29T03:53:24.064+0000] {processor.py:840} INFO - DAG(s) 'example_skip_dag' retrieved from /home/airflow/.local/lib/python3.12/site-packages/airflow/example_dags/example_skip_dag.py
[2026-01-29T03:53:24.086+0000] {logging_mixin.py:188} INFO - [2026-01-29T03:53:24.086+0000] {dag.py:3089} INFO - Sync 1 DAGs
[2026-01-29T03:53:24.110+0000] {logging_mixin.py:188} INFO - [2026-01-29T03:53:24.110+0000] {dag.py:3947} INFO - Setting next_dagrun for example_skip_dag to 2026-01-28 00:00:00+00:00, run_after=2026-01-29 00:00:00+00:00
[2026-01-29T03:53:24.130+0000] {processor.py:183} INFO - Processing /home/airflow/.local/lib/python3.12/site-packages/airflow/example_dags/example_skip_dag.py took 0.081 seconds
[2026-01-29T03:53:54.436+0000] {processor.py:161} INFO - Started process (PID=90721) to work on /home/airflow/.local/lib/python3.12/site-packages/airflow/example_dags/example_skip_dag.py
[2026-01-29T03:53:54.437+0000] {processor.py:830} INFO - Processing file /home/airflow/.local/lib/python3.12/site-packages/airflow/example_dags/example_skip_dag.py for tasks to queue
[2026-01-29T03:53:54.439+0000] {logging_mixin.py:188} INFO - [2026-01-29T03:53:54.438+0000] {dagbag.py:545} INFO - Filling up the DagBag from /home/airflow/.local/lib/python3.12/site-packages/airflow/example_dags/example_skip_dag.py
[2026-01-29T03:53:54.446+0000] {processor.py:840} INFO - DAG(s) 'example_skip_dag' retrieved from /home/airflow/.local/lib/python3.12/site-packages/airflow/example_dags/example_skip_dag.py
[2026-01-29T03:53:54.469+0000] {logging_mixin.py:188} INFO - [2026-01-29T03:53:54.469+0000] {dag.py:3089} INFO - Sync 1 DAGs
[2026-01-29T03:53:54.493+0000] {logging_mixin.py:188} INFO - [2026-01-29T03:53:54.493+0000] {dag.py:3947} INFO - Setting next_dagrun for example_skip_dag to 2026-01-28 00:00:00+00:00, run_after=2026-01-29 00:00:00+00:00
[2026-01-29T03:53:54.513+0000] {processor.py:183} INFO - Processing /home/airflow/.local/lib/python3.12/site-packages/airflow/example_dags/example_skip_dag.py took 0.085 seconds
[2026-01-29T03:54:24.706+0000] {processor.py:161} INFO - Started process (PID=90785) to work on /home/airflow/.local/lib/python3.12/site-packages/airflow/example_dags/example_skip_dag.py
[2026-01-29T03:54:24.708+0000] {processor.py:830} INFO - Processing file /home/airflow/.local/lib/python3.12/site-packages/airflow/example_dags/example_skip_dag.py for tasks to queue
[2026-01-29T03:54:24.710+0000] {logging_mixin.py:188} INFO - [2026-01-29T03:54:24.710+0000] {dagbag.py:545} INFO - Filling up the DagBag from /home/airflow/.local/lib/python3.12/site-packages/airflow/example_dags/example_skip_dag.py
[2026-01-29T03:54:24.719+0000] {processor.py:840} INFO - DAG(s) 'example_skip_dag' retrieved from /home/airflow/.local/lib/python3.12/site-packages/airflow/example_dags/example_skip_dag.py
[2026-01-29T03:54:24.744+0000] {logging_mixin.py:188} INFO - [2026-01-29T03:54:24.743+0000] {dag.py:3089} INFO - Sync 1 DAGs
[2026-01-29T03:54:24.770+0000] {logging_mixin.py:188} INFO - [2026-01-29T03:54:24.769+0000] {dag.py:3947} INFO - Setting next_dagrun for example_skip_dag to 2026-01-28 00:00:00+00:00, run_after=2026-01-29 00:00:00+00:00
[2026-01-29T03:54:24.793+0000] {processor.py:183} INFO - Processing /home/airflow/.local/lib/python3.12/site-packages/airflow/example_dags/example_skip_dag.py took 0.093 seconds
[2026-01-29T03:54:54.912+0000] {processor.py:161} INFO - Started process (PID=90844) to work on /home/airflow/.local/lib/python3.12/site-packages/airflow/example_dags/example_skip_dag.py
[2026-01-29T03:54:54.912+0000] {processor.py:830} INFO - Processing file /home/airflow/.local/lib/python3.12/site-packages/airflow/example_dags/example_skip_dag.py for tasks to queue
[2026-01-29T03:54:54.914+0000] {logging_mixin.py:188} INFO - [2026-01-29T03:54:54.914+0000] {dagbag.py:545} INFO - Filling up the DagBag from /home/airflow/.local/lib/python3.12/site-packages/airflow/example_dags/example_skip_dag.py
[2026-01-29T03:54:54.921+0000] {processor.py:840} INFO - DAG(s) 'example_skip_dag' retrieved from /home/airflow/.local/lib/python3.12/site-packages/airflow/example_dags/example_skip_dag.py
[2026-01-29T03:54:54.942+0000] {logging_mixin.py:188} INFO - [2026-01-29T03:54:54.942+0000] {dag.py:3089} INFO - Sync 1 DAGs
[2026-01-29T03:54:54.965+0000] {logging_mixin.py:188} INFO - [2026-01-29T03:54:54.965+0000] {dag.py:3947} INFO - Setting next_dagrun for example_skip_dag to 2026-01-28 00:00:00+00:00, run_after=2026-01-29 00:00:00+00:00
[2026-01-29T03:54:54.986+0000] {processor.py:183} INFO - Processing /home/airflow/.local/lib/python3.12/site-packages/airflow/example_dags/example_skip_dag.py took 0.081 seconds
[2026-01-29T03:55:25.179+0000] {processor.py:161} INFO - Started process (PID=90908) to work on /home/airflow/.local/lib/python3.12/site-packages/airflow/example_dags/example_skip_dag.py
[2026-01-29T03:55:25.180+0000] {processor.py:830} INFO - Processing file /home/airflow/.local/lib/python3.12/site-packages/airflow/example_dags/example_skip_dag.py for tasks to queue
[2026-01-29T03:55:25.182+0000] {logging_mixin.py:188} INFO - [2026-01-29T03:55:25.182+0000] {dagbag.py:545} INFO - Filling up the DagBag from /home/airflow/.local/lib/python3.12/site-packages/airflow/example_dags/example_skip_dag.py
[2026-01-29T03:55:25.190+0000] {processor.py:840} INFO - DAG(s) 'example_skip_dag' retrieved from /home/airflow/.local/lib/python3.12/site-packages/airflow/example_dags/example_skip_dag.py
[2026-01-29T03:55:25.213+0000] {logging_mixin.py:188} INFO - [2026-01-29T03:55:25.213+0000] {dag.py:3089} INFO - Sync 1 DAGs
[2026-01-29T03:55:25.237+0000] {logging_mixin.py:188} INFO - [2026-01-29T03:55:25.237+0000] {dag.py:3947} INFO - Setting next_dagrun for example_skip_dag to 2026-01-28 00:00:00+00:00, run_after=2026-01-29 00:00:00+00:00
[2026-01-29T03:55:25.259+0000] {processor.py:183} INFO - Processing /home/airflow/.local/lib/python3.12/site-packages/airflow/example_dags/example_skip_dag.py took 0.086 seconds
[2026-01-29T03:55:55.517+0000] {processor.py:161} INFO - Started process (PID=90967) to work on /home/airflow/.local/lib/python3.12/site-packages/airflow/example_dags/example_skip_dag.py
[2026-01-29T03:55:55.518+0000] {processor.py:830} INFO - Processing file /home/airflow/.local/lib/python3.12/site-packages/airflow/example_dags/example_skip_dag.py for tasks to queue
[2026-01-29T03:55:55.520+0000] {logging_mixin.py:188} INFO - [2026-01-29T03:55:55.519+0000] {dagbag.py:545} INFO - Filling up the DagBag from /home/airflow/.local/lib/python3.12/site-packages/airflow/example_dags/example_skip_dag.py
[2026-01-29T03:55:55.526+0000] {processor.py:840} INFO - DAG(s) 'example_skip_dag' retrieved from /home/airflow/.local/lib/python3.12/site-packages/airflow/example_dags/example_skip_dag.py
[2026-01-29T03:55:55.546+0000] {logging_mixin.py:188} INFO - [2026-01-29T03:55:55.545+0000] {dag.py:3089} INFO - Sync 1 DAGs
[2026-01-29T03:55:55.568+0000] {logging_mixin.py:188} INFO - [2026-01-29T03:55:55.567+0000] {dag.py:3947} INFO - Setting next_dagrun for example_skip_dag to 2026-01-28 00:00:00+00:00, run_after=2026-01-29 00:00:00+00:00
[2026-01-29T03:55:55.589+0000] {processor.py:183} INFO - Processing /home/airflow/.local/lib/python3.12/site-packages/airflow/example_dags/example_skip_dag.py took 0.077 seconds
[2026-01-29T03:56:25.870+0000] {processor.py:161} INFO - Started process (PID=91031) to work on /home/airflow/.local/lib/python3.12/site-packages/airflow/example_dags/example_skip_dag.py
[2026-01-29T03:56:25.871+0000] {processor.py:830} INFO - Processing file /home/airflow/.local/lib/python3.12/site-packages/airflow/example_dags/example_skip_dag.py for tasks to queue
[2026-01-29T03:56:25.873+0000] {logging_mixin.py:188} INFO - [2026-01-29T03:56:25.872+0000] {dagbag.py:545} INFO - Filling up the DagBag from /home/airflow/.local/lib/python3.12/site-packages/airflow/example_dags/example_skip_dag.py
[2026-01-29T03:56:25.879+0000] {processor.py:840} INFO - DAG(s) 'example_skip_dag' retrieved from /home/airflow/.local/lib/python3.12/site-packages/airflow/example_dags/example_skip_dag.py
[2026-01-29T03:56:25.900+0000] {logging_mixin.py:188} INFO - [2026-01-29T03:56:25.899+0000] {dag.py:3089} INFO - Sync 1 DAGs
[2026-01-29T03:56:25.923+0000] {logging_mixin.py:188} INFO - [2026-01-29T03:56:25.923+0000] {dag.py:3947} INFO - Setting next_dagrun for example_skip_dag to 2026-01-28 00:00:00+00:00, run_after=2026-01-29 00:00:00+00:00
[2026-01-29T03:56:25.942+0000] {processor.py:183} INFO - Processing /home/airflow/.local/lib/python3.12/site-packages/airflow/example_dags/example_skip_dag.py took 0.078 seconds
[2026-01-29T03:56:56.720+0000] {processor.py:161} INFO - Started process (PID=91090) to work on /home/airflow/.local/lib/python3.12/site-packages/airflow/example_dags/example_skip_dag.py
[2026-01-29T03:56:56.721+0000] {processor.py:830} INFO - Processing file /home/airflow/.local/lib/python3.12/site-packages/airflow/example_dags/example_skip_dag.py for tasks to queue
[2026-01-29T03:56:56.723+0000] {logging_mixin.py:188} INFO - [2026-01-29T03:56:56.723+0000] {dagbag.py:545} INFO - Filling up the DagBag from /home/airflow/.local/lib/python3.12/site-packages/airflow/example_dags/example_skip_dag.py
[2026-01-29T03:56:56.730+0000] {processor.py:840} INFO - DAG(s) 'example_skip_dag' retrieved from /home/airflow/.local/lib/python3.12/site-packages/airflow/example_dags/example_skip_dag.py
[2026-01-29T03:56:56.752+0000] {logging_mixin.py:188} INFO - [2026-01-29T03:56:56.751+0000] {dag.py:3089} INFO - Sync 1 DAGs
[2026-01-29T03:56:56.778+0000] {logging_mixin.py:188} INFO - [2026-01-29T03:56:56.777+0000] {dag.py:3947} INFO - Setting next_dagrun for example_skip_dag to 2026-01-28 00:00:00+00:00, run_after=2026-01-29 00:00:00+00:00
[2026-01-29T03:56:56.798+0000] {processor.py:183} INFO - Processing /home/airflow/.local/lib/python3.12/site-packages/airflow/example_dags/example_skip_dag.py took 0.084 seconds
[2026-01-29T03:57:27.636+0000] {processor.py:161} INFO - Started process (PID=91154) to work on /home/airflow/.local/lib/python3.12/site-packages/airflow/example_dags/example_skip_dag.py
[2026-01-29T03:57:27.637+0000] {processor.py:830} INFO - Processing file /home/airflow/.local/lib/python3.12/site-packages/airflow/example_dags/example_skip_dag.py for tasks to queue
[2026-01-29T03:57:27.639+0000] {logging_mixin.py:188} INFO - [2026-01-29T03:57:27.638+0000] {dagbag.py:545} INFO - Filling up the DagBag from /home/airflow/.local/lib/python3.12/site-packages/airflow/example_dags/example_skip_dag.py
[2026-01-29T03:57:27.645+0000] {processor.py:840} INFO - DAG(s) 'example_skip_dag' retrieved from /home/airflow/.local/lib/python3.12/site-packages/airflow/example_dags/example_skip_dag.py
[2026-01-29T03:57:27.667+0000] {logging_mixin.py:188} INFO - [2026-01-29T03:57:27.666+0000] {dag.py:3089} INFO - Sync 1 DAGs
[2026-01-29T03:57:27.689+0000] {logging_mixin.py:188} INFO - [2026-01-29T03:57:27.689+0000] {dag.py:3947} INFO - Setting next_dagrun for example_skip_dag to 2026-01-28 00:00:00+00:00, run_after=2026-01-29 00:00:00+00:00
[2026-01-29T03:57:27.712+0000] {processor.py:183} INFO - Processing /home/airflow/.local/lib/python3.12/site-packages/airflow/example_dags/example_skip_dag.py took 0.082 seconds
[2026-01-29T03:57:57.759+0000] {processor.py:161} INFO - Started process (PID=91213) to work on /home/airflow/.local/lib/python3.12/site-packages/airflow/example_dags/example_skip_dag.py
[2026-01-29T03:57:57.760+0000] {processor.py:830} INFO - Processing file /home/airflow/.local/lib/python3.12/site-packages/airflow/example_dags/example_skip_dag.py for tasks to queue
[2026-01-29T03:57:57.761+0000] {logging_mixin.py:188} INFO - [2026-01-29T03:57:57.761+0000] {dagbag.py:545} INFO - Filling up the DagBag from /home/airflow/.local/lib/python3.12/site-packages/airflow/example_dags/example_skip_dag.py
[2026-01-29T03:57:57.768+0000] {processor.py:840} INFO - DAG(s) 'example_skip_dag' retrieved from /home/airflow/.local/lib/python3.12/site-packages/airflow/example_dags/example_skip_dag.py
[2026-01-29T03:57:57.788+0000] {logging_mixin.py:188} INFO - [2026-01-29T03:57:57.788+0000] {dag.py:3089} INFO - Sync 1 DAGs
[2026-01-29T03:57:57.810+0000] {logging_mixin.py:188} INFO - [2026-01-29T03:57:57.810+0000] {dag.py:3947} INFO - Setting next_dagrun for example_skip_dag to 2026-01-28 00:00:00+00:00, run_after=2026-01-29 00:00:00+00:00
[2026-01-29T03:57:57.828+0000] {processor.py:183} INFO - Processing /home/airflow/.local/lib/python3.12/site-packages/airflow/example_dags/example_skip_dag.py took 0.075 seconds
[2026-01-29T03:58:27.994+0000] {processor.py:161} INFO - Started process (PID=91277) to work on /home/airflow/.local/lib/python3.12/site-packages/airflow/example_dags/example_skip_dag.py
[2026-01-29T03:58:27.995+0000] {processor.py:830} INFO - Processing file /home/airflow/.local/lib/python3.12/site-packages/airflow/example_dags/example_skip_dag.py for tasks to queue
[2026-01-29T03:58:27.997+0000] {logging_mixin.py:188} INFO - [2026-01-29T03:58:27.997+0000] {dagbag.py:545} INFO - Filling up the DagBag from /home/airflow/.local/lib/python3.12/site-packages/airflow/example_dags/example_skip_dag.py
[2026-01-29T03:58:28.005+0000] {processor.py:840} INFO - DAG(s) 'example_skip_dag' retrieved from /home/airflow/.local/lib/python3.12/site-packages/airflow/example_dags/example_skip_dag.py
[2026-01-29T03:58:28.029+0000] {logging_mixin.py:188} INFO - [2026-01-29T03:58:28.029+0000] {dag.py:3089} INFO - Sync 1 DAGs
[2026-01-29T03:58:28.057+0000] {logging_mixin.py:188} INFO - [2026-01-29T03:58:28.057+0000] {dag.py:3947} INFO - Setting next_dagrun for example_skip_dag to 2026-01-28 00:00:00+00:00, run_after=2026-01-29 00:00:00+00:00
[2026-01-29T03:58:28.078+0000] {processor.py:183} INFO - Processing /home/airflow/.local/lib/python3.12/site-packages/airflow/example_dags/example_skip_dag.py took 0.091 seconds
[2026-01-29T03:58:58.139+0000] {processor.py:161} INFO - Started process (PID=91336) to work on /home/airflow/.local/lib/python3.12/site-packages/airflow/example_dags/example_skip_dag.py
[2026-01-29T03:58:58.140+0000] {processor.py:830} INFO - Processing file /home/airflow/.local/lib/python3.12/site-packages/airflow/example_dags/example_skip_dag.py for tasks to queue
[2026-01-29T03:58:58.142+0000] {logging_mixin.py:188} INFO - [2026-01-29T03:58:58.141+0000] {dagbag.py:545} INFO - Filling up the DagBag from /home/airflow/.local/lib/python3.12/site-packages/airflow/example_dags/example_skip_dag.py
[2026-01-29T03:58:58.148+0000] {processor.py:840} INFO - DAG(s) 'example_skip_dag' retrieved from /home/airflow/.local/lib/python3.12/site-packages/airflow/example_dags/example_skip_dag.py
[2026-01-29T03:58:58.168+0000] {logging_mixin.py:188} INFO - [2026-01-29T03:58:58.168+0000] {dag.py:3089} INFO - Sync 1 DAGs
[2026-01-29T03:58:58.191+0000] {logging_mixin.py:188} INFO - [2026-01-29T03:58:58.191+0000] {dag.py:3947} INFO - Setting next_dagrun for example_skip_dag to 2026-01-28 00:00:00+00:00, run_after=2026-01-29 00:00:00+00:00
[2026-01-29T03:58:58.210+0000] {processor.py:183} INFO - Processing /home/airflow/.local/lib/python3.12/site-packages/airflow/example_dags/example_skip_dag.py took 0.077 seconds
[2026-01-29T03:59:28.397+0000] {processor.py:161} INFO - Started process (PID=91400) to work on /home/airflow/.local/lib/python3.12/site-packages/airflow/example_dags/example_skip_dag.py
[2026-01-29T03:59:28.398+0000] {processor.py:830} INFO - Processing file /home/airflow/.local/lib/python3.12/site-packages/airflow/example_dags/example_skip_dag.py for tasks to queue
[2026-01-29T03:59:28.400+0000] {logging_mixin.py:188} INFO - [2026-01-29T03:59:28.399+0000] {dagbag.py:545} INFO - Filling up the DagBag from /home/airflow/.local/lib/python3.12/site-packages/airflow/example_dags/example_skip_dag.py
[2026-01-29T03:59:28.407+0000] {processor.py:840} INFO - DAG(s) 'example_skip_dag' retrieved from /home/airflow/.local/lib/python3.12/site-packages/airflow/example_dags/example_skip_dag.py
[2026-01-29T03:59:28.432+0000] {logging_mixin.py:188} INFO - [2026-01-29T03:59:28.431+0000] {dag.py:3089} INFO - Sync 1 DAGs
[2026-01-29T03:59:28.457+0000] {logging_mixin.py:188} INFO - [2026-01-29T03:59:28.457+0000] {dag.py:3947} INFO - Setting next_dagrun for example_skip_dag to 2026-01-28 00:00:00+00:00, run_after=2026-01-29 00:00:00+00:00
[2026-01-29T03:59:28.478+0000] {processor.py:183} INFO - Processing /home/airflow/.local/lib/python3.12/site-packages/airflow/example_dags/example_skip_dag.py took 0.088 seconds
[2026-01-29T03:59:59.153+0000] {processor.py:161} INFO - Started process (PID=91459) to work on /home/airflow/.local/lib/python3.12/site-packages/airflow/example_dags/example_skip_dag.py
[2026-01-29T03:59:59.153+0000] {processor.py:830} INFO - Processing file /home/airflow/.local/lib/python3.12/site-packages/airflow/example_dags/example_skip_dag.py for tasks to queue
[2026-01-29T03:59:59.155+0000] {logging_mixin.py:188} INFO - [2026-01-29T03:59:59.155+0000] {dagbag.py:545} INFO - Filling up the DagBag from /home/airflow/.local/lib/python3.12/site-packages/airflow/example_dags/example_skip_dag.py
[2026-01-29T03:59:59.162+0000] {processor.py:840} INFO - DAG(s) 'example_skip_dag' retrieved from /home/airflow/.local/lib/python3.12/site-packages/airflow/example_dags/example_skip_dag.py
[2026-01-29T03:59:59.185+0000] {logging_mixin.py:188} INFO - [2026-01-29T03:59:59.184+0000] {dag.py:3089} INFO - Sync 1 DAGs
[2026-01-29T03:59:59.208+0000] {logging_mixin.py:188} INFO - [2026-01-29T03:59:59.208+0000] {dag.py:3947} INFO - Setting next_dagrun for example_skip_dag to 2026-01-28 00:00:00+00:00, run_after=2026-01-29 00:00:00+00:00
[2026-01-29T03:59:59.227+0000] {processor.py:183} INFO - Processing /home/airflow/.local/lib/python3.12/site-packages/airflow/example_dags/example_skip_dag.py took 0.081 seconds
[2026-01-29T04:00:29.320+0000] {processor.py:161} INFO - Started process (PID=91523) to work on /home/airflow/.local/lib/python3.12/site-packages/airflow/example_dags/example_skip_dag.py
[2026-01-29T04:00:29.321+0000] {processor.py:830} INFO - Processing file /home/airflow/.local/lib/python3.12/site-packages/airflow/example_dags/example_skip_dag.py for tasks to queue
[2026-01-29T04:00:29.323+0000] {logging_mixin.py:188} INFO - [2026-01-29T04:00:29.323+0000] {dagbag.py:545} INFO - Filling up the DagBag from /home/airflow/.local/lib/python3.12/site-packages/airflow/example_dags/example_skip_dag.py
[2026-01-29T04:00:29.331+0000] {processor.py:840} INFO - DAG(s) 'example_skip_dag' retrieved from /home/airflow/.local/lib/python3.12/site-packages/airflow/example_dags/example_skip_dag.py
[2026-01-29T04:00:29.355+0000] {logging_mixin.py:188} INFO - [2026-01-29T04:00:29.355+0000] {dag.py:3089} INFO - Sync 1 DAGs
[2026-01-29T04:00:29.380+0000] {logging_mixin.py:188} INFO - [2026-01-29T04:00:29.380+0000] {dag.py:3947} INFO - Setting next_dagrun for example_skip_dag to 2026-01-28 00:00:00+00:00, run_after=2026-01-29 00:00:00+00:00
[2026-01-29T04:00:29.402+0000] {processor.py:183} INFO - Processing /home/airflow/.local/lib/python3.12/site-packages/airflow/example_dags/example_skip_dag.py took 0.089 seconds
[2026-01-29T04:00:59.513+0000] {processor.py:161} INFO - Started process (PID=91582) to work on /home/airflow/.local/lib/python3.12/site-packages/airflow/example_dags/example_skip_dag.py
[2026-01-29T04:00:59.514+0000] {processor.py:830} INFO - Processing file /home/airflow/.local/lib/python3.12/site-packages/airflow/example_dags/example_skip_dag.py for tasks to queue
[2026-01-29T04:00:59.516+0000] {logging_mixin.py:188} INFO - [2026-01-29T04:00:59.515+0000] {dagbag.py:545} INFO - Filling up the DagBag from /home/airflow/.local/lib/python3.12/site-packages/airflow/example_dags/example_skip_dag.py
[2026-01-29T04:00:59.522+0000] {processor.py:840} INFO - DAG(s) 'example_skip_dag' retrieved from /home/airflow/.local/lib/python3.12/site-packages/airflow/example_dags/example_skip_dag.py
[2026-01-29T04:00:59.544+0000] {logging_mixin.py:188} INFO - [2026-01-29T04:00:59.544+0000] {dag.py:3089} INFO - Sync 1 DAGs
[2026-01-29T04:00:59.568+0000] {logging_mixin.py:188} INFO - [2026-01-29T04:00:59.568+0000] {dag.py:3947} INFO - Setting next_dagrun for example_skip_dag to 2026-01-28 00:00:00+00:00, run_after=2026-01-29 00:00:00+00:00
[2026-01-29T04:00:59.588+0000] {processor.py:183} INFO - Processing /home/airflow/.local/lib/python3.12/site-packages/airflow/example_dags/example_skip_dag.py took 0.081 seconds
[2026-01-29T04:01:29.737+0000] {processor.py:161} INFO - Started process (PID=91646) to work on /home/airflow/.local/lib/python3.12/site-packages/airflow/example_dags/example_skip_dag.py
[2026-01-29T04:01:29.738+0000] {processor.py:830} INFO - Processing file /home/airflow/.local/lib/python3.12/site-packages/airflow/example_dags/example_skip_dag.py for tasks to queue
[2026-01-29T04:01:29.740+0000] {logging_mixin.py:188} INFO - [2026-01-29T04:01:29.739+0000] {dagbag.py:545} INFO - Filling up the DagBag from /home/airflow/.local/lib/python3.12/site-packages/airflow/example_dags/example_skip_dag.py
[2026-01-29T04:01:29.747+0000] {processor.py:840} INFO - DAG(s) 'example_skip_dag' retrieved from /home/airflow/.local/lib/python3.12/site-packages/airflow/example_dags/example_skip_dag.py
[2026-01-29T04:01:29.769+0000] {logging_mixin.py:188} INFO - [2026-01-29T04:01:29.769+0000] {dag.py:3089} INFO - Sync 1 DAGs
[2026-01-29T04:01:29.792+0000] {logging_mixin.py:188} INFO - [2026-01-29T04:01:29.792+0000] {dag.py:3947} INFO - Setting next_dagrun for example_skip_dag to 2026-01-28 00:00:00+00:00, run_after=2026-01-29 00:00:00+00:00
[2026-01-29T04:01:29.813+0000] {processor.py:183} INFO - Processing /home/airflow/.local/lib/python3.12/site-packages/airflow/example_dags/example_skip_dag.py took 0.083 seconds
[2026-01-29T04:01:59.928+0000] {processor.py:161} INFO - Started process (PID=91705) to work on /home/airflow/.local/lib/python3.12/site-packages/airflow/example_dags/example_skip_dag.py
[2026-01-29T04:01:59.929+0000] {processor.py:830} INFO - Processing file /home/airflow/.local/lib/python3.12/site-packages/airflow/example_dags/example_skip_dag.py for tasks to queue
[2026-01-29T04:01:59.931+0000] {logging_mixin.py:188} INFO - [2026-01-29T04:01:59.931+0000] {dagbag.py:545} INFO - Filling up the DagBag from /home/airflow/.local/lib/python3.12/site-packages/airflow/example_dags/example_skip_dag.py
[2026-01-29T04:01:59.939+0000] {processor.py:840} INFO - DAG(s) 'example_skip_dag' retrieved from /home/airflow/.local/lib/python3.12/site-packages/airflow/example_dags/example_skip_dag.py
[2026-01-29T04:01:59.963+0000] {logging_mixin.py:188} INFO - [2026-01-29T04:01:59.962+0000] {dag.py:3089} INFO - Sync 1 DAGs
[2026-01-29T04:01:59.989+0000] {logging_mixin.py:188} INFO - [2026-01-29T04:01:59.989+0000] {dag.py:3947} INFO - Setting next_dagrun for example_skip_dag to 2026-01-28 00:00:00+00:00, run_after=2026-01-29 00:00:00+00:00
[2026-01-29T04:02:00.009+0000] {processor.py:183} INFO - Processing /home/airflow/.local/lib/python3.12/site-packages/airflow/example_dags/example_skip_dag.py took 0.088 seconds
[2026-01-29T04:02:30.148+0000] {processor.py:161} INFO - Started process (PID=91769) to work on /home/airflow/.local/lib/python3.12/site-packages/airflow/example_dags/example_skip_dag.py
[2026-01-29T04:02:30.149+0000] {processor.py:830} INFO - Processing file /home/airflow/.local/lib/python3.12/site-packages/airflow/example_dags/example_skip_dag.py for tasks to queue
[2026-01-29T04:02:30.151+0000] {logging_mixin.py:188} INFO - [2026-01-29T04:02:30.150+0000] {dagbag.py:545} INFO - Filling up the DagBag from /home/airflow/.local/lib/python3.12/site-packages/airflow/example_dags/example_skip_dag.py
[2026-01-29T04:02:30.158+0000] {processor.py:840} INFO - DAG(s) 'example_skip_dag' retrieved from /home/airflow/.local/lib/python3.12/site-packages/airflow/example_dags/example_skip_dag.py
[2026-01-29T04:02:30.180+0000] {logging_mixin.py:188} INFO - [2026-01-29T04:02:30.180+0000] {dag.py:3089} INFO - Sync 1 DAGs
[2026-01-29T04:02:30.203+0000] {logging_mixin.py:188} INFO - [2026-01-29T04:02:30.203+0000] {dag.py:3947} INFO - Setting next_dagrun for example_skip_dag to 2026-01-28 00:00:00+00:00, run_after=2026-01-29 00:00:00+00:00
[2026-01-29T04:02:30.223+0000] {processor.py:183} INFO - Processing /home/airflow/.local/lib/python3.12/site-packages/airflow/example_dags/example_skip_dag.py took 0.082 seconds
[2026-01-29T04:03:00.385+0000] {processor.py:161} INFO - Started process (PID=91828) to work on /home/airflow/.local/lib/python3.12/site-packages/airflow/example_dags/example_skip_dag.py
[2026-01-29T04:03:00.385+0000] {processor.py:830} INFO - Processing file /home/airflow/.local/lib/python3.12/site-packages/airflow/example_dags/example_skip_dag.py for tasks to queue
[2026-01-29T04:03:00.387+0000] {logging_mixin.py:188} INFO - [2026-01-29T04:03:00.387+0000] {dagbag.py:545} INFO - Filling up the DagBag from /home/airflow/.local/lib/python3.12/site-packages/airflow/example_dags/example_skip_dag.py
[2026-01-29T04:03:00.394+0000] {processor.py:840} INFO - DAG(s) 'example_skip_dag' retrieved from /home/airflow/.local/lib/python3.12/site-packages/airflow/example_dags/example_skip_dag.py
[2026-01-29T04:03:00.415+0000] {logging_mixin.py:188} INFO - [2026-01-29T04:03:00.415+0000] {dag.py:3089} INFO - Sync 1 DAGs
[2026-01-29T04:03:00.438+0000] {logging_mixin.py:188} INFO - [2026-01-29T04:03:00.438+0000] {dag.py:3947} INFO - Setting next_dagrun for example_skip_dag to 2026-01-28 00:00:00+00:00, run_after=2026-01-29 00:00:00+00:00
[2026-01-29T04:03:00.457+0000] {processor.py:183} INFO - Processing /home/airflow/.local/lib/python3.12/site-packages/airflow/example_dags/example_skip_dag.py took 0.079 seconds
[2026-01-29T04:03:30.636+0000] {processor.py:161} INFO - Started process (PID=91892) to work on /home/airflow/.local/lib/python3.12/site-packages/airflow/example_dags/example_skip_dag.py
[2026-01-29T04:03:30.638+0000] {processor.py:830} INFO - Processing file /home/airflow/.local/lib/python3.12/site-packages/airflow/example_dags/example_skip_dag.py for tasks to queue
[2026-01-29T04:03:30.639+0000] {logging_mixin.py:188} INFO - [2026-01-29T04:03:30.639+0000] {dagbag.py:545} INFO - Filling up the DagBag from /home/airflow/.local/lib/python3.12/site-packages/airflow/example_dags/example_skip_dag.py
[2026-01-29T04:03:30.646+0000] {processor.py:840} INFO - DAG(s) 'example_skip_dag' retrieved from /home/airflow/.local/lib/python3.12/site-packages/airflow/example_dags/example_skip_dag.py
[2026-01-29T04:03:30.668+0000] {logging_mixin.py:188} INFO - [2026-01-29T04:03:30.668+0000] {dag.py:3089} INFO - Sync 1 DAGs
[2026-01-29T04:03:30.692+0000] {logging_mixin.py:188} INFO - [2026-01-29T04:03:30.692+0000] {dag.py:3947} INFO - Setting next_dagrun for example_skip_dag to 2026-01-28 00:00:00+00:00, run_after=2026-01-29 00:00:00+00:00
[2026-01-29T04:03:30.712+0000] {processor.py:183} INFO - Processing /home/airflow/.local/lib/python3.12/site-packages/airflow/example_dags/example_skip_dag.py took 0.082 seconds
[2026-01-29T04:04:00.765+0000] {processor.py:161} INFO - Started process (PID=91951) to work on /home/airflow/.local/lib/python3.12/site-packages/airflow/example_dags/example_skip_dag.py
[2026-01-29T04:04:00.766+0000] {processor.py:830} INFO - Processing file /home/airflow/.local/lib/python3.12/site-packages/airflow/example_dags/example_skip_dag.py for tasks to queue
[2026-01-29T04:04:00.768+0000] {logging_mixin.py:188} INFO - [2026-01-29T04:04:00.767+0000] {dagbag.py:545} INFO - Filling up the DagBag from /home/airflow/.local/lib/python3.12/site-packages/airflow/example_dags/example_skip_dag.py
[2026-01-29T04:04:00.775+0000] {processor.py:840} INFO - DAG(s) 'example_skip_dag' retrieved from /home/airflow/.local/lib/python3.12/site-packages/airflow/example_dags/example_skip_dag.py
[2026-01-29T04:04:00.797+0000] {logging_mixin.py:188} INFO - [2026-01-29T04:04:00.797+0000] {dag.py:3089} INFO - Sync 1 DAGs
[2026-01-29T04:04:00.825+0000] {logging_mixin.py:188} INFO - [2026-01-29T04:04:00.825+0000] {dag.py:3947} INFO - Setting next_dagrun for example_skip_dag to 2026-01-28 00:00:00+00:00, run_after=2026-01-29 00:00:00+00:00
[2026-01-29T04:04:00.850+0000] {processor.py:183} INFO - Processing /home/airflow/.local/lib/python3.12/site-packages/airflow/example_dags/example_skip_dag.py took 0.091 seconds
[2026-01-29T04:04:31.139+0000] {processor.py:161} INFO - Started process (PID=92015) to work on /home/airflow/.local/lib/python3.12/site-packages/airflow/example_dags/example_skip_dag.py
[2026-01-29T04:04:31.141+0000] {processor.py:830} INFO - Processing file /home/airflow/.local/lib/python3.12/site-packages/airflow/example_dags/example_skip_dag.py for tasks to queue
[2026-01-29T04:04:31.142+0000] {logging_mixin.py:188} INFO - [2026-01-29T04:04:31.142+0000] {dagbag.py:545} INFO - Filling up the DagBag from /home/airflow/.local/lib/python3.12/site-packages/airflow/example_dags/example_skip_dag.py
[2026-01-29T04:04:31.149+0000] {processor.py:840} INFO - DAG(s) 'example_skip_dag' retrieved from /home/airflow/.local/lib/python3.12/site-packages/airflow/example_dags/example_skip_dag.py
[2026-01-29T04:04:31.169+0000] {logging_mixin.py:188} INFO - [2026-01-29T04:04:31.169+0000] {dag.py:3089} INFO - Sync 1 DAGs
[2026-01-29T04:04:31.191+0000] {logging_mixin.py:188} INFO - [2026-01-29T04:04:31.191+0000] {dag.py:3947} INFO - Setting next_dagrun for example_skip_dag to 2026-01-28 00:00:00+00:00, run_after=2026-01-29 00:00:00+00:00
[2026-01-29T04:04:31.212+0000] {processor.py:183} INFO - Processing /home/airflow/.local/lib/python3.12/site-packages/airflow/example_dags/example_skip_dag.py took 0.079 seconds
[2026-01-29T04:05:01.557+0000] {processor.py:161} INFO - Started process (PID=92079) to work on /home/airflow/.local/lib/python3.12/site-packages/airflow/example_dags/example_skip_dag.py
[2026-01-29T04:05:01.558+0000] {processor.py:830} INFO - Processing file /home/airflow/.local/lib/python3.12/site-packages/airflow/example_dags/example_skip_dag.py for tasks to queue
[2026-01-29T04:05:01.560+0000] {logging_mixin.py:188} INFO - [2026-01-29T04:05:01.559+0000] {dagbag.py:545} INFO - Filling up the DagBag from /home/airflow/.local/lib/python3.12/site-packages/airflow/example_dags/example_skip_dag.py
[2026-01-29T04:05:01.566+0000] {processor.py:840} INFO - DAG(s) 'example_skip_dag' retrieved from /home/airflow/.local/lib/python3.12/site-packages/airflow/example_dags/example_skip_dag.py
[2026-01-29T04:05:01.586+0000] {logging_mixin.py:188} INFO - [2026-01-29T04:05:01.586+0000] {dag.py:3089} INFO - Sync 1 DAGs
[2026-01-29T04:05:01.613+0000] {logging_mixin.py:188} INFO - [2026-01-29T04:05:01.613+0000] {dag.py:3947} INFO - Setting next_dagrun for example_skip_dag to 2026-01-28 00:00:00+00:00, run_after=2026-01-29 00:00:00+00:00
[2026-01-29T04:05:01.636+0000] {processor.py:183} INFO - Processing /home/airflow/.local/lib/python3.12/site-packages/airflow/example_dags/example_skip_dag.py took 0.088 seconds
[2026-01-29T04:05:32.223+0000] {processor.py:161} INFO - Started process (PID=92136) to work on /home/airflow/.local/lib/python3.12/site-packages/airflow/example_dags/example_skip_dag.py
[2026-01-29T04:05:32.224+0000] {processor.py:830} INFO - Processing file /home/airflow/.local/lib/python3.12/site-packages/airflow/example_dags/example_skip_dag.py for tasks to queue
[2026-01-29T04:05:32.226+0000] {logging_mixin.py:188} INFO - [2026-01-29T04:05:32.225+0000] {dagbag.py:545} INFO - Filling up the DagBag from /home/airflow/.local/lib/python3.12/site-packages/airflow/example_dags/example_skip_dag.py
[2026-01-29T04:05:32.232+0000] {processor.py:840} INFO - DAG(s) 'example_skip_dag' retrieved from /home/airflow/.local/lib/python3.12/site-packages/airflow/example_dags/example_skip_dag.py
[2026-01-29T04:05:32.255+0000] {logging_mixin.py:188} INFO - [2026-01-29T04:05:32.255+0000] {dag.py:3089} INFO - Sync 1 DAGs
[2026-01-29T04:05:32.281+0000] {logging_mixin.py:188} INFO - [2026-01-29T04:05:32.281+0000] {dag.py:3947} INFO - Setting next_dagrun for example_skip_dag to 2026-01-28 00:00:00+00:00, run_after=2026-01-29 00:00:00+00:00
[2026-01-29T04:05:32.302+0000] {processor.py:183} INFO - Processing /home/airflow/.local/lib/python3.12/site-packages/airflow/example_dags/example_skip_dag.py took 0.085 seconds
[2026-01-29T04:06:02.406+0000] {processor.py:161} INFO - Started process (PID=92200) to work on /home/airflow/.local/lib/python3.12/site-packages/airflow/example_dags/example_skip_dag.py
[2026-01-29T04:06:02.407+0000] {processor.py:830} INFO - Processing file /home/airflow/.local/lib/python3.12/site-packages/airflow/example_dags/example_skip_dag.py for tasks to queue
[2026-01-29T04:06:02.409+0000] {logging_mixin.py:188} INFO - [2026-01-29T04:06:02.409+0000] {dagbag.py:545} INFO - Filling up the DagBag from /home/airflow/.local/lib/python3.12/site-packages/airflow/example_dags/example_skip_dag.py
[2026-01-29T04:06:02.417+0000] {processor.py:840} INFO - DAG(s) 'example_skip_dag' retrieved from /home/airflow/.local/lib/python3.12/site-packages/airflow/example_dags/example_skip_dag.py
[2026-01-29T04:06:02.441+0000] {logging_mixin.py:188} INFO - [2026-01-29T04:06:02.440+0000] {dag.py:3089} INFO - Sync 1 DAGs
[2026-01-29T04:06:02.466+0000] {logging_mixin.py:188} INFO - [2026-01-29T04:06:02.466+0000] {dag.py:3947} INFO - Setting next_dagrun for example_skip_dag to 2026-01-28 00:00:00+00:00, run_after=2026-01-29 00:00:00+00:00
[2026-01-29T04:06:02.487+0000] {processor.py:183} INFO - Processing /home/airflow/.local/lib/python3.12/site-packages/airflow/example_dags/example_skip_dag.py took 0.086 seconds
[2026-01-29T04:06:32.563+0000] {processor.py:161} INFO - Started process (PID=92259) to work on /home/airflow/.local/lib/python3.12/site-packages/airflow/example_dags/example_skip_dag.py
[2026-01-29T04:06:32.564+0000] {processor.py:830} INFO - Processing file /home/airflow/.local/lib/python3.12/site-packages/airflow/example_dags/example_skip_dag.py for tasks to queue
[2026-01-29T04:06:32.565+0000] {logging_mixin.py:188} INFO - [2026-01-29T04:06:32.565+0000] {dagbag.py:545} INFO - Filling up the DagBag from /home/airflow/.local/lib/python3.12/site-packages/airflow/example_dags/example_skip_dag.py
[2026-01-29T04:06:32.573+0000] {processor.py:840} INFO - DAG(s) 'example_skip_dag' retrieved from /home/airflow/.local/lib/python3.12/site-packages/airflow/example_dags/example_skip_dag.py
[2026-01-29T04:06:32.594+0000] {logging_mixin.py:188} INFO - [2026-01-29T04:06:32.593+0000] {dag.py:3089} INFO - Sync 1 DAGs
[2026-01-29T04:06:32.624+0000] {logging_mixin.py:188} INFO - [2026-01-29T04:06:32.623+0000] {dag.py:3947} INFO - Setting next_dagrun for example_skip_dag to 2026-01-28 00:00:00+00:00, run_after=2026-01-29 00:00:00+00:00
[2026-01-29T04:06:32.645+0000] {processor.py:183} INFO - Processing /home/airflow/.local/lib/python3.12/site-packages/airflow/example_dags/example_skip_dag.py took 0.089 seconds
[2026-01-29T04:07:02.890+0000] {processor.py:161} INFO - Started process (PID=92323) to work on /home/airflow/.local/lib/python3.12/site-packages/airflow/example_dags/example_skip_dag.py
[2026-01-29T04:07:02.891+0000] {processor.py:830} INFO - Processing file /home/airflow/.local/lib/python3.12/site-packages/airflow/example_dags/example_skip_dag.py for tasks to queue
[2026-01-29T04:07:02.893+0000] {logging_mixin.py:188} INFO - [2026-01-29T04:07:02.893+0000] {dagbag.py:545} INFO - Filling up the DagBag from /home/airflow/.local/lib/python3.12/site-packages/airflow/example_dags/example_skip_dag.py
[2026-01-29T04:07:02.899+0000] {processor.py:840} INFO - DAG(s) 'example_skip_dag' retrieved from /home/airflow/.local/lib/python3.12/site-packages/airflow/example_dags/example_skip_dag.py
[2026-01-29T04:07:02.920+0000] {logging_mixin.py:188} INFO - [2026-01-29T04:07:02.919+0000] {dag.py:3089} INFO - Sync 1 DAGs
[2026-01-29T04:07:02.943+0000] {logging_mixin.py:188} INFO - [2026-01-29T04:07:02.943+0000] {dag.py:3947} INFO - Setting next_dagrun for example_skip_dag to 2026-01-28 00:00:00+00:00, run_after=2026-01-29 00:00:00+00:00
[2026-01-29T04:07:02.962+0000] {processor.py:183} INFO - Processing /home/airflow/.local/lib/python3.12/site-packages/airflow/example_dags/example_skip_dag.py took 0.078 seconds
[2026-01-29T04:07:33.106+0000] {processor.py:161} INFO - Started process (PID=92382) to work on /home/airflow/.local/lib/python3.12/site-packages/airflow/example_dags/example_skip_dag.py
[2026-01-29T04:07:33.107+0000] {processor.py:830} INFO - Processing file /home/airflow/.local/lib/python3.12/site-packages/airflow/example_dags/example_skip_dag.py for tasks to queue
[2026-01-29T04:07:33.109+0000] {logging_mixin.py:188} INFO - [2026-01-29T04:07:33.108+0000] {dagbag.py:545} INFO - Filling up the DagBag from /home/airflow/.local/lib/python3.12/site-packages/airflow/example_dags/example_skip_dag.py
[2026-01-29T04:07:33.116+0000] {processor.py:840} INFO - DAG(s) 'example_skip_dag' retrieved from /home/airflow/.local/lib/python3.12/site-packages/airflow/example_dags/example_skip_dag.py
[2026-01-29T04:07:33.140+0000] {logging_mixin.py:188} INFO - [2026-01-29T04:07:33.139+0000] {dag.py:3089} INFO - Sync 1 DAGs
[2026-01-29T04:07:33.164+0000] {logging_mixin.py:188} INFO - [2026-01-29T04:07:33.164+0000] {dag.py:3947} INFO - Setting next_dagrun for example_skip_dag to 2026-01-28 00:00:00+00:00, run_after=2026-01-29 00:00:00+00:00
[2026-01-29T04:07:33.185+0000] {processor.py:183} INFO - Processing /home/airflow/.local/lib/python3.12/site-packages/airflow/example_dags/example_skip_dag.py took 0.085 seconds
[2026-01-29T04:08:03.440+0000] {processor.py:161} INFO - Started process (PID=92446) to work on /home/airflow/.local/lib/python3.12/site-packages/airflow/example_dags/example_skip_dag.py
[2026-01-29T04:08:03.440+0000] {processor.py:830} INFO - Processing file /home/airflow/.local/lib/python3.12/site-packages/airflow/example_dags/example_skip_dag.py for tasks to queue
[2026-01-29T04:08:03.442+0000] {logging_mixin.py:188} INFO - [2026-01-29T04:08:03.442+0000] {dagbag.py:545} INFO - Filling up the DagBag from /home/airflow/.local/lib/python3.12/site-packages/airflow/example_dags/example_skip_dag.py
[2026-01-29T04:08:03.448+0000] {processor.py:840} INFO - DAG(s) 'example_skip_dag' retrieved from /home/airflow/.local/lib/python3.12/site-packages/airflow/example_dags/example_skip_dag.py
[2026-01-29T04:08:03.469+0000] {logging_mixin.py:188} INFO - [2026-01-29T04:08:03.469+0000] {dag.py:3089} INFO - Sync 1 DAGs
[2026-01-29T04:08:03.492+0000] {logging_mixin.py:188} INFO - [2026-01-29T04:08:03.492+0000] {dag.py:3947} INFO - Setting next_dagrun for example_skip_dag to 2026-01-28 00:00:00+00:00, run_after=2026-01-29 00:00:00+00:00
[2026-01-29T04:08:03.511+0000] {processor.py:183} INFO - Processing /home/airflow/.local/lib/python3.12/site-packages/airflow/example_dags/example_skip_dag.py took 0.079 seconds
[2026-01-29T04:08:33.678+0000] {processor.py:161} INFO - Started process (PID=92505) to work on /home/airflow/.local/lib/python3.12/site-packages/airflow/example_dags/example_skip_dag.py
[2026-01-29T04:08:33.679+0000] {processor.py:830} INFO - Processing file /home/airflow/.local/lib/python3.12/site-packages/airflow/example_dags/example_skip_dag.py for tasks to queue
[2026-01-29T04:08:33.681+0000] {logging_mixin.py:188} INFO - [2026-01-29T04:08:33.681+0000] {dagbag.py:545} INFO - Filling up the DagBag from /home/airflow/.local/lib/python3.12/site-packages/airflow/example_dags/example_skip_dag.py
[2026-01-29T04:08:33.687+0000] {processor.py:840} INFO - DAG(s) 'example_skip_dag' retrieved from /home/airflow/.local/lib/python3.12/site-packages/airflow/example_dags/example_skip_dag.py
[2026-01-29T04:08:33.708+0000] {logging_mixin.py:188} INFO - [2026-01-29T04:08:33.708+0000] {dag.py:3089} INFO - Sync 1 DAGs
[2026-01-29T04:08:33.730+0000] {logging_mixin.py:188} INFO - [2026-01-29T04:08:33.730+0000] {dag.py:3947} INFO - Setting next_dagrun for example_skip_dag to 2026-01-28 00:00:00+00:00, run_after=2026-01-29 00:00:00+00:00
[2026-01-29T04:08:33.749+0000] {processor.py:183} INFO - Processing /home/airflow/.local/lib/python3.12/site-packages/airflow/example_dags/example_skip_dag.py took 0.077 seconds
[2026-01-29T04:09:03.937+0000] {processor.py:161} INFO - Started process (PID=92569) to work on /home/airflow/.local/lib/python3.12/site-packages/airflow/example_dags/example_skip_dag.py
[2026-01-29T04:09:03.938+0000] {processor.py:830} INFO - Processing file /home/airflow/.local/lib/python3.12/site-packages/airflow/example_dags/example_skip_dag.py for tasks to queue
[2026-01-29T04:09:03.939+0000] {logging_mixin.py:188} INFO - [2026-01-29T04:09:03.939+0000] {dagbag.py:545} INFO - Filling up the DagBag from /home/airflow/.local/lib/python3.12/site-packages/airflow/example_dags/example_skip_dag.py
[2026-01-29T04:09:03.946+0000] {processor.py:840} INFO - DAG(s) 'example_skip_dag' retrieved from /home/airflow/.local/lib/python3.12/site-packages/airflow/example_dags/example_skip_dag.py
[2026-01-29T04:09:03.968+0000] {logging_mixin.py:188} INFO - [2026-01-29T04:09:03.967+0000] {dag.py:3089} INFO - Sync 1 DAGs
[2026-01-29T04:09:03.993+0000] {logging_mixin.py:188} INFO - [2026-01-29T04:09:03.993+0000] {dag.py:3947} INFO - Setting next_dagrun for example_skip_dag to 2026-01-28 00:00:00+00:00, run_after=2026-01-29 00:00:00+00:00
[2026-01-29T04:09:04.016+0000] {processor.py:183} INFO - Processing /home/airflow/.local/lib/python3.12/site-packages/airflow/example_dags/example_skip_dag.py took 0.085 seconds
[2026-01-29T04:09:34.842+0000] {processor.py:161} INFO - Started process (PID=92628) to work on /home/airflow/.local/lib/python3.12/site-packages/airflow/example_dags/example_skip_dag.py
[2026-01-29T04:09:34.843+0000] {processor.py:830} INFO - Processing file /home/airflow/.local/lib/python3.12/site-packages/airflow/example_dags/example_skip_dag.py for tasks to queue
[2026-01-29T04:09:34.845+0000] {logging_mixin.py:188} INFO - [2026-01-29T04:09:34.844+0000] {dagbag.py:545} INFO - Filling up the DagBag from /home/airflow/.local/lib/python3.12/site-packages/airflow/example_dags/example_skip_dag.py
[2026-01-29T04:09:34.851+0000] {processor.py:840} INFO - DAG(s) 'example_skip_dag' retrieved from /home/airflow/.local/lib/python3.12/site-packages/airflow/example_dags/example_skip_dag.py
[2026-01-29T04:09:34.873+0000] {logging_mixin.py:188} INFO - [2026-01-29T04:09:34.873+0000] {dag.py:3089} INFO - Sync 1 DAGs
[2026-01-29T04:09:34.897+0000] {logging_mixin.py:188} INFO - [2026-01-29T04:09:34.896+0000] {dag.py:3947} INFO - Setting next_dagrun for example_skip_dag to 2026-01-28 00:00:00+00:00, run_after=2026-01-29 00:00:00+00:00
[2026-01-29T04:09:34.917+0000] {processor.py:183} INFO - Processing /home/airflow/.local/lib/python3.12/site-packages/airflow/example_dags/example_skip_dag.py took 0.081 seconds
[2026-01-29T04:10:05.833+0000] {processor.py:161} INFO - Started process (PID=92692) to work on /home/airflow/.local/lib/python3.12/site-packages/airflow/example_dags/example_skip_dag.py
[2026-01-29T04:10:05.833+0000] {processor.py:830} INFO - Processing file /home/airflow/.local/lib/python3.12/site-packages/airflow/example_dags/example_skip_dag.py for tasks to queue
[2026-01-29T04:10:05.835+0000] {logging_mixin.py:188} INFO - [2026-01-29T04:10:05.835+0000] {dagbag.py:545} INFO - Filling up the DagBag from /home/airflow/.local/lib/python3.12/site-packages/airflow/example_dags/example_skip_dag.py
[2026-01-29T04:10:05.841+0000] {processor.py:840} INFO - DAG(s) 'example_skip_dag' retrieved from /home/airflow/.local/lib/python3.12/site-packages/airflow/example_dags/example_skip_dag.py
[2026-01-29T04:10:05.863+0000] {logging_mixin.py:188} INFO - [2026-01-29T04:10:05.862+0000] {dag.py:3089} INFO - Sync 1 DAGs
[2026-01-29T04:10:05.886+0000] {logging_mixin.py:188} INFO - [2026-01-29T04:10:05.885+0000] {dag.py:3947} INFO - Setting next_dagrun for example_skip_dag to 2026-01-28 00:00:00+00:00, run_after=2026-01-29 00:00:00+00:00
[2026-01-29T04:10:05.905+0000] {processor.py:183} INFO - Processing /home/airflow/.local/lib/python3.12/site-packages/airflow/example_dags/example_skip_dag.py took 0.078 seconds
[2026-01-29T04:10:35.979+0000] {processor.py:161} INFO - Started process (PID=92751) to work on /home/airflow/.local/lib/python3.12/site-packages/airflow/example_dags/example_skip_dag.py
[2026-01-29T04:10:35.980+0000] {processor.py:830} INFO - Processing file /home/airflow/.local/lib/python3.12/site-packages/airflow/example_dags/example_skip_dag.py for tasks to queue
[2026-01-29T04:10:35.982+0000] {logging_mixin.py:188} INFO - [2026-01-29T04:10:35.981+0000] {dagbag.py:545} INFO - Filling up the DagBag from /home/airflow/.local/lib/python3.12/site-packages/airflow/example_dags/example_skip_dag.py
[2026-01-29T04:10:35.988+0000] {processor.py:840} INFO - DAG(s) 'example_skip_dag' retrieved from /home/airflow/.local/lib/python3.12/site-packages/airflow/example_dags/example_skip_dag.py
[2026-01-29T04:10:36.009+0000] {logging_mixin.py:188} INFO - [2026-01-29T04:10:36.009+0000] {dag.py:3089} INFO - Sync 1 DAGs
[2026-01-29T04:10:36.033+0000] {logging_mixin.py:188} INFO - [2026-01-29T04:10:36.032+0000] {dag.py:3947} INFO - Setting next_dagrun for example_skip_dag to 2026-01-28 00:00:00+00:00, run_after=2026-01-29 00:00:00+00:00
[2026-01-29T04:10:36.052+0000] {processor.py:183} INFO - Processing /home/airflow/.local/lib/python3.12/site-packages/airflow/example_dags/example_skip_dag.py took 0.079 seconds
[2026-01-29T04:11:06.799+0000] {processor.py:161} INFO - Started process (PID=92815) to work on /home/airflow/.local/lib/python3.12/site-packages/airflow/example_dags/example_skip_dag.py
[2026-01-29T04:11:06.800+0000] {processor.py:830} INFO - Processing file /home/airflow/.local/lib/python3.12/site-packages/airflow/example_dags/example_skip_dag.py for tasks to queue
[2026-01-29T04:11:06.802+0000] {logging_mixin.py:188} INFO - [2026-01-29T04:11:06.801+0000] {dagbag.py:545} INFO - Filling up the DagBag from /home/airflow/.local/lib/python3.12/site-packages/airflow/example_dags/example_skip_dag.py
[2026-01-29T04:11:06.808+0000] {processor.py:840} INFO - DAG(s) 'example_skip_dag' retrieved from /home/airflow/.local/lib/python3.12/site-packages/airflow/example_dags/example_skip_dag.py
[2026-01-29T04:11:06.833+0000] {logging_mixin.py:188} INFO - [2026-01-29T04:11:06.833+0000] {dag.py:3089} INFO - Sync 1 DAGs
[2026-01-29T04:11:06.856+0000] {logging_mixin.py:188} INFO - [2026-01-29T04:11:06.856+0000] {dag.py:3947} INFO - Setting next_dagrun for example_skip_dag to 2026-01-28 00:00:00+00:00, run_after=2026-01-29 00:00:00+00:00
[2026-01-29T04:11:06.875+0000] {processor.py:183} INFO - Processing /home/airflow/.local/lib/python3.12/site-packages/airflow/example_dags/example_skip_dag.py took 0.084 seconds
[2026-01-29T04:11:37.748+0000] {processor.py:161} INFO - Started process (PID=92874) to work on /home/airflow/.local/lib/python3.12/site-packages/airflow/example_dags/example_skip_dag.py
[2026-01-29T04:11:37.749+0000] {processor.py:830} INFO - Processing file /home/airflow/.local/lib/python3.12/site-packages/airflow/example_dags/example_skip_dag.py for tasks to queue
[2026-01-29T04:11:37.750+0000] {logging_mixin.py:188} INFO - [2026-01-29T04:11:37.750+0000] {dagbag.py:545} INFO - Filling up the DagBag from /home/airflow/.local/lib/python3.12/site-packages/airflow/example_dags/example_skip_dag.py
[2026-01-29T04:11:37.757+0000] {processor.py:840} INFO - DAG(s) 'example_skip_dag' retrieved from /home/airflow/.local/lib/python3.12/site-packages/airflow/example_dags/example_skip_dag.py
[2026-01-29T04:11:37.779+0000] {logging_mixin.py:188} INFO - [2026-01-29T04:11:37.779+0000] {dag.py:3089} INFO - Sync 1 DAGs
[2026-01-29T04:11:37.803+0000] {logging_mixin.py:188} INFO - [2026-01-29T04:11:37.803+0000] {dag.py:3947} INFO - Setting next_dagrun for example_skip_dag to 2026-01-28 00:00:00+00:00, run_after=2026-01-29 00:00:00+00:00
[2026-01-29T04:11:37.825+0000] {processor.py:183} INFO - Processing /home/airflow/.local/lib/python3.12/site-packages/airflow/example_dags/example_skip_dag.py took 0.083 seconds
[2026-01-29T04:12:07.892+0000] {processor.py:161} INFO - Started process (PID=92938) to work on /home/airflow/.local/lib/python3.12/site-packages/airflow/example_dags/example_skip_dag.py
[2026-01-29T04:12:07.892+0000] {processor.py:830} INFO - Processing file /home/airflow/.local/lib/python3.12/site-packages/airflow/example_dags/example_skip_dag.py for tasks to queue
[2026-01-29T04:12:07.894+0000] {logging_mixin.py:188} INFO - [2026-01-29T04:12:07.894+0000] {dagbag.py:545} INFO - Filling up the DagBag from /home/airflow/.local/lib/python3.12/site-packages/airflow/example_dags/example_skip_dag.py
[2026-01-29T04:12:07.900+0000] {processor.py:840} INFO - DAG(s) 'example_skip_dag' retrieved from /home/airflow/.local/lib/python3.12/site-packages/airflow/example_dags/example_skip_dag.py
[2026-01-29T04:12:07.921+0000] {logging_mixin.py:188} INFO - [2026-01-29T04:12:07.920+0000] {dag.py:3089} INFO - Sync 1 DAGs
[2026-01-29T04:12:07.943+0000] {logging_mixin.py:188} INFO - [2026-01-29T04:12:07.943+0000] {dag.py:3947} INFO - Setting next_dagrun for example_skip_dag to 2026-01-28 00:00:00+00:00, run_after=2026-01-29 00:00:00+00:00
[2026-01-29T04:12:07.962+0000] {processor.py:183} INFO - Processing /home/airflow/.local/lib/python3.12/site-packages/airflow/example_dags/example_skip_dag.py took 0.076 seconds
[2026-01-29T04:12:38.190+0000] {processor.py:161} INFO - Started process (PID=92997) to work on /home/airflow/.local/lib/python3.12/site-packages/airflow/example_dags/example_skip_dag.py
[2026-01-29T04:12:38.191+0000] {processor.py:830} INFO - Processing file /home/airflow/.local/lib/python3.12/site-packages/airflow/example_dags/example_skip_dag.py for tasks to queue
[2026-01-29T04:12:38.193+0000] {logging_mixin.py:188} INFO - [2026-01-29T04:12:38.193+0000] {dagbag.py:545} INFO - Filling up the DagBag from /home/airflow/.local/lib/python3.12/site-packages/airflow/example_dags/example_skip_dag.py
[2026-01-29T04:12:38.200+0000] {processor.py:840} INFO - DAG(s) 'example_skip_dag' retrieved from /home/airflow/.local/lib/python3.12/site-packages/airflow/example_dags/example_skip_dag.py
[2026-01-29T04:12:38.224+0000] {logging_mixin.py:188} INFO - [2026-01-29T04:12:38.224+0000] {dag.py:3089} INFO - Sync 1 DAGs
[2026-01-29T04:12:38.249+0000] {logging_mixin.py:188} INFO - [2026-01-29T04:12:38.248+0000] {dag.py:3947} INFO - Setting next_dagrun for example_skip_dag to 2026-01-28 00:00:00+00:00, run_after=2026-01-29 00:00:00+00:00
[2026-01-29T04:12:38.269+0000] {processor.py:183} INFO - Processing /home/airflow/.local/lib/python3.12/site-packages/airflow/example_dags/example_skip_dag.py took 0.085 seconds
[2026-01-29T04:13:08.350+0000] {processor.py:161} INFO - Started process (PID=93061) to work on /home/airflow/.local/lib/python3.12/site-packages/airflow/example_dags/example_skip_dag.py
[2026-01-29T04:13:08.350+0000] {processor.py:830} INFO - Processing file /home/airflow/.local/lib/python3.12/site-packages/airflow/example_dags/example_skip_dag.py for tasks to queue
[2026-01-29T04:13:08.352+0000] {logging_mixin.py:188} INFO - [2026-01-29T04:13:08.352+0000] {dagbag.py:545} INFO - Filling up the DagBag from /home/airflow/.local/lib/python3.12/site-packages/airflow/example_dags/example_skip_dag.py
[2026-01-29T04:13:08.359+0000] {processor.py:840} INFO - DAG(s) 'example_skip_dag' retrieved from /home/airflow/.local/lib/python3.12/site-packages/airflow/example_dags/example_skip_dag.py
[2026-01-29T04:13:08.383+0000] {logging_mixin.py:188} INFO - [2026-01-29T04:13:08.383+0000] {dag.py:3089} INFO - Sync 1 DAGs
[2026-01-29T04:13:08.407+0000] {logging_mixin.py:188} INFO - [2026-01-29T04:13:08.407+0000] {dag.py:3947} INFO - Setting next_dagrun for example_skip_dag to 2026-01-28 00:00:00+00:00, run_after=2026-01-29 00:00:00+00:00
[2026-01-29T04:13:08.429+0000] {processor.py:183} INFO - Processing /home/airflow/.local/lib/python3.12/site-packages/airflow/example_dags/example_skip_dag.py took 0.086 seconds
[2026-01-29T04:13:39.053+0000] {processor.py:161} INFO - Started process (PID=93120) to work on /home/airflow/.local/lib/python3.12/site-packages/airflow/example_dags/example_skip_dag.py
[2026-01-29T04:13:39.054+0000] {processor.py:830} INFO - Processing file /home/airflow/.local/lib/python3.12/site-packages/airflow/example_dags/example_skip_dag.py for tasks to queue
[2026-01-29T04:13:39.055+0000] {logging_mixin.py:188} INFO - [2026-01-29T04:13:39.055+0000] {dagbag.py:545} INFO - Filling up the DagBag from /home/airflow/.local/lib/python3.12/site-packages/airflow/example_dags/example_skip_dag.py
[2026-01-29T04:13:39.062+0000] {processor.py:840} INFO - DAG(s) 'example_skip_dag' retrieved from /home/airflow/.local/lib/python3.12/site-packages/airflow/example_dags/example_skip_dag.py
[2026-01-29T04:13:39.082+0000] {logging_mixin.py:188} INFO - [2026-01-29T04:13:39.081+0000] {dag.py:3089} INFO - Sync 1 DAGs
[2026-01-29T04:13:39.104+0000] {logging_mixin.py:188} INFO - [2026-01-29T04:13:39.103+0000] {dag.py:3947} INFO - Setting next_dagrun for example_skip_dag to 2026-01-28 00:00:00+00:00, run_after=2026-01-29 00:00:00+00:00
[2026-01-29T04:13:39.121+0000] {processor.py:183} INFO - Processing /home/airflow/.local/lib/python3.12/site-packages/airflow/example_dags/example_skip_dag.py took 0.075 seconds
[2026-01-29T04:14:09.768+0000] {processor.py:161} INFO - Started process (PID=93184) to work on /home/airflow/.local/lib/python3.12/site-packages/airflow/example_dags/example_skip_dag.py
[2026-01-29T04:14:09.768+0000] {processor.py:830} INFO - Processing file /home/airflow/.local/lib/python3.12/site-packages/airflow/example_dags/example_skip_dag.py for tasks to queue
[2026-01-29T04:14:09.770+0000] {logging_mixin.py:188} INFO - [2026-01-29T04:14:09.770+0000] {dagbag.py:545} INFO - Filling up the DagBag from /home/airflow/.local/lib/python3.12/site-packages/airflow/example_dags/example_skip_dag.py
[2026-01-29T04:14:09.778+0000] {processor.py:840} INFO - DAG(s) 'example_skip_dag' retrieved from /home/airflow/.local/lib/python3.12/site-packages/airflow/example_dags/example_skip_dag.py
[2026-01-29T04:14:09.802+0000] {logging_mixin.py:188} INFO - [2026-01-29T04:14:09.801+0000] {dag.py:3089} INFO - Sync 1 DAGs
[2026-01-29T04:14:09.827+0000] {logging_mixin.py:188} INFO - [2026-01-29T04:14:09.826+0000] {dag.py:3947} INFO - Setting next_dagrun for example_skip_dag to 2026-01-28 00:00:00+00:00, run_after=2026-01-29 00:00:00+00:00
[2026-01-29T04:14:09.848+0000] {processor.py:183} INFO - Processing /home/airflow/.local/lib/python3.12/site-packages/airflow/example_dags/example_skip_dag.py took 0.087 seconds
[2026-01-29T04:14:39.926+0000] {processor.py:161} INFO - Started process (PID=93243) to work on /home/airflow/.local/lib/python3.12/site-packages/airflow/example_dags/example_skip_dag.py
[2026-01-29T04:14:39.927+0000] {processor.py:830} INFO - Processing file /home/airflow/.local/lib/python3.12/site-packages/airflow/example_dags/example_skip_dag.py for tasks to queue
[2026-01-29T04:14:39.928+0000] {logging_mixin.py:188} INFO - [2026-01-29T04:14:39.928+0000] {dagbag.py:545} INFO - Filling up the DagBag from /home/airflow/.local/lib/python3.12/site-packages/airflow/example_dags/example_skip_dag.py
[2026-01-29T04:14:39.935+0000] {processor.py:840} INFO - DAG(s) 'example_skip_dag' retrieved from /home/airflow/.local/lib/python3.12/site-packages/airflow/example_dags/example_skip_dag.py
[2026-01-29T04:14:39.956+0000] {logging_mixin.py:188} INFO - [2026-01-29T04:14:39.956+0000] {dag.py:3089} INFO - Sync 1 DAGs
[2026-01-29T04:14:39.979+0000] {logging_mixin.py:188} INFO - [2026-01-29T04:14:39.979+0000] {dag.py:3947} INFO - Setting next_dagrun for example_skip_dag to 2026-01-28 00:00:00+00:00, run_after=2026-01-29 00:00:00+00:00
[2026-01-29T04:14:39.999+0000] {processor.py:183} INFO - Processing /home/airflow/.local/lib/python3.12/site-packages/airflow/example_dags/example_skip_dag.py took 0.079 seconds
[2026-01-29T04:15:10.093+0000] {processor.py:161} INFO - Started process (PID=93307) to work on /home/airflow/.local/lib/python3.12/site-packages/airflow/example_dags/example_skip_dag.py
[2026-01-29T04:15:10.093+0000] {processor.py:830} INFO - Processing file /home/airflow/.local/lib/python3.12/site-packages/airflow/example_dags/example_skip_dag.py for tasks to queue
[2026-01-29T04:15:10.095+0000] {logging_mixin.py:188} INFO - [2026-01-29T04:15:10.095+0000] {dagbag.py:545} INFO - Filling up the DagBag from /home/airflow/.local/lib/python3.12/site-packages/airflow/example_dags/example_skip_dag.py
[2026-01-29T04:15:10.101+0000] {processor.py:840} INFO - DAG(s) 'example_skip_dag' retrieved from /home/airflow/.local/lib/python3.12/site-packages/airflow/example_dags/example_skip_dag.py
[2026-01-29T04:15:10.122+0000] {logging_mixin.py:188} INFO - [2026-01-29T04:15:10.122+0000] {dag.py:3089} INFO - Sync 1 DAGs
[2026-01-29T04:15:10.144+0000] {logging_mixin.py:188} INFO - [2026-01-29T04:15:10.144+0000] {dag.py:3947} INFO - Setting next_dagrun for example_skip_dag to 2026-01-28 00:00:00+00:00, run_after=2026-01-29 00:00:00+00:00
[2026-01-29T04:15:10.168+0000] {processor.py:183} INFO - Processing /home/airflow/.local/lib/python3.12/site-packages/airflow/example_dags/example_skip_dag.py took 0.081 seconds
[2026-01-29T04:15:40.276+0000] {processor.py:161} INFO - Started process (PID=93365) to work on /home/airflow/.local/lib/python3.12/site-packages/airflow/example_dags/example_skip_dag.py
[2026-01-29T04:15:40.277+0000] {processor.py:830} INFO - Processing file /home/airflow/.local/lib/python3.12/site-packages/airflow/example_dags/example_skip_dag.py for tasks to queue
[2026-01-29T04:15:40.279+0000] {logging_mixin.py:188} INFO - [2026-01-29T04:15:40.279+0000] {dagbag.py:545} INFO - Filling up the DagBag from /home/airflow/.local/lib/python3.12/site-packages/airflow/example_dags/example_skip_dag.py
[2026-01-29T04:15:40.285+0000] {processor.py:840} INFO - DAG(s) 'example_skip_dag' retrieved from /home/airflow/.local/lib/python3.12/site-packages/airflow/example_dags/example_skip_dag.py
[2026-01-29T04:15:40.306+0000] {logging_mixin.py:188} INFO - [2026-01-29T04:15:40.305+0000] {dag.py:3089} INFO - Sync 1 DAGs
[2026-01-29T04:15:40.328+0000] {logging_mixin.py:188} INFO - [2026-01-29T04:15:40.328+0000] {dag.py:3947} INFO - Setting next_dagrun for example_skip_dag to 2026-01-28 00:00:00+00:00, run_after=2026-01-29 00:00:00+00:00
[2026-01-29T04:15:40.347+0000] {processor.py:183} INFO - Processing /home/airflow/.local/lib/python3.12/site-packages/airflow/example_dags/example_skip_dag.py took 0.077 seconds
[2026-01-29T04:16:10.632+0000] {processor.py:161} INFO - Started process (PID=93429) to work on /home/airflow/.local/lib/python3.12/site-packages/airflow/example_dags/example_skip_dag.py
[2026-01-29T04:16:10.633+0000] {processor.py:830} INFO - Processing file /home/airflow/.local/lib/python3.12/site-packages/airflow/example_dags/example_skip_dag.py for tasks to queue
[2026-01-29T04:16:10.635+0000] {logging_mixin.py:188} INFO - [2026-01-29T04:16:10.634+0000] {dagbag.py:545} INFO - Filling up the DagBag from /home/airflow/.local/lib/python3.12/site-packages/airflow/example_dags/example_skip_dag.py
[2026-01-29T04:16:10.641+0000] {processor.py:840} INFO - DAG(s) 'example_skip_dag' retrieved from /home/airflow/.local/lib/python3.12/site-packages/airflow/example_dags/example_skip_dag.py
[2026-01-29T04:16:10.663+0000] {logging_mixin.py:188} INFO - [2026-01-29T04:16:10.663+0000] {dag.py:3089} INFO - Sync 1 DAGs
[2026-01-29T04:16:10.687+0000] {logging_mixin.py:188} INFO - [2026-01-29T04:16:10.686+0000] {dag.py:3947} INFO - Setting next_dagrun for example_skip_dag to 2026-01-28 00:00:00+00:00, run_after=2026-01-29 00:00:00+00:00
[2026-01-29T04:16:10.705+0000] {processor.py:183} INFO - Processing /home/airflow/.local/lib/python3.12/site-packages/airflow/example_dags/example_skip_dag.py took 0.079 seconds
[2026-01-29T04:16:40.937+0000] {processor.py:161} INFO - Started process (PID=93488) to work on /home/airflow/.local/lib/python3.12/site-packages/airflow/example_dags/example_skip_dag.py
[2026-01-29T04:16:40.937+0000] {processor.py:830} INFO - Processing file /home/airflow/.local/lib/python3.12/site-packages/airflow/example_dags/example_skip_dag.py for tasks to queue
[2026-01-29T04:16:40.939+0000] {logging_mixin.py:188} INFO - [2026-01-29T04:16:40.939+0000] {dagbag.py:545} INFO - Filling up the DagBag from /home/airflow/.local/lib/python3.12/site-packages/airflow/example_dags/example_skip_dag.py
[2026-01-29T04:16:40.946+0000] {processor.py:840} INFO - DAG(s) 'example_skip_dag' retrieved from /home/airflow/.local/lib/python3.12/site-packages/airflow/example_dags/example_skip_dag.py
[2026-01-29T04:16:40.970+0000] {logging_mixin.py:188} INFO - [2026-01-29T04:16:40.969+0000] {dag.py:3089} INFO - Sync 1 DAGs
[2026-01-29T04:16:40.994+0000] {logging_mixin.py:188} INFO - [2026-01-29T04:16:40.994+0000] {dag.py:3947} INFO - Setting next_dagrun for example_skip_dag to 2026-01-28 00:00:00+00:00, run_after=2026-01-29 00:00:00+00:00
[2026-01-29T04:16:41.016+0000] {processor.py:183} INFO - Processing /home/airflow/.local/lib/python3.12/site-packages/airflow/example_dags/example_skip_dag.py took 0.085 seconds
[2026-01-29T04:17:11.092+0000] {processor.py:161} INFO - Started process (PID=93552) to work on /home/airflow/.local/lib/python3.12/site-packages/airflow/example_dags/example_skip_dag.py
[2026-01-29T04:17:11.093+0000] {processor.py:830} INFO - Processing file /home/airflow/.local/lib/python3.12/site-packages/airflow/example_dags/example_skip_dag.py for tasks to queue
[2026-01-29T04:17:11.095+0000] {logging_mixin.py:188} INFO - [2026-01-29T04:17:11.094+0000] {dagbag.py:545} INFO - Filling up the DagBag from /home/airflow/.local/lib/python3.12/site-packages/airflow/example_dags/example_skip_dag.py
[2026-01-29T04:17:11.102+0000] {processor.py:840} INFO - DAG(s) 'example_skip_dag' retrieved from /home/airflow/.local/lib/python3.12/site-packages/airflow/example_dags/example_skip_dag.py
[2026-01-29T04:17:11.122+0000] {logging_mixin.py:188} INFO - [2026-01-29T04:17:11.122+0000] {dag.py:3089} INFO - Sync 1 DAGs
[2026-01-29T04:17:11.144+0000] {logging_mixin.py:188} INFO - [2026-01-29T04:17:11.144+0000] {dag.py:3947} INFO - Setting next_dagrun for example_skip_dag to 2026-01-28 00:00:00+00:00, run_after=2026-01-29 00:00:00+00:00
[2026-01-29T04:17:11.166+0000] {processor.py:183} INFO - Processing /home/airflow/.local/lib/python3.12/site-packages/airflow/example_dags/example_skip_dag.py took 0.080 seconds
[2026-01-29T04:17:41.231+0000] {processor.py:161} INFO - Started process (PID=93611) to work on /home/airflow/.local/lib/python3.12/site-packages/airflow/example_dags/example_skip_dag.py
[2026-01-29T04:17:41.232+0000] {processor.py:830} INFO - Processing file /home/airflow/.local/lib/python3.12/site-packages/airflow/example_dags/example_skip_dag.py for tasks to queue
[2026-01-29T04:17:41.234+0000] {logging_mixin.py:188} INFO - [2026-01-29T04:17:41.233+0000] {dagbag.py:545} INFO - Filling up the DagBag from /home/airflow/.local/lib/python3.12/site-packages/airflow/example_dags/example_skip_dag.py
[2026-01-29T04:17:41.240+0000] {processor.py:840} INFO - DAG(s) 'example_skip_dag' retrieved from /home/airflow/.local/lib/python3.12/site-packages/airflow/example_dags/example_skip_dag.py
[2026-01-29T04:17:41.262+0000] {logging_mixin.py:188} INFO - [2026-01-29T04:17:41.262+0000] {dag.py:3089} INFO - Sync 1 DAGs
[2026-01-29T04:17:41.285+0000] {logging_mixin.py:188} INFO - [2026-01-29T04:17:41.285+0000] {dag.py:3947} INFO - Setting next_dagrun for example_skip_dag to 2026-01-28 00:00:00+00:00, run_after=2026-01-29 00:00:00+00:00
[2026-01-29T04:17:41.305+0000] {processor.py:183} INFO - Processing /home/airflow/.local/lib/python3.12/site-packages/airflow/example_dags/example_skip_dag.py took 0.080 seconds
[2026-01-29T04:18:11.761+0000] {processor.py:161} INFO - Started process (PID=93675) to work on /home/airflow/.local/lib/python3.12/site-packages/airflow/example_dags/example_skip_dag.py
[2026-01-29T04:18:11.763+0000] {processor.py:830} INFO - Processing file /home/airflow/.local/lib/python3.12/site-packages/airflow/example_dags/example_skip_dag.py for tasks to queue
[2026-01-29T04:18:11.765+0000] {logging_mixin.py:188} INFO - [2026-01-29T04:18:11.764+0000] {dagbag.py:545} INFO - Filling up the DagBag from /home/airflow/.local/lib/python3.12/site-packages/airflow/example_dags/example_skip_dag.py
[2026-01-29T04:18:11.772+0000] {processor.py:840} INFO - DAG(s) 'example_skip_dag' retrieved from /home/airflow/.local/lib/python3.12/site-packages/airflow/example_dags/example_skip_dag.py
[2026-01-29T04:18:11.794+0000] {logging_mixin.py:188} INFO - [2026-01-29T04:18:11.794+0000] {dag.py:3089} INFO - Sync 1 DAGs
[2026-01-29T04:18:11.817+0000] {logging_mixin.py:188} INFO - [2026-01-29T04:18:11.817+0000] {dag.py:3947} INFO - Setting next_dagrun for example_skip_dag to 2026-01-28 00:00:00+00:00, run_after=2026-01-29 00:00:00+00:00
[2026-01-29T04:18:11.837+0000] {processor.py:183} INFO - Processing /home/airflow/.local/lib/python3.12/site-packages/airflow/example_dags/example_skip_dag.py took 0.082 seconds
[2026-01-29T04:18:42.176+0000] {processor.py:161} INFO - Started process (PID=93734) to work on /home/airflow/.local/lib/python3.12/site-packages/airflow/example_dags/example_skip_dag.py
[2026-01-29T04:18:42.177+0000] {processor.py:830} INFO - Processing file /home/airflow/.local/lib/python3.12/site-packages/airflow/example_dags/example_skip_dag.py for tasks to queue
[2026-01-29T04:18:42.178+0000] {logging_mixin.py:188} INFO - [2026-01-29T04:18:42.178+0000] {dagbag.py:545} INFO - Filling up the DagBag from /home/airflow/.local/lib/python3.12/site-packages/airflow/example_dags/example_skip_dag.py
[2026-01-29T04:18:42.185+0000] {processor.py:840} INFO - DAG(s) 'example_skip_dag' retrieved from /home/airflow/.local/lib/python3.12/site-packages/airflow/example_dags/example_skip_dag.py
[2026-01-29T04:18:42.205+0000] {logging_mixin.py:188} INFO - [2026-01-29T04:18:42.205+0000] {dag.py:3089} INFO - Sync 1 DAGs
[2026-01-29T04:18:42.228+0000] {logging_mixin.py:188} INFO - [2026-01-29T04:18:42.228+0000] {dag.py:3947} INFO - Setting next_dagrun for example_skip_dag to 2026-01-28 00:00:00+00:00, run_after=2026-01-29 00:00:00+00:00
[2026-01-29T04:18:42.368+0000] {processor.py:183} INFO - Processing /home/airflow/.local/lib/python3.12/site-packages/airflow/example_dags/example_skip_dag.py took 0.198 seconds
[2026-01-29T04:19:13.358+0000] {processor.py:161} INFO - Started process (PID=93798) to work on /home/airflow/.local/lib/python3.12/site-packages/airflow/example_dags/example_skip_dag.py
[2026-01-29T04:19:13.359+0000] {processor.py:830} INFO - Processing file /home/airflow/.local/lib/python3.12/site-packages/airflow/example_dags/example_skip_dag.py for tasks to queue
[2026-01-29T04:19:13.361+0000] {logging_mixin.py:188} INFO - [2026-01-29T04:19:13.361+0000] {dagbag.py:545} INFO - Filling up the DagBag from /home/airflow/.local/lib/python3.12/site-packages/airflow/example_dags/example_skip_dag.py
[2026-01-29T04:19:13.369+0000] {processor.py:840} INFO - DAG(s) 'example_skip_dag' retrieved from /home/airflow/.local/lib/python3.12/site-packages/airflow/example_dags/example_skip_dag.py
[2026-01-29T04:19:13.394+0000] {logging_mixin.py:188} INFO - [2026-01-29T04:19:13.394+0000] {dag.py:3089} INFO - Sync 1 DAGs
[2026-01-29T04:19:13.421+0000] {logging_mixin.py:188} INFO - [2026-01-29T04:19:13.420+0000] {dag.py:3947} INFO - Setting next_dagrun for example_skip_dag to 2026-01-28 00:00:00+00:00, run_after=2026-01-29 00:00:00+00:00
[2026-01-29T04:19:13.442+0000] {processor.py:183} INFO - Processing /home/airflow/.local/lib/python3.12/site-packages/airflow/example_dags/example_skip_dag.py took 0.092 seconds
[2026-01-29T04:19:43.655+0000] {processor.py:161} INFO - Started process (PID=93857) to work on /home/airflow/.local/lib/python3.12/site-packages/airflow/example_dags/example_skip_dag.py
[2026-01-29T04:19:43.655+0000] {processor.py:830} INFO - Processing file /home/airflow/.local/lib/python3.12/site-packages/airflow/example_dags/example_skip_dag.py for tasks to queue
[2026-01-29T04:19:43.658+0000] {logging_mixin.py:188} INFO - [2026-01-29T04:19:43.657+0000] {dagbag.py:545} INFO - Filling up the DagBag from /home/airflow/.local/lib/python3.12/site-packages/airflow/example_dags/example_skip_dag.py
[2026-01-29T04:19:43.665+0000] {processor.py:840} INFO - DAG(s) 'example_skip_dag' retrieved from /home/airflow/.local/lib/python3.12/site-packages/airflow/example_dags/example_skip_dag.py
[2026-01-29T04:19:43.689+0000] {logging_mixin.py:188} INFO - [2026-01-29T04:19:43.689+0000] {dag.py:3089} INFO - Sync 1 DAGs
[2026-01-29T04:19:43.714+0000] {logging_mixin.py:188} INFO - [2026-01-29T04:19:43.714+0000] {dag.py:3947} INFO - Setting next_dagrun for example_skip_dag to 2026-01-28 00:00:00+00:00, run_after=2026-01-29 00:00:00+00:00
[2026-01-29T04:19:43.734+0000] {processor.py:183} INFO - Processing /home/airflow/.local/lib/python3.12/site-packages/airflow/example_dags/example_skip_dag.py took 0.088 seconds
[2026-01-29T04:20:14.059+0000] {processor.py:161} INFO - Started process (PID=93921) to work on /home/airflow/.local/lib/python3.12/site-packages/airflow/example_dags/example_skip_dag.py
[2026-01-29T04:20:14.060+0000] {processor.py:830} INFO - Processing file /home/airflow/.local/lib/python3.12/site-packages/airflow/example_dags/example_skip_dag.py for tasks to queue
[2026-01-29T04:20:14.062+0000] {logging_mixin.py:188} INFO - [2026-01-29T04:20:14.062+0000] {dagbag.py:545} INFO - Filling up the DagBag from /home/airflow/.local/lib/python3.12/site-packages/airflow/example_dags/example_skip_dag.py
[2026-01-29T04:20:14.070+0000] {processor.py:840} INFO - DAG(s) 'example_skip_dag' retrieved from /home/airflow/.local/lib/python3.12/site-packages/airflow/example_dags/example_skip_dag.py
[2026-01-29T04:20:14.100+0000] {logging_mixin.py:188} INFO - [2026-01-29T04:20:14.100+0000] {dag.py:3089} INFO - Sync 1 DAGs
[2026-01-29T04:20:14.254+0000] {logging_mixin.py:188} INFO - [2026-01-29T04:20:14.254+0000] {dag.py:3947} INFO - Setting next_dagrun for example_skip_dag to 2026-01-28 00:00:00+00:00, run_after=2026-01-29 00:00:00+00:00
[2026-01-29T04:20:14.273+0000] {processor.py:183} INFO - Processing /home/airflow/.local/lib/python3.12/site-packages/airflow/example_dags/example_skip_dag.py took 0.222 seconds
[2026-01-29T04:20:44.388+0000] {processor.py:161} INFO - Started process (PID=93980) to work on /home/airflow/.local/lib/python3.12/site-packages/airflow/example_dags/example_skip_dag.py
[2026-01-29T04:20:44.388+0000] {processor.py:830} INFO - Processing file /home/airflow/.local/lib/python3.12/site-packages/airflow/example_dags/example_skip_dag.py for tasks to queue
[2026-01-29T04:20:44.390+0000] {logging_mixin.py:188} INFO - [2026-01-29T04:20:44.390+0000] {dagbag.py:545} INFO - Filling up the DagBag from /home/airflow/.local/lib/python3.12/site-packages/airflow/example_dags/example_skip_dag.py
[2026-01-29T04:20:44.398+0000] {processor.py:840} INFO - DAG(s) 'example_skip_dag' retrieved from /home/airflow/.local/lib/python3.12/site-packages/airflow/example_dags/example_skip_dag.py
[2026-01-29T04:20:44.420+0000] {logging_mixin.py:188} INFO - [2026-01-29T04:20:44.420+0000] {dag.py:3089} INFO - Sync 1 DAGs
[2026-01-29T04:20:44.442+0000] {logging_mixin.py:188} INFO - [2026-01-29T04:20:44.442+0000] {dag.py:3947} INFO - Setting next_dagrun for example_skip_dag to 2026-01-28 00:00:00+00:00, run_after=2026-01-29 00:00:00+00:00
[2026-01-29T04:20:44.597+0000] {processor.py:183} INFO - Processing /home/airflow/.local/lib/python3.12/site-packages/airflow/example_dags/example_skip_dag.py took 0.218 seconds
[2026-01-29T04:21:15.355+0000] {processor.py:161} INFO - Started process (PID=94044) to work on /home/airflow/.local/lib/python3.12/site-packages/airflow/example_dags/example_skip_dag.py
[2026-01-29T04:21:15.356+0000] {processor.py:830} INFO - Processing file /home/airflow/.local/lib/python3.12/site-packages/airflow/example_dags/example_skip_dag.py for tasks to queue
[2026-01-29T04:21:15.358+0000] {logging_mixin.py:188} INFO - [2026-01-29T04:21:15.358+0000] {dagbag.py:545} INFO - Filling up the DagBag from /home/airflow/.local/lib/python3.12/site-packages/airflow/example_dags/example_skip_dag.py
[2026-01-29T04:21:15.366+0000] {processor.py:840} INFO - DAG(s) 'example_skip_dag' retrieved from /home/airflow/.local/lib/python3.12/site-packages/airflow/example_dags/example_skip_dag.py
[2026-01-29T04:21:15.392+0000] {logging_mixin.py:188} INFO - [2026-01-29T04:21:15.392+0000] {dag.py:3089} INFO - Sync 1 DAGs
[2026-01-29T04:21:15.418+0000] {logging_mixin.py:188} INFO - [2026-01-29T04:21:15.417+0000] {dag.py:3947} INFO - Setting next_dagrun for example_skip_dag to 2026-01-28 00:00:00+00:00, run_after=2026-01-29 00:00:00+00:00
[2026-01-29T04:21:15.438+0000] {processor.py:183} INFO - Processing /home/airflow/.local/lib/python3.12/site-packages/airflow/example_dags/example_skip_dag.py took 0.092 seconds
[2026-01-29T04:21:45.795+0000] {processor.py:161} INFO - Started process (PID=94103) to work on /home/airflow/.local/lib/python3.12/site-packages/airflow/example_dags/example_skip_dag.py
[2026-01-29T04:21:45.796+0000] {processor.py:830} INFO - Processing file /home/airflow/.local/lib/python3.12/site-packages/airflow/example_dags/example_skip_dag.py for tasks to queue
[2026-01-29T04:21:45.798+0000] {logging_mixin.py:188} INFO - [2026-01-29T04:21:45.797+0000] {dagbag.py:545} INFO - Filling up the DagBag from /home/airflow/.local/lib/python3.12/site-packages/airflow/example_dags/example_skip_dag.py
[2026-01-29T04:21:45.937+0000] {processor.py:840} INFO - DAG(s) 'example_skip_dag' retrieved from /home/airflow/.local/lib/python3.12/site-packages/airflow/example_dags/example_skip_dag.py
[2026-01-29T04:21:45.955+0000] {logging_mixin.py:188} INFO - [2026-01-29T04:21:45.955+0000] {dag.py:3089} INFO - Sync 1 DAGs
[2026-01-29T04:21:45.975+0000] {logging_mixin.py:188} INFO - [2026-01-29T04:21:45.975+0000] {dag.py:3947} INFO - Setting next_dagrun for example_skip_dag to 2026-01-28 00:00:00+00:00, run_after=2026-01-29 00:00:00+00:00
[2026-01-29T04:21:45.993+0000] {processor.py:183} INFO - Processing /home/airflow/.local/lib/python3.12/site-packages/airflow/example_dags/example_skip_dag.py took 0.206 seconds
[2026-01-29T04:22:16.999+0000] {processor.py:161} INFO - Started process (PID=94167) to work on /home/airflow/.local/lib/python3.12/site-packages/airflow/example_dags/example_skip_dag.py
[2026-01-29T04:22:17.000+0000] {processor.py:830} INFO - Processing file /home/airflow/.local/lib/python3.12/site-packages/airflow/example_dags/example_skip_dag.py for tasks to queue
[2026-01-29T04:22:17.002+0000] {logging_mixin.py:188} INFO - [2026-01-29T04:22:17.002+0000] {dagbag.py:545} INFO - Filling up the DagBag from /home/airflow/.local/lib/python3.12/site-packages/airflow/example_dags/example_skip_dag.py
[2026-01-29T04:22:17.011+0000] {processor.py:840} INFO - DAG(s) 'example_skip_dag' retrieved from /home/airflow/.local/lib/python3.12/site-packages/airflow/example_dags/example_skip_dag.py
[2026-01-29T04:22:17.036+0000] {logging_mixin.py:188} INFO - [2026-01-29T04:22:17.036+0000] {dag.py:3089} INFO - Sync 1 DAGs
[2026-01-29T04:22:17.062+0000] {logging_mixin.py:188} INFO - [2026-01-29T04:22:17.061+0000] {dag.py:3947} INFO - Setting next_dagrun for example_skip_dag to 2026-01-28 00:00:00+00:00, run_after=2026-01-29 00:00:00+00:00
[2026-01-29T04:22:17.083+0000] {processor.py:183} INFO - Processing /home/airflow/.local/lib/python3.12/site-packages/airflow/example_dags/example_skip_dag.py took 0.092 seconds
[2026-01-29T04:22:47.727+0000] {processor.py:161} INFO - Started process (PID=94226) to work on /home/airflow/.local/lib/python3.12/site-packages/airflow/example_dags/example_skip_dag.py
[2026-01-29T04:22:47.728+0000] {processor.py:830} INFO - Processing file /home/airflow/.local/lib/python3.12/site-packages/airflow/example_dags/example_skip_dag.py for tasks to queue
[2026-01-29T04:22:47.730+0000] {logging_mixin.py:188} INFO - [2026-01-29T04:22:47.730+0000] {dagbag.py:545} INFO - Filling up the DagBag from /home/airflow/.local/lib/python3.12/site-packages/airflow/example_dags/example_skip_dag.py
[2026-01-29T04:22:47.736+0000] {processor.py:840} INFO - DAG(s) 'example_skip_dag' retrieved from /home/airflow/.local/lib/python3.12/site-packages/airflow/example_dags/example_skip_dag.py
[2026-01-29T04:22:47.760+0000] {logging_mixin.py:188} INFO - [2026-01-29T04:22:47.759+0000] {dag.py:3089} INFO - Sync 1 DAGs
[2026-01-29T04:22:47.784+0000] {logging_mixin.py:188} INFO - [2026-01-29T04:22:47.784+0000] {dag.py:3947} INFO - Setting next_dagrun for example_skip_dag to 2026-01-28 00:00:00+00:00, run_after=2026-01-29 00:00:00+00:00
[2026-01-29T04:22:47.809+0000] {processor.py:183} INFO - Processing /home/airflow/.local/lib/python3.12/site-packages/airflow/example_dags/example_skip_dag.py took 0.088 seconds
[2026-01-29T04:23:18.507+0000] {processor.py:161} INFO - Started process (PID=94290) to work on /home/airflow/.local/lib/python3.12/site-packages/airflow/example_dags/example_skip_dag.py
[2026-01-29T04:23:18.508+0000] {processor.py:830} INFO - Processing file /home/airflow/.local/lib/python3.12/site-packages/airflow/example_dags/example_skip_dag.py for tasks to queue
[2026-01-29T04:23:18.510+0000] {logging_mixin.py:188} INFO - [2026-01-29T04:23:18.510+0000] {dagbag.py:545} INFO - Filling up the DagBag from /home/airflow/.local/lib/python3.12/site-packages/airflow/example_dags/example_skip_dag.py
[2026-01-29T04:23:18.518+0000] {processor.py:840} INFO - DAG(s) 'example_skip_dag' retrieved from /home/airflow/.local/lib/python3.12/site-packages/airflow/example_dags/example_skip_dag.py
[2026-01-29T04:23:18.541+0000] {logging_mixin.py:188} INFO - [2026-01-29T04:23:18.540+0000] {dag.py:3089} INFO - Sync 1 DAGs
[2026-01-29T04:23:18.564+0000] {logging_mixin.py:188} INFO - [2026-01-29T04:23:18.564+0000] {dag.py:3947} INFO - Setting next_dagrun for example_skip_dag to 2026-01-28 00:00:00+00:00, run_after=2026-01-29 00:00:00+00:00
[2026-01-29T04:23:18.585+0000] {processor.py:183} INFO - Processing /home/airflow/.local/lib/python3.12/site-packages/airflow/example_dags/example_skip_dag.py took 0.086 seconds
[2026-01-29T04:23:49.250+0000] {processor.py:161} INFO - Started process (PID=94355) to work on /home/airflow/.local/lib/python3.12/site-packages/airflow/example_dags/example_skip_dag.py
[2026-01-29T04:23:49.251+0000] {processor.py:830} INFO - Processing file /home/airflow/.local/lib/python3.12/site-packages/airflow/example_dags/example_skip_dag.py for tasks to queue
[2026-01-29T04:23:49.254+0000] {logging_mixin.py:188} INFO - [2026-01-29T04:23:49.254+0000] {dagbag.py:545} INFO - Filling up the DagBag from /home/airflow/.local/lib/python3.12/site-packages/airflow/example_dags/example_skip_dag.py
[2026-01-29T04:23:49.262+0000] {processor.py:840} INFO - DAG(s) 'example_skip_dag' retrieved from /home/airflow/.local/lib/python3.12/site-packages/airflow/example_dags/example_skip_dag.py
[2026-01-29T04:23:49.287+0000] {logging_mixin.py:188} INFO - [2026-01-29T04:23:49.287+0000] {dag.py:3089} INFO - Sync 1 DAGs
[2026-01-29T04:23:49.313+0000] {logging_mixin.py:188} INFO - [2026-01-29T04:23:49.312+0000] {dag.py:3947} INFO - Setting next_dagrun for example_skip_dag to 2026-01-28 00:00:00+00:00, run_after=2026-01-29 00:00:00+00:00
[2026-01-29T04:23:49.334+0000] {processor.py:183} INFO - Processing /home/airflow/.local/lib/python3.12/site-packages/airflow/example_dags/example_skip_dag.py took 0.092 seconds
[2026-01-29T04:24:20.059+0000] {processor.py:161} INFO - Started process (PID=94419) to work on /home/airflow/.local/lib/python3.12/site-packages/airflow/example_dags/example_skip_dag.py
[2026-01-29T04:24:20.060+0000] {processor.py:830} INFO - Processing file /home/airflow/.local/lib/python3.12/site-packages/airflow/example_dags/example_skip_dag.py for tasks to queue
[2026-01-29T04:24:20.063+0000] {logging_mixin.py:188} INFO - [2026-01-29T04:24:20.063+0000] {dagbag.py:545} INFO - Filling up the DagBag from /home/airflow/.local/lib/python3.12/site-packages/airflow/example_dags/example_skip_dag.py
[2026-01-29T04:24:20.070+0000] {processor.py:840} INFO - DAG(s) 'example_skip_dag' retrieved from /home/airflow/.local/lib/python3.12/site-packages/airflow/example_dags/example_skip_dag.py
[2026-01-29T04:24:20.094+0000] {logging_mixin.py:188} INFO - [2026-01-29T04:24:20.094+0000] {dag.py:3089} INFO - Sync 1 DAGs
[2026-01-29T04:24:20.116+0000] {logging_mixin.py:188} INFO - [2026-01-29T04:24:20.116+0000] {dag.py:3947} INFO - Setting next_dagrun for example_skip_dag to 2026-01-28 00:00:00+00:00, run_after=2026-01-29 00:00:00+00:00
[2026-01-29T04:24:20.135+0000] {processor.py:183} INFO - Processing /home/airflow/.local/lib/python3.12/site-packages/airflow/example_dags/example_skip_dag.py took 0.085 seconds
[2026-01-29T04:24:50.827+0000] {processor.py:161} INFO - Started process (PID=94478) to work on /home/airflow/.local/lib/python3.12/site-packages/airflow/example_dags/example_skip_dag.py
[2026-01-29T04:24:50.827+0000] {processor.py:830} INFO - Processing file /home/airflow/.local/lib/python3.12/site-packages/airflow/example_dags/example_skip_dag.py for tasks to queue
[2026-01-29T04:24:50.830+0000] {logging_mixin.py:188} INFO - [2026-01-29T04:24:50.830+0000] {dagbag.py:545} INFO - Filling up the DagBag from /home/airflow/.local/lib/python3.12/site-packages/airflow/example_dags/example_skip_dag.py
[2026-01-29T04:24:50.837+0000] {processor.py:840} INFO - DAG(s) 'example_skip_dag' retrieved from /home/airflow/.local/lib/python3.12/site-packages/airflow/example_dags/example_skip_dag.py
[2026-01-29T04:24:50.861+0000] {logging_mixin.py:188} INFO - [2026-01-29T04:24:50.861+0000] {dag.py:3089} INFO - Sync 1 DAGs
[2026-01-29T04:24:50.886+0000] {logging_mixin.py:188} INFO - [2026-01-29T04:24:50.886+0000] {dag.py:3947} INFO - Setting next_dagrun for example_skip_dag to 2026-01-28 00:00:00+00:00, run_after=2026-01-29 00:00:00+00:00
[2026-01-29T04:24:50.907+0000] {processor.py:183} INFO - Processing /home/airflow/.local/lib/python3.12/site-packages/airflow/example_dags/example_skip_dag.py took 0.088 seconds
[2026-01-29T04:25:21.575+0000] {processor.py:161} INFO - Started process (PID=94542) to work on /home/airflow/.local/lib/python3.12/site-packages/airflow/example_dags/example_skip_dag.py
[2026-01-29T04:25:21.576+0000] {processor.py:830} INFO - Processing file /home/airflow/.local/lib/python3.12/site-packages/airflow/example_dags/example_skip_dag.py for tasks to queue
[2026-01-29T04:25:21.579+0000] {logging_mixin.py:188} INFO - [2026-01-29T04:25:21.578+0000] {dagbag.py:545} INFO - Filling up the DagBag from /home/airflow/.local/lib/python3.12/site-packages/airflow/example_dags/example_skip_dag.py
[2026-01-29T04:25:21.587+0000] {processor.py:840} INFO - DAG(s) 'example_skip_dag' retrieved from /home/airflow/.local/lib/python3.12/site-packages/airflow/example_dags/example_skip_dag.py
[2026-01-29T04:25:21.612+0000] {logging_mixin.py:188} INFO - [2026-01-29T04:25:21.612+0000] {dag.py:3089} INFO - Sync 1 DAGs
[2026-01-29T04:25:21.638+0000] {logging_mixin.py:188} INFO - [2026-01-29T04:25:21.638+0000] {dag.py:3947} INFO - Setting next_dagrun for example_skip_dag to 2026-01-28 00:00:00+00:00, run_after=2026-01-29 00:00:00+00:00
[2026-01-29T04:25:21.659+0000] {processor.py:183} INFO - Processing /home/airflow/.local/lib/python3.12/site-packages/airflow/example_dags/example_skip_dag.py took 0.092 seconds
[2026-01-29T04:25:52.279+0000] {processor.py:161} INFO - Started process (PID=94601) to work on /home/airflow/.local/lib/python3.12/site-packages/airflow/example_dags/example_skip_dag.py
[2026-01-29T04:25:52.280+0000] {processor.py:830} INFO - Processing file /home/airflow/.local/lib/python3.12/site-packages/airflow/example_dags/example_skip_dag.py for tasks to queue
[2026-01-29T04:25:52.283+0000] {logging_mixin.py:188} INFO - [2026-01-29T04:25:52.283+0000] {dagbag.py:545} INFO - Filling up the DagBag from /home/airflow/.local/lib/python3.12/site-packages/airflow/example_dags/example_skip_dag.py
[2026-01-29T04:25:52.290+0000] {processor.py:840} INFO - DAG(s) 'example_skip_dag' retrieved from /home/airflow/.local/lib/python3.12/site-packages/airflow/example_dags/example_skip_dag.py
[2026-01-29T04:25:52.314+0000] {logging_mixin.py:188} INFO - [2026-01-29T04:25:52.313+0000] {dag.py:3089} INFO - Sync 1 DAGs
[2026-01-29T04:25:52.339+0000] {logging_mixin.py:188} INFO - [2026-01-29T04:25:52.338+0000] {dag.py:3947} INFO - Setting next_dagrun for example_skip_dag to 2026-01-28 00:00:00+00:00, run_after=2026-01-29 00:00:00+00:00
[2026-01-29T04:25:52.359+0000] {processor.py:183} INFO - Processing /home/airflow/.local/lib/python3.12/site-packages/airflow/example_dags/example_skip_dag.py took 0.088 seconds
[2026-01-29T04:26:23.018+0000] {processor.py:161} INFO - Started process (PID=94665) to work on /home/airflow/.local/lib/python3.12/site-packages/airflow/example_dags/example_skip_dag.py
[2026-01-29T04:26:23.020+0000] {processor.py:830} INFO - Processing file /home/airflow/.local/lib/python3.12/site-packages/airflow/example_dags/example_skip_dag.py for tasks to queue
[2026-01-29T04:26:23.022+0000] {logging_mixin.py:188} INFO - [2026-01-29T04:26:23.022+0000] {dagbag.py:545} INFO - Filling up the DagBag from /home/airflow/.local/lib/python3.12/site-packages/airflow/example_dags/example_skip_dag.py
[2026-01-29T04:26:23.029+0000] {processor.py:840} INFO - DAG(s) 'example_skip_dag' retrieved from /home/airflow/.local/lib/python3.12/site-packages/airflow/example_dags/example_skip_dag.py
[2026-01-29T04:26:23.051+0000] {logging_mixin.py:188} INFO - [2026-01-29T04:26:23.051+0000] {dag.py:3089} INFO - Sync 1 DAGs
[2026-01-29T04:26:23.073+0000] {logging_mixin.py:188} INFO - [2026-01-29T04:26:23.073+0000] {dag.py:3947} INFO - Setting next_dagrun for example_skip_dag to 2026-01-28 00:00:00+00:00, run_after=2026-01-29 00:00:00+00:00
[2026-01-29T04:26:23.092+0000] {processor.py:183} INFO - Processing /home/airflow/.local/lib/python3.12/site-packages/airflow/example_dags/example_skip_dag.py took 0.080 seconds
[2026-01-29T04:26:53.826+0000] {processor.py:161} INFO - Started process (PID=94724) to work on /home/airflow/.local/lib/python3.12/site-packages/airflow/example_dags/example_skip_dag.py
[2026-01-29T04:26:53.827+0000] {processor.py:830} INFO - Processing file /home/airflow/.local/lib/python3.12/site-packages/airflow/example_dags/example_skip_dag.py for tasks to queue
[2026-01-29T04:26:53.830+0000] {logging_mixin.py:188} INFO - [2026-01-29T04:26:53.829+0000] {dagbag.py:545} INFO - Filling up the DagBag from /home/airflow/.local/lib/python3.12/site-packages/airflow/example_dags/example_skip_dag.py
[2026-01-29T04:26:53.837+0000] {processor.py:840} INFO - DAG(s) 'example_skip_dag' retrieved from /home/airflow/.local/lib/python3.12/site-packages/airflow/example_dags/example_skip_dag.py
[2026-01-29T04:26:53.860+0000] {logging_mixin.py:188} INFO - [2026-01-29T04:26:53.860+0000] {dag.py:3089} INFO - Sync 1 DAGs
[2026-01-29T04:26:53.885+0000] {logging_mixin.py:188} INFO - [2026-01-29T04:26:53.884+0000] {dag.py:3947} INFO - Setting next_dagrun for example_skip_dag to 2026-01-28 00:00:00+00:00, run_after=2026-01-29 00:00:00+00:00
[2026-01-29T04:26:53.905+0000] {processor.py:183} INFO - Processing /home/airflow/.local/lib/python3.12/site-packages/airflow/example_dags/example_skip_dag.py took 0.085 seconds
[2026-01-29T04:27:24.535+0000] {processor.py:161} INFO - Started process (PID=94788) to work on /home/airflow/.local/lib/python3.12/site-packages/airflow/example_dags/example_skip_dag.py
[2026-01-29T04:27:24.537+0000] {processor.py:830} INFO - Processing file /home/airflow/.local/lib/python3.12/site-packages/airflow/example_dags/example_skip_dag.py for tasks to queue
[2026-01-29T04:27:24.539+0000] {logging_mixin.py:188} INFO - [2026-01-29T04:27:24.539+0000] {dagbag.py:545} INFO - Filling up the DagBag from /home/airflow/.local/lib/python3.12/site-packages/airflow/example_dags/example_skip_dag.py
[2026-01-29T04:27:24.547+0000] {processor.py:840} INFO - DAG(s) 'example_skip_dag' retrieved from /home/airflow/.local/lib/python3.12/site-packages/airflow/example_dags/example_skip_dag.py
[2026-01-29T04:27:24.570+0000] {logging_mixin.py:188} INFO - [2026-01-29T04:27:24.570+0000] {dag.py:3089} INFO - Sync 1 DAGs
[2026-01-29T04:27:24.593+0000] {logging_mixin.py:188} INFO - [2026-01-29T04:27:24.593+0000] {dag.py:3947} INFO - Setting next_dagrun for example_skip_dag to 2026-01-28 00:00:00+00:00, run_after=2026-01-29 00:00:00+00:00
[2026-01-29T04:27:24.614+0000] {processor.py:183} INFO - Processing /home/airflow/.local/lib/python3.12/site-packages/airflow/example_dags/example_skip_dag.py took 0.087 seconds
[2026-01-29T04:27:55.304+0000] {processor.py:161} INFO - Started process (PID=94847) to work on /home/airflow/.local/lib/python3.12/site-packages/airflow/example_dags/example_skip_dag.py
[2026-01-29T04:27:55.305+0000] {processor.py:830} INFO - Processing file /home/airflow/.local/lib/python3.12/site-packages/airflow/example_dags/example_skip_dag.py for tasks to queue
[2026-01-29T04:27:55.308+0000] {logging_mixin.py:188} INFO - [2026-01-29T04:27:55.307+0000] {dagbag.py:545} INFO - Filling up the DagBag from /home/airflow/.local/lib/python3.12/site-packages/airflow/example_dags/example_skip_dag.py
[2026-01-29T04:27:55.315+0000] {processor.py:840} INFO - DAG(s) 'example_skip_dag' retrieved from /home/airflow/.local/lib/python3.12/site-packages/airflow/example_dags/example_skip_dag.py
[2026-01-29T04:27:55.339+0000] {logging_mixin.py:188} INFO - [2026-01-29T04:27:55.339+0000] {dag.py:3089} INFO - Sync 1 DAGs
[2026-01-29T04:27:55.364+0000] {logging_mixin.py:188} INFO - [2026-01-29T04:27:55.364+0000] {dag.py:3947} INFO - Setting next_dagrun for example_skip_dag to 2026-01-28 00:00:00+00:00, run_after=2026-01-29 00:00:00+00:00
[2026-01-29T04:27:55.386+0000] {processor.py:183} INFO - Processing /home/airflow/.local/lib/python3.12/site-packages/airflow/example_dags/example_skip_dag.py took 0.090 seconds
[2026-01-29T04:28:26.056+0000] {processor.py:161} INFO - Started process (PID=94911) to work on /home/airflow/.local/lib/python3.12/site-packages/airflow/example_dags/example_skip_dag.py
[2026-01-29T04:28:26.058+0000] {processor.py:830} INFO - Processing file /home/airflow/.local/lib/python3.12/site-packages/airflow/example_dags/example_skip_dag.py for tasks to queue
[2026-01-29T04:28:26.061+0000] {logging_mixin.py:188} INFO - [2026-01-29T04:28:26.060+0000] {dagbag.py:545} INFO - Filling up the DagBag from /home/airflow/.local/lib/python3.12/site-packages/airflow/example_dags/example_skip_dag.py
[2026-01-29T04:28:26.068+0000] {processor.py:840} INFO - DAG(s) 'example_skip_dag' retrieved from /home/airflow/.local/lib/python3.12/site-packages/airflow/example_dags/example_skip_dag.py
[2026-01-29T04:28:26.093+0000] {logging_mixin.py:188} INFO - [2026-01-29T04:28:26.093+0000] {dag.py:3089} INFO - Sync 1 DAGs
[2026-01-29T04:28:26.119+0000] {logging_mixin.py:188} INFO - [2026-01-29T04:28:26.118+0000] {dag.py:3947} INFO - Setting next_dagrun for example_skip_dag to 2026-01-28 00:00:00+00:00, run_after=2026-01-29 00:00:00+00:00
[2026-01-29T04:28:26.139+0000] {processor.py:183} INFO - Processing /home/airflow/.local/lib/python3.12/site-packages/airflow/example_dags/example_skip_dag.py took 0.092 seconds
[2026-01-29T04:28:56.755+0000] {processor.py:161} INFO - Started process (PID=94970) to work on /home/airflow/.local/lib/python3.12/site-packages/airflow/example_dags/example_skip_dag.py
[2026-01-29T04:28:56.756+0000] {processor.py:830} INFO - Processing file /home/airflow/.local/lib/python3.12/site-packages/airflow/example_dags/example_skip_dag.py for tasks to queue
[2026-01-29T04:28:56.759+0000] {logging_mixin.py:188} INFO - [2026-01-29T04:28:56.759+0000] {dagbag.py:545} INFO - Filling up the DagBag from /home/airflow/.local/lib/python3.12/site-packages/airflow/example_dags/example_skip_dag.py
[2026-01-29T04:28:56.766+0000] {processor.py:840} INFO - DAG(s) 'example_skip_dag' retrieved from /home/airflow/.local/lib/python3.12/site-packages/airflow/example_dags/example_skip_dag.py
[2026-01-29T04:28:56.792+0000] {logging_mixin.py:188} INFO - [2026-01-29T04:28:56.792+0000] {dag.py:3089} INFO - Sync 1 DAGs
[2026-01-29T04:28:56.819+0000] {logging_mixin.py:188} INFO - [2026-01-29T04:28:56.819+0000] {dag.py:3947} INFO - Setting next_dagrun for example_skip_dag to 2026-01-28 00:00:00+00:00, run_after=2026-01-29 00:00:00+00:00
[2026-01-29T04:28:56.840+0000] {processor.py:183} INFO - Processing /home/airflow/.local/lib/python3.12/site-packages/airflow/example_dags/example_skip_dag.py took 0.092 seconds
[2026-01-29T04:29:27.372+0000] {processor.py:161} INFO - Started process (PID=95034) to work on /home/airflow/.local/lib/python3.12/site-packages/airflow/example_dags/example_skip_dag.py
[2026-01-29T04:29:27.374+0000] {processor.py:830} INFO - Processing file /home/airflow/.local/lib/python3.12/site-packages/airflow/example_dags/example_skip_dag.py for tasks to queue
[2026-01-29T04:29:27.376+0000] {logging_mixin.py:188} INFO - [2026-01-29T04:29:27.376+0000] {dagbag.py:545} INFO - Filling up the DagBag from /home/airflow/.local/lib/python3.12/site-packages/airflow/example_dags/example_skip_dag.py
[2026-01-29T04:29:27.384+0000] {processor.py:840} INFO - DAG(s) 'example_skip_dag' retrieved from /home/airflow/.local/lib/python3.12/site-packages/airflow/example_dags/example_skip_dag.py
[2026-01-29T04:29:27.409+0000] {logging_mixin.py:188} INFO - [2026-01-29T04:29:27.408+0000] {dag.py:3089} INFO - Sync 1 DAGs
[2026-01-29T04:29:27.434+0000] {logging_mixin.py:188} INFO - [2026-01-29T04:29:27.434+0000] {dag.py:3947} INFO - Setting next_dagrun for example_skip_dag to 2026-01-28 00:00:00+00:00, run_after=2026-01-29 00:00:00+00:00
[2026-01-29T04:29:27.456+0000] {processor.py:183} INFO - Processing /home/airflow/.local/lib/python3.12/site-packages/airflow/example_dags/example_skip_dag.py took 0.092 seconds
[2026-01-29T04:29:58.139+0000] {processor.py:161} INFO - Started process (PID=95093) to work on /home/airflow/.local/lib/python3.12/site-packages/airflow/example_dags/example_skip_dag.py
[2026-01-29T04:29:58.140+0000] {processor.py:830} INFO - Processing file /home/airflow/.local/lib/python3.12/site-packages/airflow/example_dags/example_skip_dag.py for tasks to queue
[2026-01-29T04:29:58.143+0000] {logging_mixin.py:188} INFO - [2026-01-29T04:29:58.142+0000] {dagbag.py:545} INFO - Filling up the DagBag from /home/airflow/.local/lib/python3.12/site-packages/airflow/example_dags/example_skip_dag.py
[2026-01-29T04:29:58.150+0000] {processor.py:840} INFO - DAG(s) 'example_skip_dag' retrieved from /home/airflow/.local/lib/python3.12/site-packages/airflow/example_dags/example_skip_dag.py
[2026-01-29T04:29:58.174+0000] {logging_mixin.py:188} INFO - [2026-01-29T04:29:58.174+0000] {dag.py:3089} INFO - Sync 1 DAGs
[2026-01-29T04:29:58.199+0000] {logging_mixin.py:188} INFO - [2026-01-29T04:29:58.199+0000] {dag.py:3947} INFO - Setting next_dagrun for example_skip_dag to 2026-01-28 00:00:00+00:00, run_after=2026-01-29 00:00:00+00:00
[2026-01-29T04:29:58.221+0000] {processor.py:183} INFO - Processing /home/airflow/.local/lib/python3.12/site-packages/airflow/example_dags/example_skip_dag.py took 0.090 seconds
[2026-01-29T04:30:28.914+0000] {processor.py:161} INFO - Started process (PID=95157) to work on /home/airflow/.local/lib/python3.12/site-packages/airflow/example_dags/example_skip_dag.py
[2026-01-29T04:30:28.915+0000] {processor.py:830} INFO - Processing file /home/airflow/.local/lib/python3.12/site-packages/airflow/example_dags/example_skip_dag.py for tasks to queue
[2026-01-29T04:30:28.917+0000] {logging_mixin.py:188} INFO - [2026-01-29T04:30:28.917+0000] {dagbag.py:545} INFO - Filling up the DagBag from /home/airflow/.local/lib/python3.12/site-packages/airflow/example_dags/example_skip_dag.py
[2026-01-29T04:30:28.923+0000] {processor.py:840} INFO - DAG(s) 'example_skip_dag' retrieved from /home/airflow/.local/lib/python3.12/site-packages/airflow/example_dags/example_skip_dag.py
[2026-01-29T04:30:28.946+0000] {logging_mixin.py:188} INFO - [2026-01-29T04:30:28.946+0000] {dag.py:3089} INFO - Sync 1 DAGs
[2026-01-29T04:30:28.970+0000] {logging_mixin.py:188} INFO - [2026-01-29T04:30:28.970+0000] {dag.py:3947} INFO - Setting next_dagrun for example_skip_dag to 2026-01-28 00:00:00+00:00, run_after=2026-01-29 00:00:00+00:00
[2026-01-29T04:30:28.991+0000] {processor.py:183} INFO - Processing /home/airflow/.local/lib/python3.12/site-packages/airflow/example_dags/example_skip_dag.py took 0.083 seconds
[2026-01-29T04:30:59.555+0000] {processor.py:161} INFO - Started process (PID=95216) to work on /home/airflow/.local/lib/python3.12/site-packages/airflow/example_dags/example_skip_dag.py
[2026-01-29T04:30:59.556+0000] {processor.py:830} INFO - Processing file /home/airflow/.local/lib/python3.12/site-packages/airflow/example_dags/example_skip_dag.py for tasks to queue
[2026-01-29T04:30:59.559+0000] {logging_mixin.py:188} INFO - [2026-01-29T04:30:59.558+0000] {dagbag.py:545} INFO - Filling up the DagBag from /home/airflow/.local/lib/python3.12/site-packages/airflow/example_dags/example_skip_dag.py
[2026-01-29T04:30:59.566+0000] {processor.py:840} INFO - DAG(s) 'example_skip_dag' retrieved from /home/airflow/.local/lib/python3.12/site-packages/airflow/example_dags/example_skip_dag.py
[2026-01-29T04:30:59.590+0000] {logging_mixin.py:188} INFO - [2026-01-29T04:30:59.590+0000] {dag.py:3089} INFO - Sync 1 DAGs
[2026-01-29T04:30:59.616+0000] {logging_mixin.py:188} INFO - [2026-01-29T04:30:59.615+0000] {dag.py:3947} INFO - Setting next_dagrun for example_skip_dag to 2026-01-28 00:00:00+00:00, run_after=2026-01-29 00:00:00+00:00
[2026-01-29T04:30:59.637+0000] {processor.py:183} INFO - Processing /home/airflow/.local/lib/python3.12/site-packages/airflow/example_dags/example_skip_dag.py took 0.090 seconds
[2026-01-29T04:31:29.684+0000] {processor.py:161} INFO - Started process (PID=95280) to work on /home/airflow/.local/lib/python3.12/site-packages/airflow/example_dags/example_skip_dag.py
[2026-01-29T04:31:29.686+0000] {processor.py:830} INFO - Processing file /home/airflow/.local/lib/python3.12/site-packages/airflow/example_dags/example_skip_dag.py for tasks to queue
[2026-01-29T04:31:29.689+0000] {logging_mixin.py:188} INFO - [2026-01-29T04:31:29.688+0000] {dagbag.py:545} INFO - Filling up the DagBag from /home/airflow/.local/lib/python3.12/site-packages/airflow/example_dags/example_skip_dag.py
[2026-01-29T04:31:29.696+0000] {processor.py:840} INFO - DAG(s) 'example_skip_dag' retrieved from /home/airflow/.local/lib/python3.12/site-packages/airflow/example_dags/example_skip_dag.py
[2026-01-29T04:31:29.721+0000] {logging_mixin.py:188} INFO - [2026-01-29T04:31:29.721+0000] {dag.py:3089} INFO - Sync 1 DAGs
[2026-01-29T04:31:29.746+0000] {logging_mixin.py:188} INFO - [2026-01-29T04:31:29.746+0000] {dag.py:3947} INFO - Setting next_dagrun for example_skip_dag to 2026-01-28 00:00:00+00:00, run_after=2026-01-29 00:00:00+00:00
[2026-01-29T04:31:29.767+0000] {processor.py:183} INFO - Processing /home/airflow/.local/lib/python3.12/site-packages/airflow/example_dags/example_skip_dag.py took 0.090 seconds
[2026-01-29T04:32:00.027+0000] {processor.py:161} INFO - Started process (PID=95339) to work on /home/airflow/.local/lib/python3.12/site-packages/airflow/example_dags/example_skip_dag.py
[2026-01-29T04:32:00.027+0000] {processor.py:830} INFO - Processing file /home/airflow/.local/lib/python3.12/site-packages/airflow/example_dags/example_skip_dag.py for tasks to queue
[2026-01-29T04:32:00.029+0000] {logging_mixin.py:188} INFO - [2026-01-29T04:32:00.029+0000] {dagbag.py:545} INFO - Filling up the DagBag from /home/airflow/.local/lib/python3.12/site-packages/airflow/example_dags/example_skip_dag.py
[2026-01-29T04:32:00.036+0000] {processor.py:840} INFO - DAG(s) 'example_skip_dag' retrieved from /home/airflow/.local/lib/python3.12/site-packages/airflow/example_dags/example_skip_dag.py
[2026-01-29T04:32:00.057+0000] {logging_mixin.py:188} INFO - [2026-01-29T04:32:00.057+0000] {dag.py:3089} INFO - Sync 1 DAGs
[2026-01-29T04:32:00.080+0000] {logging_mixin.py:188} INFO - [2026-01-29T04:32:00.079+0000] {dag.py:3947} INFO - Setting next_dagrun for example_skip_dag to 2026-01-28 00:00:00+00:00, run_after=2026-01-29 00:00:00+00:00
[2026-01-29T04:32:00.101+0000] {processor.py:183} INFO - Processing /home/airflow/.local/lib/python3.12/site-packages/airflow/example_dags/example_skip_dag.py took 0.080 seconds
[2026-01-29T04:32:30.296+0000] {processor.py:161} INFO - Started process (PID=95403) to work on /home/airflow/.local/lib/python3.12/site-packages/airflow/example_dags/example_skip_dag.py
[2026-01-29T04:32:30.297+0000] {processor.py:830} INFO - Processing file /home/airflow/.local/lib/python3.12/site-packages/airflow/example_dags/example_skip_dag.py for tasks to queue
[2026-01-29T04:32:30.300+0000] {logging_mixin.py:188} INFO - [2026-01-29T04:32:30.299+0000] {dagbag.py:545} INFO - Filling up the DagBag from /home/airflow/.local/lib/python3.12/site-packages/airflow/example_dags/example_skip_dag.py
[2026-01-29T04:32:30.307+0000] {processor.py:840} INFO - DAG(s) 'example_skip_dag' retrieved from /home/airflow/.local/lib/python3.12/site-packages/airflow/example_dags/example_skip_dag.py
[2026-01-29T04:32:30.337+0000] {logging_mixin.py:188} INFO - [2026-01-29T04:32:30.337+0000] {dag.py:3089} INFO - Sync 1 DAGs
[2026-01-29T04:32:30.365+0000] {logging_mixin.py:188} INFO - [2026-01-29T04:32:30.365+0000] {dag.py:3947} INFO - Setting next_dagrun for example_skip_dag to 2026-01-28 00:00:00+00:00, run_after=2026-01-29 00:00:00+00:00
[2026-01-29T04:32:30.384+0000] {processor.py:183} INFO - Processing /home/airflow/.local/lib/python3.12/site-packages/airflow/example_dags/example_skip_dag.py took 0.096 seconds
[2026-01-29T04:33:00.534+0000] {processor.py:161} INFO - Started process (PID=95462) to work on /home/airflow/.local/lib/python3.12/site-packages/airflow/example_dags/example_skip_dag.py
[2026-01-29T04:33:00.535+0000] {processor.py:830} INFO - Processing file /home/airflow/.local/lib/python3.12/site-packages/airflow/example_dags/example_skip_dag.py for tasks to queue
[2026-01-29T04:33:00.538+0000] {logging_mixin.py:188} INFO - [2026-01-29T04:33:00.537+0000] {dagbag.py:545} INFO - Filling up the DagBag from /home/airflow/.local/lib/python3.12/site-packages/airflow/example_dags/example_skip_dag.py
[2026-01-29T04:33:00.546+0000] {processor.py:840} INFO - DAG(s) 'example_skip_dag' retrieved from /home/airflow/.local/lib/python3.12/site-packages/airflow/example_dags/example_skip_dag.py
[2026-01-29T04:33:00.571+0000] {logging_mixin.py:188} INFO - [2026-01-29T04:33:00.570+0000] {dag.py:3089} INFO - Sync 1 DAGs
[2026-01-29T04:33:00.600+0000] {logging_mixin.py:188} INFO - [2026-01-29T04:33:00.600+0000] {dag.py:3947} INFO - Setting next_dagrun for example_skip_dag to 2026-01-28 00:00:00+00:00, run_after=2026-01-29 00:00:00+00:00
[2026-01-29T04:33:00.623+0000] {processor.py:183} INFO - Processing /home/airflow/.local/lib/python3.12/site-packages/airflow/example_dags/example_skip_dag.py took 0.096 seconds
[2026-01-29T04:33:30.844+0000] {processor.py:161} INFO - Started process (PID=95526) to work on /home/airflow/.local/lib/python3.12/site-packages/airflow/example_dags/example_skip_dag.py
[2026-01-29T04:33:30.845+0000] {processor.py:830} INFO - Processing file /home/airflow/.local/lib/python3.12/site-packages/airflow/example_dags/example_skip_dag.py for tasks to queue
[2026-01-29T04:33:30.847+0000] {logging_mixin.py:188} INFO - [2026-01-29T04:33:30.847+0000] {dagbag.py:545} INFO - Filling up the DagBag from /home/airflow/.local/lib/python3.12/site-packages/airflow/example_dags/example_skip_dag.py
[2026-01-29T04:33:30.855+0000] {processor.py:840} INFO - DAG(s) 'example_skip_dag' retrieved from /home/airflow/.local/lib/python3.12/site-packages/airflow/example_dags/example_skip_dag.py
[2026-01-29T04:33:30.881+0000] {logging_mixin.py:188} INFO - [2026-01-29T04:33:30.880+0000] {dag.py:3089} INFO - Sync 1 DAGs
[2026-01-29T04:33:30.906+0000] {logging_mixin.py:188} INFO - [2026-01-29T04:33:30.906+0000] {dag.py:3947} INFO - Setting next_dagrun for example_skip_dag to 2026-01-28 00:00:00+00:00, run_after=2026-01-29 00:00:00+00:00
[2026-01-29T04:33:30.928+0000] {processor.py:183} INFO - Processing /home/airflow/.local/lib/python3.12/site-packages/airflow/example_dags/example_skip_dag.py took 0.092 seconds
[2026-01-29T04:34:01.058+0000] {processor.py:161} INFO - Started process (PID=95590) to work on /home/airflow/.local/lib/python3.12/site-packages/airflow/example_dags/example_skip_dag.py
[2026-01-29T04:34:01.059+0000] {processor.py:830} INFO - Processing file /home/airflow/.local/lib/python3.12/site-packages/airflow/example_dags/example_skip_dag.py for tasks to queue
[2026-01-29T04:34:01.062+0000] {logging_mixin.py:188} INFO - [2026-01-29T04:34:01.062+0000] {dagbag.py:545} INFO - Filling up the DagBag from /home/airflow/.local/lib/python3.12/site-packages/airflow/example_dags/example_skip_dag.py
[2026-01-29T04:34:01.072+0000] {processor.py:840} INFO - DAG(s) 'example_skip_dag' retrieved from /home/airflow/.local/lib/python3.12/site-packages/airflow/example_dags/example_skip_dag.py
[2026-01-29T04:34:01.106+0000] {logging_mixin.py:188} INFO - [2026-01-29T04:34:01.105+0000] {dag.py:3089} INFO - Sync 1 DAGs
[2026-01-29T04:34:01.143+0000] {logging_mixin.py:188} INFO - [2026-01-29T04:34:01.143+0000] {dag.py:3947} INFO - Setting next_dagrun for example_skip_dag to 2026-01-28 00:00:00+00:00, run_after=2026-01-29 00:00:00+00:00
[2026-01-29T04:34:01.182+0000] {processor.py:183} INFO - Processing /home/airflow/.local/lib/python3.12/site-packages/airflow/example_dags/example_skip_dag.py took 0.133 seconds
[2026-01-29T04:34:31.452+0000] {processor.py:161} INFO - Started process (PID=95649) to work on /home/airflow/.local/lib/python3.12/site-packages/airflow/example_dags/example_skip_dag.py
[2026-01-29T04:34:31.453+0000] {processor.py:830} INFO - Processing file /home/airflow/.local/lib/python3.12/site-packages/airflow/example_dags/example_skip_dag.py for tasks to queue
[2026-01-29T04:34:31.455+0000] {logging_mixin.py:188} INFO - [2026-01-29T04:34:31.455+0000] {dagbag.py:545} INFO - Filling up the DagBag from /home/airflow/.local/lib/python3.12/site-packages/airflow/example_dags/example_skip_dag.py
[2026-01-29T04:34:31.463+0000] {processor.py:840} INFO - DAG(s) 'example_skip_dag' retrieved from /home/airflow/.local/lib/python3.12/site-packages/airflow/example_dags/example_skip_dag.py
[2026-01-29T04:34:31.488+0000] {logging_mixin.py:188} INFO - [2026-01-29T04:34:31.488+0000] {dag.py:3089} INFO - Sync 1 DAGs
[2026-01-29T04:34:31.514+0000] {logging_mixin.py:188} INFO - [2026-01-29T04:34:31.514+0000] {dag.py:3947} INFO - Setting next_dagrun for example_skip_dag to 2026-01-28 00:00:00+00:00, run_after=2026-01-29 00:00:00+00:00
[2026-01-29T04:34:31.534+0000] {processor.py:183} INFO - Processing /home/airflow/.local/lib/python3.12/site-packages/airflow/example_dags/example_skip_dag.py took 0.091 seconds
[2026-01-29T04:35:01.641+0000] {processor.py:161} INFO - Started process (PID=95713) to work on /home/airflow/.local/lib/python3.12/site-packages/airflow/example_dags/example_skip_dag.py
[2026-01-29T04:35:01.641+0000] {processor.py:830} INFO - Processing file /home/airflow/.local/lib/python3.12/site-packages/airflow/example_dags/example_skip_dag.py for tasks to queue
[2026-01-29T04:35:01.643+0000] {logging_mixin.py:188} INFO - [2026-01-29T04:35:01.643+0000] {dagbag.py:545} INFO - Filling up the DagBag from /home/airflow/.local/lib/python3.12/site-packages/airflow/example_dags/example_skip_dag.py
[2026-01-29T04:35:01.650+0000] {processor.py:840} INFO - DAG(s) 'example_skip_dag' retrieved from /home/airflow/.local/lib/python3.12/site-packages/airflow/example_dags/example_skip_dag.py
[2026-01-29T04:35:01.676+0000] {logging_mixin.py:188} INFO - [2026-01-29T04:35:01.675+0000] {dag.py:3089} INFO - Sync 1 DAGs
[2026-01-29T04:35:01.703+0000] {logging_mixin.py:188} INFO - [2026-01-29T04:35:01.703+0000] {dag.py:3947} INFO - Setting next_dagrun for example_skip_dag to 2026-01-28 00:00:00+00:00, run_after=2026-01-29 00:00:00+00:00
[2026-01-29T04:35:01.725+0000] {processor.py:183} INFO - Processing /home/airflow/.local/lib/python3.12/site-packages/airflow/example_dags/example_skip_dag.py took 0.093 seconds
[2026-01-29T04:35:31.932+0000] {processor.py:161} INFO - Started process (PID=95772) to work on /home/airflow/.local/lib/python3.12/site-packages/airflow/example_dags/example_skip_dag.py
[2026-01-29T04:35:31.933+0000] {processor.py:830} INFO - Processing file /home/airflow/.local/lib/python3.12/site-packages/airflow/example_dags/example_skip_dag.py for tasks to queue
[2026-01-29T04:35:31.935+0000] {logging_mixin.py:188} INFO - [2026-01-29T04:35:31.935+0000] {dagbag.py:545} INFO - Filling up the DagBag from /home/airflow/.local/lib/python3.12/site-packages/airflow/example_dags/example_skip_dag.py
[2026-01-29T04:35:31.941+0000] {processor.py:840} INFO - DAG(s) 'example_skip_dag' retrieved from /home/airflow/.local/lib/python3.12/site-packages/airflow/example_dags/example_skip_dag.py
[2026-01-29T04:35:31.963+0000] {logging_mixin.py:188} INFO - [2026-01-29T04:35:31.963+0000] {dag.py:3089} INFO - Sync 1 DAGs
[2026-01-29T04:35:31.986+0000] {logging_mixin.py:188} INFO - [2026-01-29T04:35:31.986+0000] {dag.py:3947} INFO - Setting next_dagrun for example_skip_dag to 2026-01-28 00:00:00+00:00, run_after=2026-01-29 00:00:00+00:00
[2026-01-29T04:35:32.004+0000] {processor.py:183} INFO - Processing /home/airflow/.local/lib/python3.12/site-packages/airflow/example_dags/example_skip_dag.py took 0.078 seconds
[2026-01-29T04:36:02.792+0000] {processor.py:161} INFO - Started process (PID=95834) to work on /home/airflow/.local/lib/python3.12/site-packages/airflow/example_dags/example_skip_dag.py
[2026-01-29T04:36:02.793+0000] {processor.py:830} INFO - Processing file /home/airflow/.local/lib/python3.12/site-packages/airflow/example_dags/example_skip_dag.py for tasks to queue
[2026-01-29T04:36:02.795+0000] {logging_mixin.py:188} INFO - [2026-01-29T04:36:02.795+0000] {dagbag.py:545} INFO - Filling up the DagBag from /home/airflow/.local/lib/python3.12/site-packages/airflow/example_dags/example_skip_dag.py
[2026-01-29T04:36:02.803+0000] {processor.py:840} INFO - DAG(s) 'example_skip_dag' retrieved from /home/airflow/.local/lib/python3.12/site-packages/airflow/example_dags/example_skip_dag.py
[2026-01-29T04:36:02.828+0000] {logging_mixin.py:188} INFO - [2026-01-29T04:36:02.827+0000] {dag.py:3089} INFO - Sync 1 DAGs
[2026-01-29T04:36:02.856+0000] {logging_mixin.py:188} INFO - [2026-01-29T04:36:02.856+0000] {dag.py:3947} INFO - Setting next_dagrun for example_skip_dag to 2026-01-28 00:00:00+00:00, run_after=2026-01-29 00:00:00+00:00
[2026-01-29T04:36:02.879+0000] {processor.py:183} INFO - Processing /home/airflow/.local/lib/python3.12/site-packages/airflow/example_dags/example_skip_dag.py took 0.095 seconds
[2026-01-29T04:36:32.963+0000] {processor.py:161} INFO - Started process (PID=95893) to work on /home/airflow/.local/lib/python3.12/site-packages/airflow/example_dags/example_skip_dag.py
[2026-01-29T04:36:32.964+0000] {processor.py:830} INFO - Processing file /home/airflow/.local/lib/python3.12/site-packages/airflow/example_dags/example_skip_dag.py for tasks to queue
[2026-01-29T04:36:32.966+0000] {logging_mixin.py:188} INFO - [2026-01-29T04:36:32.966+0000] {dagbag.py:545} INFO - Filling up the DagBag from /home/airflow/.local/lib/python3.12/site-packages/airflow/example_dags/example_skip_dag.py
[2026-01-29T04:36:32.973+0000] {processor.py:840} INFO - DAG(s) 'example_skip_dag' retrieved from /home/airflow/.local/lib/python3.12/site-packages/airflow/example_dags/example_skip_dag.py
[2026-01-29T04:36:32.995+0000] {logging_mixin.py:188} INFO - [2026-01-29T04:36:32.995+0000] {dag.py:3089} INFO - Sync 1 DAGs
[2026-01-29T04:36:33.020+0000] {logging_mixin.py:188} INFO - [2026-01-29T04:36:33.020+0000] {dag.py:3947} INFO - Setting next_dagrun for example_skip_dag to 2026-01-28 00:00:00+00:00, run_after=2026-01-29 00:00:00+00:00
[2026-01-29T04:36:33.039+0000] {processor.py:183} INFO - Processing /home/airflow/.local/lib/python3.12/site-packages/airflow/example_dags/example_skip_dag.py took 0.083 seconds
[2026-01-29T04:37:03.112+0000] {processor.py:161} INFO - Started process (PID=95957) to work on /home/airflow/.local/lib/python3.12/site-packages/airflow/example_dags/example_skip_dag.py
[2026-01-29T04:37:03.113+0000] {processor.py:830} INFO - Processing file /home/airflow/.local/lib/python3.12/site-packages/airflow/example_dags/example_skip_dag.py for tasks to queue
[2026-01-29T04:37:03.114+0000] {logging_mixin.py:188} INFO - [2026-01-29T04:37:03.114+0000] {dagbag.py:545} INFO - Filling up the DagBag from /home/airflow/.local/lib/python3.12/site-packages/airflow/example_dags/example_skip_dag.py
[2026-01-29T04:37:03.121+0000] {processor.py:840} INFO - DAG(s) 'example_skip_dag' retrieved from /home/airflow/.local/lib/python3.12/site-packages/airflow/example_dags/example_skip_dag.py
[2026-01-29T04:37:03.148+0000] {logging_mixin.py:188} INFO - [2026-01-29T04:37:03.148+0000] {dag.py:3089} INFO - Sync 1 DAGs
[2026-01-29T04:37:03.181+0000] {logging_mixin.py:188} INFO - [2026-01-29T04:37:03.181+0000] {dag.py:3947} INFO - Setting next_dagrun for example_skip_dag to 2026-01-28 00:00:00+00:00, run_after=2026-01-29 00:00:00+00:00
[2026-01-29T04:37:03.204+0000] {processor.py:183} INFO - Processing /home/airflow/.local/lib/python3.12/site-packages/airflow/example_dags/example_skip_dag.py took 0.099 seconds
[2026-01-29T04:37:33.538+0000] {processor.py:161} INFO - Started process (PID=96016) to work on /home/airflow/.local/lib/python3.12/site-packages/airflow/example_dags/example_skip_dag.py
[2026-01-29T04:37:33.540+0000] {processor.py:830} INFO - Processing file /home/airflow/.local/lib/python3.12/site-packages/airflow/example_dags/example_skip_dag.py for tasks to queue
[2026-01-29T04:37:33.542+0000] {logging_mixin.py:188} INFO - [2026-01-29T04:37:33.542+0000] {dagbag.py:545} INFO - Filling up the DagBag from /home/airflow/.local/lib/python3.12/site-packages/airflow/example_dags/example_skip_dag.py
[2026-01-29T04:37:33.550+0000] {processor.py:840} INFO - DAG(s) 'example_skip_dag' retrieved from /home/airflow/.local/lib/python3.12/site-packages/airflow/example_dags/example_skip_dag.py
[2026-01-29T04:37:33.575+0000] {logging_mixin.py:188} INFO - [2026-01-29T04:37:33.575+0000] {dag.py:3089} INFO - Sync 1 DAGs
[2026-01-29T04:37:33.600+0000] {logging_mixin.py:188} INFO - [2026-01-29T04:37:33.600+0000] {dag.py:3947} INFO - Setting next_dagrun for example_skip_dag to 2026-01-28 00:00:00+00:00, run_after=2026-01-29 00:00:00+00:00
[2026-01-29T04:37:33.620+0000] {processor.py:183} INFO - Processing /home/airflow/.local/lib/python3.12/site-packages/airflow/example_dags/example_skip_dag.py took 0.090 seconds
[2026-01-29T04:38:03.726+0000] {processor.py:161} INFO - Started process (PID=96080) to work on /home/airflow/.local/lib/python3.12/site-packages/airflow/example_dags/example_skip_dag.py
[2026-01-29T04:38:03.727+0000] {processor.py:830} INFO - Processing file /home/airflow/.local/lib/python3.12/site-packages/airflow/example_dags/example_skip_dag.py for tasks to queue
[2026-01-29T04:38:03.729+0000] {logging_mixin.py:188} INFO - [2026-01-29T04:38:03.728+0000] {dagbag.py:545} INFO - Filling up the DagBag from /home/airflow/.local/lib/python3.12/site-packages/airflow/example_dags/example_skip_dag.py
[2026-01-29T04:38:03.735+0000] {processor.py:840} INFO - DAG(s) 'example_skip_dag' retrieved from /home/airflow/.local/lib/python3.12/site-packages/airflow/example_dags/example_skip_dag.py
[2026-01-29T04:38:03.757+0000] {logging_mixin.py:188} INFO - [2026-01-29T04:38:03.757+0000] {dag.py:3089} INFO - Sync 1 DAGs
[2026-01-29T04:38:03.780+0000] {logging_mixin.py:188} INFO - [2026-01-29T04:38:03.780+0000] {dag.py:3947} INFO - Setting next_dagrun for example_skip_dag to 2026-01-28 00:00:00+00:00, run_after=2026-01-29 00:00:00+00:00
[2026-01-29T04:38:03.800+0000] {processor.py:183} INFO - Processing /home/airflow/.local/lib/python3.12/site-packages/airflow/example_dags/example_skip_dag.py took 0.082 seconds
[2026-01-29T04:38:33.932+0000] {processor.py:161} INFO - Started process (PID=96139) to work on /home/airflow/.local/lib/python3.12/site-packages/airflow/example_dags/example_skip_dag.py
[2026-01-29T04:38:33.933+0000] {processor.py:830} INFO - Processing file /home/airflow/.local/lib/python3.12/site-packages/airflow/example_dags/example_skip_dag.py for tasks to queue
[2026-01-29T04:38:33.935+0000] {logging_mixin.py:188} INFO - [2026-01-29T04:38:33.935+0000] {dagbag.py:545} INFO - Filling up the DagBag from /home/airflow/.local/lib/python3.12/site-packages/airflow/example_dags/example_skip_dag.py
[2026-01-29T04:38:33.943+0000] {processor.py:840} INFO - DAG(s) 'example_skip_dag' retrieved from /home/airflow/.local/lib/python3.12/site-packages/airflow/example_dags/example_skip_dag.py
[2026-01-29T04:38:33.966+0000] {logging_mixin.py:188} INFO - [2026-01-29T04:38:33.966+0000] {dag.py:3089} INFO - Sync 1 DAGs
[2026-01-29T04:38:33.989+0000] {logging_mixin.py:188} INFO - [2026-01-29T04:38:33.989+0000] {dag.py:3947} INFO - Setting next_dagrun for example_skip_dag to 2026-01-28 00:00:00+00:00, run_after=2026-01-29 00:00:00+00:00
[2026-01-29T04:38:34.009+0000] {processor.py:183} INFO - Processing /home/airflow/.local/lib/python3.12/site-packages/airflow/example_dags/example_skip_dag.py took 0.085 seconds
[2026-01-29T04:39:04.123+0000] {processor.py:161} INFO - Started process (PID=96203) to work on /home/airflow/.local/lib/python3.12/site-packages/airflow/example_dags/example_skip_dag.py
[2026-01-29T04:39:04.124+0000] {processor.py:830} INFO - Processing file /home/airflow/.local/lib/python3.12/site-packages/airflow/example_dags/example_skip_dag.py for tasks to queue
[2026-01-29T04:39:04.126+0000] {logging_mixin.py:188} INFO - [2026-01-29T04:39:04.125+0000] {dagbag.py:545} INFO - Filling up the DagBag from /home/airflow/.local/lib/python3.12/site-packages/airflow/example_dags/example_skip_dag.py
[2026-01-29T04:39:04.133+0000] {processor.py:840} INFO - DAG(s) 'example_skip_dag' retrieved from /home/airflow/.local/lib/python3.12/site-packages/airflow/example_dags/example_skip_dag.py
[2026-01-29T04:39:04.158+0000] {logging_mixin.py:188} INFO - [2026-01-29T04:39:04.157+0000] {dag.py:3089} INFO - Sync 1 DAGs
[2026-01-29T04:39:04.183+0000] {logging_mixin.py:188} INFO - [2026-01-29T04:39:04.182+0000] {dag.py:3947} INFO - Setting next_dagrun for example_skip_dag to 2026-01-28 00:00:00+00:00, run_after=2026-01-29 00:00:00+00:00
[2026-01-29T04:39:04.202+0000] {processor.py:183} INFO - Processing /home/airflow/.local/lib/python3.12/site-packages/airflow/example_dags/example_skip_dag.py took 0.088 seconds
[2026-01-29T04:39:34.399+0000] {processor.py:161} INFO - Started process (PID=96262) to work on /home/airflow/.local/lib/python3.12/site-packages/airflow/example_dags/example_skip_dag.py
[2026-01-29T04:39:34.400+0000] {processor.py:830} INFO - Processing file /home/airflow/.local/lib/python3.12/site-packages/airflow/example_dags/example_skip_dag.py for tasks to queue
[2026-01-29T04:39:34.402+0000] {logging_mixin.py:188} INFO - [2026-01-29T04:39:34.402+0000] {dagbag.py:545} INFO - Filling up the DagBag from /home/airflow/.local/lib/python3.12/site-packages/airflow/example_dags/example_skip_dag.py
[2026-01-29T04:39:34.410+0000] {processor.py:840} INFO - DAG(s) 'example_skip_dag' retrieved from /home/airflow/.local/lib/python3.12/site-packages/airflow/example_dags/example_skip_dag.py
[2026-01-29T04:39:34.436+0000] {logging_mixin.py:188} INFO - [2026-01-29T04:39:34.435+0000] {dag.py:3089} INFO - Sync 1 DAGs
[2026-01-29T04:39:34.462+0000] {logging_mixin.py:188} INFO - [2026-01-29T04:39:34.462+0000] {dag.py:3947} INFO - Setting next_dagrun for example_skip_dag to 2026-01-28 00:00:00+00:00, run_after=2026-01-29 00:00:00+00:00
[2026-01-29T04:39:34.483+0000] {processor.py:183} INFO - Processing /home/airflow/.local/lib/python3.12/site-packages/airflow/example_dags/example_skip_dag.py took 0.092 seconds
[2026-01-29T04:40:04.833+0000] {processor.py:161} INFO - Started process (PID=96326) to work on /home/airflow/.local/lib/python3.12/site-packages/airflow/example_dags/example_skip_dag.py
[2026-01-29T04:40:04.834+0000] {processor.py:830} INFO - Processing file /home/airflow/.local/lib/python3.12/site-packages/airflow/example_dags/example_skip_dag.py for tasks to queue
[2026-01-29T04:40:04.836+0000] {logging_mixin.py:188} INFO - [2026-01-29T04:40:04.835+0000] {dagbag.py:545} INFO - Filling up the DagBag from /home/airflow/.local/lib/python3.12/site-packages/airflow/example_dags/example_skip_dag.py
[2026-01-29T04:40:04.843+0000] {processor.py:840} INFO - DAG(s) 'example_skip_dag' retrieved from /home/airflow/.local/lib/python3.12/site-packages/airflow/example_dags/example_skip_dag.py
[2026-01-29T04:40:04.872+0000] {logging_mixin.py:188} INFO - [2026-01-29T04:40:04.871+0000] {dag.py:3089} INFO - Sync 1 DAGs
[2026-01-29T04:40:04.901+0000] {logging_mixin.py:188} INFO - [2026-01-29T04:40:04.901+0000] {dag.py:3947} INFO - Setting next_dagrun for example_skip_dag to 2026-01-28 00:00:00+00:00, run_after=2026-01-29 00:00:00+00:00
[2026-01-29T04:40:04.926+0000] {processor.py:183} INFO - Processing /home/airflow/.local/lib/python3.12/site-packages/airflow/example_dags/example_skip_dag.py took 0.099 seconds
[2026-01-29T04:40:35.067+0000] {processor.py:161} INFO - Started process (PID=96385) to work on /home/airflow/.local/lib/python3.12/site-packages/airflow/example_dags/example_skip_dag.py
[2026-01-29T04:40:35.068+0000] {processor.py:830} INFO - Processing file /home/airflow/.local/lib/python3.12/site-packages/airflow/example_dags/example_skip_dag.py for tasks to queue
[2026-01-29T04:40:35.070+0000] {logging_mixin.py:188} INFO - [2026-01-29T04:40:35.070+0000] {dagbag.py:545} INFO - Filling up the DagBag from /home/airflow/.local/lib/python3.12/site-packages/airflow/example_dags/example_skip_dag.py
[2026-01-29T04:40:35.078+0000] {processor.py:840} INFO - DAG(s) 'example_skip_dag' retrieved from /home/airflow/.local/lib/python3.12/site-packages/airflow/example_dags/example_skip_dag.py
[2026-01-29T04:40:35.101+0000] {logging_mixin.py:188} INFO - [2026-01-29T04:40:35.101+0000] {dag.py:3089} INFO - Sync 1 DAGs
[2026-01-29T04:40:35.124+0000] {logging_mixin.py:188} INFO - [2026-01-29T04:40:35.124+0000] {dag.py:3947} INFO - Setting next_dagrun for example_skip_dag to 2026-01-28 00:00:00+00:00, run_after=2026-01-29 00:00:00+00:00
[2026-01-29T04:40:35.144+0000] {processor.py:183} INFO - Processing /home/airflow/.local/lib/python3.12/site-packages/airflow/example_dags/example_skip_dag.py took 0.085 seconds
[2026-01-29T04:41:05.790+0000] {processor.py:161} INFO - Started process (PID=96449) to work on /home/airflow/.local/lib/python3.12/site-packages/airflow/example_dags/example_skip_dag.py
[2026-01-29T04:41:05.792+0000] {processor.py:830} INFO - Processing file /home/airflow/.local/lib/python3.12/site-packages/airflow/example_dags/example_skip_dag.py for tasks to queue
[2026-01-29T04:41:05.794+0000] {logging_mixin.py:188} INFO - [2026-01-29T04:41:05.793+0000] {dagbag.py:545} INFO - Filling up the DagBag from /home/airflow/.local/lib/python3.12/site-packages/airflow/example_dags/example_skip_dag.py
[2026-01-29T04:41:05.801+0000] {processor.py:840} INFO - DAG(s) 'example_skip_dag' retrieved from /home/airflow/.local/lib/python3.12/site-packages/airflow/example_dags/example_skip_dag.py
[2026-01-29T04:41:05.827+0000] {logging_mixin.py:188} INFO - [2026-01-29T04:41:05.827+0000] {dag.py:3089} INFO - Sync 1 DAGs
[2026-01-29T04:41:05.853+0000] {logging_mixin.py:188} INFO - [2026-01-29T04:41:05.852+0000] {dag.py:3947} INFO - Setting next_dagrun for example_skip_dag to 2026-01-28 00:00:00+00:00, run_after=2026-01-29 00:00:00+00:00
[2026-01-29T04:41:05.874+0000] {processor.py:183} INFO - Processing /home/airflow/.local/lib/python3.12/site-packages/airflow/example_dags/example_skip_dag.py took 0.091 seconds
[2026-01-29T04:41:36.023+0000] {processor.py:161} INFO - Started process (PID=96508) to work on /home/airflow/.local/lib/python3.12/site-packages/airflow/example_dags/example_skip_dag.py
[2026-01-29T04:41:36.024+0000] {processor.py:830} INFO - Processing file /home/airflow/.local/lib/python3.12/site-packages/airflow/example_dags/example_skip_dag.py for tasks to queue
[2026-01-29T04:41:36.026+0000] {logging_mixin.py:188} INFO - [2026-01-29T04:41:36.026+0000] {dagbag.py:545} INFO - Filling up the DagBag from /home/airflow/.local/lib/python3.12/site-packages/airflow/example_dags/example_skip_dag.py
[2026-01-29T04:41:36.034+0000] {processor.py:840} INFO - DAG(s) 'example_skip_dag' retrieved from /home/airflow/.local/lib/python3.12/site-packages/airflow/example_dags/example_skip_dag.py
[2026-01-29T04:41:36.059+0000] {logging_mixin.py:188} INFO - [2026-01-29T04:41:36.059+0000] {dag.py:3089} INFO - Sync 1 DAGs
[2026-01-29T04:41:36.084+0000] {logging_mixin.py:188} INFO - [2026-01-29T04:41:36.084+0000] {dag.py:3947} INFO - Setting next_dagrun for example_skip_dag to 2026-01-28 00:00:00+00:00, run_after=2026-01-29 00:00:00+00:00
[2026-01-29T04:41:36.104+0000] {processor.py:183} INFO - Processing /home/airflow/.local/lib/python3.12/site-packages/airflow/example_dags/example_skip_dag.py took 0.089 seconds
[2026-01-29T04:42:06.376+0000] {processor.py:161} INFO - Started process (PID=96572) to work on /home/airflow/.local/lib/python3.12/site-packages/airflow/example_dags/example_skip_dag.py
[2026-01-29T04:42:06.377+0000] {processor.py:830} INFO - Processing file /home/airflow/.local/lib/python3.12/site-packages/airflow/example_dags/example_skip_dag.py for tasks to queue
[2026-01-29T04:42:06.379+0000] {logging_mixin.py:188} INFO - [2026-01-29T04:42:06.379+0000] {dagbag.py:545} INFO - Filling up the DagBag from /home/airflow/.local/lib/python3.12/site-packages/airflow/example_dags/example_skip_dag.py
[2026-01-29T04:42:06.387+0000] {processor.py:840} INFO - DAG(s) 'example_skip_dag' retrieved from /home/airflow/.local/lib/python3.12/site-packages/airflow/example_dags/example_skip_dag.py
[2026-01-29T04:42:06.410+0000] {logging_mixin.py:188} INFO - [2026-01-29T04:42:06.409+0000] {dag.py:3089} INFO - Sync 1 DAGs
[2026-01-29T04:42:06.432+0000] {logging_mixin.py:188} INFO - [2026-01-29T04:42:06.432+0000] {dag.py:3947} INFO - Setting next_dagrun for example_skip_dag to 2026-01-28 00:00:00+00:00, run_after=2026-01-29 00:00:00+00:00
[2026-01-29T04:42:06.451+0000] {processor.py:183} INFO - Processing /home/airflow/.local/lib/python3.12/site-packages/airflow/example_dags/example_skip_dag.py took 0.083 seconds
[2026-01-29T04:42:36.575+0000] {processor.py:161} INFO - Started process (PID=96631) to work on /home/airflow/.local/lib/python3.12/site-packages/airflow/example_dags/example_skip_dag.py
[2026-01-29T04:42:36.576+0000] {processor.py:830} INFO - Processing file /home/airflow/.local/lib/python3.12/site-packages/airflow/example_dags/example_skip_dag.py for tasks to queue
[2026-01-29T04:42:36.578+0000] {logging_mixin.py:188} INFO - [2026-01-29T04:42:36.578+0000] {dagbag.py:545} INFO - Filling up the DagBag from /home/airflow/.local/lib/python3.12/site-packages/airflow/example_dags/example_skip_dag.py
[2026-01-29T04:42:36.585+0000] {processor.py:840} INFO - DAG(s) 'example_skip_dag' retrieved from /home/airflow/.local/lib/python3.12/site-packages/airflow/example_dags/example_skip_dag.py
[2026-01-29T04:42:36.613+0000] {logging_mixin.py:188} INFO - [2026-01-29T04:42:36.613+0000] {dag.py:3089} INFO - Sync 1 DAGs
[2026-01-29T04:42:36.639+0000] {logging_mixin.py:188} INFO - [2026-01-29T04:42:36.638+0000] {dag.py:3947} INFO - Setting next_dagrun for example_skip_dag to 2026-01-28 00:00:00+00:00, run_after=2026-01-29 00:00:00+00:00
[2026-01-29T04:42:36.661+0000] {processor.py:183} INFO - Processing /home/airflow/.local/lib/python3.12/site-packages/airflow/example_dags/example_skip_dag.py took 0.092 seconds
[2026-01-29T04:43:07.321+0000] {processor.py:161} INFO - Started process (PID=96695) to work on /home/airflow/.local/lib/python3.12/site-packages/airflow/example_dags/example_skip_dag.py
[2026-01-29T04:43:07.322+0000] {processor.py:830} INFO - Processing file /home/airflow/.local/lib/python3.12/site-packages/airflow/example_dags/example_skip_dag.py for tasks to queue
[2026-01-29T04:43:07.324+0000] {logging_mixin.py:188} INFO - [2026-01-29T04:43:07.323+0000] {dagbag.py:545} INFO - Filling up the DagBag from /home/airflow/.local/lib/python3.12/site-packages/airflow/example_dags/example_skip_dag.py
[2026-01-29T04:43:07.330+0000] {processor.py:840} INFO - DAG(s) 'example_skip_dag' retrieved from /home/airflow/.local/lib/python3.12/site-packages/airflow/example_dags/example_skip_dag.py
[2026-01-29T04:43:07.354+0000] {logging_mixin.py:188} INFO - [2026-01-29T04:43:07.353+0000] {dag.py:3089} INFO - Sync 1 DAGs
[2026-01-29T04:43:07.381+0000] {logging_mixin.py:188} INFO - [2026-01-29T04:43:07.380+0000] {dag.py:3947} INFO - Setting next_dagrun for example_skip_dag to 2026-01-28 00:00:00+00:00, run_after=2026-01-29 00:00:00+00:00
[2026-01-29T04:43:07.401+0000] {processor.py:183} INFO - Processing /home/airflow/.local/lib/python3.12/site-packages/airflow/example_dags/example_skip_dag.py took 0.086 seconds
[2026-01-29T04:43:37.923+0000] {processor.py:161} INFO - Started process (PID=96754) to work on /home/airflow/.local/lib/python3.12/site-packages/airflow/example_dags/example_skip_dag.py
[2026-01-29T04:43:37.925+0000] {processor.py:830} INFO - Processing file /home/airflow/.local/lib/python3.12/site-packages/airflow/example_dags/example_skip_dag.py for tasks to queue
[2026-01-29T04:43:37.927+0000] {logging_mixin.py:188} INFO - [2026-01-29T04:43:37.926+0000] {dagbag.py:545} INFO - Filling up the DagBag from /home/airflow/.local/lib/python3.12/site-packages/airflow/example_dags/example_skip_dag.py
[2026-01-29T04:43:37.935+0000] {processor.py:840} INFO - DAG(s) 'example_skip_dag' retrieved from /home/airflow/.local/lib/python3.12/site-packages/airflow/example_dags/example_skip_dag.py
[2026-01-29T04:43:37.960+0000] {logging_mixin.py:188} INFO - [2026-01-29T04:43:37.960+0000] {dag.py:3089} INFO - Sync 1 DAGs
[2026-01-29T04:43:37.986+0000] {logging_mixin.py:188} INFO - [2026-01-29T04:43:37.986+0000] {dag.py:3947} INFO - Setting next_dagrun for example_skip_dag to 2026-01-28 00:00:00+00:00, run_after=2026-01-29 00:00:00+00:00
[2026-01-29T04:43:38.006+0000] {processor.py:183} INFO - Processing /home/airflow/.local/lib/python3.12/site-packages/airflow/example_dags/example_skip_dag.py took 0.091 seconds
[2026-01-29T04:44:08.771+0000] {processor.py:161} INFO - Started process (PID=96818) to work on /home/airflow/.local/lib/python3.12/site-packages/airflow/example_dags/example_skip_dag.py
[2026-01-29T04:44:08.771+0000] {processor.py:830} INFO - Processing file /home/airflow/.local/lib/python3.12/site-packages/airflow/example_dags/example_skip_dag.py for tasks to queue
[2026-01-29T04:44:08.774+0000] {logging_mixin.py:188} INFO - [2026-01-29T04:44:08.773+0000] {dagbag.py:545} INFO - Filling up the DagBag from /home/airflow/.local/lib/python3.12/site-packages/airflow/example_dags/example_skip_dag.py
[2026-01-29T04:44:08.782+0000] {processor.py:840} INFO - DAG(s) 'example_skip_dag' retrieved from /home/airflow/.local/lib/python3.12/site-packages/airflow/example_dags/example_skip_dag.py
[2026-01-29T04:44:08.804+0000] {logging_mixin.py:188} INFO - [2026-01-29T04:44:08.804+0000] {dag.py:3089} INFO - Sync 1 DAGs
[2026-01-29T04:44:08.829+0000] {logging_mixin.py:188} INFO - [2026-01-29T04:44:08.829+0000] {dag.py:3947} INFO - Setting next_dagrun for example_skip_dag to 2026-01-28 00:00:00+00:00, run_after=2026-01-29 00:00:00+00:00
[2026-01-29T04:44:08.851+0000] {processor.py:183} INFO - Processing /home/airflow/.local/lib/python3.12/site-packages/airflow/example_dags/example_skip_dag.py took 0.089 seconds
[2026-01-29T04:44:39.551+0000] {processor.py:161} INFO - Started process (PID=96877) to work on /home/airflow/.local/lib/python3.12/site-packages/airflow/example_dags/example_skip_dag.py
[2026-01-29T04:44:39.553+0000] {processor.py:830} INFO - Processing file /home/airflow/.local/lib/python3.12/site-packages/airflow/example_dags/example_skip_dag.py for tasks to queue
[2026-01-29T04:44:39.555+0000] {logging_mixin.py:188} INFO - [2026-01-29T04:44:39.554+0000] {dagbag.py:545} INFO - Filling up the DagBag from /home/airflow/.local/lib/python3.12/site-packages/airflow/example_dags/example_skip_dag.py
[2026-01-29T04:44:39.563+0000] {processor.py:840} INFO - DAG(s) 'example_skip_dag' retrieved from /home/airflow/.local/lib/python3.12/site-packages/airflow/example_dags/example_skip_dag.py
[2026-01-29T04:44:39.588+0000] {logging_mixin.py:188} INFO - [2026-01-29T04:44:39.587+0000] {dag.py:3089} INFO - Sync 1 DAGs
[2026-01-29T04:44:39.613+0000] {logging_mixin.py:188} INFO - [2026-01-29T04:44:39.613+0000] {dag.py:3947} INFO - Setting next_dagrun for example_skip_dag to 2026-01-28 00:00:00+00:00, run_after=2026-01-29 00:00:00+00:00
[2026-01-29T04:44:39.635+0000] {processor.py:183} INFO - Processing /home/airflow/.local/lib/python3.12/site-packages/airflow/example_dags/example_skip_dag.py took 0.092 seconds
[2026-01-29T04:45:09.789+0000] {processor.py:161} INFO - Started process (PID=96941) to work on /home/airflow/.local/lib/python3.12/site-packages/airflow/example_dags/example_skip_dag.py
[2026-01-29T04:45:09.790+0000] {processor.py:830} INFO - Processing file /home/airflow/.local/lib/python3.12/site-packages/airflow/example_dags/example_skip_dag.py for tasks to queue
[2026-01-29T04:45:09.792+0000] {logging_mixin.py:188} INFO - [2026-01-29T04:45:09.791+0000] {dagbag.py:545} INFO - Filling up the DagBag from /home/airflow/.local/lib/python3.12/site-packages/airflow/example_dags/example_skip_dag.py
[2026-01-29T04:45:09.799+0000] {processor.py:840} INFO - DAG(s) 'example_skip_dag' retrieved from /home/airflow/.local/lib/python3.12/site-packages/airflow/example_dags/example_skip_dag.py
[2026-01-29T04:45:09.823+0000] {logging_mixin.py:188} INFO - [2026-01-29T04:45:09.823+0000] {dag.py:3089} INFO - Sync 1 DAGs
[2026-01-29T04:45:09.848+0000] {logging_mixin.py:188} INFO - [2026-01-29T04:45:09.848+0000] {dag.py:3947} INFO - Setting next_dagrun for example_skip_dag to 2026-01-28 00:00:00+00:00, run_after=2026-01-29 00:00:00+00:00
[2026-01-29T04:45:09.873+0000] {processor.py:183} INFO - Processing /home/airflow/.local/lib/python3.12/site-packages/airflow/example_dags/example_skip_dag.py took 0.092 seconds
[2026-01-29T04:45:40.312+0000] {processor.py:161} INFO - Started process (PID=97000) to work on /home/airflow/.local/lib/python3.12/site-packages/airflow/example_dags/example_skip_dag.py
[2026-01-29T04:45:40.314+0000] {processor.py:830} INFO - Processing file /home/airflow/.local/lib/python3.12/site-packages/airflow/example_dags/example_skip_dag.py for tasks to queue
[2026-01-29T04:45:40.316+0000] {logging_mixin.py:188} INFO - [2026-01-29T04:45:40.315+0000] {dagbag.py:545} INFO - Filling up the DagBag from /home/airflow/.local/lib/python3.12/site-packages/airflow/example_dags/example_skip_dag.py
[2026-01-29T04:45:40.323+0000] {processor.py:840} INFO - DAG(s) 'example_skip_dag' retrieved from /home/airflow/.local/lib/python3.12/site-packages/airflow/example_dags/example_skip_dag.py
[2026-01-29T04:45:40.348+0000] {logging_mixin.py:188} INFO - [2026-01-29T04:45:40.348+0000] {dag.py:3089} INFO - Sync 1 DAGs
[2026-01-29T04:45:40.372+0000] {logging_mixin.py:188} INFO - [2026-01-29T04:45:40.372+0000] {dag.py:3947} INFO - Setting next_dagrun for example_skip_dag to 2026-01-28 00:00:00+00:00, run_after=2026-01-29 00:00:00+00:00
[2026-01-29T04:45:40.393+0000] {processor.py:183} INFO - Processing /home/airflow/.local/lib/python3.12/site-packages/airflow/example_dags/example_skip_dag.py took 0.088 seconds
[2026-01-29T04:46:10.619+0000] {processor.py:161} INFO - Started process (PID=97064) to work on /home/airflow/.local/lib/python3.12/site-packages/airflow/example_dags/example_skip_dag.py
[2026-01-29T04:46:10.620+0000] {processor.py:830} INFO - Processing file /home/airflow/.local/lib/python3.12/site-packages/airflow/example_dags/example_skip_dag.py for tasks to queue
[2026-01-29T04:46:10.622+0000] {logging_mixin.py:188} INFO - [2026-01-29T04:46:10.622+0000] {dagbag.py:545} INFO - Filling up the DagBag from /home/airflow/.local/lib/python3.12/site-packages/airflow/example_dags/example_skip_dag.py
[2026-01-29T04:46:10.630+0000] {processor.py:840} INFO - DAG(s) 'example_skip_dag' retrieved from /home/airflow/.local/lib/python3.12/site-packages/airflow/example_dags/example_skip_dag.py
[2026-01-29T04:46:10.654+0000] {logging_mixin.py:188} INFO - [2026-01-29T04:46:10.654+0000] {dag.py:3089} INFO - Sync 1 DAGs
[2026-01-29T04:46:10.679+0000] {logging_mixin.py:188} INFO - [2026-01-29T04:46:10.679+0000] {dag.py:3947} INFO - Setting next_dagrun for example_skip_dag to 2026-01-28 00:00:00+00:00, run_after=2026-01-29 00:00:00+00:00
[2026-01-29T04:46:10.699+0000] {processor.py:183} INFO - Processing /home/airflow/.local/lib/python3.12/site-packages/airflow/example_dags/example_skip_dag.py took 0.088 seconds
[2026-01-29T04:46:41.044+0000] {processor.py:161} INFO - Started process (PID=97123) to work on /home/airflow/.local/lib/python3.12/site-packages/airflow/example_dags/example_skip_dag.py
[2026-01-29T04:46:41.045+0000] {processor.py:830} INFO - Processing file /home/airflow/.local/lib/python3.12/site-packages/airflow/example_dags/example_skip_dag.py for tasks to queue
[2026-01-29T04:46:41.047+0000] {logging_mixin.py:188} INFO - [2026-01-29T04:46:41.047+0000] {dagbag.py:545} INFO - Filling up the DagBag from /home/airflow/.local/lib/python3.12/site-packages/airflow/example_dags/example_skip_dag.py
[2026-01-29T04:46:41.055+0000] {processor.py:840} INFO - DAG(s) 'example_skip_dag' retrieved from /home/airflow/.local/lib/python3.12/site-packages/airflow/example_dags/example_skip_dag.py
[2026-01-29T04:46:41.082+0000] {logging_mixin.py:188} INFO - [2026-01-29T04:46:41.081+0000] {dag.py:3089} INFO - Sync 1 DAGs
[2026-01-29T04:46:41.107+0000] {logging_mixin.py:188} INFO - [2026-01-29T04:46:41.107+0000] {dag.py:3947} INFO - Setting next_dagrun for example_skip_dag to 2026-01-28 00:00:00+00:00, run_after=2026-01-29 00:00:00+00:00
[2026-01-29T04:46:41.129+0000] {processor.py:183} INFO - Processing /home/airflow/.local/lib/python3.12/site-packages/airflow/example_dags/example_skip_dag.py took 0.093 seconds
[2026-01-29T04:47:11.474+0000] {processor.py:161} INFO - Started process (PID=97187) to work on /home/airflow/.local/lib/python3.12/site-packages/airflow/example_dags/example_skip_dag.py
[2026-01-29T04:47:11.475+0000] {processor.py:830} INFO - Processing file /home/airflow/.local/lib/python3.12/site-packages/airflow/example_dags/example_skip_dag.py for tasks to queue
[2026-01-29T04:47:11.477+0000] {logging_mixin.py:188} INFO - [2026-01-29T04:47:11.476+0000] {dagbag.py:545} INFO - Filling up the DagBag from /home/airflow/.local/lib/python3.12/site-packages/airflow/example_dags/example_skip_dag.py
[2026-01-29T04:47:11.483+0000] {processor.py:840} INFO - DAG(s) 'example_skip_dag' retrieved from /home/airflow/.local/lib/python3.12/site-packages/airflow/example_dags/example_skip_dag.py
[2026-01-29T04:47:11.506+0000] {logging_mixin.py:188} INFO - [2026-01-29T04:47:11.506+0000] {dag.py:3089} INFO - Sync 1 DAGs
[2026-01-29T04:47:11.531+0000] {logging_mixin.py:188} INFO - [2026-01-29T04:47:11.531+0000] {dag.py:3947} INFO - Setting next_dagrun for example_skip_dag to 2026-01-28 00:00:00+00:00, run_after=2026-01-29 00:00:00+00:00
[2026-01-29T04:47:11.551+0000] {processor.py:183} INFO - Processing /home/airflow/.local/lib/python3.12/site-packages/airflow/example_dags/example_skip_dag.py took 0.084 seconds
[2026-01-29T04:47:41.776+0000] {processor.py:161} INFO - Started process (PID=97246) to work on /home/airflow/.local/lib/python3.12/site-packages/airflow/example_dags/example_skip_dag.py
[2026-01-29T04:47:41.777+0000] {processor.py:830} INFO - Processing file /home/airflow/.local/lib/python3.12/site-packages/airflow/example_dags/example_skip_dag.py for tasks to queue
[2026-01-29T04:47:41.780+0000] {logging_mixin.py:188} INFO - [2026-01-29T04:47:41.779+0000] {dagbag.py:545} INFO - Filling up the DagBag from /home/airflow/.local/lib/python3.12/site-packages/airflow/example_dags/example_skip_dag.py
[2026-01-29T04:47:41.788+0000] {processor.py:840} INFO - DAG(s) 'example_skip_dag' retrieved from /home/airflow/.local/lib/python3.12/site-packages/airflow/example_dags/example_skip_dag.py
[2026-01-29T04:47:41.812+0000] {logging_mixin.py:188} INFO - [2026-01-29T04:47:41.812+0000] {dag.py:3089} INFO - Sync 1 DAGs
[2026-01-29T04:47:41.838+0000] {logging_mixin.py:188} INFO - [2026-01-29T04:47:41.838+0000] {dag.py:3947} INFO - Setting next_dagrun for example_skip_dag to 2026-01-28 00:00:00+00:00, run_after=2026-01-29 00:00:00+00:00
[2026-01-29T04:47:41.859+0000] {processor.py:183} INFO - Processing /home/airflow/.local/lib/python3.12/site-packages/airflow/example_dags/example_skip_dag.py took 0.092 seconds
[2026-01-29T04:48:12.090+0000] {processor.py:161} INFO - Started process (PID=97310) to work on /home/airflow/.local/lib/python3.12/site-packages/airflow/example_dags/example_skip_dag.py
[2026-01-29T04:48:12.091+0000] {processor.py:830} INFO - Processing file /home/airflow/.local/lib/python3.12/site-packages/airflow/example_dags/example_skip_dag.py for tasks to queue
[2026-01-29T04:48:12.093+0000] {logging_mixin.py:188} INFO - [2026-01-29T04:48:12.093+0000] {dagbag.py:545} INFO - Filling up the DagBag from /home/airflow/.local/lib/python3.12/site-packages/airflow/example_dags/example_skip_dag.py
[2026-01-29T04:48:12.101+0000] {processor.py:840} INFO - DAG(s) 'example_skip_dag' retrieved from /home/airflow/.local/lib/python3.12/site-packages/airflow/example_dags/example_skip_dag.py
[2026-01-29T04:48:12.125+0000] {logging_mixin.py:188} INFO - [2026-01-29T04:48:12.125+0000] {dag.py:3089} INFO - Sync 1 DAGs
[2026-01-29T04:48:12.150+0000] {logging_mixin.py:188} INFO - [2026-01-29T04:48:12.150+0000] {dag.py:3947} INFO - Setting next_dagrun for example_skip_dag to 2026-01-28 00:00:00+00:00, run_after=2026-01-29 00:00:00+00:00
[2026-01-29T04:48:12.171+0000] {processor.py:183} INFO - Processing /home/airflow/.local/lib/python3.12/site-packages/airflow/example_dags/example_skip_dag.py took 0.089 seconds
[2026-01-29T04:48:42.527+0000] {processor.py:161} INFO - Started process (PID=97369) to work on /home/airflow/.local/lib/python3.12/site-packages/airflow/example_dags/example_skip_dag.py
[2026-01-29T04:48:42.528+0000] {processor.py:830} INFO - Processing file /home/airflow/.local/lib/python3.12/site-packages/airflow/example_dags/example_skip_dag.py for tasks to queue
[2026-01-29T04:48:42.530+0000] {logging_mixin.py:188} INFO - [2026-01-29T04:48:42.530+0000] {dagbag.py:545} INFO - Filling up the DagBag from /home/airflow/.local/lib/python3.12/site-packages/airflow/example_dags/example_skip_dag.py
[2026-01-29T04:48:42.538+0000] {processor.py:840} INFO - DAG(s) 'example_skip_dag' retrieved from /home/airflow/.local/lib/python3.12/site-packages/airflow/example_dags/example_skip_dag.py
[2026-01-29T04:48:42.564+0000] {logging_mixin.py:188} INFO - [2026-01-29T04:48:42.564+0000] {dag.py:3089} INFO - Sync 1 DAGs
[2026-01-29T04:48:42.589+0000] {logging_mixin.py:188} INFO - [2026-01-29T04:48:42.589+0000] {dag.py:3947} INFO - Setting next_dagrun for example_skip_dag to 2026-01-28 00:00:00+00:00, run_after=2026-01-29 00:00:00+00:00
[2026-01-29T04:48:42.609+0000] {processor.py:183} INFO - Processing /home/airflow/.local/lib/python3.12/site-packages/airflow/example_dags/example_skip_dag.py took 0.091 seconds
[2026-01-29T04:49:12.875+0000] {processor.py:161} INFO - Started process (PID=97433) to work on /home/airflow/.local/lib/python3.12/site-packages/airflow/example_dags/example_skip_dag.py
[2026-01-29T04:49:12.876+0000] {processor.py:830} INFO - Processing file /home/airflow/.local/lib/python3.12/site-packages/airflow/example_dags/example_skip_dag.py for tasks to queue
[2026-01-29T04:49:12.878+0000] {logging_mixin.py:188} INFO - [2026-01-29T04:49:12.878+0000] {dagbag.py:545} INFO - Filling up the DagBag from /home/airflow/.local/lib/python3.12/site-packages/airflow/example_dags/example_skip_dag.py
[2026-01-29T04:49:12.886+0000] {processor.py:840} INFO - DAG(s) 'example_skip_dag' retrieved from /home/airflow/.local/lib/python3.12/site-packages/airflow/example_dags/example_skip_dag.py
[2026-01-29T04:49:12.912+0000] {logging_mixin.py:188} INFO - [2026-01-29T04:49:12.911+0000] {dag.py:3089} INFO - Sync 1 DAGs
[2026-01-29T04:49:12.939+0000] {logging_mixin.py:188} INFO - [2026-01-29T04:49:12.939+0000] {dag.py:3947} INFO - Setting next_dagrun for example_skip_dag to 2026-01-28 00:00:00+00:00, run_after=2026-01-29 00:00:00+00:00
[2026-01-29T04:49:12.963+0000] {processor.py:183} INFO - Processing /home/airflow/.local/lib/python3.12/site-packages/airflow/example_dags/example_skip_dag.py took 0.096 seconds
[2026-01-29T04:49:43.442+0000] {processor.py:161} INFO - Started process (PID=97492) to work on /home/airflow/.local/lib/python3.12/site-packages/airflow/example_dags/example_skip_dag.py
[2026-01-29T04:49:43.443+0000] {processor.py:830} INFO - Processing file /home/airflow/.local/lib/python3.12/site-packages/airflow/example_dags/example_skip_dag.py for tasks to queue
[2026-01-29T04:49:43.445+0000] {logging_mixin.py:188} INFO - [2026-01-29T04:49:43.445+0000] {dagbag.py:545} INFO - Filling up the DagBag from /home/airflow/.local/lib/python3.12/site-packages/airflow/example_dags/example_skip_dag.py
[2026-01-29T04:49:43.452+0000] {processor.py:840} INFO - DAG(s) 'example_skip_dag' retrieved from /home/airflow/.local/lib/python3.12/site-packages/airflow/example_dags/example_skip_dag.py
[2026-01-29T04:49:43.475+0000] {logging_mixin.py:188} INFO - [2026-01-29T04:49:43.475+0000] {dag.py:3089} INFO - Sync 1 DAGs
[2026-01-29T04:49:43.499+0000] {logging_mixin.py:188} INFO - [2026-01-29T04:49:43.499+0000] {dag.py:3947} INFO - Setting next_dagrun for example_skip_dag to 2026-01-28 00:00:00+00:00, run_after=2026-01-29 00:00:00+00:00
[2026-01-29T04:49:43.519+0000] {processor.py:183} INFO - Processing /home/airflow/.local/lib/python3.12/site-packages/airflow/example_dags/example_skip_dag.py took 0.083 seconds
[2026-01-29T04:50:14.066+0000] {processor.py:161} INFO - Started process (PID=97556) to work on /home/airflow/.local/lib/python3.12/site-packages/airflow/example_dags/example_skip_dag.py
[2026-01-29T04:50:14.067+0000] {processor.py:830} INFO - Processing file /home/airflow/.local/lib/python3.12/site-packages/airflow/example_dags/example_skip_dag.py for tasks to queue
[2026-01-29T04:50:14.069+0000] {logging_mixin.py:188} INFO - [2026-01-29T04:50:14.069+0000] {dagbag.py:545} INFO - Filling up the DagBag from /home/airflow/.local/lib/python3.12/site-packages/airflow/example_dags/example_skip_dag.py
[2026-01-29T04:50:14.077+0000] {processor.py:840} INFO - DAG(s) 'example_skip_dag' retrieved from /home/airflow/.local/lib/python3.12/site-packages/airflow/example_dags/example_skip_dag.py
[2026-01-29T04:50:14.101+0000] {logging_mixin.py:188} INFO - [2026-01-29T04:50:14.101+0000] {dag.py:3089} INFO - Sync 1 DAGs
[2026-01-29T04:50:14.126+0000] {logging_mixin.py:188} INFO - [2026-01-29T04:50:14.125+0000] {dag.py:3947} INFO - Setting next_dagrun for example_skip_dag to 2026-01-28 00:00:00+00:00, run_after=2026-01-29 00:00:00+00:00
[2026-01-29T04:50:14.146+0000] {processor.py:183} INFO - Processing /home/airflow/.local/lib/python3.12/site-packages/airflow/example_dags/example_skip_dag.py took 0.087 seconds
[2026-01-29T04:50:44.451+0000] {processor.py:161} INFO - Started process (PID=97615) to work on /home/airflow/.local/lib/python3.12/site-packages/airflow/example_dags/example_skip_dag.py
[2026-01-29T04:50:44.452+0000] {processor.py:830} INFO - Processing file /home/airflow/.local/lib/python3.12/site-packages/airflow/example_dags/example_skip_dag.py for tasks to queue
[2026-01-29T04:50:44.454+0000] {logging_mixin.py:188} INFO - [2026-01-29T04:50:44.454+0000] {dagbag.py:545} INFO - Filling up the DagBag from /home/airflow/.local/lib/python3.12/site-packages/airflow/example_dags/example_skip_dag.py
[2026-01-29T04:50:44.462+0000] {processor.py:840} INFO - DAG(s) 'example_skip_dag' retrieved from /home/airflow/.local/lib/python3.12/site-packages/airflow/example_dags/example_skip_dag.py
[2026-01-29T04:50:44.485+0000] {logging_mixin.py:188} INFO - [2026-01-29T04:50:44.484+0000] {dag.py:3089} INFO - Sync 1 DAGs
[2026-01-29T04:50:44.508+0000] {logging_mixin.py:188} INFO - [2026-01-29T04:50:44.508+0000] {dag.py:3947} INFO - Setting next_dagrun for example_skip_dag to 2026-01-28 00:00:00+00:00, run_after=2026-01-29 00:00:00+00:00
[2026-01-29T04:50:44.527+0000] {processor.py:183} INFO - Processing /home/airflow/.local/lib/python3.12/site-packages/airflow/example_dags/example_skip_dag.py took 0.085 seconds
[2026-01-29T04:51:14.873+0000] {processor.py:161} INFO - Started process (PID=97679) to work on /home/airflow/.local/lib/python3.12/site-packages/airflow/example_dags/example_skip_dag.py
[2026-01-29T04:51:14.874+0000] {processor.py:830} INFO - Processing file /home/airflow/.local/lib/python3.12/site-packages/airflow/example_dags/example_skip_dag.py for tasks to queue
[2026-01-29T04:51:14.876+0000] {logging_mixin.py:188} INFO - [2026-01-29T04:51:14.876+0000] {dagbag.py:545} INFO - Filling up the DagBag from /home/airflow/.local/lib/python3.12/site-packages/airflow/example_dags/example_skip_dag.py
[2026-01-29T04:51:14.884+0000] {processor.py:840} INFO - DAG(s) 'example_skip_dag' retrieved from /home/airflow/.local/lib/python3.12/site-packages/airflow/example_dags/example_skip_dag.py
[2026-01-29T04:51:14.909+0000] {logging_mixin.py:188} INFO - [2026-01-29T04:51:14.909+0000] {dag.py:3089} INFO - Sync 1 DAGs
[2026-01-29T04:51:14.934+0000] {logging_mixin.py:188} INFO - [2026-01-29T04:51:14.934+0000] {dag.py:3947} INFO - Setting next_dagrun for example_skip_dag to 2026-01-28 00:00:00+00:00, run_after=2026-01-29 00:00:00+00:00
[2026-01-29T04:51:14.954+0000] {processor.py:183} INFO - Processing /home/airflow/.local/lib/python3.12/site-packages/airflow/example_dags/example_skip_dag.py took 0.089 seconds
[2026-01-29T04:51:45.392+0000] {processor.py:161} INFO - Started process (PID=97738) to work on /home/airflow/.local/lib/python3.12/site-packages/airflow/example_dags/example_skip_dag.py
[2026-01-29T04:51:45.393+0000] {processor.py:830} INFO - Processing file /home/airflow/.local/lib/python3.12/site-packages/airflow/example_dags/example_skip_dag.py for tasks to queue
[2026-01-29T04:51:45.395+0000] {logging_mixin.py:188} INFO - [2026-01-29T04:51:45.395+0000] {dagbag.py:545} INFO - Filling up the DagBag from /home/airflow/.local/lib/python3.12/site-packages/airflow/example_dags/example_skip_dag.py
[2026-01-29T04:51:45.403+0000] {processor.py:840} INFO - DAG(s) 'example_skip_dag' retrieved from /home/airflow/.local/lib/python3.12/site-packages/airflow/example_dags/example_skip_dag.py
[2026-01-29T04:51:45.426+0000] {logging_mixin.py:188} INFO - [2026-01-29T04:51:45.426+0000] {dag.py:3089} INFO - Sync 1 DAGs
[2026-01-29T04:51:45.449+0000] {logging_mixin.py:188} INFO - [2026-01-29T04:51:45.449+0000] {dag.py:3947} INFO - Setting next_dagrun for example_skip_dag to 2026-01-28 00:00:00+00:00, run_after=2026-01-29 00:00:00+00:00
[2026-01-29T04:51:45.469+0000] {processor.py:183} INFO - Processing /home/airflow/.local/lib/python3.12/site-packages/airflow/example_dags/example_skip_dag.py took 0.085 seconds
[2026-01-29T04:52:15.802+0000] {processor.py:161} INFO - Started process (PID=97802) to work on /home/airflow/.local/lib/python3.12/site-packages/airflow/example_dags/example_skip_dag.py
[2026-01-29T04:52:15.803+0000] {processor.py:830} INFO - Processing file /home/airflow/.local/lib/python3.12/site-packages/airflow/example_dags/example_skip_dag.py for tasks to queue
[2026-01-29T04:52:15.805+0000] {logging_mixin.py:188} INFO - [2026-01-29T04:52:15.805+0000] {dagbag.py:545} INFO - Filling up the DagBag from /home/airflow/.local/lib/python3.12/site-packages/airflow/example_dags/example_skip_dag.py
[2026-01-29T04:52:15.813+0000] {processor.py:840} INFO - DAG(s) 'example_skip_dag' retrieved from /home/airflow/.local/lib/python3.12/site-packages/airflow/example_dags/example_skip_dag.py
[2026-01-29T04:52:15.839+0000] {logging_mixin.py:188} INFO - [2026-01-29T04:52:15.838+0000] {dag.py:3089} INFO - Sync 1 DAGs
[2026-01-29T04:52:15.865+0000] {logging_mixin.py:188} INFO - [2026-01-29T04:52:15.865+0000] {dag.py:3947} INFO - Setting next_dagrun for example_skip_dag to 2026-01-28 00:00:00+00:00, run_after=2026-01-29 00:00:00+00:00
[2026-01-29T04:52:15.888+0000] {processor.py:183} INFO - Processing /home/airflow/.local/lib/python3.12/site-packages/airflow/example_dags/example_skip_dag.py took 0.094 seconds
[2026-01-29T04:52:46.063+0000] {processor.py:161} INFO - Started process (PID=97861) to work on /home/airflow/.local/lib/python3.12/site-packages/airflow/example_dags/example_skip_dag.py
[2026-01-29T04:52:46.064+0000] {processor.py:830} INFO - Processing file /home/airflow/.local/lib/python3.12/site-packages/airflow/example_dags/example_skip_dag.py for tasks to queue
[2026-01-29T04:52:46.066+0000] {logging_mixin.py:188} INFO - [2026-01-29T04:52:46.066+0000] {dagbag.py:545} INFO - Filling up the DagBag from /home/airflow/.local/lib/python3.12/site-packages/airflow/example_dags/example_skip_dag.py
[2026-01-29T04:52:46.073+0000] {processor.py:840} INFO - DAG(s) 'example_skip_dag' retrieved from /home/airflow/.local/lib/python3.12/site-packages/airflow/example_dags/example_skip_dag.py
[2026-01-29T04:52:46.095+0000] {logging_mixin.py:188} INFO - [2026-01-29T04:52:46.095+0000] {dag.py:3089} INFO - Sync 1 DAGs
[2026-01-29T04:52:46.119+0000] {logging_mixin.py:188} INFO - [2026-01-29T04:52:46.119+0000] {dag.py:3947} INFO - Setting next_dagrun for example_skip_dag to 2026-01-28 00:00:00+00:00, run_after=2026-01-29 00:00:00+00:00
[2026-01-29T04:52:46.139+0000] {processor.py:183} INFO - Processing /home/airflow/.local/lib/python3.12/site-packages/airflow/example_dags/example_skip_dag.py took 0.082 seconds
[2026-01-29T04:53:16.223+0000] {processor.py:161} INFO - Started process (PID=97925) to work on /home/airflow/.local/lib/python3.12/site-packages/airflow/example_dags/example_skip_dag.py
[2026-01-29T04:53:16.223+0000] {processor.py:830} INFO - Processing file /home/airflow/.local/lib/python3.12/site-packages/airflow/example_dags/example_skip_dag.py for tasks to queue
[2026-01-29T04:53:16.225+0000] {logging_mixin.py:188} INFO - [2026-01-29T04:53:16.225+0000] {dagbag.py:545} INFO - Filling up the DagBag from /home/airflow/.local/lib/python3.12/site-packages/airflow/example_dags/example_skip_dag.py
[2026-01-29T04:53:16.232+0000] {processor.py:840} INFO - DAG(s) 'example_skip_dag' retrieved from /home/airflow/.local/lib/python3.12/site-packages/airflow/example_dags/example_skip_dag.py
[2026-01-29T04:53:16.253+0000] {logging_mixin.py:188} INFO - [2026-01-29T04:53:16.253+0000] {dag.py:3089} INFO - Sync 1 DAGs
[2026-01-29T04:53:16.276+0000] {logging_mixin.py:188} INFO - [2026-01-29T04:53:16.276+0000] {dag.py:3947} INFO - Setting next_dagrun for example_skip_dag to 2026-01-28 00:00:00+00:00, run_after=2026-01-29 00:00:00+00:00
[2026-01-29T04:53:16.296+0000] {processor.py:183} INFO - Processing /home/airflow/.local/lib/python3.12/site-packages/airflow/example_dags/example_skip_dag.py took 0.080 seconds
[2026-01-29T04:53:46.519+0000] {processor.py:161} INFO - Started process (PID=97984) to work on /home/airflow/.local/lib/python3.12/site-packages/airflow/example_dags/example_skip_dag.py
[2026-01-29T04:53:46.520+0000] {processor.py:830} INFO - Processing file /home/airflow/.local/lib/python3.12/site-packages/airflow/example_dags/example_skip_dag.py for tasks to queue
[2026-01-29T04:53:46.522+0000] {logging_mixin.py:188} INFO - [2026-01-29T04:53:46.522+0000] {dagbag.py:545} INFO - Filling up the DagBag from /home/airflow/.local/lib/python3.12/site-packages/airflow/example_dags/example_skip_dag.py
[2026-01-29T04:53:46.529+0000] {processor.py:840} INFO - DAG(s) 'example_skip_dag' retrieved from /home/airflow/.local/lib/python3.12/site-packages/airflow/example_dags/example_skip_dag.py
[2026-01-29T04:53:46.552+0000] {logging_mixin.py:188} INFO - [2026-01-29T04:53:46.552+0000] {dag.py:3089} INFO - Sync 1 DAGs
[2026-01-29T04:53:46.575+0000] {logging_mixin.py:188} INFO - [2026-01-29T04:53:46.575+0000] {dag.py:3947} INFO - Setting next_dagrun for example_skip_dag to 2026-01-28 00:00:00+00:00, run_after=2026-01-29 00:00:00+00:00
[2026-01-29T04:53:46.595+0000] {processor.py:183} INFO - Processing /home/airflow/.local/lib/python3.12/site-packages/airflow/example_dags/example_skip_dag.py took 0.082 seconds
[2026-01-29T04:54:16.855+0000] {processor.py:161} INFO - Started process (PID=98048) to work on /home/airflow/.local/lib/python3.12/site-packages/airflow/example_dags/example_skip_dag.py
[2026-01-29T04:54:16.856+0000] {processor.py:830} INFO - Processing file /home/airflow/.local/lib/python3.12/site-packages/airflow/example_dags/example_skip_dag.py for tasks to queue
[2026-01-29T04:54:16.858+0000] {logging_mixin.py:188} INFO - [2026-01-29T04:54:16.858+0000] {dagbag.py:545} INFO - Filling up the DagBag from /home/airflow/.local/lib/python3.12/site-packages/airflow/example_dags/example_skip_dag.py
[2026-01-29T04:54:16.866+0000] {processor.py:840} INFO - DAG(s) 'example_skip_dag' retrieved from /home/airflow/.local/lib/python3.12/site-packages/airflow/example_dags/example_skip_dag.py
[2026-01-29T04:54:16.890+0000] {logging_mixin.py:188} INFO - [2026-01-29T04:54:16.890+0000] {dag.py:3089} INFO - Sync 1 DAGs
[2026-01-29T04:54:16.916+0000] {logging_mixin.py:188} INFO - [2026-01-29T04:54:16.916+0000] {dag.py:3947} INFO - Setting next_dagrun for example_skip_dag to 2026-01-28 00:00:00+00:00, run_after=2026-01-29 00:00:00+00:00
[2026-01-29T04:54:16.936+0000] {processor.py:183} INFO - Processing /home/airflow/.local/lib/python3.12/site-packages/airflow/example_dags/example_skip_dag.py took 0.089 seconds
[2026-01-29T04:54:47.317+0000] {processor.py:161} INFO - Started process (PID=98107) to work on /home/airflow/.local/lib/python3.12/site-packages/airflow/example_dags/example_skip_dag.py
[2026-01-29T04:54:47.318+0000] {processor.py:830} INFO - Processing file /home/airflow/.local/lib/python3.12/site-packages/airflow/example_dags/example_skip_dag.py for tasks to queue
[2026-01-29T04:54:47.320+0000] {logging_mixin.py:188} INFO - [2026-01-29T04:54:47.320+0000] {dagbag.py:545} INFO - Filling up the DagBag from /home/airflow/.local/lib/python3.12/site-packages/airflow/example_dags/example_skip_dag.py
[2026-01-29T04:54:47.328+0000] {processor.py:840} INFO - DAG(s) 'example_skip_dag' retrieved from /home/airflow/.local/lib/python3.12/site-packages/airflow/example_dags/example_skip_dag.py
[2026-01-29T04:54:47.353+0000] {logging_mixin.py:188} INFO - [2026-01-29T04:54:47.353+0000] {dag.py:3089} INFO - Sync 1 DAGs
[2026-01-29T04:54:47.378+0000] {logging_mixin.py:188} INFO - [2026-01-29T04:54:47.378+0000] {dag.py:3947} INFO - Setting next_dagrun for example_skip_dag to 2026-01-28 00:00:00+00:00, run_after=2026-01-29 00:00:00+00:00
[2026-01-29T04:54:47.399+0000] {processor.py:183} INFO - Processing /home/airflow/.local/lib/python3.12/site-packages/airflow/example_dags/example_skip_dag.py took 0.090 seconds
[2026-01-29T04:55:17.519+0000] {processor.py:161} INFO - Started process (PID=98171) to work on /home/airflow/.local/lib/python3.12/site-packages/airflow/example_dags/example_skip_dag.py
[2026-01-29T04:55:17.520+0000] {processor.py:830} INFO - Processing file /home/airflow/.local/lib/python3.12/site-packages/airflow/example_dags/example_skip_dag.py for tasks to queue
[2026-01-29T04:55:17.522+0000] {logging_mixin.py:188} INFO - [2026-01-29T04:55:17.522+0000] {dagbag.py:545} INFO - Filling up the DagBag from /home/airflow/.local/lib/python3.12/site-packages/airflow/example_dags/example_skip_dag.py
[2026-01-29T04:55:17.530+0000] {processor.py:840} INFO - DAG(s) 'example_skip_dag' retrieved from /home/airflow/.local/lib/python3.12/site-packages/airflow/example_dags/example_skip_dag.py
[2026-01-29T04:55:17.554+0000] {logging_mixin.py:188} INFO - [2026-01-29T04:55:17.554+0000] {dag.py:3089} INFO - Sync 1 DAGs
[2026-01-29T04:55:17.578+0000] {logging_mixin.py:188} INFO - [2026-01-29T04:55:17.578+0000] {dag.py:3947} INFO - Setting next_dagrun for example_skip_dag to 2026-01-28 00:00:00+00:00, run_after=2026-01-29 00:00:00+00:00
[2026-01-29T04:55:17.599+0000] {processor.py:183} INFO - Processing /home/airflow/.local/lib/python3.12/site-packages/airflow/example_dags/example_skip_dag.py took 0.088 seconds
[2026-01-29T04:55:47.729+0000] {processor.py:161} INFO - Started process (PID=98230) to work on /home/airflow/.local/lib/python3.12/site-packages/airflow/example_dags/example_skip_dag.py
[2026-01-29T04:55:47.731+0000] {processor.py:830} INFO - Processing file /home/airflow/.local/lib/python3.12/site-packages/airflow/example_dags/example_skip_dag.py for tasks to queue
[2026-01-29T04:55:47.732+0000] {logging_mixin.py:188} INFO - [2026-01-29T04:55:47.732+0000] {dagbag.py:545} INFO - Filling up the DagBag from /home/airflow/.local/lib/python3.12/site-packages/airflow/example_dags/example_skip_dag.py
[2026-01-29T04:55:47.739+0000] {processor.py:840} INFO - DAG(s) 'example_skip_dag' retrieved from /home/airflow/.local/lib/python3.12/site-packages/airflow/example_dags/example_skip_dag.py
[2026-01-29T04:55:47.762+0000] {logging_mixin.py:188} INFO - [2026-01-29T04:55:47.762+0000] {dag.py:3089} INFO - Sync 1 DAGs
[2026-01-29T04:55:47.785+0000] {logging_mixin.py:188} INFO - [2026-01-29T04:55:47.785+0000] {dag.py:3947} INFO - Setting next_dagrun for example_skip_dag to 2026-01-28 00:00:00+00:00, run_after=2026-01-29 00:00:00+00:00
[2026-01-29T04:55:47.805+0000] {processor.py:183} INFO - Processing /home/airflow/.local/lib/python3.12/site-packages/airflow/example_dags/example_skip_dag.py took 0.081 seconds
[2026-01-29T04:56:18.333+0000] {processor.py:161} INFO - Started process (PID=98294) to work on /home/airflow/.local/lib/python3.12/site-packages/airflow/example_dags/example_skip_dag.py
[2026-01-29T04:56:18.334+0000] {processor.py:830} INFO - Processing file /home/airflow/.local/lib/python3.12/site-packages/airflow/example_dags/example_skip_dag.py for tasks to queue
[2026-01-29T04:56:18.336+0000] {logging_mixin.py:188} INFO - [2026-01-29T04:56:18.336+0000] {dagbag.py:545} INFO - Filling up the DagBag from /home/airflow/.local/lib/python3.12/site-packages/airflow/example_dags/example_skip_dag.py
[2026-01-29T04:56:18.343+0000] {processor.py:840} INFO - DAG(s) 'example_skip_dag' retrieved from /home/airflow/.local/lib/python3.12/site-packages/airflow/example_dags/example_skip_dag.py
[2026-01-29T04:56:18.365+0000] {logging_mixin.py:188} INFO - [2026-01-29T04:56:18.364+0000] {dag.py:3089} INFO - Sync 1 DAGs
[2026-01-29T04:56:18.390+0000] {logging_mixin.py:188} INFO - [2026-01-29T04:56:18.390+0000] {dag.py:3947} INFO - Setting next_dagrun for example_skip_dag to 2026-01-28 00:00:00+00:00, run_after=2026-01-29 00:00:00+00:00
[2026-01-29T04:56:18.418+0000] {processor.py:183} INFO - Processing /home/airflow/.local/lib/python3.12/site-packages/airflow/example_dags/example_skip_dag.py took 0.091 seconds
[2026-01-29T04:56:48.659+0000] {processor.py:161} INFO - Started process (PID=98353) to work on /home/airflow/.local/lib/python3.12/site-packages/airflow/example_dags/example_skip_dag.py
[2026-01-29T04:56:48.660+0000] {processor.py:830} INFO - Processing file /home/airflow/.local/lib/python3.12/site-packages/airflow/example_dags/example_skip_dag.py for tasks to queue
[2026-01-29T04:56:48.662+0000] {logging_mixin.py:188} INFO - [2026-01-29T04:56:48.662+0000] {dagbag.py:545} INFO - Filling up the DagBag from /home/airflow/.local/lib/python3.12/site-packages/airflow/example_dags/example_skip_dag.py
[2026-01-29T04:56:48.670+0000] {processor.py:840} INFO - DAG(s) 'example_skip_dag' retrieved from /home/airflow/.local/lib/python3.12/site-packages/airflow/example_dags/example_skip_dag.py
[2026-01-29T04:56:48.696+0000] {logging_mixin.py:188} INFO - [2026-01-29T04:56:48.695+0000] {dag.py:3089} INFO - Sync 1 DAGs
[2026-01-29T04:56:48.721+0000] {logging_mixin.py:188} INFO - [2026-01-29T04:56:48.721+0000] {dag.py:3947} INFO - Setting next_dagrun for example_skip_dag to 2026-01-28 00:00:00+00:00, run_after=2026-01-29 00:00:00+00:00
[2026-01-29T04:56:48.741+0000] {processor.py:183} INFO - Processing /home/airflow/.local/lib/python3.12/site-packages/airflow/example_dags/example_skip_dag.py took 0.090 seconds
[2026-01-29T04:57:19.162+0000] {processor.py:161} INFO - Started process (PID=98417) to work on /home/airflow/.local/lib/python3.12/site-packages/airflow/example_dags/example_skip_dag.py
[2026-01-29T04:57:19.163+0000] {processor.py:830} INFO - Processing file /home/airflow/.local/lib/python3.12/site-packages/airflow/example_dags/example_skip_dag.py for tasks to queue
[2026-01-29T04:57:19.165+0000] {logging_mixin.py:188} INFO - [2026-01-29T04:57:19.165+0000] {dagbag.py:545} INFO - Filling up the DagBag from /home/airflow/.local/lib/python3.12/site-packages/airflow/example_dags/example_skip_dag.py
[2026-01-29T04:57:19.173+0000] {processor.py:840} INFO - DAG(s) 'example_skip_dag' retrieved from /home/airflow/.local/lib/python3.12/site-packages/airflow/example_dags/example_skip_dag.py
[2026-01-29T04:57:19.196+0000] {logging_mixin.py:188} INFO - [2026-01-29T04:57:19.196+0000] {dag.py:3089} INFO - Sync 1 DAGs
[2026-01-29T04:57:19.219+0000] {logging_mixin.py:188} INFO - [2026-01-29T04:57:19.219+0000] {dag.py:3947} INFO - Setting next_dagrun for example_skip_dag to 2026-01-28 00:00:00+00:00, run_after=2026-01-29 00:00:00+00:00
[2026-01-29T04:57:19.239+0000] {processor.py:183} INFO - Processing /home/airflow/.local/lib/python3.12/site-packages/airflow/example_dags/example_skip_dag.py took 0.085 seconds
[2026-01-29T04:57:49.564+0000] {processor.py:161} INFO - Started process (PID=98476) to work on /home/airflow/.local/lib/python3.12/site-packages/airflow/example_dags/example_skip_dag.py
[2026-01-29T04:57:49.565+0000] {processor.py:830} INFO - Processing file /home/airflow/.local/lib/python3.12/site-packages/airflow/example_dags/example_skip_dag.py for tasks to queue
[2026-01-29T04:57:49.567+0000] {logging_mixin.py:188} INFO - [2026-01-29T04:57:49.567+0000] {dagbag.py:545} INFO - Filling up the DagBag from /home/airflow/.local/lib/python3.12/site-packages/airflow/example_dags/example_skip_dag.py
[2026-01-29T04:57:49.575+0000] {processor.py:840} INFO - DAG(s) 'example_skip_dag' retrieved from /home/airflow/.local/lib/python3.12/site-packages/airflow/example_dags/example_skip_dag.py
[2026-01-29T04:57:49.598+0000] {logging_mixin.py:188} INFO - [2026-01-29T04:57:49.598+0000] {dag.py:3089} INFO - Sync 1 DAGs
[2026-01-29T04:57:49.621+0000] {logging_mixin.py:188} INFO - [2026-01-29T04:57:49.620+0000] {dag.py:3947} INFO - Setting next_dagrun for example_skip_dag to 2026-01-28 00:00:00+00:00, run_after=2026-01-29 00:00:00+00:00
[2026-01-29T04:57:49.641+0000] {processor.py:183} INFO - Processing /home/airflow/.local/lib/python3.12/site-packages/airflow/example_dags/example_skip_dag.py took 0.086 seconds
[2026-01-29T04:58:19.876+0000] {processor.py:161} INFO - Started process (PID=98540) to work on /home/airflow/.local/lib/python3.12/site-packages/airflow/example_dags/example_skip_dag.py
[2026-01-29T04:58:19.877+0000] {processor.py:830} INFO - Processing file /home/airflow/.local/lib/python3.12/site-packages/airflow/example_dags/example_skip_dag.py for tasks to queue
[2026-01-29T04:58:19.879+0000] {logging_mixin.py:188} INFO - [2026-01-29T04:58:19.879+0000] {dagbag.py:545} INFO - Filling up the DagBag from /home/airflow/.local/lib/python3.12/site-packages/airflow/example_dags/example_skip_dag.py
[2026-01-29T04:58:19.887+0000] {processor.py:840} INFO - DAG(s) 'example_skip_dag' retrieved from /home/airflow/.local/lib/python3.12/site-packages/airflow/example_dags/example_skip_dag.py
[2026-01-29T04:58:19.910+0000] {logging_mixin.py:188} INFO - [2026-01-29T04:58:19.909+0000] {dag.py:3089} INFO - Sync 1 DAGs
[2026-01-29T04:58:19.932+0000] {logging_mixin.py:188} INFO - [2026-01-29T04:58:19.932+0000] {dag.py:3947} INFO - Setting next_dagrun for example_skip_dag to 2026-01-28 00:00:00+00:00, run_after=2026-01-29 00:00:00+00:00
[2026-01-29T04:58:19.952+0000] {processor.py:183} INFO - Processing /home/airflow/.local/lib/python3.12/site-packages/airflow/example_dags/example_skip_dag.py took 0.085 seconds
[2026-01-29T04:58:50.151+0000] {processor.py:161} INFO - Started process (PID=98599) to work on /home/airflow/.local/lib/python3.12/site-packages/airflow/example_dags/example_skip_dag.py
[2026-01-29T04:58:50.152+0000] {processor.py:830} INFO - Processing file /home/airflow/.local/lib/python3.12/site-packages/airflow/example_dags/example_skip_dag.py for tasks to queue
[2026-01-29T04:58:50.154+0000] {logging_mixin.py:188} INFO - [2026-01-29T04:58:50.154+0000] {dagbag.py:545} INFO - Filling up the DagBag from /home/airflow/.local/lib/python3.12/site-packages/airflow/example_dags/example_skip_dag.py
[2026-01-29T04:58:50.162+0000] {processor.py:840} INFO - DAG(s) 'example_skip_dag' retrieved from /home/airflow/.local/lib/python3.12/site-packages/airflow/example_dags/example_skip_dag.py
[2026-01-29T04:58:50.185+0000] {logging_mixin.py:188} INFO - [2026-01-29T04:58:50.185+0000] {dag.py:3089} INFO - Sync 1 DAGs
[2026-01-29T04:58:50.208+0000] {logging_mixin.py:188} INFO - [2026-01-29T04:58:50.207+0000] {dag.py:3947} INFO - Setting next_dagrun for example_skip_dag to 2026-01-28 00:00:00+00:00, run_after=2026-01-29 00:00:00+00:00
[2026-01-29T04:58:50.228+0000] {processor.py:183} INFO - Processing /home/airflow/.local/lib/python3.12/site-packages/airflow/example_dags/example_skip_dag.py took 0.085 seconds
[2026-01-29T04:59:20.987+0000] {processor.py:161} INFO - Started process (PID=98661) to work on /home/airflow/.local/lib/python3.12/site-packages/airflow/example_dags/example_skip_dag.py
[2026-01-29T04:59:20.988+0000] {processor.py:830} INFO - Processing file /home/airflow/.local/lib/python3.12/site-packages/airflow/example_dags/example_skip_dag.py for tasks to queue
[2026-01-29T04:59:20.990+0000] {logging_mixin.py:188} INFO - [2026-01-29T04:59:20.990+0000] {dagbag.py:545} INFO - Filling up the DagBag from /home/airflow/.local/lib/python3.12/site-packages/airflow/example_dags/example_skip_dag.py
[2026-01-29T04:59:20.998+0000] {processor.py:840} INFO - DAG(s) 'example_skip_dag' retrieved from /home/airflow/.local/lib/python3.12/site-packages/airflow/example_dags/example_skip_dag.py
[2026-01-29T04:59:21.021+0000] {logging_mixin.py:188} INFO - [2026-01-29T04:59:21.021+0000] {dag.py:3089} INFO - Sync 1 DAGs
[2026-01-29T04:59:21.044+0000] {logging_mixin.py:188} INFO - [2026-01-29T04:59:21.044+0000] {dag.py:3947} INFO - Setting next_dagrun for example_skip_dag to 2026-01-28 00:00:00+00:00, run_after=2026-01-29 00:00:00+00:00
[2026-01-29T04:59:21.064+0000] {processor.py:183} INFO - Processing /home/airflow/.local/lib/python3.12/site-packages/airflow/example_dags/example_skip_dag.py took 0.085 seconds
[2026-01-29T04:59:51.291+0000] {processor.py:161} INFO - Started process (PID=98720) to work on /home/airflow/.local/lib/python3.12/site-packages/airflow/example_dags/example_skip_dag.py
[2026-01-29T04:59:51.292+0000] {processor.py:830} INFO - Processing file /home/airflow/.local/lib/python3.12/site-packages/airflow/example_dags/example_skip_dag.py for tasks to queue
[2026-01-29T04:59:51.294+0000] {logging_mixin.py:188} INFO - [2026-01-29T04:59:51.293+0000] {dagbag.py:545} INFO - Filling up the DagBag from /home/airflow/.local/lib/python3.12/site-packages/airflow/example_dags/example_skip_dag.py
[2026-01-29T04:59:51.301+0000] {processor.py:840} INFO - DAG(s) 'example_skip_dag' retrieved from /home/airflow/.local/lib/python3.12/site-packages/airflow/example_dags/example_skip_dag.py
[2026-01-29T04:59:51.330+0000] {logging_mixin.py:188} INFO - [2026-01-29T04:59:51.330+0000] {dag.py:3089} INFO - Sync 1 DAGs
[2026-01-29T04:59:51.355+0000] {logging_mixin.py:188} INFO - [2026-01-29T04:59:51.355+0000] {dag.py:3947} INFO - Setting next_dagrun for example_skip_dag to 2026-01-28 00:00:00+00:00, run_after=2026-01-29 00:00:00+00:00
[2026-01-29T04:59:51.374+0000] {processor.py:183} INFO - Processing /home/airflow/.local/lib/python3.12/site-packages/airflow/example_dags/example_skip_dag.py took 0.091 seconds
[2026-01-29T05:00:21.634+0000] {processor.py:161} INFO - Started process (PID=98784) to work on /home/airflow/.local/lib/python3.12/site-packages/airflow/example_dags/example_skip_dag.py
[2026-01-29T05:00:21.636+0000] {processor.py:830} INFO - Processing file /home/airflow/.local/lib/python3.12/site-packages/airflow/example_dags/example_skip_dag.py for tasks to queue
[2026-01-29T05:00:21.638+0000] {logging_mixin.py:188} INFO - [2026-01-29T05:00:21.637+0000] {dagbag.py:545} INFO - Filling up the DagBag from /home/airflow/.local/lib/python3.12/site-packages/airflow/example_dags/example_skip_dag.py
[2026-01-29T05:00:21.646+0000] {processor.py:840} INFO - DAG(s) 'example_skip_dag' retrieved from /home/airflow/.local/lib/python3.12/site-packages/airflow/example_dags/example_skip_dag.py
[2026-01-29T05:00:21.669+0000] {logging_mixin.py:188} INFO - [2026-01-29T05:00:21.669+0000] {dag.py:3089} INFO - Sync 1 DAGs
[2026-01-29T05:00:21.694+0000] {logging_mixin.py:188} INFO - [2026-01-29T05:00:21.693+0000] {dag.py:3947} INFO - Setting next_dagrun for example_skip_dag to 2026-01-28 00:00:00+00:00, run_after=2026-01-29 00:00:00+00:00
[2026-01-29T05:00:21.715+0000] {processor.py:183} INFO - Processing /home/airflow/.local/lib/python3.12/site-packages/airflow/example_dags/example_skip_dag.py took 0.089 seconds
[2026-01-29T05:00:51.778+0000] {processor.py:161} INFO - Started process (PID=98843) to work on /home/airflow/.local/lib/python3.12/site-packages/airflow/example_dags/example_skip_dag.py
[2026-01-29T05:00:51.779+0000] {processor.py:830} INFO - Processing file /home/airflow/.local/lib/python3.12/site-packages/airflow/example_dags/example_skip_dag.py for tasks to queue
[2026-01-29T05:00:51.781+0000] {logging_mixin.py:188} INFO - [2026-01-29T05:00:51.781+0000] {dagbag.py:545} INFO - Filling up the DagBag from /home/airflow/.local/lib/python3.12/site-packages/airflow/example_dags/example_skip_dag.py
[2026-01-29T05:00:51.787+0000] {processor.py:840} INFO - DAG(s) 'example_skip_dag' retrieved from /home/airflow/.local/lib/python3.12/site-packages/airflow/example_dags/example_skip_dag.py
[2026-01-29T05:00:51.811+0000] {logging_mixin.py:188} INFO - [2026-01-29T05:00:51.811+0000] {dag.py:3089} INFO - Sync 1 DAGs
[2026-01-29T05:00:51.837+0000] {logging_mixin.py:188} INFO - [2026-01-29T05:00:51.836+0000] {dag.py:3947} INFO - Setting next_dagrun for example_skip_dag to 2026-01-28 00:00:00+00:00, run_after=2026-01-29 00:00:00+00:00
[2026-01-29T05:00:51.858+0000] {processor.py:183} INFO - Processing /home/airflow/.local/lib/python3.12/site-packages/airflow/example_dags/example_skip_dag.py took 0.087 seconds
[2026-01-29T05:01:22.010+0000] {processor.py:161} INFO - Started process (PID=98907) to work on /home/airflow/.local/lib/python3.12/site-packages/airflow/example_dags/example_skip_dag.py
[2026-01-29T05:01:22.012+0000] {processor.py:830} INFO - Processing file /home/airflow/.local/lib/python3.12/site-packages/airflow/example_dags/example_skip_dag.py for tasks to queue
[2026-01-29T05:01:22.013+0000] {logging_mixin.py:188} INFO - [2026-01-29T05:01:22.013+0000] {dagbag.py:545} INFO - Filling up the DagBag from /home/airflow/.local/lib/python3.12/site-packages/airflow/example_dags/example_skip_dag.py
[2026-01-29T05:01:22.021+0000] {processor.py:840} INFO - DAG(s) 'example_skip_dag' retrieved from /home/airflow/.local/lib/python3.12/site-packages/airflow/example_dags/example_skip_dag.py
[2026-01-29T05:01:22.045+0000] {logging_mixin.py:188} INFO - [2026-01-29T05:01:22.045+0000] {dag.py:3089} INFO - Sync 1 DAGs
[2026-01-29T05:01:22.070+0000] {logging_mixin.py:188} INFO - [2026-01-29T05:01:22.070+0000] {dag.py:3947} INFO - Setting next_dagrun for example_skip_dag to 2026-01-28 00:00:00+00:00, run_after=2026-01-29 00:00:00+00:00
[2026-01-29T05:01:22.090+0000] {processor.py:183} INFO - Processing /home/airflow/.local/lib/python3.12/site-packages/airflow/example_dags/example_skip_dag.py took 0.086 seconds
[2026-01-29T05:01:52.628+0000] {processor.py:161} INFO - Started process (PID=98972) to work on /home/airflow/.local/lib/python3.12/site-packages/airflow/example_dags/example_skip_dag.py
[2026-01-29T05:01:52.629+0000] {processor.py:830} INFO - Processing file /home/airflow/.local/lib/python3.12/site-packages/airflow/example_dags/example_skip_dag.py for tasks to queue
[2026-01-29T05:01:52.631+0000] {logging_mixin.py:188} INFO - [2026-01-29T05:01:52.631+0000] {dagbag.py:545} INFO - Filling up the DagBag from /home/airflow/.local/lib/python3.12/site-packages/airflow/example_dags/example_skip_dag.py
[2026-01-29T05:01:52.638+0000] {processor.py:840} INFO - DAG(s) 'example_skip_dag' retrieved from /home/airflow/.local/lib/python3.12/site-packages/airflow/example_dags/example_skip_dag.py
[2026-01-29T05:01:52.659+0000] {logging_mixin.py:188} INFO - [2026-01-29T05:01:52.659+0000] {dag.py:3089} INFO - Sync 1 DAGs
[2026-01-29T05:01:52.683+0000] {logging_mixin.py:188} INFO - [2026-01-29T05:01:52.682+0000] {dag.py:3947} INFO - Setting next_dagrun for example_skip_dag to 2026-01-28 00:00:00+00:00, run_after=2026-01-29 00:00:00+00:00
[2026-01-29T05:01:52.703+0000] {processor.py:183} INFO - Processing /home/airflow/.local/lib/python3.12/site-packages/airflow/example_dags/example_skip_dag.py took 0.080 seconds
[2026-01-29T05:02:22.811+0000] {processor.py:161} INFO - Started process (PID=99036) to work on /home/airflow/.local/lib/python3.12/site-packages/airflow/example_dags/example_skip_dag.py
[2026-01-29T05:02:22.812+0000] {processor.py:830} INFO - Processing file /home/airflow/.local/lib/python3.12/site-packages/airflow/example_dags/example_skip_dag.py for tasks to queue
[2026-01-29T05:02:22.814+0000] {logging_mixin.py:188} INFO - [2026-01-29T05:02:22.813+0000] {dagbag.py:545} INFO - Filling up the DagBag from /home/airflow/.local/lib/python3.12/site-packages/airflow/example_dags/example_skip_dag.py
[2026-01-29T05:02:22.820+0000] {processor.py:840} INFO - DAG(s) 'example_skip_dag' retrieved from /home/airflow/.local/lib/python3.12/site-packages/airflow/example_dags/example_skip_dag.py
[2026-01-29T05:02:22.845+0000] {logging_mixin.py:188} INFO - [2026-01-29T05:02:22.845+0000] {dag.py:3089} INFO - Sync 1 DAGs
[2026-01-29T05:02:22.872+0000] {logging_mixin.py:188} INFO - [2026-01-29T05:02:22.872+0000] {dag.py:3947} INFO - Setting next_dagrun for example_skip_dag to 2026-01-28 00:00:00+00:00, run_after=2026-01-29 00:00:00+00:00
[2026-01-29T05:02:22.897+0000] {processor.py:183} INFO - Processing /home/airflow/.local/lib/python3.12/site-packages/airflow/example_dags/example_skip_dag.py took 0.093 seconds
[2026-01-29T05:02:52.964+0000] {processor.py:161} INFO - Started process (PID=99095) to work on /home/airflow/.local/lib/python3.12/site-packages/airflow/example_dags/example_skip_dag.py
[2026-01-29T05:02:52.965+0000] {processor.py:830} INFO - Processing file /home/airflow/.local/lib/python3.12/site-packages/airflow/example_dags/example_skip_dag.py for tasks to queue
[2026-01-29T05:02:52.967+0000] {logging_mixin.py:188} INFO - [2026-01-29T05:02:52.967+0000] {dagbag.py:545} INFO - Filling up the DagBag from /home/airflow/.local/lib/python3.12/site-packages/airflow/example_dags/example_skip_dag.py
[2026-01-29T05:02:52.975+0000] {processor.py:840} INFO - DAG(s) 'example_skip_dag' retrieved from /home/airflow/.local/lib/python3.12/site-packages/airflow/example_dags/example_skip_dag.py
[2026-01-29T05:02:53.000+0000] {logging_mixin.py:188} INFO - [2026-01-29T05:02:52.999+0000] {dag.py:3089} INFO - Sync 1 DAGs
[2026-01-29T05:02:53.028+0000] {logging_mixin.py:188} INFO - [2026-01-29T05:02:53.028+0000] {dag.py:3947} INFO - Setting next_dagrun for example_skip_dag to 2026-01-28 00:00:00+00:00, run_after=2026-01-29 00:00:00+00:00
[2026-01-29T05:02:53.048+0000] {processor.py:183} INFO - Processing /home/airflow/.local/lib/python3.12/site-packages/airflow/example_dags/example_skip_dag.py took 0.092 seconds
[2026-01-29T05:03:23.272+0000] {processor.py:161} INFO - Started process (PID=99159) to work on /home/airflow/.local/lib/python3.12/site-packages/airflow/example_dags/example_skip_dag.py
[2026-01-29T05:03:23.274+0000] {processor.py:830} INFO - Processing file /home/airflow/.local/lib/python3.12/site-packages/airflow/example_dags/example_skip_dag.py for tasks to queue
[2026-01-29T05:03:23.276+0000] {logging_mixin.py:188} INFO - [2026-01-29T05:03:23.275+0000] {dagbag.py:545} INFO - Filling up the DagBag from /home/airflow/.local/lib/python3.12/site-packages/airflow/example_dags/example_skip_dag.py
[2026-01-29T05:03:23.283+0000] {processor.py:840} INFO - DAG(s) 'example_skip_dag' retrieved from /home/airflow/.local/lib/python3.12/site-packages/airflow/example_dags/example_skip_dag.py
[2026-01-29T05:03:23.307+0000] {logging_mixin.py:188} INFO - [2026-01-29T05:03:23.307+0000] {dag.py:3089} INFO - Sync 1 DAGs
[2026-01-29T05:03:23.330+0000] {logging_mixin.py:188} INFO - [2026-01-29T05:03:23.330+0000] {dag.py:3947} INFO - Setting next_dagrun for example_skip_dag to 2026-01-28 00:00:00+00:00, run_after=2026-01-29 00:00:00+00:00
[2026-01-29T05:03:23.349+0000] {processor.py:183} INFO - Processing /home/airflow/.local/lib/python3.12/site-packages/airflow/example_dags/example_skip_dag.py took 0.085 seconds
[2026-01-29T05:03:53.440+0000] {processor.py:161} INFO - Started process (PID=99218) to work on /home/airflow/.local/lib/python3.12/site-packages/airflow/example_dags/example_skip_dag.py
[2026-01-29T05:03:53.441+0000] {processor.py:830} INFO - Processing file /home/airflow/.local/lib/python3.12/site-packages/airflow/example_dags/example_skip_dag.py for tasks to queue
[2026-01-29T05:03:53.443+0000] {logging_mixin.py:188} INFO - [2026-01-29T05:03:53.443+0000] {dagbag.py:545} INFO - Filling up the DagBag from /home/airflow/.local/lib/python3.12/site-packages/airflow/example_dags/example_skip_dag.py
[2026-01-29T05:03:53.451+0000] {processor.py:840} INFO - DAG(s) 'example_skip_dag' retrieved from /home/airflow/.local/lib/python3.12/site-packages/airflow/example_dags/example_skip_dag.py
[2026-01-29T05:03:53.475+0000] {logging_mixin.py:188} INFO - [2026-01-29T05:03:53.474+0000] {dag.py:3089} INFO - Sync 1 DAGs
[2026-01-29T05:03:53.499+0000] {logging_mixin.py:188} INFO - [2026-01-29T05:03:53.499+0000] {dag.py:3947} INFO - Setting next_dagrun for example_skip_dag to 2026-01-28 00:00:00+00:00, run_after=2026-01-29 00:00:00+00:00
[2026-01-29T05:03:53.519+0000] {processor.py:183} INFO - Processing /home/airflow/.local/lib/python3.12/site-packages/airflow/example_dags/example_skip_dag.py took 0.087 seconds
[2026-01-29T05:04:23.636+0000] {processor.py:161} INFO - Started process (PID=99282) to work on /home/airflow/.local/lib/python3.12/site-packages/airflow/example_dags/example_skip_dag.py
[2026-01-29T05:04:23.637+0000] {processor.py:830} INFO - Processing file /home/airflow/.local/lib/python3.12/site-packages/airflow/example_dags/example_skip_dag.py for tasks to queue
[2026-01-29T05:04:23.639+0000] {logging_mixin.py:188} INFO - [2026-01-29T05:04:23.639+0000] {dagbag.py:545} INFO - Filling up the DagBag from /home/airflow/.local/lib/python3.12/site-packages/airflow/example_dags/example_skip_dag.py
[2026-01-29T05:04:23.647+0000] {processor.py:840} INFO - DAG(s) 'example_skip_dag' retrieved from /home/airflow/.local/lib/python3.12/site-packages/airflow/example_dags/example_skip_dag.py
[2026-01-29T05:04:23.671+0000] {logging_mixin.py:188} INFO - [2026-01-29T05:04:23.670+0000] {dag.py:3089} INFO - Sync 1 DAGs
[2026-01-29T05:04:23.694+0000] {logging_mixin.py:188} INFO - [2026-01-29T05:04:23.694+0000] {dag.py:3947} INFO - Setting next_dagrun for example_skip_dag to 2026-01-28 00:00:00+00:00, run_after=2026-01-29 00:00:00+00:00
[2026-01-29T05:04:23.712+0000] {processor.py:183} INFO - Processing /home/airflow/.local/lib/python3.12/site-packages/airflow/example_dags/example_skip_dag.py took 0.084 seconds
[2026-01-29T05:04:53.760+0000] {processor.py:161} INFO - Started process (PID=99341) to work on /home/airflow/.local/lib/python3.12/site-packages/airflow/example_dags/example_skip_dag.py
[2026-01-29T05:04:53.761+0000] {processor.py:830} INFO - Processing file /home/airflow/.local/lib/python3.12/site-packages/airflow/example_dags/example_skip_dag.py for tasks to queue
[2026-01-29T05:04:53.763+0000] {logging_mixin.py:188} INFO - [2026-01-29T05:04:53.763+0000] {dagbag.py:545} INFO - Filling up the DagBag from /home/airflow/.local/lib/python3.12/site-packages/airflow/example_dags/example_skip_dag.py
[2026-01-29T05:04:53.771+0000] {processor.py:840} INFO - DAG(s) 'example_skip_dag' retrieved from /home/airflow/.local/lib/python3.12/site-packages/airflow/example_dags/example_skip_dag.py
[2026-01-29T05:04:53.795+0000] {logging_mixin.py:188} INFO - [2026-01-29T05:04:53.795+0000] {dag.py:3089} INFO - Sync 1 DAGs
[2026-01-29T05:04:53.818+0000] {logging_mixin.py:188} INFO - [2026-01-29T05:04:53.818+0000] {dag.py:3947} INFO - Setting next_dagrun for example_skip_dag to 2026-01-28 00:00:00+00:00, run_after=2026-01-29 00:00:00+00:00
[2026-01-29T05:04:53.837+0000] {processor.py:183} INFO - Processing /home/airflow/.local/lib/python3.12/site-packages/airflow/example_dags/example_skip_dag.py took 0.086 seconds
[2026-01-29T05:05:24.207+0000] {processor.py:161} INFO - Started process (PID=99405) to work on /home/airflow/.local/lib/python3.12/site-packages/airflow/example_dags/example_skip_dag.py
[2026-01-29T05:05:24.208+0000] {processor.py:830} INFO - Processing file /home/airflow/.local/lib/python3.12/site-packages/airflow/example_dags/example_skip_dag.py for tasks to queue
[2026-01-29T05:05:24.210+0000] {logging_mixin.py:188} INFO - [2026-01-29T05:05:24.210+0000] {dagbag.py:545} INFO - Filling up the DagBag from /home/airflow/.local/lib/python3.12/site-packages/airflow/example_dags/example_skip_dag.py
[2026-01-29T05:05:24.218+0000] {processor.py:840} INFO - DAG(s) 'example_skip_dag' retrieved from /home/airflow/.local/lib/python3.12/site-packages/airflow/example_dags/example_skip_dag.py
[2026-01-29T05:05:24.242+0000] {logging_mixin.py:188} INFO - [2026-01-29T05:05:24.242+0000] {dag.py:3089} INFO - Sync 1 DAGs
[2026-01-29T05:05:24.267+0000] {logging_mixin.py:188} INFO - [2026-01-29T05:05:24.267+0000] {dag.py:3947} INFO - Setting next_dagrun for example_skip_dag to 2026-01-28 00:00:00+00:00, run_after=2026-01-29 00:00:00+00:00
[2026-01-29T05:05:24.287+0000] {processor.py:183} INFO - Processing /home/airflow/.local/lib/python3.12/site-packages/airflow/example_dags/example_skip_dag.py took 0.088 seconds
[2026-01-29T05:05:55.075+0000] {processor.py:161} INFO - Started process (PID=99464) to work on /home/airflow/.local/lib/python3.12/site-packages/airflow/example_dags/example_skip_dag.py
[2026-01-29T05:05:55.076+0000] {processor.py:830} INFO - Processing file /home/airflow/.local/lib/python3.12/site-packages/airflow/example_dags/example_skip_dag.py for tasks to queue
[2026-01-29T05:05:55.078+0000] {logging_mixin.py:188} INFO - [2026-01-29T05:05:55.078+0000] {dagbag.py:545} INFO - Filling up the DagBag from /home/airflow/.local/lib/python3.12/site-packages/airflow/example_dags/example_skip_dag.py
[2026-01-29T05:05:55.086+0000] {processor.py:840} INFO - DAG(s) 'example_skip_dag' retrieved from /home/airflow/.local/lib/python3.12/site-packages/airflow/example_dags/example_skip_dag.py
[2026-01-29T05:05:55.111+0000] {logging_mixin.py:188} INFO - [2026-01-29T05:05:55.110+0000] {dag.py:3089} INFO - Sync 1 DAGs
[2026-01-29T05:05:55.136+0000] {logging_mixin.py:188} INFO - [2026-01-29T05:05:55.136+0000] {dag.py:3947} INFO - Setting next_dagrun for example_skip_dag to 2026-01-28 00:00:00+00:00, run_after=2026-01-29 00:00:00+00:00
[2026-01-29T05:05:55.156+0000] {processor.py:183} INFO - Processing /home/airflow/.local/lib/python3.12/site-packages/airflow/example_dags/example_skip_dag.py took 0.090 seconds
[2026-01-29T05:06:25.308+0000] {processor.py:161} INFO - Started process (PID=99528) to work on /home/airflow/.local/lib/python3.12/site-packages/airflow/example_dags/example_skip_dag.py
[2026-01-29T05:06:25.309+0000] {processor.py:830} INFO - Processing file /home/airflow/.local/lib/python3.12/site-packages/airflow/example_dags/example_skip_dag.py for tasks to queue
[2026-01-29T05:06:25.312+0000] {logging_mixin.py:188} INFO - [2026-01-29T05:06:25.311+0000] {dagbag.py:545} INFO - Filling up the DagBag from /home/airflow/.local/lib/python3.12/site-packages/airflow/example_dags/example_skip_dag.py
[2026-01-29T05:06:25.319+0000] {processor.py:840} INFO - DAG(s) 'example_skip_dag' retrieved from /home/airflow/.local/lib/python3.12/site-packages/airflow/example_dags/example_skip_dag.py
[2026-01-29T05:06:25.343+0000] {logging_mixin.py:188} INFO - [2026-01-29T05:06:25.343+0000] {dag.py:3089} INFO - Sync 1 DAGs
[2026-01-29T05:06:25.369+0000] {logging_mixin.py:188} INFO - [2026-01-29T05:06:25.368+0000] {dag.py:3947} INFO - Setting next_dagrun for example_skip_dag to 2026-01-28 00:00:00+00:00, run_after=2026-01-29 00:00:00+00:00
[2026-01-29T05:06:25.389+0000] {processor.py:183} INFO - Processing /home/airflow/.local/lib/python3.12/site-packages/airflow/example_dags/example_skip_dag.py took 0.089 seconds
[2026-01-29T05:06:56.139+0000] {processor.py:161} INFO - Started process (PID=99587) to work on /home/airflow/.local/lib/python3.12/site-packages/airflow/example_dags/example_skip_dag.py
[2026-01-29T05:06:56.140+0000] {processor.py:830} INFO - Processing file /home/airflow/.local/lib/python3.12/site-packages/airflow/example_dags/example_skip_dag.py for tasks to queue
[2026-01-29T05:06:56.142+0000] {logging_mixin.py:188} INFO - [2026-01-29T05:06:56.141+0000] {dagbag.py:545} INFO - Filling up the DagBag from /home/airflow/.local/lib/python3.12/site-packages/airflow/example_dags/example_skip_dag.py
[2026-01-29T05:06:56.148+0000] {processor.py:840} INFO - DAG(s) 'example_skip_dag' retrieved from /home/airflow/.local/lib/python3.12/site-packages/airflow/example_dags/example_skip_dag.py
[2026-01-29T05:06:56.170+0000] {logging_mixin.py:188} INFO - [2026-01-29T05:06:56.170+0000] {dag.py:3089} INFO - Sync 1 DAGs
[2026-01-29T05:06:56.194+0000] {logging_mixin.py:188} INFO - [2026-01-29T05:06:56.193+0000] {dag.py:3947} INFO - Setting next_dagrun for example_skip_dag to 2026-01-28 00:00:00+00:00, run_after=2026-01-29 00:00:00+00:00
[2026-01-29T05:06:56.213+0000] {processor.py:183} INFO - Processing /home/airflow/.local/lib/python3.12/site-packages/airflow/example_dags/example_skip_dag.py took 0.081 seconds
[2026-01-29T05:07:26.500+0000] {processor.py:161} INFO - Started process (PID=99651) to work on /home/airflow/.local/lib/python3.12/site-packages/airflow/example_dags/example_skip_dag.py
[2026-01-29T05:07:26.501+0000] {processor.py:830} INFO - Processing file /home/airflow/.local/lib/python3.12/site-packages/airflow/example_dags/example_skip_dag.py for tasks to queue
[2026-01-29T05:07:26.503+0000] {logging_mixin.py:188} INFO - [2026-01-29T05:07:26.503+0000] {dagbag.py:545} INFO - Filling up the DagBag from /home/airflow/.local/lib/python3.12/site-packages/airflow/example_dags/example_skip_dag.py
[2026-01-29T05:07:26.510+0000] {processor.py:840} INFO - DAG(s) 'example_skip_dag' retrieved from /home/airflow/.local/lib/python3.12/site-packages/airflow/example_dags/example_skip_dag.py
[2026-01-29T05:07:26.533+0000] {logging_mixin.py:188} INFO - [2026-01-29T05:07:26.532+0000] {dag.py:3089} INFO - Sync 1 DAGs
[2026-01-29T05:07:26.558+0000] {logging_mixin.py:188} INFO - [2026-01-29T05:07:26.558+0000] {dag.py:3947} INFO - Setting next_dagrun for example_skip_dag to 2026-01-28 00:00:00+00:00, run_after=2026-01-29 00:00:00+00:00
[2026-01-29T05:07:26.581+0000] {processor.py:183} INFO - Processing /home/airflow/.local/lib/python3.12/site-packages/airflow/example_dags/example_skip_dag.py took 0.086 seconds
[2026-01-29T05:07:56.848+0000] {processor.py:161} INFO - Started process (PID=99710) to work on /home/airflow/.local/lib/python3.12/site-packages/airflow/example_dags/example_skip_dag.py
[2026-01-29T05:07:56.850+0000] {processor.py:830} INFO - Processing file /home/airflow/.local/lib/python3.12/site-packages/airflow/example_dags/example_skip_dag.py for tasks to queue
[2026-01-29T05:07:56.852+0000] {logging_mixin.py:188} INFO - [2026-01-29T05:07:56.852+0000] {dagbag.py:545} INFO - Filling up the DagBag from /home/airflow/.local/lib/python3.12/site-packages/airflow/example_dags/example_skip_dag.py
[2026-01-29T05:07:56.860+0000] {processor.py:840} INFO - DAG(s) 'example_skip_dag' retrieved from /home/airflow/.local/lib/python3.12/site-packages/airflow/example_dags/example_skip_dag.py
[2026-01-29T05:07:56.883+0000] {logging_mixin.py:188} INFO - [2026-01-29T05:07:56.883+0000] {dag.py:3089} INFO - Sync 1 DAGs
[2026-01-29T05:07:56.906+0000] {logging_mixin.py:188} INFO - [2026-01-29T05:07:56.906+0000] {dag.py:3947} INFO - Setting next_dagrun for example_skip_dag to 2026-01-28 00:00:00+00:00, run_after=2026-01-29 00:00:00+00:00
[2026-01-29T05:07:56.927+0000] {processor.py:183} INFO - Processing /home/airflow/.local/lib/python3.12/site-packages/airflow/example_dags/example_skip_dag.py took 0.087 seconds
[2026-01-29T05:08:27.069+0000] {processor.py:161} INFO - Started process (PID=99774) to work on /home/airflow/.local/lib/python3.12/site-packages/airflow/example_dags/example_skip_dag.py
[2026-01-29T05:08:27.070+0000] {processor.py:830} INFO - Processing file /home/airflow/.local/lib/python3.12/site-packages/airflow/example_dags/example_skip_dag.py for tasks to queue
[2026-01-29T05:08:27.072+0000] {logging_mixin.py:188} INFO - [2026-01-29T05:08:27.072+0000] {dagbag.py:545} INFO - Filling up the DagBag from /home/airflow/.local/lib/python3.12/site-packages/airflow/example_dags/example_skip_dag.py
[2026-01-29T05:08:27.080+0000] {processor.py:840} INFO - DAG(s) 'example_skip_dag' retrieved from /home/airflow/.local/lib/python3.12/site-packages/airflow/example_dags/example_skip_dag.py
[2026-01-29T05:08:27.102+0000] {logging_mixin.py:188} INFO - [2026-01-29T05:08:27.101+0000] {dag.py:3089} INFO - Sync 1 DAGs
[2026-01-29T05:08:27.125+0000] {logging_mixin.py:188} INFO - [2026-01-29T05:08:27.124+0000] {dag.py:3947} INFO - Setting next_dagrun for example_skip_dag to 2026-01-28 00:00:00+00:00, run_after=2026-01-29 00:00:00+00:00
[2026-01-29T05:08:27.145+0000] {processor.py:183} INFO - Processing /home/airflow/.local/lib/python3.12/site-packages/airflow/example_dags/example_skip_dag.py took 0.084 seconds
[2026-01-29T05:08:57.918+0000] {processor.py:161} INFO - Started process (PID=99833) to work on /home/airflow/.local/lib/python3.12/site-packages/airflow/example_dags/example_skip_dag.py
[2026-01-29T05:08:57.919+0000] {processor.py:830} INFO - Processing file /home/airflow/.local/lib/python3.12/site-packages/airflow/example_dags/example_skip_dag.py for tasks to queue
[2026-01-29T05:08:57.921+0000] {logging_mixin.py:188} INFO - [2026-01-29T05:08:57.921+0000] {dagbag.py:545} INFO - Filling up the DagBag from /home/airflow/.local/lib/python3.12/site-packages/airflow/example_dags/example_skip_dag.py
[2026-01-29T05:08:57.928+0000] {processor.py:840} INFO - DAG(s) 'example_skip_dag' retrieved from /home/airflow/.local/lib/python3.12/site-packages/airflow/example_dags/example_skip_dag.py
[2026-01-29T05:08:57.955+0000] {logging_mixin.py:188} INFO - [2026-01-29T05:08:57.955+0000] {dag.py:3089} INFO - Sync 1 DAGs
[2026-01-29T05:08:57.984+0000] {logging_mixin.py:188} INFO - [2026-01-29T05:08:57.984+0000] {dag.py:3947} INFO - Setting next_dagrun for example_skip_dag to 2026-01-28 00:00:00+00:00, run_after=2026-01-29 00:00:00+00:00
[2026-01-29T05:08:58.005+0000] {processor.py:183} INFO - Processing /home/airflow/.local/lib/python3.12/site-packages/airflow/example_dags/example_skip_dag.py took 0.093 seconds
[2026-01-29T05:09:28.725+0000] {processor.py:161} INFO - Started process (PID=99897) to work on /home/airflow/.local/lib/python3.12/site-packages/airflow/example_dags/example_skip_dag.py
[2026-01-29T05:09:28.726+0000] {processor.py:830} INFO - Processing file /home/airflow/.local/lib/python3.12/site-packages/airflow/example_dags/example_skip_dag.py for tasks to queue
[2026-01-29T05:09:28.728+0000] {logging_mixin.py:188} INFO - [2026-01-29T05:09:28.727+0000] {dagbag.py:545} INFO - Filling up the DagBag from /home/airflow/.local/lib/python3.12/site-packages/airflow/example_dags/example_skip_dag.py
[2026-01-29T05:09:28.735+0000] {processor.py:840} INFO - DAG(s) 'example_skip_dag' retrieved from /home/airflow/.local/lib/python3.12/site-packages/airflow/example_dags/example_skip_dag.py
[2026-01-29T05:09:28.761+0000] {logging_mixin.py:188} INFO - [2026-01-29T05:09:28.760+0000] {dag.py:3089} INFO - Sync 1 DAGs
[2026-01-29T05:09:28.786+0000] {logging_mixin.py:188} INFO - [2026-01-29T05:09:28.786+0000] {dag.py:3947} INFO - Setting next_dagrun for example_skip_dag to 2026-01-28 00:00:00+00:00, run_after=2026-01-29 00:00:00+00:00
[2026-01-29T05:09:28.808+0000] {processor.py:183} INFO - Processing /home/airflow/.local/lib/python3.12/site-packages/airflow/example_dags/example_skip_dag.py took 0.091 seconds
[2026-01-29T05:09:59.515+0000] {processor.py:161} INFO - Started process (PID=99956) to work on /home/airflow/.local/lib/python3.12/site-packages/airflow/example_dags/example_skip_dag.py
[2026-01-29T05:09:59.517+0000] {processor.py:830} INFO - Processing file /home/airflow/.local/lib/python3.12/site-packages/airflow/example_dags/example_skip_dag.py for tasks to queue
[2026-01-29T05:09:59.519+0000] {logging_mixin.py:188} INFO - [2026-01-29T05:09:59.518+0000] {dagbag.py:545} INFO - Filling up the DagBag from /home/airflow/.local/lib/python3.12/site-packages/airflow/example_dags/example_skip_dag.py
[2026-01-29T05:09:59.526+0000] {processor.py:840} INFO - DAG(s) 'example_skip_dag' retrieved from /home/airflow/.local/lib/python3.12/site-packages/airflow/example_dags/example_skip_dag.py
[2026-01-29T05:09:59.552+0000] {logging_mixin.py:188} INFO - [2026-01-29T05:09:59.551+0000] {dag.py:3089} INFO - Sync 1 DAGs
[2026-01-29T05:09:59.577+0000] {logging_mixin.py:188} INFO - [2026-01-29T05:09:59.577+0000] {dag.py:3947} INFO - Setting next_dagrun for example_skip_dag to 2026-01-28 00:00:00+00:00, run_after=2026-01-29 00:00:00+00:00
[2026-01-29T05:09:59.598+0000] {processor.py:183} INFO - Processing /home/airflow/.local/lib/python3.12/site-packages/airflow/example_dags/example_skip_dag.py took 0.091 seconds
[2026-01-29T05:10:30.273+0000] {processor.py:161} INFO - Started process (PID=100020) to work on /home/airflow/.local/lib/python3.12/site-packages/airflow/example_dags/example_skip_dag.py
[2026-01-29T05:10:30.274+0000] {processor.py:830} INFO - Processing file /home/airflow/.local/lib/python3.12/site-packages/airflow/example_dags/example_skip_dag.py for tasks to queue
[2026-01-29T05:10:30.276+0000] {logging_mixin.py:188} INFO - [2026-01-29T05:10:30.275+0000] {dagbag.py:545} INFO - Filling up the DagBag from /home/airflow/.local/lib/python3.12/site-packages/airflow/example_dags/example_skip_dag.py
[2026-01-29T05:10:30.283+0000] {processor.py:840} INFO - DAG(s) 'example_skip_dag' retrieved from /home/airflow/.local/lib/python3.12/site-packages/airflow/example_dags/example_skip_dag.py
[2026-01-29T05:10:30.308+0000] {logging_mixin.py:188} INFO - [2026-01-29T05:10:30.307+0000] {dag.py:3089} INFO - Sync 1 DAGs
[2026-01-29T05:10:30.332+0000] {logging_mixin.py:188} INFO - [2026-01-29T05:10:30.332+0000] {dag.py:3947} INFO - Setting next_dagrun for example_skip_dag to 2026-01-28 00:00:00+00:00, run_after=2026-01-29 00:00:00+00:00
[2026-01-29T05:10:30.353+0000] {processor.py:183} INFO - Processing /home/airflow/.local/lib/python3.12/site-packages/airflow/example_dags/example_skip_dag.py took 0.088 seconds
[2026-01-29T05:11:00.902+0000] {processor.py:161} INFO - Started process (PID=100084) to work on /home/airflow/.local/lib/python3.12/site-packages/airflow/example_dags/example_skip_dag.py
[2026-01-29T05:11:00.903+0000] {processor.py:830} INFO - Processing file /home/airflow/.local/lib/python3.12/site-packages/airflow/example_dags/example_skip_dag.py for tasks to queue
[2026-01-29T05:11:00.905+0000] {logging_mixin.py:188} INFO - [2026-01-29T05:11:00.904+0000] {dagbag.py:545} INFO - Filling up the DagBag from /home/airflow/.local/lib/python3.12/site-packages/airflow/example_dags/example_skip_dag.py
[2026-01-29T05:11:00.911+0000] {processor.py:840} INFO - DAG(s) 'example_skip_dag' retrieved from /home/airflow/.local/lib/python3.12/site-packages/airflow/example_dags/example_skip_dag.py
[2026-01-29T05:11:00.937+0000] {logging_mixin.py:188} INFO - [2026-01-29T05:11:00.937+0000] {dag.py:3089} INFO - Sync 1 DAGs
[2026-01-29T05:11:00.964+0000] {logging_mixin.py:188} INFO - [2026-01-29T05:11:00.963+0000] {dag.py:3947} INFO - Setting next_dagrun for example_skip_dag to 2026-01-28 00:00:00+00:00, run_after=2026-01-29 00:00:00+00:00
[2026-01-29T05:11:00.985+0000] {processor.py:183} INFO - Processing /home/airflow/.local/lib/python3.12/site-packages/airflow/example_dags/example_skip_dag.py took 0.091 seconds
[2026-01-29T05:11:31.656+0000] {processor.py:161} INFO - Started process (PID=100143) to work on /home/airflow/.local/lib/python3.12/site-packages/airflow/example_dags/example_skip_dag.py
[2026-01-29T05:11:31.657+0000] {processor.py:830} INFO - Processing file /home/airflow/.local/lib/python3.12/site-packages/airflow/example_dags/example_skip_dag.py for tasks to queue
[2026-01-29T05:11:31.659+0000] {logging_mixin.py:188} INFO - [2026-01-29T05:11:31.659+0000] {dagbag.py:545} INFO - Filling up the DagBag from /home/airflow/.local/lib/python3.12/site-packages/airflow/example_dags/example_skip_dag.py
[2026-01-29T05:11:31.667+0000] {processor.py:840} INFO - DAG(s) 'example_skip_dag' retrieved from /home/airflow/.local/lib/python3.12/site-packages/airflow/example_dags/example_skip_dag.py
[2026-01-29T05:11:31.691+0000] {logging_mixin.py:188} INFO - [2026-01-29T05:11:31.691+0000] {dag.py:3089} INFO - Sync 1 DAGs
[2026-01-29T05:11:31.716+0000] {logging_mixin.py:188} INFO - [2026-01-29T05:11:31.716+0000] {dag.py:3947} INFO - Setting next_dagrun for example_skip_dag to 2026-01-28 00:00:00+00:00, run_after=2026-01-29 00:00:00+00:00
[2026-01-29T05:11:31.737+0000] {processor.py:183} INFO - Processing /home/airflow/.local/lib/python3.12/site-packages/airflow/example_dags/example_skip_dag.py took 0.088 seconds
[2026-01-29T05:12:01.796+0000] {processor.py:161} INFO - Started process (PID=100207) to work on /home/airflow/.local/lib/python3.12/site-packages/airflow/example_dags/example_skip_dag.py
[2026-01-29T05:12:01.816+0000] {processor.py:830} INFO - Processing file /home/airflow/.local/lib/python3.12/site-packages/airflow/example_dags/example_skip_dag.py for tasks to queue
[2026-01-29T05:12:01.819+0000] {logging_mixin.py:188} INFO - [2026-01-29T05:12:01.818+0000] {dagbag.py:545} INFO - Filling up the DagBag from /home/airflow/.local/lib/python3.12/site-packages/airflow/example_dags/example_skip_dag.py
[2026-01-29T05:12:01.830+0000] {processor.py:840} INFO - DAG(s) 'example_skip_dag' retrieved from /home/airflow/.local/lib/python3.12/site-packages/airflow/example_dags/example_skip_dag.py
[2026-01-29T05:12:01.867+0000] {logging_mixin.py:188} INFO - [2026-01-29T05:12:01.866+0000] {dag.py:3089} INFO - Sync 1 DAGs
[2026-01-29T05:12:01.908+0000] {logging_mixin.py:188} INFO - [2026-01-29T05:12:01.908+0000] {dag.py:3947} INFO - Setting next_dagrun for example_skip_dag to 2026-01-28 00:00:00+00:00, run_after=2026-01-29 00:00:00+00:00
[2026-01-29T05:12:02.135+0000] {processor.py:183} INFO - Processing /home/airflow/.local/lib/python3.12/site-packages/airflow/example_dags/example_skip_dag.py took 0.346 seconds
[2026-01-29T05:12:32.911+0000] {processor.py:161} INFO - Started process (PID=100266) to work on /home/airflow/.local/lib/python3.12/site-packages/airflow/example_dags/example_skip_dag.py
[2026-01-29T05:12:32.912+0000] {processor.py:830} INFO - Processing file /home/airflow/.local/lib/python3.12/site-packages/airflow/example_dags/example_skip_dag.py for tasks to queue
[2026-01-29T05:12:32.914+0000] {logging_mixin.py:188} INFO - [2026-01-29T05:12:32.914+0000] {dagbag.py:545} INFO - Filling up the DagBag from /home/airflow/.local/lib/python3.12/site-packages/airflow/example_dags/example_skip_dag.py
[2026-01-29T05:12:32.922+0000] {processor.py:840} INFO - DAG(s) 'example_skip_dag' retrieved from /home/airflow/.local/lib/python3.12/site-packages/airflow/example_dags/example_skip_dag.py
[2026-01-29T05:12:32.946+0000] {logging_mixin.py:188} INFO - [2026-01-29T05:12:32.946+0000] {dag.py:3089} INFO - Sync 1 DAGs
[2026-01-29T05:12:32.970+0000] {logging_mixin.py:188} INFO - [2026-01-29T05:12:32.970+0000] {dag.py:3947} INFO - Setting next_dagrun for example_skip_dag to 2026-01-28 00:00:00+00:00, run_after=2026-01-29 00:00:00+00:00
[2026-01-29T05:12:32.991+0000] {processor.py:183} INFO - Processing /home/airflow/.local/lib/python3.12/site-packages/airflow/example_dags/example_skip_dag.py took 0.088 seconds
[2026-01-29T05:13:03.146+0000] {processor.py:161} INFO - Started process (PID=100330) to work on /home/airflow/.local/lib/python3.12/site-packages/airflow/example_dags/example_skip_dag.py
[2026-01-29T05:13:03.147+0000] {processor.py:830} INFO - Processing file /home/airflow/.local/lib/python3.12/site-packages/airflow/example_dags/example_skip_dag.py for tasks to queue
[2026-01-29T05:13:03.150+0000] {logging_mixin.py:188} INFO - [2026-01-29T05:13:03.149+0000] {dagbag.py:545} INFO - Filling up the DagBag from /home/airflow/.local/lib/python3.12/site-packages/airflow/example_dags/example_skip_dag.py
[2026-01-29T05:13:03.156+0000] {processor.py:840} INFO - DAG(s) 'example_skip_dag' retrieved from /home/airflow/.local/lib/python3.12/site-packages/airflow/example_dags/example_skip_dag.py
[2026-01-29T05:13:03.178+0000] {logging_mixin.py:188} INFO - [2026-01-29T05:13:03.177+0000] {dag.py:3089} INFO - Sync 1 DAGs
[2026-01-29T05:13:03.201+0000] {logging_mixin.py:188} INFO - [2026-01-29T05:13:03.201+0000] {dag.py:3947} INFO - Setting next_dagrun for example_skip_dag to 2026-01-28 00:00:00+00:00, run_after=2026-01-29 00:00:00+00:00
[2026-01-29T05:13:03.220+0000] {processor.py:183} INFO - Processing /home/airflow/.local/lib/python3.12/site-packages/airflow/example_dags/example_skip_dag.py took 0.080 seconds
[2026-01-29T05:13:33.459+0000] {processor.py:161} INFO - Started process (PID=100389) to work on /home/airflow/.local/lib/python3.12/site-packages/airflow/example_dags/example_skip_dag.py
[2026-01-29T05:13:33.460+0000] {processor.py:830} INFO - Processing file /home/airflow/.local/lib/python3.12/site-packages/airflow/example_dags/example_skip_dag.py for tasks to queue
[2026-01-29T05:13:33.463+0000] {logging_mixin.py:188} INFO - [2026-01-29T05:13:33.462+0000] {dagbag.py:545} INFO - Filling up the DagBag from /home/airflow/.local/lib/python3.12/site-packages/airflow/example_dags/example_skip_dag.py
[2026-01-29T05:13:33.470+0000] {processor.py:840} INFO - DAG(s) 'example_skip_dag' retrieved from /home/airflow/.local/lib/python3.12/site-packages/airflow/example_dags/example_skip_dag.py
[2026-01-29T05:13:33.494+0000] {logging_mixin.py:188} INFO - [2026-01-29T05:13:33.493+0000] {dag.py:3089} INFO - Sync 1 DAGs
[2026-01-29T05:13:33.519+0000] {logging_mixin.py:188} INFO - [2026-01-29T05:13:33.518+0000] {dag.py:3947} INFO - Setting next_dagrun for example_skip_dag to 2026-01-28 00:00:00+00:00, run_after=2026-01-29 00:00:00+00:00
[2026-01-29T05:13:33.539+0000] {processor.py:183} INFO - Processing /home/airflow/.local/lib/python3.12/site-packages/airflow/example_dags/example_skip_dag.py took 0.088 seconds
[2026-01-29T05:14:03.704+0000] {processor.py:161} INFO - Started process (PID=100453) to work on /home/airflow/.local/lib/python3.12/site-packages/airflow/example_dags/example_skip_dag.py
[2026-01-29T05:14:03.705+0000] {processor.py:830} INFO - Processing file /home/airflow/.local/lib/python3.12/site-packages/airflow/example_dags/example_skip_dag.py for tasks to queue
[2026-01-29T05:14:03.707+0000] {logging_mixin.py:188} INFO - [2026-01-29T05:14:03.707+0000] {dagbag.py:545} INFO - Filling up the DagBag from /home/airflow/.local/lib/python3.12/site-packages/airflow/example_dags/example_skip_dag.py
[2026-01-29T05:14:03.714+0000] {processor.py:840} INFO - DAG(s) 'example_skip_dag' retrieved from /home/airflow/.local/lib/python3.12/site-packages/airflow/example_dags/example_skip_dag.py
[2026-01-29T05:14:03.736+0000] {logging_mixin.py:188} INFO - [2026-01-29T05:14:03.735+0000] {dag.py:3089} INFO - Sync 1 DAGs
[2026-01-29T05:14:03.760+0000] {logging_mixin.py:188} INFO - [2026-01-29T05:14:03.759+0000] {dag.py:3947} INFO - Setting next_dagrun for example_skip_dag to 2026-01-28 00:00:00+00:00, run_after=2026-01-29 00:00:00+00:00
[2026-01-29T05:14:03.780+0000] {processor.py:183} INFO - Processing /home/airflow/.local/lib/python3.12/site-packages/airflow/example_dags/example_skip_dag.py took 0.084 seconds
[2026-01-29T05:14:34.526+0000] {processor.py:161} INFO - Started process (PID=100512) to work on /home/airflow/.local/lib/python3.12/site-packages/airflow/example_dags/example_skip_dag.py
[2026-01-29T05:14:34.526+0000] {processor.py:830} INFO - Processing file /home/airflow/.local/lib/python3.12/site-packages/airflow/example_dags/example_skip_dag.py for tasks to queue
[2026-01-29T05:14:34.529+0000] {logging_mixin.py:188} INFO - [2026-01-29T05:14:34.529+0000] {dagbag.py:545} INFO - Filling up the DagBag from /home/airflow/.local/lib/python3.12/site-packages/airflow/example_dags/example_skip_dag.py
[2026-01-29T05:14:34.535+0000] {processor.py:840} INFO - DAG(s) 'example_skip_dag' retrieved from /home/airflow/.local/lib/python3.12/site-packages/airflow/example_dags/example_skip_dag.py
[2026-01-29T05:14:34.561+0000] {logging_mixin.py:188} INFO - [2026-01-29T05:14:34.561+0000] {dag.py:3089} INFO - Sync 1 DAGs
[2026-01-29T05:14:34.586+0000] {logging_mixin.py:188} INFO - [2026-01-29T05:14:34.586+0000] {dag.py:3947} INFO - Setting next_dagrun for example_skip_dag to 2026-01-28 00:00:00+00:00, run_after=2026-01-29 00:00:00+00:00
[2026-01-29T05:14:34.607+0000] {processor.py:183} INFO - Processing /home/airflow/.local/lib/python3.12/site-packages/airflow/example_dags/example_skip_dag.py took 0.088 seconds
[2026-01-29T05:15:04.689+0000] {processor.py:161} INFO - Started process (PID=100576) to work on /home/airflow/.local/lib/python3.12/site-packages/airflow/example_dags/example_skip_dag.py
[2026-01-29T05:15:04.690+0000] {processor.py:830} INFO - Processing file /home/airflow/.local/lib/python3.12/site-packages/airflow/example_dags/example_skip_dag.py for tasks to queue
[2026-01-29T05:15:04.692+0000] {logging_mixin.py:188} INFO - [2026-01-29T05:15:04.692+0000] {dagbag.py:545} INFO - Filling up the DagBag from /home/airflow/.local/lib/python3.12/site-packages/airflow/example_dags/example_skip_dag.py
[2026-01-29T05:15:04.699+0000] {processor.py:840} INFO - DAG(s) 'example_skip_dag' retrieved from /home/airflow/.local/lib/python3.12/site-packages/airflow/example_dags/example_skip_dag.py
[2026-01-29T05:15:04.723+0000] {logging_mixin.py:188} INFO - [2026-01-29T05:15:04.722+0000] {dag.py:3089} INFO - Sync 1 DAGs
[2026-01-29T05:15:04.748+0000] {logging_mixin.py:188} INFO - [2026-01-29T05:15:04.748+0000] {dag.py:3947} INFO - Setting next_dagrun for example_skip_dag to 2026-01-28 00:00:00+00:00, run_after=2026-01-29 00:00:00+00:00
[2026-01-29T05:15:04.768+0000] {processor.py:183} INFO - Processing /home/airflow/.local/lib/python3.12/site-packages/airflow/example_dags/example_skip_dag.py took 0.088 seconds
[2026-01-29T05:15:34.883+0000] {processor.py:161} INFO - Started process (PID=100635) to work on /home/airflow/.local/lib/python3.12/site-packages/airflow/example_dags/example_skip_dag.py
[2026-01-29T05:15:34.884+0000] {processor.py:830} INFO - Processing file /home/airflow/.local/lib/python3.12/site-packages/airflow/example_dags/example_skip_dag.py for tasks to queue
[2026-01-29T05:15:34.886+0000] {logging_mixin.py:188} INFO - [2026-01-29T05:15:34.886+0000] {dagbag.py:545} INFO - Filling up the DagBag from /home/airflow/.local/lib/python3.12/site-packages/airflow/example_dags/example_skip_dag.py
[2026-01-29T05:15:34.893+0000] {processor.py:840} INFO - DAG(s) 'example_skip_dag' retrieved from /home/airflow/.local/lib/python3.12/site-packages/airflow/example_dags/example_skip_dag.py
[2026-01-29T05:15:34.915+0000] {logging_mixin.py:188} INFO - [2026-01-29T05:15:34.915+0000] {dag.py:3089} INFO - Sync 1 DAGs
[2026-01-29T05:15:34.938+0000] {logging_mixin.py:188} INFO - [2026-01-29T05:15:34.938+0000] {dag.py:3947} INFO - Setting next_dagrun for example_skip_dag to 2026-01-28 00:00:00+00:00, run_after=2026-01-29 00:00:00+00:00
[2026-01-29T05:15:34.958+0000] {processor.py:183} INFO - Processing /home/airflow/.local/lib/python3.12/site-packages/airflow/example_dags/example_skip_dag.py took 0.081 seconds
[2026-01-29T05:16:05.232+0000] {processor.py:161} INFO - Started process (PID=100699) to work on /home/airflow/.local/lib/python3.12/site-packages/airflow/example_dags/example_skip_dag.py
[2026-01-29T05:16:05.233+0000] {processor.py:830} INFO - Processing file /home/airflow/.local/lib/python3.12/site-packages/airflow/example_dags/example_skip_dag.py for tasks to queue
[2026-01-29T05:16:05.235+0000] {logging_mixin.py:188} INFO - [2026-01-29T05:16:05.235+0000] {dagbag.py:545} INFO - Filling up the DagBag from /home/airflow/.local/lib/python3.12/site-packages/airflow/example_dags/example_skip_dag.py
[2026-01-29T05:16:05.243+0000] {processor.py:840} INFO - DAG(s) 'example_skip_dag' retrieved from /home/airflow/.local/lib/python3.12/site-packages/airflow/example_dags/example_skip_dag.py
[2026-01-29T05:16:05.267+0000] {logging_mixin.py:188} INFO - [2026-01-29T05:16:05.266+0000] {dag.py:3089} INFO - Sync 1 DAGs
[2026-01-29T05:16:05.289+0000] {logging_mixin.py:188} INFO - [2026-01-29T05:16:05.289+0000] {dag.py:3947} INFO - Setting next_dagrun for example_skip_dag to 2026-01-28 00:00:00+00:00, run_after=2026-01-29 00:00:00+00:00
[2026-01-29T05:16:05.308+0000] {processor.py:183} INFO - Processing /home/airflow/.local/lib/python3.12/site-packages/airflow/example_dags/example_skip_dag.py took 0.084 seconds
[2026-01-29T05:16:35.471+0000] {processor.py:161} INFO - Started process (PID=100758) to work on /home/airflow/.local/lib/python3.12/site-packages/airflow/example_dags/example_skip_dag.py
[2026-01-29T05:16:35.473+0000] {processor.py:830} INFO - Processing file /home/airflow/.local/lib/python3.12/site-packages/airflow/example_dags/example_skip_dag.py for tasks to queue
[2026-01-29T05:16:35.475+0000] {logging_mixin.py:188} INFO - [2026-01-29T05:16:35.474+0000] {dagbag.py:545} INFO - Filling up the DagBag from /home/airflow/.local/lib/python3.12/site-packages/airflow/example_dags/example_skip_dag.py
[2026-01-29T05:16:35.483+0000] {processor.py:840} INFO - DAG(s) 'example_skip_dag' retrieved from /home/airflow/.local/lib/python3.12/site-packages/airflow/example_dags/example_skip_dag.py
[2026-01-29T05:16:35.505+0000] {logging_mixin.py:188} INFO - [2026-01-29T05:16:35.505+0000] {dag.py:3089} INFO - Sync 1 DAGs
[2026-01-29T05:16:35.528+0000] {logging_mixin.py:188} INFO - [2026-01-29T05:16:35.528+0000] {dag.py:3947} INFO - Setting next_dagrun for example_skip_dag to 2026-01-28 00:00:00+00:00, run_after=2026-01-29 00:00:00+00:00
[2026-01-29T05:16:35.548+0000] {processor.py:183} INFO - Processing /home/airflow/.local/lib/python3.12/site-packages/airflow/example_dags/example_skip_dag.py took 0.085 seconds
[2026-01-29T05:17:06.451+0000] {processor.py:161} INFO - Started process (PID=100822) to work on /home/airflow/.local/lib/python3.12/site-packages/airflow/example_dags/example_skip_dag.py
[2026-01-29T05:17:06.452+0000] {processor.py:830} INFO - Processing file /home/airflow/.local/lib/python3.12/site-packages/airflow/example_dags/example_skip_dag.py for tasks to queue
[2026-01-29T05:17:06.455+0000] {logging_mixin.py:188} INFO - [2026-01-29T05:17:06.455+0000] {dagbag.py:545} INFO - Filling up the DagBag from /home/airflow/.local/lib/python3.12/site-packages/airflow/example_dags/example_skip_dag.py
[2026-01-29T05:17:06.463+0000] {processor.py:840} INFO - DAG(s) 'example_skip_dag' retrieved from /home/airflow/.local/lib/python3.12/site-packages/airflow/example_dags/example_skip_dag.py
[2026-01-29T05:17:06.488+0000] {logging_mixin.py:188} INFO - [2026-01-29T05:17:06.488+0000] {dag.py:3089} INFO - Sync 1 DAGs
[2026-01-29T05:17:06.513+0000] {logging_mixin.py:188} INFO - [2026-01-29T05:17:06.513+0000] {dag.py:3947} INFO - Setting next_dagrun for example_skip_dag to 2026-01-28 00:00:00+00:00, run_after=2026-01-29 00:00:00+00:00
[2026-01-29T05:17:06.534+0000] {processor.py:183} INFO - Processing /home/airflow/.local/lib/python3.12/site-packages/airflow/example_dags/example_skip_dag.py took 0.091 seconds
[2026-01-29T05:17:36.892+0000] {processor.py:161} INFO - Started process (PID=100881) to work on /home/airflow/.local/lib/python3.12/site-packages/airflow/example_dags/example_skip_dag.py
[2026-01-29T05:17:36.894+0000] {processor.py:830} INFO - Processing file /home/airflow/.local/lib/python3.12/site-packages/airflow/example_dags/example_skip_dag.py for tasks to queue
[2026-01-29T05:17:36.897+0000] {logging_mixin.py:188} INFO - [2026-01-29T05:17:36.896+0000] {dagbag.py:545} INFO - Filling up the DagBag from /home/airflow/.local/lib/python3.12/site-packages/airflow/example_dags/example_skip_dag.py
[2026-01-29T05:17:36.905+0000] {processor.py:840} INFO - DAG(s) 'example_skip_dag' retrieved from /home/airflow/.local/lib/python3.12/site-packages/airflow/example_dags/example_skip_dag.py
[2026-01-29T05:17:36.935+0000] {logging_mixin.py:188} INFO - [2026-01-29T05:17:36.935+0000] {dag.py:3089} INFO - Sync 1 DAGs
[2026-01-29T05:17:36.971+0000] {logging_mixin.py:188} INFO - [2026-01-29T05:17:36.970+0000] {dag.py:3947} INFO - Setting next_dagrun for example_skip_dag to 2026-01-28 00:00:00+00:00, run_after=2026-01-29 00:00:00+00:00
[2026-01-29T05:17:36.994+0000] {processor.py:183} INFO - Processing /home/airflow/.local/lib/python3.12/site-packages/airflow/example_dags/example_skip_dag.py took 0.110 seconds
[2026-01-29T05:18:07.043+0000] {processor.py:161} INFO - Started process (PID=100945) to work on /home/airflow/.local/lib/python3.12/site-packages/airflow/example_dags/example_skip_dag.py
[2026-01-29T05:18:07.044+0000] {processor.py:830} INFO - Processing file /home/airflow/.local/lib/python3.12/site-packages/airflow/example_dags/example_skip_dag.py for tasks to queue
[2026-01-29T05:18:07.047+0000] {logging_mixin.py:188} INFO - [2026-01-29T05:18:07.046+0000] {dagbag.py:545} INFO - Filling up the DagBag from /home/airflow/.local/lib/python3.12/site-packages/airflow/example_dags/example_skip_dag.py
[2026-01-29T05:18:07.054+0000] {processor.py:840} INFO - DAG(s) 'example_skip_dag' retrieved from /home/airflow/.local/lib/python3.12/site-packages/airflow/example_dags/example_skip_dag.py
[2026-01-29T05:18:07.077+0000] {logging_mixin.py:188} INFO - [2026-01-29T05:18:07.077+0000] {dag.py:3089} INFO - Sync 1 DAGs
[2026-01-29T05:18:07.100+0000] {logging_mixin.py:188} INFO - [2026-01-29T05:18:07.100+0000] {dag.py:3947} INFO - Setting next_dagrun for example_skip_dag to 2026-01-28 00:00:00+00:00, run_after=2026-01-29 00:00:00+00:00
[2026-01-29T05:18:07.124+0000] {processor.py:183} INFO - Processing /home/airflow/.local/lib/python3.12/site-packages/airflow/example_dags/example_skip_dag.py took 0.089 seconds
[2026-01-29T05:18:37.291+0000] {processor.py:161} INFO - Started process (PID=101004) to work on /home/airflow/.local/lib/python3.12/site-packages/airflow/example_dags/example_skip_dag.py
[2026-01-29T05:18:37.292+0000] {processor.py:830} INFO - Processing file /home/airflow/.local/lib/python3.12/site-packages/airflow/example_dags/example_skip_dag.py for tasks to queue
[2026-01-29T05:18:37.295+0000] {logging_mixin.py:188} INFO - [2026-01-29T05:18:37.294+0000] {dagbag.py:545} INFO - Filling up the DagBag from /home/airflow/.local/lib/python3.12/site-packages/airflow/example_dags/example_skip_dag.py
[2026-01-29T05:18:37.302+0000] {processor.py:840} INFO - DAG(s) 'example_skip_dag' retrieved from /home/airflow/.local/lib/python3.12/site-packages/airflow/example_dags/example_skip_dag.py
[2026-01-29T05:18:37.327+0000] {logging_mixin.py:188} INFO - [2026-01-29T05:18:37.327+0000] {dag.py:3089} INFO - Sync 1 DAGs
[2026-01-29T05:18:37.352+0000] {logging_mixin.py:188} INFO - [2026-01-29T05:18:37.352+0000] {dag.py:3947} INFO - Setting next_dagrun for example_skip_dag to 2026-01-28 00:00:00+00:00, run_after=2026-01-29 00:00:00+00:00
[2026-01-29T05:18:37.373+0000] {processor.py:183} INFO - Processing /home/airflow/.local/lib/python3.12/site-packages/airflow/example_dags/example_skip_dag.py took 0.090 seconds
[2026-01-29T05:19:07.460+0000] {processor.py:161} INFO - Started process (PID=101068) to work on /home/airflow/.local/lib/python3.12/site-packages/airflow/example_dags/example_skip_dag.py
[2026-01-29T05:19:07.461+0000] {processor.py:830} INFO - Processing file /home/airflow/.local/lib/python3.12/site-packages/airflow/example_dags/example_skip_dag.py for tasks to queue
[2026-01-29T05:19:07.463+0000] {logging_mixin.py:188} INFO - [2026-01-29T05:19:07.463+0000] {dagbag.py:545} INFO - Filling up the DagBag from /home/airflow/.local/lib/python3.12/site-packages/airflow/example_dags/example_skip_dag.py
[2026-01-29T05:19:07.470+0000] {processor.py:840} INFO - DAG(s) 'example_skip_dag' retrieved from /home/airflow/.local/lib/python3.12/site-packages/airflow/example_dags/example_skip_dag.py
[2026-01-29T05:19:07.495+0000] {logging_mixin.py:188} INFO - [2026-01-29T05:19:07.495+0000] {dag.py:3089} INFO - Sync 1 DAGs
[2026-01-29T05:19:07.520+0000] {logging_mixin.py:188} INFO - [2026-01-29T05:19:07.519+0000] {dag.py:3947} INFO - Setting next_dagrun for example_skip_dag to 2026-01-28 00:00:00+00:00, run_after=2026-01-29 00:00:00+00:00
[2026-01-29T05:19:07.545+0000] {processor.py:183} INFO - Processing /home/airflow/.local/lib/python3.12/site-packages/airflow/example_dags/example_skip_dag.py took 0.093 seconds
[2026-01-29T05:19:37.734+0000] {processor.py:161} INFO - Started process (PID=101127) to work on /home/airflow/.local/lib/python3.12/site-packages/airflow/example_dags/example_skip_dag.py
[2026-01-29T05:19:37.736+0000] {processor.py:830} INFO - Processing file /home/airflow/.local/lib/python3.12/site-packages/airflow/example_dags/example_skip_dag.py for tasks to queue
[2026-01-29T05:19:37.738+0000] {logging_mixin.py:188} INFO - [2026-01-29T05:19:37.737+0000] {dagbag.py:545} INFO - Filling up the DagBag from /home/airflow/.local/lib/python3.12/site-packages/airflow/example_dags/example_skip_dag.py
[2026-01-29T05:19:37.745+0000] {processor.py:840} INFO - DAG(s) 'example_skip_dag' retrieved from /home/airflow/.local/lib/python3.12/site-packages/airflow/example_dags/example_skip_dag.py
[2026-01-29T05:19:37.769+0000] {logging_mixin.py:188} INFO - [2026-01-29T05:19:37.769+0000] {dag.py:3089} INFO - Sync 1 DAGs
[2026-01-29T05:19:37.791+0000] {logging_mixin.py:188} INFO - [2026-01-29T05:19:37.791+0000] {dag.py:3947} INFO - Setting next_dagrun for example_skip_dag to 2026-01-28 00:00:00+00:00, run_after=2026-01-29 00:00:00+00:00
[2026-01-29T05:19:37.810+0000] {processor.py:183} INFO - Processing /home/airflow/.local/lib/python3.12/site-packages/airflow/example_dags/example_skip_dag.py took 0.083 seconds
[2026-01-29T05:20:07.999+0000] {processor.py:161} INFO - Started process (PID=101191) to work on /home/airflow/.local/lib/python3.12/site-packages/airflow/example_dags/example_skip_dag.py
[2026-01-29T05:20:07.999+0000] {processor.py:830} INFO - Processing file /home/airflow/.local/lib/python3.12/site-packages/airflow/example_dags/example_skip_dag.py for tasks to queue
[2026-01-29T05:20:08.002+0000] {logging_mixin.py:188} INFO - [2026-01-29T05:20:08.002+0000] {dagbag.py:545} INFO - Filling up the DagBag from /home/airflow/.local/lib/python3.12/site-packages/airflow/example_dags/example_skip_dag.py
[2026-01-29T05:20:08.009+0000] {processor.py:840} INFO - DAG(s) 'example_skip_dag' retrieved from /home/airflow/.local/lib/python3.12/site-packages/airflow/example_dags/example_skip_dag.py
[2026-01-29T05:20:08.032+0000] {logging_mixin.py:188} INFO - [2026-01-29T05:20:08.032+0000] {dag.py:3089} INFO - Sync 1 DAGs
[2026-01-29T05:20:08.055+0000] {logging_mixin.py:188} INFO - [2026-01-29T05:20:08.055+0000] {dag.py:3947} INFO - Setting next_dagrun for example_skip_dag to 2026-01-28 00:00:00+00:00, run_after=2026-01-29 00:00:00+00:00
[2026-01-29T05:20:08.075+0000] {processor.py:183} INFO - Processing /home/airflow/.local/lib/python3.12/site-packages/airflow/example_dags/example_skip_dag.py took 0.084 seconds
[2026-01-29T05:20:38.264+0000] {processor.py:161} INFO - Started process (PID=101250) to work on /home/airflow/.local/lib/python3.12/site-packages/airflow/example_dags/example_skip_dag.py
[2026-01-29T05:20:38.265+0000] {processor.py:830} INFO - Processing file /home/airflow/.local/lib/python3.12/site-packages/airflow/example_dags/example_skip_dag.py for tasks to queue
[2026-01-29T05:20:38.268+0000] {logging_mixin.py:188} INFO - [2026-01-29T05:20:38.268+0000] {dagbag.py:545} INFO - Filling up the DagBag from /home/airflow/.local/lib/python3.12/site-packages/airflow/example_dags/example_skip_dag.py
[2026-01-29T05:20:38.275+0000] {processor.py:840} INFO - DAG(s) 'example_skip_dag' retrieved from /home/airflow/.local/lib/python3.12/site-packages/airflow/example_dags/example_skip_dag.py
[2026-01-29T05:20:38.300+0000] {logging_mixin.py:188} INFO - [2026-01-29T05:20:38.300+0000] {dag.py:3089} INFO - Sync 1 DAGs
[2026-01-29T05:20:38.327+0000] {logging_mixin.py:188} INFO - [2026-01-29T05:20:38.327+0000] {dag.py:3947} INFO - Setting next_dagrun for example_skip_dag to 2026-01-28 00:00:00+00:00, run_after=2026-01-29 00:00:00+00:00
[2026-01-29T05:20:38.348+0000] {processor.py:183} INFO - Processing /home/airflow/.local/lib/python3.12/site-packages/airflow/example_dags/example_skip_dag.py took 0.092 seconds
[2026-01-29T05:21:08.527+0000] {processor.py:161} INFO - Started process (PID=101314) to work on /home/airflow/.local/lib/python3.12/site-packages/airflow/example_dags/example_skip_dag.py
[2026-01-29T05:21:08.528+0000] {processor.py:830} INFO - Processing file /home/airflow/.local/lib/python3.12/site-packages/airflow/example_dags/example_skip_dag.py for tasks to queue
[2026-01-29T05:21:08.530+0000] {logging_mixin.py:188} INFO - [2026-01-29T05:21:08.530+0000] {dagbag.py:545} INFO - Filling up the DagBag from /home/airflow/.local/lib/python3.12/site-packages/airflow/example_dags/example_skip_dag.py
[2026-01-29T05:21:08.536+0000] {processor.py:840} INFO - DAG(s) 'example_skip_dag' retrieved from /home/airflow/.local/lib/python3.12/site-packages/airflow/example_dags/example_skip_dag.py
[2026-01-29T05:21:08.559+0000] {logging_mixin.py:188} INFO - [2026-01-29T05:21:08.559+0000] {dag.py:3089} INFO - Sync 1 DAGs
[2026-01-29T05:21:08.583+0000] {logging_mixin.py:188} INFO - [2026-01-29T05:21:08.583+0000] {dag.py:3947} INFO - Setting next_dagrun for example_skip_dag to 2026-01-28 00:00:00+00:00, run_after=2026-01-29 00:00:00+00:00
[2026-01-29T05:21:08.603+0000] {processor.py:183} INFO - Processing /home/airflow/.local/lib/python3.12/site-packages/airflow/example_dags/example_skip_dag.py took 0.082 seconds
[2026-01-29T05:21:38.787+0000] {processor.py:161} INFO - Started process (PID=101373) to work on /home/airflow/.local/lib/python3.12/site-packages/airflow/example_dags/example_skip_dag.py
[2026-01-29T05:21:38.797+0000] {processor.py:830} INFO - Processing file /home/airflow/.local/lib/python3.12/site-packages/airflow/example_dags/example_skip_dag.py for tasks to queue
[2026-01-29T05:21:38.799+0000] {logging_mixin.py:188} INFO - [2026-01-29T05:21:38.799+0000] {dagbag.py:545} INFO - Filling up the DagBag from /home/airflow/.local/lib/python3.12/site-packages/airflow/example_dags/example_skip_dag.py
[2026-01-29T05:21:38.806+0000] {processor.py:840} INFO - DAG(s) 'example_skip_dag' retrieved from /home/airflow/.local/lib/python3.12/site-packages/airflow/example_dags/example_skip_dag.py
[2026-01-29T05:21:38.835+0000] {logging_mixin.py:188} INFO - [2026-01-29T05:21:38.834+0000] {dag.py:3089} INFO - Sync 1 DAGs
[2026-01-29T05:21:38.862+0000] {logging_mixin.py:188} INFO - [2026-01-29T05:21:38.862+0000] {dag.py:3947} INFO - Setting next_dagrun for example_skip_dag to 2026-01-28 00:00:00+00:00, run_after=2026-01-29 00:00:00+00:00
[2026-01-29T05:21:38.882+0000] {processor.py:183} INFO - Processing /home/airflow/.local/lib/python3.12/site-packages/airflow/example_dags/example_skip_dag.py took 0.102 seconds
[2026-01-29T05:22:09.115+0000] {processor.py:161} INFO - Started process (PID=101437) to work on /home/airflow/.local/lib/python3.12/site-packages/airflow/example_dags/example_skip_dag.py
[2026-01-29T05:22:09.115+0000] {processor.py:830} INFO - Processing file /home/airflow/.local/lib/python3.12/site-packages/airflow/example_dags/example_skip_dag.py for tasks to queue
[2026-01-29T05:22:09.117+0000] {logging_mixin.py:188} INFO - [2026-01-29T05:22:09.117+0000] {dagbag.py:545} INFO - Filling up the DagBag from /home/airflow/.local/lib/python3.12/site-packages/airflow/example_dags/example_skip_dag.py
[2026-01-29T05:22:09.124+0000] {processor.py:840} INFO - DAG(s) 'example_skip_dag' retrieved from /home/airflow/.local/lib/python3.12/site-packages/airflow/example_dags/example_skip_dag.py
[2026-01-29T05:22:09.146+0000] {logging_mixin.py:188} INFO - [2026-01-29T05:22:09.146+0000] {dag.py:3089} INFO - Sync 1 DAGs
[2026-01-29T05:22:09.170+0000] {logging_mixin.py:188} INFO - [2026-01-29T05:22:09.170+0000] {dag.py:3947} INFO - Setting next_dagrun for example_skip_dag to 2026-01-28 00:00:00+00:00, run_after=2026-01-29 00:00:00+00:00
[2026-01-29T05:22:09.191+0000] {processor.py:183} INFO - Processing /home/airflow/.local/lib/python3.12/site-packages/airflow/example_dags/example_skip_dag.py took 0.082 seconds
[2026-01-29T05:22:39.300+0000] {processor.py:161} INFO - Started process (PID=101496) to work on /home/airflow/.local/lib/python3.12/site-packages/airflow/example_dags/example_skip_dag.py
[2026-01-29T05:22:39.312+0000] {processor.py:830} INFO - Processing file /home/airflow/.local/lib/python3.12/site-packages/airflow/example_dags/example_skip_dag.py for tasks to queue
[2026-01-29T05:22:39.313+0000] {logging_mixin.py:188} INFO - [2026-01-29T05:22:39.313+0000] {dagbag.py:545} INFO - Filling up the DagBag from /home/airflow/.local/lib/python3.12/site-packages/airflow/example_dags/example_skip_dag.py
[2026-01-29T05:22:39.319+0000] {processor.py:840} INFO - DAG(s) 'example_skip_dag' retrieved from /home/airflow/.local/lib/python3.12/site-packages/airflow/example_dags/example_skip_dag.py
[2026-01-29T05:22:39.341+0000] {logging_mixin.py:188} INFO - [2026-01-29T05:22:39.340+0000] {dag.py:3089} INFO - Sync 1 DAGs
[2026-01-29T05:22:39.364+0000] {logging_mixin.py:188} INFO - [2026-01-29T05:22:39.363+0000] {dag.py:3947} INFO - Setting next_dagrun for example_skip_dag to 2026-01-28 00:00:00+00:00, run_after=2026-01-29 00:00:00+00:00
[2026-01-29T05:22:39.384+0000] {processor.py:183} INFO - Processing /home/airflow/.local/lib/python3.12/site-packages/airflow/example_dags/example_skip_dag.py took 0.090 seconds
[2026-01-29T05:23:10.092+0000] {processor.py:161} INFO - Started process (PID=101559) to work on /home/airflow/.local/lib/python3.12/site-packages/airflow/example_dags/example_skip_dag.py
[2026-01-29T05:23:10.093+0000] {processor.py:830} INFO - Processing file /home/airflow/.local/lib/python3.12/site-packages/airflow/example_dags/example_skip_dag.py for tasks to queue
[2026-01-29T05:23:10.096+0000] {logging_mixin.py:188} INFO - [2026-01-29T05:23:10.095+0000] {dagbag.py:545} INFO - Filling up the DagBag from /home/airflow/.local/lib/python3.12/site-packages/airflow/example_dags/example_skip_dag.py
[2026-01-29T05:23:10.103+0000] {processor.py:840} INFO - DAG(s) 'example_skip_dag' retrieved from /home/airflow/.local/lib/python3.12/site-packages/airflow/example_dags/example_skip_dag.py
[2026-01-29T05:23:10.127+0000] {logging_mixin.py:188} INFO - [2026-01-29T05:23:10.127+0000] {dag.py:3089} INFO - Sync 1 DAGs
[2026-01-29T05:23:10.151+0000] {logging_mixin.py:188} INFO - [2026-01-29T05:23:10.150+0000] {dag.py:3947} INFO - Setting next_dagrun for example_skip_dag to 2026-01-28 00:00:00+00:00, run_after=2026-01-29 00:00:00+00:00
[2026-01-29T05:23:10.171+0000] {processor.py:183} INFO - Processing /home/airflow/.local/lib/python3.12/site-packages/airflow/example_dags/example_skip_dag.py took 0.087 seconds
[2026-01-29T05:23:40.711+0000] {processor.py:161} INFO - Started process (PID=101618) to work on /home/airflow/.local/lib/python3.12/site-packages/airflow/example_dags/example_skip_dag.py
[2026-01-29T05:23:40.712+0000] {processor.py:830} INFO - Processing file /home/airflow/.local/lib/python3.12/site-packages/airflow/example_dags/example_skip_dag.py for tasks to queue
[2026-01-29T05:23:40.714+0000] {logging_mixin.py:188} INFO - [2026-01-29T05:23:40.714+0000] {dagbag.py:545} INFO - Filling up the DagBag from /home/airflow/.local/lib/python3.12/site-packages/airflow/example_dags/example_skip_dag.py
[2026-01-29T05:23:40.722+0000] {processor.py:840} INFO - DAG(s) 'example_skip_dag' retrieved from /home/airflow/.local/lib/python3.12/site-packages/airflow/example_dags/example_skip_dag.py
[2026-01-29T05:23:40.748+0000] {logging_mixin.py:188} INFO - [2026-01-29T05:23:40.748+0000] {dag.py:3089} INFO - Sync 1 DAGs
[2026-01-29T05:23:40.775+0000] {logging_mixin.py:188} INFO - [2026-01-29T05:23:40.775+0000] {dag.py:3947} INFO - Setting next_dagrun for example_skip_dag to 2026-01-28 00:00:00+00:00, run_after=2026-01-29 00:00:00+00:00
[2026-01-29T05:23:40.796+0000] {processor.py:183} INFO - Processing /home/airflow/.local/lib/python3.12/site-packages/airflow/example_dags/example_skip_dag.py took 0.093 seconds
[2026-01-29T05:24:11.484+0000] {processor.py:161} INFO - Started process (PID=101682) to work on /home/airflow/.local/lib/python3.12/site-packages/airflow/example_dags/example_skip_dag.py
[2026-01-29T05:24:11.485+0000] {processor.py:830} INFO - Processing file /home/airflow/.local/lib/python3.12/site-packages/airflow/example_dags/example_skip_dag.py for tasks to queue
[2026-01-29T05:24:11.487+0000] {logging_mixin.py:188} INFO - [2026-01-29T05:24:11.487+0000] {dagbag.py:545} INFO - Filling up the DagBag from /home/airflow/.local/lib/python3.12/site-packages/airflow/example_dags/example_skip_dag.py
[2026-01-29T05:24:11.495+0000] {processor.py:840} INFO - DAG(s) 'example_skip_dag' retrieved from /home/airflow/.local/lib/python3.12/site-packages/airflow/example_dags/example_skip_dag.py
[2026-01-29T05:24:11.521+0000] {logging_mixin.py:188} INFO - [2026-01-29T05:24:11.520+0000] {dag.py:3089} INFO - Sync 1 DAGs
[2026-01-29T05:24:11.548+0000] {logging_mixin.py:188} INFO - [2026-01-29T05:24:11.548+0000] {dag.py:3947} INFO - Setting next_dagrun for example_skip_dag to 2026-01-28 00:00:00+00:00, run_after=2026-01-29 00:00:00+00:00
[2026-01-29T05:24:11.569+0000] {processor.py:183} INFO - Processing /home/airflow/.local/lib/python3.12/site-packages/airflow/example_dags/example_skip_dag.py took 0.093 seconds
[2026-01-29T05:24:42.107+0000] {processor.py:161} INFO - Started process (PID=101741) to work on /home/airflow/.local/lib/python3.12/site-packages/airflow/example_dags/example_skip_dag.py
[2026-01-29T05:24:42.109+0000] {processor.py:830} INFO - Processing file /home/airflow/.local/lib/python3.12/site-packages/airflow/example_dags/example_skip_dag.py for tasks to queue
[2026-01-29T05:24:42.111+0000] {logging_mixin.py:188} INFO - [2026-01-29T05:24:42.110+0000] {dagbag.py:545} INFO - Filling up the DagBag from /home/airflow/.local/lib/python3.12/site-packages/airflow/example_dags/example_skip_dag.py
[2026-01-29T05:24:42.119+0000] {processor.py:840} INFO - DAG(s) 'example_skip_dag' retrieved from /home/airflow/.local/lib/python3.12/site-packages/airflow/example_dags/example_skip_dag.py
[2026-01-29T05:24:42.144+0000] {logging_mixin.py:188} INFO - [2026-01-29T05:24:42.143+0000] {dag.py:3089} INFO - Sync 1 DAGs
[2026-01-29T05:24:42.169+0000] {logging_mixin.py:188} INFO - [2026-01-29T05:24:42.169+0000] {dag.py:3947} INFO - Setting next_dagrun for example_skip_dag to 2026-01-28 00:00:00+00:00, run_after=2026-01-29 00:00:00+00:00
[2026-01-29T05:24:42.190+0000] {processor.py:183} INFO - Processing /home/airflow/.local/lib/python3.12/site-packages/airflow/example_dags/example_skip_dag.py took 0.091 seconds
[2026-01-29T05:25:12.763+0000] {processor.py:161} INFO - Started process (PID=101805) to work on /home/airflow/.local/lib/python3.12/site-packages/airflow/example_dags/example_skip_dag.py
[2026-01-29T05:25:12.764+0000] {processor.py:830} INFO - Processing file /home/airflow/.local/lib/python3.12/site-packages/airflow/example_dags/example_skip_dag.py for tasks to queue
[2026-01-29T05:25:12.766+0000] {logging_mixin.py:188} INFO - [2026-01-29T05:25:12.766+0000] {dagbag.py:545} INFO - Filling up the DagBag from /home/airflow/.local/lib/python3.12/site-packages/airflow/example_dags/example_skip_dag.py
[2026-01-29T05:25:12.774+0000] {processor.py:840} INFO - DAG(s) 'example_skip_dag' retrieved from /home/airflow/.local/lib/python3.12/site-packages/airflow/example_dags/example_skip_dag.py
[2026-01-29T05:25:12.799+0000] {logging_mixin.py:188} INFO - [2026-01-29T05:25:12.799+0000] {dag.py:3089} INFO - Sync 1 DAGs
[2026-01-29T05:25:12.825+0000] {logging_mixin.py:188} INFO - [2026-01-29T05:25:12.825+0000] {dag.py:3947} INFO - Setting next_dagrun for example_skip_dag to 2026-01-28 00:00:00+00:00, run_after=2026-01-29 00:00:00+00:00
[2026-01-29T05:25:12.845+0000] {processor.py:183} INFO - Processing /home/airflow/.local/lib/python3.12/site-packages/airflow/example_dags/example_skip_dag.py took 0.090 seconds
[2026-01-29T05:25:42.901+0000] {processor.py:161} INFO - Started process (PID=101864) to work on /home/airflow/.local/lib/python3.12/site-packages/airflow/example_dags/example_skip_dag.py
[2026-01-29T05:25:42.902+0000] {processor.py:830} INFO - Processing file /home/airflow/.local/lib/python3.12/site-packages/airflow/example_dags/example_skip_dag.py for tasks to queue
[2026-01-29T05:25:42.904+0000] {logging_mixin.py:188} INFO - [2026-01-29T05:25:42.903+0000] {dagbag.py:545} INFO - Filling up the DagBag from /home/airflow/.local/lib/python3.12/site-packages/airflow/example_dags/example_skip_dag.py
[2026-01-29T05:25:42.911+0000] {processor.py:840} INFO - DAG(s) 'example_skip_dag' retrieved from /home/airflow/.local/lib/python3.12/site-packages/airflow/example_dags/example_skip_dag.py
[2026-01-29T05:25:42.936+0000] {logging_mixin.py:188} INFO - [2026-01-29T05:25:42.935+0000] {dag.py:3089} INFO - Sync 1 DAGs
[2026-01-29T05:25:42.960+0000] {logging_mixin.py:188} INFO - [2026-01-29T05:25:42.960+0000] {dag.py:3947} INFO - Setting next_dagrun for example_skip_dag to 2026-01-28 00:00:00+00:00, run_after=2026-01-29 00:00:00+00:00
[2026-01-29T05:25:42.981+0000] {processor.py:183} INFO - Processing /home/airflow/.local/lib/python3.12/site-packages/airflow/example_dags/example_skip_dag.py took 0.088 seconds
[2026-01-29T05:26:13.259+0000] {processor.py:161} INFO - Started process (PID=101928) to work on /home/airflow/.local/lib/python3.12/site-packages/airflow/example_dags/example_skip_dag.py
[2026-01-29T05:26:13.261+0000] {processor.py:830} INFO - Processing file /home/airflow/.local/lib/python3.12/site-packages/airflow/example_dags/example_skip_dag.py for tasks to queue
[2026-01-29T05:26:13.262+0000] {logging_mixin.py:188} INFO - [2026-01-29T05:26:13.262+0000] {dagbag.py:545} INFO - Filling up the DagBag from /home/airflow/.local/lib/python3.12/site-packages/airflow/example_dags/example_skip_dag.py
[2026-01-29T05:26:13.268+0000] {processor.py:840} INFO - DAG(s) 'example_skip_dag' retrieved from /home/airflow/.local/lib/python3.12/site-packages/airflow/example_dags/example_skip_dag.py
[2026-01-29T05:26:13.291+0000] {logging_mixin.py:188} INFO - [2026-01-29T05:26:13.290+0000] {dag.py:3089} INFO - Sync 1 DAGs
[2026-01-29T05:26:13.313+0000] {logging_mixin.py:188} INFO - [2026-01-29T05:26:13.313+0000] {dag.py:3947} INFO - Setting next_dagrun for example_skip_dag to 2026-01-28 00:00:00+00:00, run_after=2026-01-29 00:00:00+00:00
[2026-01-29T05:26:13.333+0000] {processor.py:183} INFO - Processing /home/airflow/.local/lib/python3.12/site-packages/airflow/example_dags/example_skip_dag.py took 0.080 seconds
[2026-01-29T05:26:44.195+0000] {processor.py:161} INFO - Started process (PID=101985) to work on /home/airflow/.local/lib/python3.12/site-packages/airflow/example_dags/example_skip_dag.py
[2026-01-29T05:26:44.196+0000] {processor.py:830} INFO - Processing file /home/airflow/.local/lib/python3.12/site-packages/airflow/example_dags/example_skip_dag.py for tasks to queue
[2026-01-29T05:26:44.198+0000] {logging_mixin.py:188} INFO - [2026-01-29T05:26:44.198+0000] {dagbag.py:545} INFO - Filling up the DagBag from /home/airflow/.local/lib/python3.12/site-packages/airflow/example_dags/example_skip_dag.py
[2026-01-29T05:26:44.206+0000] {processor.py:840} INFO - DAG(s) 'example_skip_dag' retrieved from /home/airflow/.local/lib/python3.12/site-packages/airflow/example_dags/example_skip_dag.py
[2026-01-29T05:26:44.230+0000] {logging_mixin.py:188} INFO - [2026-01-29T05:26:44.229+0000] {dag.py:3089} INFO - Sync 1 DAGs
[2026-01-29T05:26:44.253+0000] {logging_mixin.py:188} INFO - [2026-01-29T05:26:44.253+0000] {dag.py:3947} INFO - Setting next_dagrun for example_skip_dag to 2026-01-28 00:00:00+00:00, run_after=2026-01-29 00:00:00+00:00
[2026-01-29T05:26:44.273+0000] {processor.py:183} INFO - Processing /home/airflow/.local/lib/python3.12/site-packages/airflow/example_dags/example_skip_dag.py took 0.086 seconds
[2026-01-29T05:27:14.425+0000] {processor.py:161} INFO - Started process (PID=102049) to work on /home/airflow/.local/lib/python3.12/site-packages/airflow/example_dags/example_skip_dag.py
[2026-01-29T05:27:14.426+0000] {processor.py:830} INFO - Processing file /home/airflow/.local/lib/python3.12/site-packages/airflow/example_dags/example_skip_dag.py for tasks to queue
[2026-01-29T05:27:14.428+0000] {logging_mixin.py:188} INFO - [2026-01-29T05:27:14.428+0000] {dagbag.py:545} INFO - Filling up the DagBag from /home/airflow/.local/lib/python3.12/site-packages/airflow/example_dags/example_skip_dag.py
[2026-01-29T05:27:14.436+0000] {processor.py:840} INFO - DAG(s) 'example_skip_dag' retrieved from /home/airflow/.local/lib/python3.12/site-packages/airflow/example_dags/example_skip_dag.py
[2026-01-29T05:27:14.461+0000] {logging_mixin.py:188} INFO - [2026-01-29T05:27:14.461+0000] {dag.py:3089} INFO - Sync 1 DAGs
[2026-01-29T05:27:14.486+0000] {logging_mixin.py:188} INFO - [2026-01-29T05:27:14.486+0000] {dag.py:3947} INFO - Setting next_dagrun for example_skip_dag to 2026-01-28 00:00:00+00:00, run_after=2026-01-29 00:00:00+00:00
[2026-01-29T05:27:14.506+0000] {processor.py:183} INFO - Processing /home/airflow/.local/lib/python3.12/site-packages/airflow/example_dags/example_skip_dag.py took 0.090 seconds
[2026-01-29T05:27:44.719+0000] {processor.py:161} INFO - Started process (PID=102108) to work on /home/airflow/.local/lib/python3.12/site-packages/airflow/example_dags/example_skip_dag.py
[2026-01-29T05:27:44.720+0000] {processor.py:830} INFO - Processing file /home/airflow/.local/lib/python3.12/site-packages/airflow/example_dags/example_skip_dag.py for tasks to queue
[2026-01-29T05:27:44.722+0000] {logging_mixin.py:188} INFO - [2026-01-29T05:27:44.722+0000] {dagbag.py:545} INFO - Filling up the DagBag from /home/airflow/.local/lib/python3.12/site-packages/airflow/example_dags/example_skip_dag.py
[2026-01-29T05:27:44.730+0000] {processor.py:840} INFO - DAG(s) 'example_skip_dag' retrieved from /home/airflow/.local/lib/python3.12/site-packages/airflow/example_dags/example_skip_dag.py
[2026-01-29T05:27:44.755+0000] {logging_mixin.py:188} INFO - [2026-01-29T05:27:44.754+0000] {dag.py:3089} INFO - Sync 1 DAGs
[2026-01-29T05:27:44.783+0000] {logging_mixin.py:188} INFO - [2026-01-29T05:27:44.782+0000] {dag.py:3947} INFO - Setting next_dagrun for example_skip_dag to 2026-01-28 00:00:00+00:00, run_after=2026-01-29 00:00:00+00:00
[2026-01-29T05:27:44.802+0000] {processor.py:183} INFO - Processing /home/airflow/.local/lib/python3.12/site-packages/airflow/example_dags/example_skip_dag.py took 0.091 seconds
[2026-01-29T05:28:15.303+0000] {processor.py:161} INFO - Started process (PID=102172) to work on /home/airflow/.local/lib/python3.12/site-packages/airflow/example_dags/example_skip_dag.py
[2026-01-29T05:28:15.304+0000] {processor.py:830} INFO - Processing file /home/airflow/.local/lib/python3.12/site-packages/airflow/example_dags/example_skip_dag.py for tasks to queue
[2026-01-29T05:28:15.305+0000] {logging_mixin.py:188} INFO - [2026-01-29T05:28:15.305+0000] {dagbag.py:545} INFO - Filling up the DagBag from /home/airflow/.local/lib/python3.12/site-packages/airflow/example_dags/example_skip_dag.py
[2026-01-29T05:28:15.312+0000] {processor.py:840} INFO - DAG(s) 'example_skip_dag' retrieved from /home/airflow/.local/lib/python3.12/site-packages/airflow/example_dags/example_skip_dag.py
[2026-01-29T05:28:15.336+0000] {logging_mixin.py:188} INFO - [2026-01-29T05:28:15.336+0000] {dag.py:3089} INFO - Sync 1 DAGs
[2026-01-29T05:28:15.359+0000] {logging_mixin.py:188} INFO - [2026-01-29T05:28:15.359+0000] {dag.py:3947} INFO - Setting next_dagrun for example_skip_dag to 2026-01-28 00:00:00+00:00, run_after=2026-01-29 00:00:00+00:00
[2026-01-29T05:28:15.380+0000] {processor.py:183} INFO - Processing /home/airflow/.local/lib/python3.12/site-packages/airflow/example_dags/example_skip_dag.py took 0.084 seconds
[2026-01-29T05:28:45.732+0000] {processor.py:161} INFO - Started process (PID=102231) to work on /home/airflow/.local/lib/python3.12/site-packages/airflow/example_dags/example_skip_dag.py
[2026-01-29T05:28:45.733+0000] {processor.py:830} INFO - Processing file /home/airflow/.local/lib/python3.12/site-packages/airflow/example_dags/example_skip_dag.py for tasks to queue
[2026-01-29T05:28:45.734+0000] {logging_mixin.py:188} INFO - [2026-01-29T05:28:45.734+0000] {dagbag.py:545} INFO - Filling up the DagBag from /home/airflow/.local/lib/python3.12/site-packages/airflow/example_dags/example_skip_dag.py
[2026-01-29T05:28:45.741+0000] {processor.py:840} INFO - DAG(s) 'example_skip_dag' retrieved from /home/airflow/.local/lib/python3.12/site-packages/airflow/example_dags/example_skip_dag.py
[2026-01-29T05:28:45.763+0000] {logging_mixin.py:188} INFO - [2026-01-29T05:28:45.763+0000] {dag.py:3089} INFO - Sync 1 DAGs
[2026-01-29T05:28:45.787+0000] {logging_mixin.py:188} INFO - [2026-01-29T05:28:45.787+0000] {dag.py:3947} INFO - Setting next_dagrun for example_skip_dag to 2026-01-28 00:00:00+00:00, run_after=2026-01-29 00:00:00+00:00
[2026-01-29T05:28:45.806+0000] {processor.py:183} INFO - Processing /home/airflow/.local/lib/python3.12/site-packages/airflow/example_dags/example_skip_dag.py took 0.081 seconds
[2026-01-29T05:29:16.156+0000] {processor.py:161} INFO - Started process (PID=102295) to work on /home/airflow/.local/lib/python3.12/site-packages/airflow/example_dags/example_skip_dag.py
[2026-01-29T05:29:16.157+0000] {processor.py:830} INFO - Processing file /home/airflow/.local/lib/python3.12/site-packages/airflow/example_dags/example_skip_dag.py for tasks to queue
[2026-01-29T05:29:16.159+0000] {logging_mixin.py:188} INFO - [2026-01-29T05:29:16.159+0000] {dagbag.py:545} INFO - Filling up the DagBag from /home/airflow/.local/lib/python3.12/site-packages/airflow/example_dags/example_skip_dag.py
[2026-01-29T05:29:16.167+0000] {processor.py:840} INFO - DAG(s) 'example_skip_dag' retrieved from /home/airflow/.local/lib/python3.12/site-packages/airflow/example_dags/example_skip_dag.py
[2026-01-29T05:29:16.191+0000] {logging_mixin.py:188} INFO - [2026-01-29T05:29:16.191+0000] {dag.py:3089} INFO - Sync 1 DAGs
[2026-01-29T05:29:16.214+0000] {logging_mixin.py:188} INFO - [2026-01-29T05:29:16.213+0000] {dag.py:3947} INFO - Setting next_dagrun for example_skip_dag to 2026-01-28 00:00:00+00:00, run_after=2026-01-29 00:00:00+00:00
[2026-01-29T05:29:16.232+0000] {processor.py:183} INFO - Processing /home/airflow/.local/lib/python3.12/site-packages/airflow/example_dags/example_skip_dag.py took 0.085 seconds
[2026-01-29T05:29:46.623+0000] {processor.py:161} INFO - Started process (PID=102354) to work on /home/airflow/.local/lib/python3.12/site-packages/airflow/example_dags/example_skip_dag.py
[2026-01-29T05:29:46.624+0000] {processor.py:830} INFO - Processing file /home/airflow/.local/lib/python3.12/site-packages/airflow/example_dags/example_skip_dag.py for tasks to queue
[2026-01-29T05:29:46.626+0000] {logging_mixin.py:188} INFO - [2026-01-29T05:29:46.625+0000] {dagbag.py:545} INFO - Filling up the DagBag from /home/airflow/.local/lib/python3.12/site-packages/airflow/example_dags/example_skip_dag.py
[2026-01-29T05:29:46.633+0000] {processor.py:840} INFO - DAG(s) 'example_skip_dag' retrieved from /home/airflow/.local/lib/python3.12/site-packages/airflow/example_dags/example_skip_dag.py
[2026-01-29T05:29:46.657+0000] {logging_mixin.py:188} INFO - [2026-01-29T05:29:46.656+0000] {dag.py:3089} INFO - Sync 1 DAGs
[2026-01-29T05:29:46.680+0000] {logging_mixin.py:188} INFO - [2026-01-29T05:29:46.680+0000] {dag.py:3947} INFO - Setting next_dagrun for example_skip_dag to 2026-01-28 00:00:00+00:00, run_after=2026-01-29 00:00:00+00:00
[2026-01-29T05:29:46.699+0000] {processor.py:183} INFO - Processing /home/airflow/.local/lib/python3.12/site-packages/airflow/example_dags/example_skip_dag.py took 0.085 seconds
[2026-01-29T05:30:17.059+0000] {processor.py:161} INFO - Started process (PID=102418) to work on /home/airflow/.local/lib/python3.12/site-packages/airflow/example_dags/example_skip_dag.py
[2026-01-29T05:30:17.060+0000] {processor.py:830} INFO - Processing file /home/airflow/.local/lib/python3.12/site-packages/airflow/example_dags/example_skip_dag.py for tasks to queue
[2026-01-29T05:30:17.062+0000] {logging_mixin.py:188} INFO - [2026-01-29T05:30:17.062+0000] {dagbag.py:545} INFO - Filling up the DagBag from /home/airflow/.local/lib/python3.12/site-packages/airflow/example_dags/example_skip_dag.py
[2026-01-29T05:30:17.071+0000] {processor.py:840} INFO - DAG(s) 'example_skip_dag' retrieved from /home/airflow/.local/lib/python3.12/site-packages/airflow/example_dags/example_skip_dag.py
[2026-01-29T05:30:17.095+0000] {logging_mixin.py:188} INFO - [2026-01-29T05:30:17.095+0000] {dag.py:3089} INFO - Sync 1 DAGs
[2026-01-29T05:30:17.120+0000] {logging_mixin.py:188} INFO - [2026-01-29T05:30:17.120+0000] {dag.py:3947} INFO - Setting next_dagrun for example_skip_dag to 2026-01-28 00:00:00+00:00, run_after=2026-01-29 00:00:00+00:00
[2026-01-29T05:30:17.140+0000] {processor.py:183} INFO - Processing /home/airflow/.local/lib/python3.12/site-packages/airflow/example_dags/example_skip_dag.py took 0.089 seconds
[2026-01-29T05:30:47.539+0000] {processor.py:161} INFO - Started process (PID=102477) to work on /home/airflow/.local/lib/python3.12/site-packages/airflow/example_dags/example_skip_dag.py
[2026-01-29T05:30:47.540+0000] {processor.py:830} INFO - Processing file /home/airflow/.local/lib/python3.12/site-packages/airflow/example_dags/example_skip_dag.py for tasks to queue
[2026-01-29T05:30:47.542+0000] {logging_mixin.py:188} INFO - [2026-01-29T05:30:47.541+0000] {dagbag.py:545} INFO - Filling up the DagBag from /home/airflow/.local/lib/python3.12/site-packages/airflow/example_dags/example_skip_dag.py
[2026-01-29T05:30:47.549+0000] {processor.py:840} INFO - DAG(s) 'example_skip_dag' retrieved from /home/airflow/.local/lib/python3.12/site-packages/airflow/example_dags/example_skip_dag.py
[2026-01-29T05:30:47.574+0000] {logging_mixin.py:188} INFO - [2026-01-29T05:30:47.573+0000] {dag.py:3089} INFO - Sync 1 DAGs
[2026-01-29T05:30:47.601+0000] {logging_mixin.py:188} INFO - [2026-01-29T05:30:47.601+0000] {dag.py:3947} INFO - Setting next_dagrun for example_skip_dag to 2026-01-28 00:00:00+00:00, run_after=2026-01-29 00:00:00+00:00
[2026-01-29T05:30:47.626+0000] {processor.py:183} INFO - Processing /home/airflow/.local/lib/python3.12/site-packages/airflow/example_dags/example_skip_dag.py took 0.095 seconds
[2026-01-29T05:31:17.932+0000] {processor.py:161} INFO - Started process (PID=102541) to work on /home/airflow/.local/lib/python3.12/site-packages/airflow/example_dags/example_skip_dag.py
[2026-01-29T05:31:17.933+0000] {processor.py:830} INFO - Processing file /home/airflow/.local/lib/python3.12/site-packages/airflow/example_dags/example_skip_dag.py for tasks to queue
[2026-01-29T05:31:17.935+0000] {logging_mixin.py:188} INFO - [2026-01-29T05:31:17.935+0000] {dagbag.py:545} INFO - Filling up the DagBag from /home/airflow/.local/lib/python3.12/site-packages/airflow/example_dags/example_skip_dag.py
[2026-01-29T05:31:17.943+0000] {processor.py:840} INFO - DAG(s) 'example_skip_dag' retrieved from /home/airflow/.local/lib/python3.12/site-packages/airflow/example_dags/example_skip_dag.py
[2026-01-29T05:31:17.966+0000] {logging_mixin.py:188} INFO - [2026-01-29T05:31:17.966+0000] {dag.py:3089} INFO - Sync 1 DAGs
[2026-01-29T05:31:17.990+0000] {logging_mixin.py:188} INFO - [2026-01-29T05:31:17.989+0000] {dag.py:3947} INFO - Setting next_dagrun for example_skip_dag to 2026-01-28 00:00:00+00:00, run_after=2026-01-29 00:00:00+00:00
[2026-01-29T05:31:18.009+0000] {processor.py:183} INFO - Processing /home/airflow/.local/lib/python3.12/site-packages/airflow/example_dags/example_skip_dag.py took 0.084 seconds
[2026-01-29T05:31:48.296+0000] {processor.py:161} INFO - Started process (PID=102600) to work on /home/airflow/.local/lib/python3.12/site-packages/airflow/example_dags/example_skip_dag.py
[2026-01-29T05:31:48.297+0000] {processor.py:830} INFO - Processing file /home/airflow/.local/lib/python3.12/site-packages/airflow/example_dags/example_skip_dag.py for tasks to queue
[2026-01-29T05:31:48.299+0000] {logging_mixin.py:188} INFO - [2026-01-29T05:31:48.299+0000] {dagbag.py:545} INFO - Filling up the DagBag from /home/airflow/.local/lib/python3.12/site-packages/airflow/example_dags/example_skip_dag.py
[2026-01-29T05:31:48.307+0000] {processor.py:840} INFO - DAG(s) 'example_skip_dag' retrieved from /home/airflow/.local/lib/python3.12/site-packages/airflow/example_dags/example_skip_dag.py
[2026-01-29T05:31:48.332+0000] {logging_mixin.py:188} INFO - [2026-01-29T05:31:48.331+0000] {dag.py:3089} INFO - Sync 1 DAGs
[2026-01-29T05:31:48.357+0000] {logging_mixin.py:188} INFO - [2026-01-29T05:31:48.357+0000] {dag.py:3947} INFO - Setting next_dagrun for example_skip_dag to 2026-01-28 00:00:00+00:00, run_after=2026-01-29 00:00:00+00:00
[2026-01-29T05:31:48.379+0000] {processor.py:183} INFO - Processing /home/airflow/.local/lib/python3.12/site-packages/airflow/example_dags/example_skip_dag.py took 0.090 seconds
[2026-01-29T05:32:18.835+0000] {processor.py:161} INFO - Started process (PID=102664) to work on /home/airflow/.local/lib/python3.12/site-packages/airflow/example_dags/example_skip_dag.py
[2026-01-29T05:32:18.837+0000] {processor.py:830} INFO - Processing file /home/airflow/.local/lib/python3.12/site-packages/airflow/example_dags/example_skip_dag.py for tasks to queue
[2026-01-29T05:32:18.839+0000] {logging_mixin.py:188} INFO - [2026-01-29T05:32:18.838+0000] {dagbag.py:545} INFO - Filling up the DagBag from /home/airflow/.local/lib/python3.12/site-packages/airflow/example_dags/example_skip_dag.py
[2026-01-29T05:32:18.847+0000] {processor.py:840} INFO - DAG(s) 'example_skip_dag' retrieved from /home/airflow/.local/lib/python3.12/site-packages/airflow/example_dags/example_skip_dag.py
[2026-01-29T05:32:18.873+0000] {logging_mixin.py:188} INFO - [2026-01-29T05:32:18.873+0000] {dag.py:3089} INFO - Sync 1 DAGs
[2026-01-29T05:32:18.897+0000] {logging_mixin.py:188} INFO - [2026-01-29T05:32:18.897+0000] {dag.py:3947} INFO - Setting next_dagrun for example_skip_dag to 2026-01-28 00:00:00+00:00, run_after=2026-01-29 00:00:00+00:00
[2026-01-29T05:32:18.919+0000] {processor.py:183} INFO - Processing /home/airflow/.local/lib/python3.12/site-packages/airflow/example_dags/example_skip_dag.py took 0.091 seconds
[2026-01-29T05:32:49.155+0000] {processor.py:161} INFO - Started process (PID=102723) to work on /home/airflow/.local/lib/python3.12/site-packages/airflow/example_dags/example_skip_dag.py
[2026-01-29T05:32:49.156+0000] {processor.py:830} INFO - Processing file /home/airflow/.local/lib/python3.12/site-packages/airflow/example_dags/example_skip_dag.py for tasks to queue
[2026-01-29T05:32:49.158+0000] {logging_mixin.py:188} INFO - [2026-01-29T05:32:49.158+0000] {dagbag.py:545} INFO - Filling up the DagBag from /home/airflow/.local/lib/python3.12/site-packages/airflow/example_dags/example_skip_dag.py
[2026-01-29T05:32:49.166+0000] {processor.py:840} INFO - DAG(s) 'example_skip_dag' retrieved from /home/airflow/.local/lib/python3.12/site-packages/airflow/example_dags/example_skip_dag.py
[2026-01-29T05:32:49.191+0000] {logging_mixin.py:188} INFO - [2026-01-29T05:32:49.190+0000] {dag.py:3089} INFO - Sync 1 DAGs
[2026-01-29T05:32:49.216+0000] {logging_mixin.py:188} INFO - [2026-01-29T05:32:49.216+0000] {dag.py:3947} INFO - Setting next_dagrun for example_skip_dag to 2026-01-28 00:00:00+00:00, run_after=2026-01-29 00:00:00+00:00
[2026-01-29T05:32:49.237+0000] {processor.py:183} INFO - Processing /home/airflow/.local/lib/python3.12/site-packages/airflow/example_dags/example_skip_dag.py took 0.090 seconds
[2026-01-29T05:33:19.342+0000] {processor.py:161} INFO - Started process (PID=102787) to work on /home/airflow/.local/lib/python3.12/site-packages/airflow/example_dags/example_skip_dag.py
[2026-01-29T05:33:19.344+0000] {processor.py:830} INFO - Processing file /home/airflow/.local/lib/python3.12/site-packages/airflow/example_dags/example_skip_dag.py for tasks to queue
[2026-01-29T05:33:19.346+0000] {logging_mixin.py:188} INFO - [2026-01-29T05:33:19.346+0000] {dagbag.py:545} INFO - Filling up the DagBag from /home/airflow/.local/lib/python3.12/site-packages/airflow/example_dags/example_skip_dag.py
[2026-01-29T05:33:19.354+0000] {processor.py:840} INFO - DAG(s) 'example_skip_dag' retrieved from /home/airflow/.local/lib/python3.12/site-packages/airflow/example_dags/example_skip_dag.py
[2026-01-29T05:33:19.379+0000] {logging_mixin.py:188} INFO - [2026-01-29T05:33:19.378+0000] {dag.py:3089} INFO - Sync 1 DAGs
[2026-01-29T05:33:19.404+0000] {logging_mixin.py:188} INFO - [2026-01-29T05:33:19.404+0000] {dag.py:3947} INFO - Setting next_dagrun for example_skip_dag to 2026-01-28 00:00:00+00:00, run_after=2026-01-29 00:00:00+00:00
[2026-01-29T05:33:19.424+0000] {processor.py:183} INFO - Processing /home/airflow/.local/lib/python3.12/site-packages/airflow/example_dags/example_skip_dag.py took 0.089 seconds
[2026-01-29T05:33:50.211+0000] {processor.py:161} INFO - Started process (PID=102846) to work on /home/airflow/.local/lib/python3.12/site-packages/airflow/example_dags/example_skip_dag.py
[2026-01-29T05:33:50.212+0000] {processor.py:830} INFO - Processing file /home/airflow/.local/lib/python3.12/site-packages/airflow/example_dags/example_skip_dag.py for tasks to queue
[2026-01-29T05:33:50.214+0000] {logging_mixin.py:188} INFO - [2026-01-29T05:33:50.214+0000] {dagbag.py:545} INFO - Filling up the DagBag from /home/airflow/.local/lib/python3.12/site-packages/airflow/example_dags/example_skip_dag.py
[2026-01-29T05:33:50.222+0000] {processor.py:840} INFO - DAG(s) 'example_skip_dag' retrieved from /home/airflow/.local/lib/python3.12/site-packages/airflow/example_dags/example_skip_dag.py
[2026-01-29T05:33:50.248+0000] {logging_mixin.py:188} INFO - [2026-01-29T05:33:50.248+0000] {dag.py:3089} INFO - Sync 1 DAGs
[2026-01-29T05:33:50.273+0000] {logging_mixin.py:188} INFO - [2026-01-29T05:33:50.273+0000] {dag.py:3947} INFO - Setting next_dagrun for example_skip_dag to 2026-01-28 00:00:00+00:00, run_after=2026-01-29 00:00:00+00:00
[2026-01-29T05:33:50.293+0000] {processor.py:183} INFO - Processing /home/airflow/.local/lib/python3.12/site-packages/airflow/example_dags/example_skip_dag.py took 0.090 seconds
[2026-01-29T05:34:20.443+0000] {processor.py:161} INFO - Started process (PID=102910) to work on /home/airflow/.local/lib/python3.12/site-packages/airflow/example_dags/example_skip_dag.py
[2026-01-29T05:34:20.444+0000] {processor.py:830} INFO - Processing file /home/airflow/.local/lib/python3.12/site-packages/airflow/example_dags/example_skip_dag.py for tasks to queue
[2026-01-29T05:34:20.446+0000] {logging_mixin.py:188} INFO - [2026-01-29T05:34:20.445+0000] {dagbag.py:545} INFO - Filling up the DagBag from /home/airflow/.local/lib/python3.12/site-packages/airflow/example_dags/example_skip_dag.py
[2026-01-29T05:34:20.454+0000] {processor.py:840} INFO - DAG(s) 'example_skip_dag' retrieved from /home/airflow/.local/lib/python3.12/site-packages/airflow/example_dags/example_skip_dag.py
[2026-01-29T05:34:20.477+0000] {logging_mixin.py:188} INFO - [2026-01-29T05:34:20.476+0000] {dag.py:3089} INFO - Sync 1 DAGs
[2026-01-29T05:34:20.501+0000] {logging_mixin.py:188} INFO - [2026-01-29T05:34:20.500+0000] {dag.py:3947} INFO - Setting next_dagrun for example_skip_dag to 2026-01-28 00:00:00+00:00, run_after=2026-01-29 00:00:00+00:00
[2026-01-29T05:34:20.521+0000] {processor.py:183} INFO - Processing /home/airflow/.local/lib/python3.12/site-packages/airflow/example_dags/example_skip_dag.py took 0.086 seconds
[2026-01-29T05:34:50.734+0000] {processor.py:161} INFO - Started process (PID=102969) to work on /home/airflow/.local/lib/python3.12/site-packages/airflow/example_dags/example_skip_dag.py
[2026-01-29T05:34:50.735+0000] {processor.py:830} INFO - Processing file /home/airflow/.local/lib/python3.12/site-packages/airflow/example_dags/example_skip_dag.py for tasks to queue
[2026-01-29T05:34:50.736+0000] {logging_mixin.py:188} INFO - [2026-01-29T05:34:50.736+0000] {dagbag.py:545} INFO - Filling up the DagBag from /home/airflow/.local/lib/python3.12/site-packages/airflow/example_dags/example_skip_dag.py
[2026-01-29T05:34:50.743+0000] {processor.py:840} INFO - DAG(s) 'example_skip_dag' retrieved from /home/airflow/.local/lib/python3.12/site-packages/airflow/example_dags/example_skip_dag.py
[2026-01-29T05:34:50.770+0000] {logging_mixin.py:188} INFO - [2026-01-29T05:34:50.770+0000] {dag.py:3089} INFO - Sync 1 DAGs
[2026-01-29T05:34:50.798+0000] {logging_mixin.py:188} INFO - [2026-01-29T05:34:50.797+0000] {dag.py:3947} INFO - Setting next_dagrun for example_skip_dag to 2026-01-28 00:00:00+00:00, run_after=2026-01-29 00:00:00+00:00
[2026-01-29T05:34:50.819+0000] {processor.py:183} INFO - Processing /home/airflow/.local/lib/python3.12/site-packages/airflow/example_dags/example_skip_dag.py took 0.091 seconds
[2026-01-29T05:35:20.999+0000] {processor.py:161} INFO - Started process (PID=103033) to work on /home/airflow/.local/lib/python3.12/site-packages/airflow/example_dags/example_skip_dag.py
[2026-01-29T05:35:21.000+0000] {processor.py:830} INFO - Processing file /home/airflow/.local/lib/python3.12/site-packages/airflow/example_dags/example_skip_dag.py for tasks to queue
[2026-01-29T05:35:21.002+0000] {logging_mixin.py:188} INFO - [2026-01-29T05:35:21.001+0000] {dagbag.py:545} INFO - Filling up the DagBag from /home/airflow/.local/lib/python3.12/site-packages/airflow/example_dags/example_skip_dag.py
[2026-01-29T05:35:21.009+0000] {processor.py:840} INFO - DAG(s) 'example_skip_dag' retrieved from /home/airflow/.local/lib/python3.12/site-packages/airflow/example_dags/example_skip_dag.py
[2026-01-29T05:35:21.032+0000] {logging_mixin.py:188} INFO - [2026-01-29T05:35:21.032+0000] {dag.py:3089} INFO - Sync 1 DAGs
[2026-01-29T05:35:21.056+0000] {logging_mixin.py:188} INFO - [2026-01-29T05:35:21.056+0000] {dag.py:3947} INFO - Setting next_dagrun for example_skip_dag to 2026-01-28 00:00:00+00:00, run_after=2026-01-29 00:00:00+00:00
[2026-01-29T05:35:21.076+0000] {processor.py:183} INFO - Processing /home/airflow/.local/lib/python3.12/site-packages/airflow/example_dags/example_skip_dag.py took 0.083 seconds
[2026-01-29T05:35:51.282+0000] {processor.py:161} INFO - Started process (PID=103092) to work on /home/airflow/.local/lib/python3.12/site-packages/airflow/example_dags/example_skip_dag.py
[2026-01-29T05:35:51.283+0000] {processor.py:830} INFO - Processing file /home/airflow/.local/lib/python3.12/site-packages/airflow/example_dags/example_skip_dag.py for tasks to queue
[2026-01-29T05:35:51.285+0000] {logging_mixin.py:188} INFO - [2026-01-29T05:35:51.285+0000] {dagbag.py:545} INFO - Filling up the DagBag from /home/airflow/.local/lib/python3.12/site-packages/airflow/example_dags/example_skip_dag.py
[2026-01-29T05:35:51.293+0000] {processor.py:840} INFO - DAG(s) 'example_skip_dag' retrieved from /home/airflow/.local/lib/python3.12/site-packages/airflow/example_dags/example_skip_dag.py
[2026-01-29T05:35:51.322+0000] {logging_mixin.py:188} INFO - [2026-01-29T05:35:51.322+0000] {dag.py:3089} INFO - Sync 1 DAGs
[2026-01-29T05:35:51.353+0000] {logging_mixin.py:188} INFO - [2026-01-29T05:35:51.353+0000] {dag.py:3947} INFO - Setting next_dagrun for example_skip_dag to 2026-01-28 00:00:00+00:00, run_after=2026-01-29 00:00:00+00:00
[2026-01-29T05:35:51.372+0000] {processor.py:183} INFO - Processing /home/airflow/.local/lib/python3.12/site-packages/airflow/example_dags/example_skip_dag.py took 0.098 seconds
[2026-01-29T05:36:21.636+0000] {processor.py:161} INFO - Started process (PID=103156) to work on /home/airflow/.local/lib/python3.12/site-packages/airflow/example_dags/example_skip_dag.py
[2026-01-29T05:36:21.637+0000] {processor.py:830} INFO - Processing file /home/airflow/.local/lib/python3.12/site-packages/airflow/example_dags/example_skip_dag.py for tasks to queue
[2026-01-29T05:36:21.639+0000] {logging_mixin.py:188} INFO - [2026-01-29T05:36:21.639+0000] {dagbag.py:545} INFO - Filling up the DagBag from /home/airflow/.local/lib/python3.12/site-packages/airflow/example_dags/example_skip_dag.py
[2026-01-29T05:36:21.647+0000] {processor.py:840} INFO - DAG(s) 'example_skip_dag' retrieved from /home/airflow/.local/lib/python3.12/site-packages/airflow/example_dags/example_skip_dag.py
[2026-01-29T05:36:21.672+0000] {logging_mixin.py:188} INFO - [2026-01-29T05:36:21.672+0000] {dag.py:3089} INFO - Sync 1 DAGs
[2026-01-29T05:36:21.697+0000] {logging_mixin.py:188} INFO - [2026-01-29T05:36:21.697+0000] {dag.py:3947} INFO - Setting next_dagrun for example_skip_dag to 2026-01-28 00:00:00+00:00, run_after=2026-01-29 00:00:00+00:00
[2026-01-29T05:36:21.720+0000] {processor.py:183} INFO - Processing /home/airflow/.local/lib/python3.12/site-packages/airflow/example_dags/example_skip_dag.py took 0.093 seconds
[2026-01-29T05:36:52.111+0000] {processor.py:161} INFO - Started process (PID=103215) to work on /home/airflow/.local/lib/python3.12/site-packages/airflow/example_dags/example_skip_dag.py
[2026-01-29T05:36:52.112+0000] {processor.py:830} INFO - Processing file /home/airflow/.local/lib/python3.12/site-packages/airflow/example_dags/example_skip_dag.py for tasks to queue
[2026-01-29T05:36:52.114+0000] {logging_mixin.py:188} INFO - [2026-01-29T05:36:52.113+0000] {dagbag.py:545} INFO - Filling up the DagBag from /home/airflow/.local/lib/python3.12/site-packages/airflow/example_dags/example_skip_dag.py
[2026-01-29T05:36:52.121+0000] {processor.py:840} INFO - DAG(s) 'example_skip_dag' retrieved from /home/airflow/.local/lib/python3.12/site-packages/airflow/example_dags/example_skip_dag.py
[2026-01-29T05:36:52.148+0000] {logging_mixin.py:188} INFO - [2026-01-29T05:36:52.148+0000] {dag.py:3089} INFO - Sync 1 DAGs
[2026-01-29T05:36:52.172+0000] {logging_mixin.py:188} INFO - [2026-01-29T05:36:52.172+0000] {dag.py:3947} INFO - Setting next_dagrun for example_skip_dag to 2026-01-28 00:00:00+00:00, run_after=2026-01-29 00:00:00+00:00
[2026-01-29T05:36:52.192+0000] {processor.py:183} INFO - Processing /home/airflow/.local/lib/python3.12/site-packages/airflow/example_dags/example_skip_dag.py took 0.087 seconds
[2026-01-29T05:37:22.384+0000] {processor.py:161} INFO - Started process (PID=103279) to work on /home/airflow/.local/lib/python3.12/site-packages/airflow/example_dags/example_skip_dag.py
[2026-01-29T05:37:22.385+0000] {processor.py:830} INFO - Processing file /home/airflow/.local/lib/python3.12/site-packages/airflow/example_dags/example_skip_dag.py for tasks to queue
[2026-01-29T05:37:22.387+0000] {logging_mixin.py:188} INFO - [2026-01-29T05:37:22.386+0000] {dagbag.py:545} INFO - Filling up the DagBag from /home/airflow/.local/lib/python3.12/site-packages/airflow/example_dags/example_skip_dag.py
[2026-01-29T05:37:22.395+0000] {processor.py:840} INFO - DAG(s) 'example_skip_dag' retrieved from /home/airflow/.local/lib/python3.12/site-packages/airflow/example_dags/example_skip_dag.py
[2026-01-29T05:37:22.419+0000] {logging_mixin.py:188} INFO - [2026-01-29T05:37:22.419+0000] {dag.py:3089} INFO - Sync 1 DAGs
[2026-01-29T05:37:22.442+0000] {logging_mixin.py:188} INFO - [2026-01-29T05:37:22.442+0000] {dag.py:3947} INFO - Setting next_dagrun for example_skip_dag to 2026-01-28 00:00:00+00:00, run_after=2026-01-29 00:00:00+00:00
[2026-01-29T05:37:22.462+0000] {processor.py:183} INFO - Processing /home/airflow/.local/lib/python3.12/site-packages/airflow/example_dags/example_skip_dag.py took 0.086 seconds
[2026-01-29T05:37:52.590+0000] {processor.py:161} INFO - Started process (PID=103338) to work on /home/airflow/.local/lib/python3.12/site-packages/airflow/example_dags/example_skip_dag.py
[2026-01-29T05:37:52.591+0000] {processor.py:830} INFO - Processing file /home/airflow/.local/lib/python3.12/site-packages/airflow/example_dags/example_skip_dag.py for tasks to queue
[2026-01-29T05:37:52.593+0000] {logging_mixin.py:188} INFO - [2026-01-29T05:37:52.593+0000] {dagbag.py:545} INFO - Filling up the DagBag from /home/airflow/.local/lib/python3.12/site-packages/airflow/example_dags/example_skip_dag.py
[2026-01-29T05:37:52.601+0000] {processor.py:840} INFO - DAG(s) 'example_skip_dag' retrieved from /home/airflow/.local/lib/python3.12/site-packages/airflow/example_dags/example_skip_dag.py
[2026-01-29T05:37:52.626+0000] {logging_mixin.py:188} INFO - [2026-01-29T05:37:52.626+0000] {dag.py:3089} INFO - Sync 1 DAGs
[2026-01-29T05:37:52.650+0000] {logging_mixin.py:188} INFO - [2026-01-29T05:37:52.649+0000] {dag.py:3947} INFO - Setting next_dagrun for example_skip_dag to 2026-01-28 00:00:00+00:00, run_after=2026-01-29 00:00:00+00:00
[2026-01-29T05:37:52.672+0000] {processor.py:183} INFO - Processing /home/airflow/.local/lib/python3.12/site-packages/airflow/example_dags/example_skip_dag.py took 0.089 seconds
[2026-01-29T05:38:22.807+0000] {processor.py:161} INFO - Started process (PID=103402) to work on /home/airflow/.local/lib/python3.12/site-packages/airflow/example_dags/example_skip_dag.py
[2026-01-29T05:38:22.808+0000] {processor.py:830} INFO - Processing file /home/airflow/.local/lib/python3.12/site-packages/airflow/example_dags/example_skip_dag.py for tasks to queue
[2026-01-29T05:38:22.810+0000] {logging_mixin.py:188} INFO - [2026-01-29T05:38:22.809+0000] {dagbag.py:545} INFO - Filling up the DagBag from /home/airflow/.local/lib/python3.12/site-packages/airflow/example_dags/example_skip_dag.py
[2026-01-29T05:38:22.818+0000] {processor.py:840} INFO - DAG(s) 'example_skip_dag' retrieved from /home/airflow/.local/lib/python3.12/site-packages/airflow/example_dags/example_skip_dag.py
[2026-01-29T05:38:22.842+0000] {logging_mixin.py:188} INFO - [2026-01-29T05:38:22.842+0000] {dag.py:3089} INFO - Sync 1 DAGs
[2026-01-29T05:38:22.866+0000] {logging_mixin.py:188} INFO - [2026-01-29T05:38:22.866+0000] {dag.py:3947} INFO - Setting next_dagrun for example_skip_dag to 2026-01-28 00:00:00+00:00, run_after=2026-01-29 00:00:00+00:00
[2026-01-29T05:38:22.886+0000] {processor.py:183} INFO - Processing /home/airflow/.local/lib/python3.12/site-packages/airflow/example_dags/example_skip_dag.py took 0.088 seconds
[2026-01-29T05:38:53.195+0000] {processor.py:161} INFO - Started process (PID=103461) to work on /home/airflow/.local/lib/python3.12/site-packages/airflow/example_dags/example_skip_dag.py
[2026-01-29T05:38:53.196+0000] {processor.py:830} INFO - Processing file /home/airflow/.local/lib/python3.12/site-packages/airflow/example_dags/example_skip_dag.py for tasks to queue
[2026-01-29T05:38:53.198+0000] {logging_mixin.py:188} INFO - [2026-01-29T05:38:53.198+0000] {dagbag.py:545} INFO - Filling up the DagBag from /home/airflow/.local/lib/python3.12/site-packages/airflow/example_dags/example_skip_dag.py
[2026-01-29T05:38:53.206+0000] {processor.py:840} INFO - DAG(s) 'example_skip_dag' retrieved from /home/airflow/.local/lib/python3.12/site-packages/airflow/example_dags/example_skip_dag.py
[2026-01-29T05:38:53.234+0000] {logging_mixin.py:188} INFO - [2026-01-29T05:38:53.234+0000] {dag.py:3089} INFO - Sync 1 DAGs
[2026-01-29T05:38:53.261+0000] {logging_mixin.py:188} INFO - [2026-01-29T05:38:53.261+0000] {dag.py:3947} INFO - Setting next_dagrun for example_skip_dag to 2026-01-28 00:00:00+00:00, run_after=2026-01-29 00:00:00+00:00
[2026-01-29T05:38:53.281+0000] {processor.py:183} INFO - Processing /home/airflow/.local/lib/python3.12/site-packages/airflow/example_dags/example_skip_dag.py took 0.093 seconds
[2026-01-29T05:39:23.413+0000] {processor.py:161} INFO - Started process (PID=103525) to work on /home/airflow/.local/lib/python3.12/site-packages/airflow/example_dags/example_skip_dag.py
[2026-01-29T05:39:23.414+0000] {processor.py:830} INFO - Processing file /home/airflow/.local/lib/python3.12/site-packages/airflow/example_dags/example_skip_dag.py for tasks to queue
[2026-01-29T05:39:23.416+0000] {logging_mixin.py:188} INFO - [2026-01-29T05:39:23.415+0000] {dagbag.py:545} INFO - Filling up the DagBag from /home/airflow/.local/lib/python3.12/site-packages/airflow/example_dags/example_skip_dag.py
[2026-01-29T05:39:23.424+0000] {processor.py:840} INFO - DAG(s) 'example_skip_dag' retrieved from /home/airflow/.local/lib/python3.12/site-packages/airflow/example_dags/example_skip_dag.py
[2026-01-29T05:39:23.448+0000] {logging_mixin.py:188} INFO - [2026-01-29T05:39:23.448+0000] {dag.py:3089} INFO - Sync 1 DAGs
[2026-01-29T05:39:23.472+0000] {logging_mixin.py:188} INFO - [2026-01-29T05:39:23.472+0000] {dag.py:3947} INFO - Setting next_dagrun for example_skip_dag to 2026-01-28 00:00:00+00:00, run_after=2026-01-29 00:00:00+00:00
[2026-01-29T05:39:23.492+0000] {processor.py:183} INFO - Processing /home/airflow/.local/lib/python3.12/site-packages/airflow/example_dags/example_skip_dag.py took 0.087 seconds
[2026-01-29T05:39:53.744+0000] {processor.py:161} INFO - Started process (PID=103584) to work on /home/airflow/.local/lib/python3.12/site-packages/airflow/example_dags/example_skip_dag.py
[2026-01-29T05:39:53.744+0000] {processor.py:830} INFO - Processing file /home/airflow/.local/lib/python3.12/site-packages/airflow/example_dags/example_skip_dag.py for tasks to queue
[2026-01-29T05:39:53.746+0000] {logging_mixin.py:188} INFO - [2026-01-29T05:39:53.746+0000] {dagbag.py:545} INFO - Filling up the DagBag from /home/airflow/.local/lib/python3.12/site-packages/airflow/example_dags/example_skip_dag.py
[2026-01-29T05:39:53.753+0000] {processor.py:840} INFO - DAG(s) 'example_skip_dag' retrieved from /home/airflow/.local/lib/python3.12/site-packages/airflow/example_dags/example_skip_dag.py
[2026-01-29T05:39:53.777+0000] {logging_mixin.py:188} INFO - [2026-01-29T05:39:53.777+0000] {dag.py:3089} INFO - Sync 1 DAGs
[2026-01-29T05:39:53.801+0000] {logging_mixin.py:188} INFO - [2026-01-29T05:39:53.801+0000] {dag.py:3947} INFO - Setting next_dagrun for example_skip_dag to 2026-01-28 00:00:00+00:00, run_after=2026-01-29 00:00:00+00:00
[2026-01-29T05:39:53.821+0000] {processor.py:183} INFO - Processing /home/airflow/.local/lib/python3.12/site-packages/airflow/example_dags/example_skip_dag.py took 0.083 seconds
[2026-01-29T05:40:24.227+0000] {processor.py:161} INFO - Started process (PID=103648) to work on /home/airflow/.local/lib/python3.12/site-packages/airflow/example_dags/example_skip_dag.py
[2026-01-29T05:40:24.228+0000] {processor.py:830} INFO - Processing file /home/airflow/.local/lib/python3.12/site-packages/airflow/example_dags/example_skip_dag.py for tasks to queue
[2026-01-29T05:40:24.230+0000] {logging_mixin.py:188} INFO - [2026-01-29T05:40:24.230+0000] {dagbag.py:545} INFO - Filling up the DagBag from /home/airflow/.local/lib/python3.12/site-packages/airflow/example_dags/example_skip_dag.py
[2026-01-29T05:40:24.238+0000] {processor.py:840} INFO - DAG(s) 'example_skip_dag' retrieved from /home/airflow/.local/lib/python3.12/site-packages/airflow/example_dags/example_skip_dag.py
[2026-01-29T05:40:24.263+0000] {logging_mixin.py:188} INFO - [2026-01-29T05:40:24.262+0000] {dag.py:3089} INFO - Sync 1 DAGs
[2026-01-29T05:40:24.287+0000] {logging_mixin.py:188} INFO - [2026-01-29T05:40:24.287+0000] {dag.py:3947} INFO - Setting next_dagrun for example_skip_dag to 2026-01-28 00:00:00+00:00, run_after=2026-01-29 00:00:00+00:00
[2026-01-29T05:40:24.308+0000] {processor.py:183} INFO - Processing /home/airflow/.local/lib/python3.12/site-packages/airflow/example_dags/example_skip_dag.py took 0.090 seconds
[2026-01-29T05:40:54.585+0000] {processor.py:161} INFO - Started process (PID=103707) to work on /home/airflow/.local/lib/python3.12/site-packages/airflow/example_dags/example_skip_dag.py
[2026-01-29T05:40:54.586+0000] {processor.py:830} INFO - Processing file /home/airflow/.local/lib/python3.12/site-packages/airflow/example_dags/example_skip_dag.py for tasks to queue
[2026-01-29T05:40:54.588+0000] {logging_mixin.py:188} INFO - [2026-01-29T05:40:54.588+0000] {dagbag.py:545} INFO - Filling up the DagBag from /home/airflow/.local/lib/python3.12/site-packages/airflow/example_dags/example_skip_dag.py
[2026-01-29T05:40:54.596+0000] {processor.py:840} INFO - DAG(s) 'example_skip_dag' retrieved from /home/airflow/.local/lib/python3.12/site-packages/airflow/example_dags/example_skip_dag.py
[2026-01-29T05:40:54.621+0000] {logging_mixin.py:188} INFO - [2026-01-29T05:40:54.620+0000] {dag.py:3089} INFO - Sync 1 DAGs
[2026-01-29T05:40:54.646+0000] {logging_mixin.py:188} INFO - [2026-01-29T05:40:54.645+0000] {dag.py:3947} INFO - Setting next_dagrun for example_skip_dag to 2026-01-28 00:00:00+00:00, run_after=2026-01-29 00:00:00+00:00
[2026-01-29T05:40:54.666+0000] {processor.py:183} INFO - Processing /home/airflow/.local/lib/python3.12/site-packages/airflow/example_dags/example_skip_dag.py took 0.089 seconds
[2026-01-29T05:41:24.882+0000] {processor.py:161} INFO - Started process (PID=103771) to work on /home/airflow/.local/lib/python3.12/site-packages/airflow/example_dags/example_skip_dag.py
[2026-01-29T05:41:24.883+0000] {processor.py:830} INFO - Processing file /home/airflow/.local/lib/python3.12/site-packages/airflow/example_dags/example_skip_dag.py for tasks to queue
[2026-01-29T05:41:24.885+0000] {logging_mixin.py:188} INFO - [2026-01-29T05:41:24.885+0000] {dagbag.py:545} INFO - Filling up the DagBag from /home/airflow/.local/lib/python3.12/site-packages/airflow/example_dags/example_skip_dag.py
[2026-01-29T05:41:24.892+0000] {processor.py:840} INFO - DAG(s) 'example_skip_dag' retrieved from /home/airflow/.local/lib/python3.12/site-packages/airflow/example_dags/example_skip_dag.py
[2026-01-29T05:41:24.920+0000] {logging_mixin.py:188} INFO - [2026-01-29T05:41:24.920+0000] {dag.py:3089} INFO - Sync 1 DAGs
[2026-01-29T05:41:24.957+0000] {logging_mixin.py:188} INFO - [2026-01-29T05:41:24.957+0000] {dag.py:3947} INFO - Setting next_dagrun for example_skip_dag to 2026-01-28 00:00:00+00:00, run_after=2026-01-29 00:00:00+00:00
[2026-01-29T05:41:24.985+0000] {processor.py:183} INFO - Processing /home/airflow/.local/lib/python3.12/site-packages/airflow/example_dags/example_skip_dag.py took 0.109 seconds
[2026-01-29T05:41:55.087+0000] {processor.py:161} INFO - Started process (PID=103830) to work on /home/airflow/.local/lib/python3.12/site-packages/airflow/example_dags/example_skip_dag.py
[2026-01-29T05:41:55.089+0000] {processor.py:830} INFO - Processing file /home/airflow/.local/lib/python3.12/site-packages/airflow/example_dags/example_skip_dag.py for tasks to queue
[2026-01-29T05:41:55.091+0000] {logging_mixin.py:188} INFO - [2026-01-29T05:41:55.090+0000] {dagbag.py:545} INFO - Filling up the DagBag from /home/airflow/.local/lib/python3.12/site-packages/airflow/example_dags/example_skip_dag.py
[2026-01-29T05:41:55.099+0000] {processor.py:840} INFO - DAG(s) 'example_skip_dag' retrieved from /home/airflow/.local/lib/python3.12/site-packages/airflow/example_dags/example_skip_dag.py
[2026-01-29T05:41:55.124+0000] {logging_mixin.py:188} INFO - [2026-01-29T05:41:55.123+0000] {dag.py:3089} INFO - Sync 1 DAGs
[2026-01-29T05:41:55.150+0000] {logging_mixin.py:188} INFO - [2026-01-29T05:41:55.150+0000] {dag.py:3947} INFO - Setting next_dagrun for example_skip_dag to 2026-01-28 00:00:00+00:00, run_after=2026-01-29 00:00:00+00:00
[2026-01-29T05:41:55.170+0000] {processor.py:183} INFO - Processing /home/airflow/.local/lib/python3.12/site-packages/airflow/example_dags/example_skip_dag.py took 0.090 seconds
[2026-01-29T05:42:25.379+0000] {processor.py:161} INFO - Started process (PID=103894) to work on /home/airflow/.local/lib/python3.12/site-packages/airflow/example_dags/example_skip_dag.py
[2026-01-29T05:42:25.380+0000] {processor.py:830} INFO - Processing file /home/airflow/.local/lib/python3.12/site-packages/airflow/example_dags/example_skip_dag.py for tasks to queue
[2026-01-29T05:42:25.382+0000] {logging_mixin.py:188} INFO - [2026-01-29T05:42:25.382+0000] {dagbag.py:545} INFO - Filling up the DagBag from /home/airflow/.local/lib/python3.12/site-packages/airflow/example_dags/example_skip_dag.py
[2026-01-29T05:42:25.389+0000] {processor.py:840} INFO - DAG(s) 'example_skip_dag' retrieved from /home/airflow/.local/lib/python3.12/site-packages/airflow/example_dags/example_skip_dag.py
[2026-01-29T05:42:25.412+0000] {logging_mixin.py:188} INFO - [2026-01-29T05:42:25.412+0000] {dag.py:3089} INFO - Sync 1 DAGs
[2026-01-29T05:42:25.437+0000] {logging_mixin.py:188} INFO - [2026-01-29T05:42:25.436+0000] {dag.py:3947} INFO - Setting next_dagrun for example_skip_dag to 2026-01-28 00:00:00+00:00, run_after=2026-01-29 00:00:00+00:00
[2026-01-29T05:42:25.457+0000] {processor.py:183} INFO - Processing /home/airflow/.local/lib/python3.12/site-packages/airflow/example_dags/example_skip_dag.py took 0.084 seconds
[2026-01-29T05:42:55.565+0000] {processor.py:161} INFO - Started process (PID=103953) to work on /home/airflow/.local/lib/python3.12/site-packages/airflow/example_dags/example_skip_dag.py
[2026-01-29T05:42:55.566+0000] {processor.py:830} INFO - Processing file /home/airflow/.local/lib/python3.12/site-packages/airflow/example_dags/example_skip_dag.py for tasks to queue
[2026-01-29T05:42:55.569+0000] {logging_mixin.py:188} INFO - [2026-01-29T05:42:55.568+0000] {dagbag.py:545} INFO - Filling up the DagBag from /home/airflow/.local/lib/python3.12/site-packages/airflow/example_dags/example_skip_dag.py
[2026-01-29T05:42:55.577+0000] {processor.py:840} INFO - DAG(s) 'example_skip_dag' retrieved from /home/airflow/.local/lib/python3.12/site-packages/airflow/example_dags/example_skip_dag.py
[2026-01-29T05:42:55.598+0000] {logging_mixin.py:188} INFO - [2026-01-29T05:42:55.598+0000] {dag.py:3089} INFO - Sync 1 DAGs
[2026-01-29T05:42:55.625+0000] {logging_mixin.py:188} INFO - [2026-01-29T05:42:55.625+0000] {dag.py:3947} INFO - Setting next_dagrun for example_skip_dag to 2026-01-28 00:00:00+00:00, run_after=2026-01-29 00:00:00+00:00
[2026-01-29T05:42:55.648+0000] {processor.py:183} INFO - Processing /home/airflow/.local/lib/python3.12/site-packages/airflow/example_dags/example_skip_dag.py took 0.091 seconds
[2026-01-29T05:43:25.897+0000] {processor.py:161} INFO - Started process (PID=104017) to work on /home/airflow/.local/lib/python3.12/site-packages/airflow/example_dags/example_skip_dag.py
[2026-01-29T05:43:25.898+0000] {processor.py:830} INFO - Processing file /home/airflow/.local/lib/python3.12/site-packages/airflow/example_dags/example_skip_dag.py for tasks to queue
[2026-01-29T05:43:25.899+0000] {logging_mixin.py:188} INFO - [2026-01-29T05:43:25.899+0000] {dagbag.py:545} INFO - Filling up the DagBag from /home/airflow/.local/lib/python3.12/site-packages/airflow/example_dags/example_skip_dag.py
[2026-01-29T05:43:25.906+0000] {processor.py:840} INFO - DAG(s) 'example_skip_dag' retrieved from /home/airflow/.local/lib/python3.12/site-packages/airflow/example_dags/example_skip_dag.py
[2026-01-29T05:43:25.927+0000] {logging_mixin.py:188} INFO - [2026-01-29T05:43:25.927+0000] {dag.py:3089} INFO - Sync 1 DAGs
[2026-01-29T05:43:25.950+0000] {logging_mixin.py:188} INFO - [2026-01-29T05:43:25.950+0000] {dag.py:3947} INFO - Setting next_dagrun for example_skip_dag to 2026-01-28 00:00:00+00:00, run_after=2026-01-29 00:00:00+00:00
[2026-01-29T05:43:25.970+0000] {processor.py:183} INFO - Processing /home/airflow/.local/lib/python3.12/site-packages/airflow/example_dags/example_skip_dag.py took 0.079 seconds
[2026-01-29T05:43:56.556+0000] {processor.py:161} INFO - Started process (PID=104082) to work on /home/airflow/.local/lib/python3.12/site-packages/airflow/example_dags/example_skip_dag.py
[2026-01-29T05:43:56.558+0000] {processor.py:830} INFO - Processing file /home/airflow/.local/lib/python3.12/site-packages/airflow/example_dags/example_skip_dag.py for tasks to queue
[2026-01-29T05:43:56.560+0000] {logging_mixin.py:188} INFO - [2026-01-29T05:43:56.559+0000] {dagbag.py:545} INFO - Filling up the DagBag from /home/airflow/.local/lib/python3.12/site-packages/airflow/example_dags/example_skip_dag.py
[2026-01-29T05:43:56.568+0000] {processor.py:840} INFO - DAG(s) 'example_skip_dag' retrieved from /home/airflow/.local/lib/python3.12/site-packages/airflow/example_dags/example_skip_dag.py
[2026-01-29T05:43:56.591+0000] {logging_mixin.py:188} INFO - [2026-01-29T05:43:56.590+0000] {dag.py:3089} INFO - Sync 1 DAGs
[2026-01-29T05:43:56.614+0000] {logging_mixin.py:188} INFO - [2026-01-29T05:43:56.613+0000] {dag.py:3947} INFO - Setting next_dagrun for example_skip_dag to 2026-01-28 00:00:00+00:00, run_after=2026-01-29 00:00:00+00:00
[2026-01-29T05:43:56.633+0000] {processor.py:183} INFO - Processing /home/airflow/.local/lib/python3.12/site-packages/airflow/example_dags/example_skip_dag.py took 0.085 seconds
[2026-01-29T05:44:26.753+0000] {processor.py:161} INFO - Started process (PID=104146) to work on /home/airflow/.local/lib/python3.12/site-packages/airflow/example_dags/example_skip_dag.py
[2026-01-29T05:44:26.754+0000] {processor.py:830} INFO - Processing file /home/airflow/.local/lib/python3.12/site-packages/airflow/example_dags/example_skip_dag.py for tasks to queue
[2026-01-29T05:44:26.756+0000] {logging_mixin.py:188} INFO - [2026-01-29T05:44:26.755+0000] {dagbag.py:545} INFO - Filling up the DagBag from /home/airflow/.local/lib/python3.12/site-packages/airflow/example_dags/example_skip_dag.py
[2026-01-29T05:44:26.763+0000] {processor.py:840} INFO - DAG(s) 'example_skip_dag' retrieved from /home/airflow/.local/lib/python3.12/site-packages/airflow/example_dags/example_skip_dag.py
[2026-01-29T05:44:26.787+0000] {logging_mixin.py:188} INFO - [2026-01-29T05:44:26.787+0000] {dag.py:3089} INFO - Sync 1 DAGs
[2026-01-29T05:44:26.811+0000] {logging_mixin.py:188} INFO - [2026-01-29T05:44:26.811+0000] {dag.py:3947} INFO - Setting next_dagrun for example_skip_dag to 2026-01-28 00:00:00+00:00, run_after=2026-01-29 00:00:00+00:00
[2026-01-29T05:44:26.829+0000] {processor.py:183} INFO - Processing /home/airflow/.local/lib/python3.12/site-packages/airflow/example_dags/example_skip_dag.py took 0.084 seconds
[2026-01-29T05:44:56.927+0000] {processor.py:161} INFO - Started process (PID=104205) to work on /home/airflow/.local/lib/python3.12/site-packages/airflow/example_dags/example_skip_dag.py
[2026-01-29T05:44:56.929+0000] {processor.py:830} INFO - Processing file /home/airflow/.local/lib/python3.12/site-packages/airflow/example_dags/example_skip_dag.py for tasks to queue
[2026-01-29T05:44:56.931+0000] {logging_mixin.py:188} INFO - [2026-01-29T05:44:56.930+0000] {dagbag.py:545} INFO - Filling up the DagBag from /home/airflow/.local/lib/python3.12/site-packages/airflow/example_dags/example_skip_dag.py
[2026-01-29T05:44:56.939+0000] {processor.py:840} INFO - DAG(s) 'example_skip_dag' retrieved from /home/airflow/.local/lib/python3.12/site-packages/airflow/example_dags/example_skip_dag.py
[2026-01-29T05:44:56.963+0000] {logging_mixin.py:188} INFO - [2026-01-29T05:44:56.963+0000] {dag.py:3089} INFO - Sync 1 DAGs
[2026-01-29T05:44:56.990+0000] {logging_mixin.py:188} INFO - [2026-01-29T05:44:56.990+0000] {dag.py:3947} INFO - Setting next_dagrun for example_skip_dag to 2026-01-28 00:00:00+00:00, run_after=2026-01-29 00:00:00+00:00
[2026-01-29T05:44:57.009+0000] {processor.py:183} INFO - Processing /home/airflow/.local/lib/python3.12/site-packages/airflow/example_dags/example_skip_dag.py took 0.090 seconds
[2026-01-29T05:45:27.272+0000] {processor.py:161} INFO - Started process (PID=104269) to work on /home/airflow/.local/lib/python3.12/site-packages/airflow/example_dags/example_skip_dag.py
[2026-01-29T05:45:27.273+0000] {processor.py:830} INFO - Processing file /home/airflow/.local/lib/python3.12/site-packages/airflow/example_dags/example_skip_dag.py for tasks to queue
[2026-01-29T05:45:27.275+0000] {logging_mixin.py:188} INFO - [2026-01-29T05:45:27.275+0000] {dagbag.py:545} INFO - Filling up the DagBag from /home/airflow/.local/lib/python3.12/site-packages/airflow/example_dags/example_skip_dag.py
[2026-01-29T05:45:27.283+0000] {processor.py:840} INFO - DAG(s) 'example_skip_dag' retrieved from /home/airflow/.local/lib/python3.12/site-packages/airflow/example_dags/example_skip_dag.py
[2026-01-29T05:45:27.306+0000] {logging_mixin.py:188} INFO - [2026-01-29T05:45:27.305+0000] {dag.py:3089} INFO - Sync 1 DAGs
[2026-01-29T05:45:27.330+0000] {logging_mixin.py:188} INFO - [2026-01-29T05:45:27.330+0000] {dag.py:3947} INFO - Setting next_dagrun for example_skip_dag to 2026-01-28 00:00:00+00:00, run_after=2026-01-29 00:00:00+00:00
[2026-01-29T05:45:27.349+0000] {processor.py:183} INFO - Processing /home/airflow/.local/lib/python3.12/site-packages/airflow/example_dags/example_skip_dag.py took 0.085 seconds
[2026-01-29T05:45:57.735+0000] {processor.py:161} INFO - Started process (PID=104328) to work on /home/airflow/.local/lib/python3.12/site-packages/airflow/example_dags/example_skip_dag.py
[2026-01-29T05:45:57.736+0000] {processor.py:830} INFO - Processing file /home/airflow/.local/lib/python3.12/site-packages/airflow/example_dags/example_skip_dag.py for tasks to queue
[2026-01-29T05:45:57.739+0000] {logging_mixin.py:188} INFO - [2026-01-29T05:45:57.738+0000] {dagbag.py:545} INFO - Filling up the DagBag from /home/airflow/.local/lib/python3.12/site-packages/airflow/example_dags/example_skip_dag.py
[2026-01-29T05:45:57.747+0000] {processor.py:840} INFO - DAG(s) 'example_skip_dag' retrieved from /home/airflow/.local/lib/python3.12/site-packages/airflow/example_dags/example_skip_dag.py
[2026-01-29T05:45:57.770+0000] {logging_mixin.py:188} INFO - [2026-01-29T05:45:57.769+0000] {dag.py:3089} INFO - Sync 1 DAGs
[2026-01-29T05:45:57.795+0000] {logging_mixin.py:188} INFO - [2026-01-29T05:45:57.795+0000] {dag.py:3947} INFO - Setting next_dagrun for example_skip_dag to 2026-01-28 00:00:00+00:00, run_after=2026-01-29 00:00:00+00:00
[2026-01-29T05:45:57.814+0000] {processor.py:183} INFO - Processing /home/airflow/.local/lib/python3.12/site-packages/airflow/example_dags/example_skip_dag.py took 0.087 seconds
[2026-01-29T05:46:28.108+0000] {processor.py:161} INFO - Started process (PID=104392) to work on /home/airflow/.local/lib/python3.12/site-packages/airflow/example_dags/example_skip_dag.py
[2026-01-29T05:46:28.109+0000] {processor.py:830} INFO - Processing file /home/airflow/.local/lib/python3.12/site-packages/airflow/example_dags/example_skip_dag.py for tasks to queue
[2026-01-29T05:46:28.111+0000] {logging_mixin.py:188} INFO - [2026-01-29T05:46:28.111+0000] {dagbag.py:545} INFO - Filling up the DagBag from /home/airflow/.local/lib/python3.12/site-packages/airflow/example_dags/example_skip_dag.py
[2026-01-29T05:46:28.119+0000] {processor.py:840} INFO - DAG(s) 'example_skip_dag' retrieved from /home/airflow/.local/lib/python3.12/site-packages/airflow/example_dags/example_skip_dag.py
[2026-01-29T05:46:28.148+0000] {logging_mixin.py:188} INFO - [2026-01-29T05:46:28.148+0000] {dag.py:3089} INFO - Sync 1 DAGs
[2026-01-29T05:46:28.179+0000] {logging_mixin.py:188} INFO - [2026-01-29T05:46:28.179+0000] {dag.py:3947} INFO - Setting next_dagrun for example_skip_dag to 2026-01-28 00:00:00+00:00, run_after=2026-01-29 00:00:00+00:00
[2026-01-29T05:46:28.199+0000] {processor.py:183} INFO - Processing /home/airflow/.local/lib/python3.12/site-packages/airflow/example_dags/example_skip_dag.py took 0.099 seconds
[2026-01-29T05:46:58.466+0000] {processor.py:161} INFO - Started process (PID=104451) to work on /home/airflow/.local/lib/python3.12/site-packages/airflow/example_dags/example_skip_dag.py
[2026-01-29T05:46:58.467+0000] {processor.py:830} INFO - Processing file /home/airflow/.local/lib/python3.12/site-packages/airflow/example_dags/example_skip_dag.py for tasks to queue
[2026-01-29T05:46:58.469+0000] {logging_mixin.py:188} INFO - [2026-01-29T05:46:58.469+0000] {dagbag.py:545} INFO - Filling up the DagBag from /home/airflow/.local/lib/python3.12/site-packages/airflow/example_dags/example_skip_dag.py
[2026-01-29T05:46:58.477+0000] {processor.py:840} INFO - DAG(s) 'example_skip_dag' retrieved from /home/airflow/.local/lib/python3.12/site-packages/airflow/example_dags/example_skip_dag.py
[2026-01-29T05:46:58.503+0000] {logging_mixin.py:188} INFO - [2026-01-29T05:46:58.503+0000] {dag.py:3089} INFO - Sync 1 DAGs
[2026-01-29T05:46:58.528+0000] {logging_mixin.py:188} INFO - [2026-01-29T05:46:58.528+0000] {dag.py:3947} INFO - Setting next_dagrun for example_skip_dag to 2026-01-28 00:00:00+00:00, run_after=2026-01-29 00:00:00+00:00
[2026-01-29T05:46:58.549+0000] {processor.py:183} INFO - Processing /home/airflow/.local/lib/python3.12/site-packages/airflow/example_dags/example_skip_dag.py took 0.091 seconds
[2026-01-29T05:47:28.653+0000] {processor.py:161} INFO - Started process (PID=104515) to work on /home/airflow/.local/lib/python3.12/site-packages/airflow/example_dags/example_skip_dag.py
[2026-01-29T05:47:28.654+0000] {processor.py:830} INFO - Processing file /home/airflow/.local/lib/python3.12/site-packages/airflow/example_dags/example_skip_dag.py for tasks to queue
[2026-01-29T05:47:28.656+0000] {logging_mixin.py:188} INFO - [2026-01-29T05:47:28.655+0000] {dagbag.py:545} INFO - Filling up the DagBag from /home/airflow/.local/lib/python3.12/site-packages/airflow/example_dags/example_skip_dag.py
[2026-01-29T05:47:28.662+0000] {processor.py:840} INFO - DAG(s) 'example_skip_dag' retrieved from /home/airflow/.local/lib/python3.12/site-packages/airflow/example_dags/example_skip_dag.py
[2026-01-29T05:47:28.688+0000] {logging_mixin.py:188} INFO - [2026-01-29T05:47:28.688+0000] {dag.py:3089} INFO - Sync 1 DAGs
[2026-01-29T05:47:28.715+0000] {logging_mixin.py:188} INFO - [2026-01-29T05:47:28.715+0000] {dag.py:3947} INFO - Setting next_dagrun for example_skip_dag to 2026-01-28 00:00:00+00:00, run_after=2026-01-29 00:00:00+00:00
[2026-01-29T05:47:28.736+0000] {processor.py:183} INFO - Processing /home/airflow/.local/lib/python3.12/site-packages/airflow/example_dags/example_skip_dag.py took 0.089 seconds
[2026-01-29T05:47:58.885+0000] {processor.py:161} INFO - Started process (PID=104574) to work on /home/airflow/.local/lib/python3.12/site-packages/airflow/example_dags/example_skip_dag.py
[2026-01-29T05:47:58.886+0000] {processor.py:830} INFO - Processing file /home/airflow/.local/lib/python3.12/site-packages/airflow/example_dags/example_skip_dag.py for tasks to queue
[2026-01-29T05:47:58.888+0000] {logging_mixin.py:188} INFO - [2026-01-29T05:47:58.887+0000] {dagbag.py:545} INFO - Filling up the DagBag from /home/airflow/.local/lib/python3.12/site-packages/airflow/example_dags/example_skip_dag.py
[2026-01-29T05:47:58.895+0000] {processor.py:840} INFO - DAG(s) 'example_skip_dag' retrieved from /home/airflow/.local/lib/python3.12/site-packages/airflow/example_dags/example_skip_dag.py
[2026-01-29T05:47:58.919+0000] {logging_mixin.py:188} INFO - [2026-01-29T05:47:58.919+0000] {dag.py:3089} INFO - Sync 1 DAGs
[2026-01-29T05:47:58.942+0000] {logging_mixin.py:188} INFO - [2026-01-29T05:47:58.942+0000] {dag.py:3947} INFO - Setting next_dagrun for example_skip_dag to 2026-01-28 00:00:00+00:00, run_after=2026-01-29 00:00:00+00:00
[2026-01-29T05:47:58.961+0000] {processor.py:183} INFO - Processing /home/airflow/.local/lib/python3.12/site-packages/airflow/example_dags/example_skip_dag.py took 0.085 seconds
[2026-01-29T05:48:29.523+0000] {processor.py:161} INFO - Started process (PID=104638) to work on /home/airflow/.local/lib/python3.12/site-packages/airflow/example_dags/example_skip_dag.py
[2026-01-29T05:48:29.524+0000] {processor.py:830} INFO - Processing file /home/airflow/.local/lib/python3.12/site-packages/airflow/example_dags/example_skip_dag.py for tasks to queue
[2026-01-29T05:48:29.526+0000] {logging_mixin.py:188} INFO - [2026-01-29T05:48:29.526+0000] {dagbag.py:545} INFO - Filling up the DagBag from /home/airflow/.local/lib/python3.12/site-packages/airflow/example_dags/example_skip_dag.py
[2026-01-29T05:48:29.534+0000] {processor.py:840} INFO - DAG(s) 'example_skip_dag' retrieved from /home/airflow/.local/lib/python3.12/site-packages/airflow/example_dags/example_skip_dag.py
[2026-01-29T05:48:29.565+0000] {logging_mixin.py:188} INFO - [2026-01-29T05:48:29.565+0000] {dag.py:3089} INFO - Sync 1 DAGs
[2026-01-29T05:48:29.720+0000] {logging_mixin.py:188} INFO - [2026-01-29T05:48:29.720+0000] {dag.py:3947} INFO - Setting next_dagrun for example_skip_dag to 2026-01-28 00:00:00+00:00, run_after=2026-01-29 00:00:00+00:00
[2026-01-29T05:48:29.739+0000] {processor.py:183} INFO - Processing /home/airflow/.local/lib/python3.12/site-packages/airflow/example_dags/example_skip_dag.py took 0.224 seconds
[2026-01-29T05:49:00.221+0000] {processor.py:161} INFO - Started process (PID=104697) to work on /home/airflow/.local/lib/python3.12/site-packages/airflow/example_dags/example_skip_dag.py
[2026-01-29T05:49:00.222+0000] {processor.py:830} INFO - Processing file /home/airflow/.local/lib/python3.12/site-packages/airflow/example_dags/example_skip_dag.py for tasks to queue
[2026-01-29T05:49:00.224+0000] {logging_mixin.py:188} INFO - [2026-01-29T05:49:00.224+0000] {dagbag.py:545} INFO - Filling up the DagBag from /home/airflow/.local/lib/python3.12/site-packages/airflow/example_dags/example_skip_dag.py
[2026-01-29T05:49:00.231+0000] {processor.py:840} INFO - DAG(s) 'example_skip_dag' retrieved from /home/airflow/.local/lib/python3.12/site-packages/airflow/example_dags/example_skip_dag.py
[2026-01-29T05:49:00.254+0000] {logging_mixin.py:188} INFO - [2026-01-29T05:49:00.254+0000] {dag.py:3089} INFO - Sync 1 DAGs
[2026-01-29T05:49:00.277+0000] {logging_mixin.py:188} INFO - [2026-01-29T05:49:00.277+0000] {dag.py:3947} INFO - Setting next_dagrun for example_skip_dag to 2026-01-28 00:00:00+00:00, run_after=2026-01-29 00:00:00+00:00
[2026-01-29T05:49:00.297+0000] {processor.py:183} INFO - Processing /home/airflow/.local/lib/python3.12/site-packages/airflow/example_dags/example_skip_dag.py took 0.084 seconds
[2026-01-29T05:49:30.407+0000] {processor.py:161} INFO - Started process (PID=104759) to work on /home/airflow/.local/lib/python3.12/site-packages/airflow/example_dags/example_skip_dag.py
[2026-01-29T05:49:30.431+0000] {processor.py:830} INFO - Processing file /home/airflow/.local/lib/python3.12/site-packages/airflow/example_dags/example_skip_dag.py for tasks to queue
[2026-01-29T05:49:30.433+0000] {logging_mixin.py:188} INFO - [2026-01-29T05:49:30.433+0000] {dagbag.py:545} INFO - Filling up the DagBag from /home/airflow/.local/lib/python3.12/site-packages/airflow/example_dags/example_skip_dag.py
[2026-01-29T05:49:30.441+0000] {processor.py:840} INFO - DAG(s) 'example_skip_dag' retrieved from /home/airflow/.local/lib/python3.12/site-packages/airflow/example_dags/example_skip_dag.py
[2026-01-29T05:49:30.595+0000] {logging_mixin.py:188} INFO - [2026-01-29T05:49:30.594+0000] {dag.py:3089} INFO - Sync 1 DAGs
[2026-01-29T05:49:30.614+0000] {logging_mixin.py:188} INFO - [2026-01-29T05:49:30.614+0000] {dag.py:3947} INFO - Setting next_dagrun for example_skip_dag to 2026-01-28 00:00:00+00:00, run_after=2026-01-29 00:00:00+00:00
[2026-01-29T05:49:30.773+0000] {processor.py:183} INFO - Processing /home/airflow/.local/lib/python3.12/site-packages/airflow/example_dags/example_skip_dag.py took 0.374 seconds
[2026-01-29T05:50:01.521+0000] {processor.py:161} INFO - Started process (PID=104823) to work on /home/airflow/.local/lib/python3.12/site-packages/airflow/example_dags/example_skip_dag.py
[2026-01-29T05:50:01.522+0000] {processor.py:830} INFO - Processing file /home/airflow/.local/lib/python3.12/site-packages/airflow/example_dags/example_skip_dag.py for tasks to queue
[2026-01-29T05:50:01.524+0000] {logging_mixin.py:188} INFO - [2026-01-29T05:50:01.524+0000] {dagbag.py:545} INFO - Filling up the DagBag from /home/airflow/.local/lib/python3.12/site-packages/airflow/example_dags/example_skip_dag.py
[2026-01-29T05:50:01.532+0000] {processor.py:840} INFO - DAG(s) 'example_skip_dag' retrieved from /home/airflow/.local/lib/python3.12/site-packages/airflow/example_dags/example_skip_dag.py
[2026-01-29T05:50:01.564+0000] {logging_mixin.py:188} INFO - [2026-01-29T05:50:01.564+0000] {dag.py:3089} INFO - Sync 1 DAGs
[2026-01-29T05:50:01.602+0000] {logging_mixin.py:188} INFO - [2026-01-29T05:50:01.601+0000] {dag.py:3947} INFO - Setting next_dagrun for example_skip_dag to 2026-01-28 00:00:00+00:00, run_after=2026-01-29 00:00:00+00:00
[2026-01-29T05:50:01.631+0000] {processor.py:183} INFO - Processing /home/airflow/.local/lib/python3.12/site-packages/airflow/example_dags/example_skip_dag.py took 0.119 seconds
[2026-01-29T05:50:32.280+0000] {processor.py:161} INFO - Started process (PID=104882) to work on /home/airflow/.local/lib/python3.12/site-packages/airflow/example_dags/example_skip_dag.py
[2026-01-29T05:50:32.281+0000] {processor.py:830} INFO - Processing file /home/airflow/.local/lib/python3.12/site-packages/airflow/example_dags/example_skip_dag.py for tasks to queue
[2026-01-29T05:50:32.283+0000] {logging_mixin.py:188} INFO - [2026-01-29T05:50:32.282+0000] {dagbag.py:545} INFO - Filling up the DagBag from /home/airflow/.local/lib/python3.12/site-packages/airflow/example_dags/example_skip_dag.py
[2026-01-29T05:50:32.291+0000] {processor.py:840} INFO - DAG(s) 'example_skip_dag' retrieved from /home/airflow/.local/lib/python3.12/site-packages/airflow/example_dags/example_skip_dag.py
[2026-01-29T05:50:32.316+0000] {logging_mixin.py:188} INFO - [2026-01-29T05:50:32.315+0000] {dag.py:3089} INFO - Sync 1 DAGs
[2026-01-29T05:50:32.339+0000] {logging_mixin.py:188} INFO - [2026-01-29T05:50:32.339+0000] {dag.py:3947} INFO - Setting next_dagrun for example_skip_dag to 2026-01-28 00:00:00+00:00, run_after=2026-01-29 00:00:00+00:00
[2026-01-29T05:50:32.359+0000] {processor.py:183} INFO - Processing /home/airflow/.local/lib/python3.12/site-packages/airflow/example_dags/example_skip_dag.py took 0.087 seconds
[2026-01-29T05:51:03.092+0000] {processor.py:161} INFO - Started process (PID=104946) to work on /home/airflow/.local/lib/python3.12/site-packages/airflow/example_dags/example_skip_dag.py
[2026-01-29T05:51:03.093+0000] {processor.py:830} INFO - Processing file /home/airflow/.local/lib/python3.12/site-packages/airflow/example_dags/example_skip_dag.py for tasks to queue
[2026-01-29T05:51:03.095+0000] {logging_mixin.py:188} INFO - [2026-01-29T05:51:03.095+0000] {dagbag.py:545} INFO - Filling up the DagBag from /home/airflow/.local/lib/python3.12/site-packages/airflow/example_dags/example_skip_dag.py
[2026-01-29T05:51:03.103+0000] {processor.py:840} INFO - DAG(s) 'example_skip_dag' retrieved from /home/airflow/.local/lib/python3.12/site-packages/airflow/example_dags/example_skip_dag.py
[2026-01-29T05:51:03.126+0000] {logging_mixin.py:188} INFO - [2026-01-29T05:51:03.126+0000] {dag.py:3089} INFO - Sync 1 DAGs
[2026-01-29T05:51:03.150+0000] {logging_mixin.py:188} INFO - [2026-01-29T05:51:03.150+0000] {dag.py:3947} INFO - Setting next_dagrun for example_skip_dag to 2026-01-28 00:00:00+00:00, run_after=2026-01-29 00:00:00+00:00
[2026-01-29T05:51:03.171+0000] {processor.py:183} INFO - Processing /home/airflow/.local/lib/python3.12/site-packages/airflow/example_dags/example_skip_dag.py took 0.086 seconds
[2026-01-29T05:51:34.089+0000] {processor.py:161} INFO - Started process (PID=105005) to work on /home/airflow/.local/lib/python3.12/site-packages/airflow/example_dags/example_skip_dag.py
[2026-01-29T05:51:34.090+0000] {processor.py:830} INFO - Processing file /home/airflow/.local/lib/python3.12/site-packages/airflow/example_dags/example_skip_dag.py for tasks to queue
[2026-01-29T05:51:34.092+0000] {logging_mixin.py:188} INFO - [2026-01-29T05:51:34.091+0000] {dagbag.py:545} INFO - Filling up the DagBag from /home/airflow/.local/lib/python3.12/site-packages/airflow/example_dags/example_skip_dag.py
[2026-01-29T05:51:34.100+0000] {processor.py:840} INFO - DAG(s) 'example_skip_dag' retrieved from /home/airflow/.local/lib/python3.12/site-packages/airflow/example_dags/example_skip_dag.py
[2026-01-29T05:51:34.125+0000] {logging_mixin.py:188} INFO - [2026-01-29T05:51:34.125+0000] {dag.py:3089} INFO - Sync 1 DAGs
[2026-01-29T05:51:34.150+0000] {logging_mixin.py:188} INFO - [2026-01-29T05:51:34.150+0000] {dag.py:3947} INFO - Setting next_dagrun for example_skip_dag to 2026-01-28 00:00:00+00:00, run_after=2026-01-29 00:00:00+00:00
[2026-01-29T05:51:34.170+0000] {processor.py:183} INFO - Processing /home/airflow/.local/lib/python3.12/site-packages/airflow/example_dags/example_skip_dag.py took 0.090 seconds
[2026-01-29T05:52:04.863+0000] {processor.py:161} INFO - Started process (PID=105069) to work on /home/airflow/.local/lib/python3.12/site-packages/airflow/example_dags/example_skip_dag.py
[2026-01-29T05:52:04.864+0000] {processor.py:830} INFO - Processing file /home/airflow/.local/lib/python3.12/site-packages/airflow/example_dags/example_skip_dag.py for tasks to queue
[2026-01-29T05:52:04.867+0000] {logging_mixin.py:188} INFO - [2026-01-29T05:52:04.866+0000] {dagbag.py:545} INFO - Filling up the DagBag from /home/airflow/.local/lib/python3.12/site-packages/airflow/example_dags/example_skip_dag.py
[2026-01-29T05:52:04.874+0000] {processor.py:840} INFO - DAG(s) 'example_skip_dag' retrieved from /home/airflow/.local/lib/python3.12/site-packages/airflow/example_dags/example_skip_dag.py
[2026-01-29T05:52:04.898+0000] {logging_mixin.py:188} INFO - [2026-01-29T05:52:04.898+0000] {dag.py:3089} INFO - Sync 1 DAGs
[2026-01-29T05:52:04.921+0000] {logging_mixin.py:188} INFO - [2026-01-29T05:52:04.921+0000] {dag.py:3947} INFO - Setting next_dagrun for example_skip_dag to 2026-01-28 00:00:00+00:00, run_after=2026-01-29 00:00:00+00:00
[2026-01-29T05:52:04.941+0000] {processor.py:183} INFO - Processing /home/airflow/.local/lib/python3.12/site-packages/airflow/example_dags/example_skip_dag.py took 0.085 seconds
[2026-01-29T05:52:35.593+0000] {processor.py:161} INFO - Started process (PID=105128) to work on /home/airflow/.local/lib/python3.12/site-packages/airflow/example_dags/example_skip_dag.py
[2026-01-29T05:52:35.594+0000] {processor.py:830} INFO - Processing file /home/airflow/.local/lib/python3.12/site-packages/airflow/example_dags/example_skip_dag.py for tasks to queue
[2026-01-29T05:52:35.597+0000] {logging_mixin.py:188} INFO - [2026-01-29T05:52:35.596+0000] {dagbag.py:545} INFO - Filling up the DagBag from /home/airflow/.local/lib/python3.12/site-packages/airflow/example_dags/example_skip_dag.py
[2026-01-29T05:52:35.604+0000] {processor.py:840} INFO - DAG(s) 'example_skip_dag' retrieved from /home/airflow/.local/lib/python3.12/site-packages/airflow/example_dags/example_skip_dag.py
[2026-01-29T05:52:35.630+0000] {logging_mixin.py:188} INFO - [2026-01-29T05:52:35.629+0000] {dag.py:3089} INFO - Sync 1 DAGs
[2026-01-29T05:52:35.654+0000] {logging_mixin.py:188} INFO - [2026-01-29T05:52:35.654+0000] {dag.py:3947} INFO - Setting next_dagrun for example_skip_dag to 2026-01-28 00:00:00+00:00, run_after=2026-01-29 00:00:00+00:00
[2026-01-29T05:52:35.674+0000] {processor.py:183} INFO - Processing /home/airflow/.local/lib/python3.12/site-packages/airflow/example_dags/example_skip_dag.py took 0.089 seconds
[2026-01-29T05:53:06.284+0000] {processor.py:161} INFO - Started process (PID=105192) to work on /home/airflow/.local/lib/python3.12/site-packages/airflow/example_dags/example_skip_dag.py
[2026-01-29T05:53:06.285+0000] {processor.py:830} INFO - Processing file /home/airflow/.local/lib/python3.12/site-packages/airflow/example_dags/example_skip_dag.py for tasks to queue
[2026-01-29T05:53:06.287+0000] {logging_mixin.py:188} INFO - [2026-01-29T05:53:06.287+0000] {dagbag.py:545} INFO - Filling up the DagBag from /home/airflow/.local/lib/python3.12/site-packages/airflow/example_dags/example_skip_dag.py
[2026-01-29T05:53:06.294+0000] {processor.py:840} INFO - DAG(s) 'example_skip_dag' retrieved from /home/airflow/.local/lib/python3.12/site-packages/airflow/example_dags/example_skip_dag.py
[2026-01-29T05:53:06.319+0000] {logging_mixin.py:188} INFO - [2026-01-29T05:53:06.319+0000] {dag.py:3089} INFO - Sync 1 DAGs
[2026-01-29T05:53:06.343+0000] {logging_mixin.py:188} INFO - [2026-01-29T05:53:06.343+0000] {dag.py:3947} INFO - Setting next_dagrun for example_skip_dag to 2026-01-28 00:00:00+00:00, run_after=2026-01-29 00:00:00+00:00
[2026-01-29T05:53:06.363+0000] {processor.py:183} INFO - Processing /home/airflow/.local/lib/python3.12/site-packages/airflow/example_dags/example_skip_dag.py took 0.087 seconds
[2026-01-29T05:53:37.060+0000] {processor.py:161} INFO - Started process (PID=105251) to work on /home/airflow/.local/lib/python3.12/site-packages/airflow/example_dags/example_skip_dag.py
[2026-01-29T05:53:37.061+0000] {processor.py:830} INFO - Processing file /home/airflow/.local/lib/python3.12/site-packages/airflow/example_dags/example_skip_dag.py for tasks to queue
[2026-01-29T05:53:37.063+0000] {logging_mixin.py:188} INFO - [2026-01-29T05:53:37.063+0000] {dagbag.py:545} INFO - Filling up the DagBag from /home/airflow/.local/lib/python3.12/site-packages/airflow/example_dags/example_skip_dag.py
[2026-01-29T05:53:37.071+0000] {processor.py:840} INFO - DAG(s) 'example_skip_dag' retrieved from /home/airflow/.local/lib/python3.12/site-packages/airflow/example_dags/example_skip_dag.py
[2026-01-29T05:53:37.095+0000] {logging_mixin.py:188} INFO - [2026-01-29T05:53:37.095+0000] {dag.py:3089} INFO - Sync 1 DAGs
[2026-01-29T05:53:37.119+0000] {logging_mixin.py:188} INFO - [2026-01-29T05:53:37.119+0000] {dag.py:3947} INFO - Setting next_dagrun for example_skip_dag to 2026-01-28 00:00:00+00:00, run_after=2026-01-29 00:00:00+00:00
[2026-01-29T05:53:37.140+0000] {processor.py:183} INFO - Processing /home/airflow/.local/lib/python3.12/site-packages/airflow/example_dags/example_skip_dag.py took 0.088 seconds
[2026-01-29T05:54:07.958+0000] {processor.py:161} INFO - Started process (PID=105315) to work on /home/airflow/.local/lib/python3.12/site-packages/airflow/example_dags/example_skip_dag.py
[2026-01-29T05:54:07.959+0000] {processor.py:830} INFO - Processing file /home/airflow/.local/lib/python3.12/site-packages/airflow/example_dags/example_skip_dag.py for tasks to queue
[2026-01-29T05:54:07.962+0000] {logging_mixin.py:188} INFO - [2026-01-29T05:54:07.962+0000] {dagbag.py:545} INFO - Filling up the DagBag from /home/airflow/.local/lib/python3.12/site-packages/airflow/example_dags/example_skip_dag.py
[2026-01-29T05:54:07.969+0000] {processor.py:840} INFO - DAG(s) 'example_skip_dag' retrieved from /home/airflow/.local/lib/python3.12/site-packages/airflow/example_dags/example_skip_dag.py
[2026-01-29T05:54:07.992+0000] {logging_mixin.py:188} INFO - [2026-01-29T05:54:07.992+0000] {dag.py:3089} INFO - Sync 1 DAGs
[2026-01-29T05:54:08.016+0000] {logging_mixin.py:188} INFO - [2026-01-29T05:54:08.016+0000] {dag.py:3947} INFO - Setting next_dagrun for example_skip_dag to 2026-01-28 00:00:00+00:00, run_after=2026-01-29 00:00:00+00:00
[2026-01-29T05:54:08.036+0000] {processor.py:183} INFO - Processing /home/airflow/.local/lib/python3.12/site-packages/airflow/example_dags/example_skip_dag.py took 0.086 seconds
[2026-01-29T05:54:38.360+0000] {processor.py:161} INFO - Started process (PID=105374) to work on /home/airflow/.local/lib/python3.12/site-packages/airflow/example_dags/example_skip_dag.py
[2026-01-29T05:54:38.361+0000] {processor.py:830} INFO - Processing file /home/airflow/.local/lib/python3.12/site-packages/airflow/example_dags/example_skip_dag.py for tasks to queue
[2026-01-29T05:54:38.363+0000] {logging_mixin.py:188} INFO - [2026-01-29T05:54:38.363+0000] {dagbag.py:545} INFO - Filling up the DagBag from /home/airflow/.local/lib/python3.12/site-packages/airflow/example_dags/example_skip_dag.py
[2026-01-29T05:54:38.369+0000] {processor.py:840} INFO - DAG(s) 'example_skip_dag' retrieved from /home/airflow/.local/lib/python3.12/site-packages/airflow/example_dags/example_skip_dag.py
[2026-01-29T05:54:38.391+0000] {logging_mixin.py:188} INFO - [2026-01-29T05:54:38.391+0000] {dag.py:3089} INFO - Sync 1 DAGs
[2026-01-29T05:54:38.414+0000] {logging_mixin.py:188} INFO - [2026-01-29T05:54:38.414+0000] {dag.py:3947} INFO - Setting next_dagrun for example_skip_dag to 2026-01-28 00:00:00+00:00, run_after=2026-01-29 00:00:00+00:00
[2026-01-29T05:54:38.436+0000] {processor.py:183} INFO - Processing /home/airflow/.local/lib/python3.12/site-packages/airflow/example_dags/example_skip_dag.py took 0.082 seconds
[2026-01-29T05:55:08.694+0000] {processor.py:161} INFO - Started process (PID=105438) to work on /home/airflow/.local/lib/python3.12/site-packages/airflow/example_dags/example_skip_dag.py
[2026-01-29T05:55:08.695+0000] {processor.py:830} INFO - Processing file /home/airflow/.local/lib/python3.12/site-packages/airflow/example_dags/example_skip_dag.py for tasks to queue
[2026-01-29T05:55:08.696+0000] {logging_mixin.py:188} INFO - [2026-01-29T05:55:08.696+0000] {dagbag.py:545} INFO - Filling up the DagBag from /home/airflow/.local/lib/python3.12/site-packages/airflow/example_dags/example_skip_dag.py
[2026-01-29T05:55:08.703+0000] {processor.py:840} INFO - DAG(s) 'example_skip_dag' retrieved from /home/airflow/.local/lib/python3.12/site-packages/airflow/example_dags/example_skip_dag.py
[2026-01-29T05:55:08.730+0000] {logging_mixin.py:188} INFO - [2026-01-29T05:55:08.730+0000] {dag.py:3089} INFO - Sync 1 DAGs
[2026-01-29T05:55:08.756+0000] {logging_mixin.py:188} INFO - [2026-01-29T05:55:08.756+0000] {dag.py:3947} INFO - Setting next_dagrun for example_skip_dag to 2026-01-28 00:00:00+00:00, run_after=2026-01-29 00:00:00+00:00
[2026-01-29T05:55:08.778+0000] {processor.py:183} INFO - Processing /home/airflow/.local/lib/python3.12/site-packages/airflow/example_dags/example_skip_dag.py took 0.091 seconds
[2026-01-29T05:55:39.024+0000] {processor.py:161} INFO - Started process (PID=105497) to work on /home/airflow/.local/lib/python3.12/site-packages/airflow/example_dags/example_skip_dag.py
[2026-01-29T05:55:39.025+0000] {processor.py:830} INFO - Processing file /home/airflow/.local/lib/python3.12/site-packages/airflow/example_dags/example_skip_dag.py for tasks to queue
[2026-01-29T05:55:39.028+0000] {logging_mixin.py:188} INFO - [2026-01-29T05:55:39.027+0000] {dagbag.py:545} INFO - Filling up the DagBag from /home/airflow/.local/lib/python3.12/site-packages/airflow/example_dags/example_skip_dag.py
[2026-01-29T05:55:39.035+0000] {processor.py:840} INFO - DAG(s) 'example_skip_dag' retrieved from /home/airflow/.local/lib/python3.12/site-packages/airflow/example_dags/example_skip_dag.py
[2026-01-29T05:55:39.060+0000] {logging_mixin.py:188} INFO - [2026-01-29T05:55:39.059+0000] {dag.py:3089} INFO - Sync 1 DAGs
[2026-01-29T05:55:39.083+0000] {logging_mixin.py:188} INFO - [2026-01-29T05:55:39.083+0000] {dag.py:3947} INFO - Setting next_dagrun for example_skip_dag to 2026-01-28 00:00:00+00:00, run_after=2026-01-29 00:00:00+00:00
[2026-01-29T05:55:39.103+0000] {processor.py:183} INFO - Processing /home/airflow/.local/lib/python3.12/site-packages/airflow/example_dags/example_skip_dag.py took 0.087 seconds
[2026-01-29T05:56:09.287+0000] {processor.py:161} INFO - Started process (PID=105561) to work on /home/airflow/.local/lib/python3.12/site-packages/airflow/example_dags/example_skip_dag.py
[2026-01-29T05:56:09.288+0000] {processor.py:830} INFO - Processing file /home/airflow/.local/lib/python3.12/site-packages/airflow/example_dags/example_skip_dag.py for tasks to queue
[2026-01-29T05:56:09.290+0000] {logging_mixin.py:188} INFO - [2026-01-29T05:56:09.290+0000] {dagbag.py:545} INFO - Filling up the DagBag from /home/airflow/.local/lib/python3.12/site-packages/airflow/example_dags/example_skip_dag.py
[2026-01-29T05:56:09.298+0000] {processor.py:840} INFO - DAG(s) 'example_skip_dag' retrieved from /home/airflow/.local/lib/python3.12/site-packages/airflow/example_dags/example_skip_dag.py
[2026-01-29T05:56:09.327+0000] {logging_mixin.py:188} INFO - [2026-01-29T05:56:09.326+0000] {dag.py:3089} INFO - Sync 1 DAGs
[2026-01-29T05:56:09.355+0000] {logging_mixin.py:188} INFO - [2026-01-29T05:56:09.355+0000] {dag.py:3947} INFO - Setting next_dagrun for example_skip_dag to 2026-01-28 00:00:00+00:00, run_after=2026-01-29 00:00:00+00:00
[2026-01-29T05:56:09.376+0000] {processor.py:183} INFO - Processing /home/airflow/.local/lib/python3.12/site-packages/airflow/example_dags/example_skip_dag.py took 0.097 seconds
[2026-01-29T05:56:40.167+0000] {processor.py:161} INFO - Started process (PID=105620) to work on /home/airflow/.local/lib/python3.12/site-packages/airflow/example_dags/example_skip_dag.py
[2026-01-29T05:56:40.168+0000] {processor.py:830} INFO - Processing file /home/airflow/.local/lib/python3.12/site-packages/airflow/example_dags/example_skip_dag.py for tasks to queue
[2026-01-29T05:56:40.171+0000] {logging_mixin.py:188} INFO - [2026-01-29T05:56:40.170+0000] {dagbag.py:545} INFO - Filling up the DagBag from /home/airflow/.local/lib/python3.12/site-packages/airflow/example_dags/example_skip_dag.py
[2026-01-29T05:56:40.178+0000] {processor.py:840} INFO - DAG(s) 'example_skip_dag' retrieved from /home/airflow/.local/lib/python3.12/site-packages/airflow/example_dags/example_skip_dag.py
[2026-01-29T05:56:40.204+0000] {logging_mixin.py:188} INFO - [2026-01-29T05:56:40.204+0000] {dag.py:3089} INFO - Sync 1 DAGs
[2026-01-29T05:56:40.229+0000] {logging_mixin.py:188} INFO - [2026-01-29T05:56:40.229+0000] {dag.py:3947} INFO - Setting next_dagrun for example_skip_dag to 2026-01-28 00:00:00+00:00, run_after=2026-01-29 00:00:00+00:00
[2026-01-29T05:56:40.251+0000] {processor.py:183} INFO - Processing /home/airflow/.local/lib/python3.12/site-packages/airflow/example_dags/example_skip_dag.py took 0.092 seconds
[2026-01-29T05:57:11.014+0000] {processor.py:161} INFO - Started process (PID=105684) to work on /home/airflow/.local/lib/python3.12/site-packages/airflow/example_dags/example_skip_dag.py
[2026-01-29T05:57:11.015+0000] {processor.py:830} INFO - Processing file /home/airflow/.local/lib/python3.12/site-packages/airflow/example_dags/example_skip_dag.py for tasks to queue
[2026-01-29T05:57:11.018+0000] {logging_mixin.py:188} INFO - [2026-01-29T05:57:11.017+0000] {dagbag.py:545} INFO - Filling up the DagBag from /home/airflow/.local/lib/python3.12/site-packages/airflow/example_dags/example_skip_dag.py
[2026-01-29T05:57:11.025+0000] {processor.py:840} INFO - DAG(s) 'example_skip_dag' retrieved from /home/airflow/.local/lib/python3.12/site-packages/airflow/example_dags/example_skip_dag.py
[2026-01-29T05:57:11.048+0000] {logging_mixin.py:188} INFO - [2026-01-29T05:57:11.048+0000] {dag.py:3089} INFO - Sync 1 DAGs
[2026-01-29T05:57:11.072+0000] {logging_mixin.py:188} INFO - [2026-01-29T05:57:11.072+0000] {dag.py:3947} INFO - Setting next_dagrun for example_skip_dag to 2026-01-28 00:00:00+00:00, run_after=2026-01-29 00:00:00+00:00
[2026-01-29T05:57:11.092+0000] {processor.py:183} INFO - Processing /home/airflow/.local/lib/python3.12/site-packages/airflow/example_dags/example_skip_dag.py took 0.085 seconds
[2026-01-29T05:57:41.740+0000] {processor.py:161} INFO - Started process (PID=105743) to work on /home/airflow/.local/lib/python3.12/site-packages/airflow/example_dags/example_skip_dag.py
[2026-01-29T05:57:41.741+0000] {processor.py:830} INFO - Processing file /home/airflow/.local/lib/python3.12/site-packages/airflow/example_dags/example_skip_dag.py for tasks to queue
[2026-01-29T05:57:41.744+0000] {logging_mixin.py:188} INFO - [2026-01-29T05:57:41.744+0000] {dagbag.py:545} INFO - Filling up the DagBag from /home/airflow/.local/lib/python3.12/site-packages/airflow/example_dags/example_skip_dag.py
[2026-01-29T05:57:41.751+0000] {processor.py:840} INFO - DAG(s) 'example_skip_dag' retrieved from /home/airflow/.local/lib/python3.12/site-packages/airflow/example_dags/example_skip_dag.py
[2026-01-29T05:57:41.779+0000] {logging_mixin.py:188} INFO - [2026-01-29T05:57:41.779+0000] {dag.py:3089} INFO - Sync 1 DAGs
[2026-01-29T05:57:41.814+0000] {logging_mixin.py:188} INFO - [2026-01-29T05:57:41.813+0000] {dag.py:3947} INFO - Setting next_dagrun for example_skip_dag to 2026-01-28 00:00:00+00:00, run_after=2026-01-29 00:00:00+00:00
[2026-01-29T05:57:41.836+0000] {processor.py:183} INFO - Processing /home/airflow/.local/lib/python3.12/site-packages/airflow/example_dags/example_skip_dag.py took 0.104 seconds
[2026-01-29T05:58:12.471+0000] {processor.py:161} INFO - Started process (PID=105807) to work on /home/airflow/.local/lib/python3.12/site-packages/airflow/example_dags/example_skip_dag.py
[2026-01-29T05:58:12.472+0000] {processor.py:830} INFO - Processing file /home/airflow/.local/lib/python3.12/site-packages/airflow/example_dags/example_skip_dag.py for tasks to queue
[2026-01-29T05:58:12.474+0000] {logging_mixin.py:188} INFO - [2026-01-29T05:58:12.473+0000] {dagbag.py:545} INFO - Filling up the DagBag from /home/airflow/.local/lib/python3.12/site-packages/airflow/example_dags/example_skip_dag.py
[2026-01-29T05:58:12.481+0000] {processor.py:840} INFO - DAG(s) 'example_skip_dag' retrieved from /home/airflow/.local/lib/python3.12/site-packages/airflow/example_dags/example_skip_dag.py
[2026-01-29T05:58:12.506+0000] {logging_mixin.py:188} INFO - [2026-01-29T05:58:12.505+0000] {dag.py:3089} INFO - Sync 1 DAGs
[2026-01-29T05:58:12.529+0000] {logging_mixin.py:188} INFO - [2026-01-29T05:58:12.528+0000] {dag.py:3947} INFO - Setting next_dagrun for example_skip_dag to 2026-01-28 00:00:00+00:00, run_after=2026-01-29 00:00:00+00:00
[2026-01-29T05:58:12.549+0000] {processor.py:183} INFO - Processing /home/airflow/.local/lib/python3.12/site-packages/airflow/example_dags/example_skip_dag.py took 0.086 seconds
[2026-01-29T05:58:43.173+0000] {processor.py:161} INFO - Started process (PID=105866) to work on /home/airflow/.local/lib/python3.12/site-packages/airflow/example_dags/example_skip_dag.py
[2026-01-29T05:58:43.174+0000] {processor.py:830} INFO - Processing file /home/airflow/.local/lib/python3.12/site-packages/airflow/example_dags/example_skip_dag.py for tasks to queue
[2026-01-29T05:58:43.177+0000] {logging_mixin.py:188} INFO - [2026-01-29T05:58:43.176+0000] {dagbag.py:545} INFO - Filling up the DagBag from /home/airflow/.local/lib/python3.12/site-packages/airflow/example_dags/example_skip_dag.py
[2026-01-29T05:58:43.184+0000] {processor.py:840} INFO - DAG(s) 'example_skip_dag' retrieved from /home/airflow/.local/lib/python3.12/site-packages/airflow/example_dags/example_skip_dag.py
[2026-01-29T05:58:43.206+0000] {logging_mixin.py:188} INFO - [2026-01-29T05:58:43.205+0000] {dag.py:3089} INFO - Sync 1 DAGs
[2026-01-29T05:58:43.228+0000] {logging_mixin.py:188} INFO - [2026-01-29T05:58:43.228+0000] {dag.py:3947} INFO - Setting next_dagrun for example_skip_dag to 2026-01-28 00:00:00+00:00, run_after=2026-01-29 00:00:00+00:00
[2026-01-29T05:58:43.248+0000] {processor.py:183} INFO - Processing /home/airflow/.local/lib/python3.12/site-packages/airflow/example_dags/example_skip_dag.py took 0.083 seconds
[2026-01-29T05:59:13.804+0000] {processor.py:161} INFO - Started process (PID=105930) to work on /home/airflow/.local/lib/python3.12/site-packages/airflow/example_dags/example_skip_dag.py
[2026-01-29T05:59:13.805+0000] {processor.py:830} INFO - Processing file /home/airflow/.local/lib/python3.12/site-packages/airflow/example_dags/example_skip_dag.py for tasks to queue
[2026-01-29T05:59:13.808+0000] {logging_mixin.py:188} INFO - [2026-01-29T05:59:13.807+0000] {dagbag.py:545} INFO - Filling up the DagBag from /home/airflow/.local/lib/python3.12/site-packages/airflow/example_dags/example_skip_dag.py
[2026-01-29T05:59:13.815+0000] {processor.py:840} INFO - DAG(s) 'example_skip_dag' retrieved from /home/airflow/.local/lib/python3.12/site-packages/airflow/example_dags/example_skip_dag.py
[2026-01-29T05:59:13.840+0000] {logging_mixin.py:188} INFO - [2026-01-29T05:59:13.840+0000] {dag.py:3089} INFO - Sync 1 DAGs
[2026-01-29T05:59:13.864+0000] {logging_mixin.py:188} INFO - [2026-01-29T05:59:13.864+0000] {dag.py:3947} INFO - Setting next_dagrun for example_skip_dag to 2026-01-28 00:00:00+00:00, run_after=2026-01-29 00:00:00+00:00
[2026-01-29T05:59:13.884+0000] {processor.py:183} INFO - Processing /home/airflow/.local/lib/python3.12/site-packages/airflow/example_dags/example_skip_dag.py took 0.088 seconds
[2026-01-29T05:59:44.509+0000] {processor.py:161} INFO - Started process (PID=105989) to work on /home/airflow/.local/lib/python3.12/site-packages/airflow/example_dags/example_skip_dag.py
[2026-01-29T05:59:44.510+0000] {processor.py:830} INFO - Processing file /home/airflow/.local/lib/python3.12/site-packages/airflow/example_dags/example_skip_dag.py for tasks to queue
[2026-01-29T05:59:44.513+0000] {logging_mixin.py:188} INFO - [2026-01-29T05:59:44.512+0000] {dagbag.py:545} INFO - Filling up the DagBag from /home/airflow/.local/lib/python3.12/site-packages/airflow/example_dags/example_skip_dag.py
[2026-01-29T05:59:44.520+0000] {processor.py:840} INFO - DAG(s) 'example_skip_dag' retrieved from /home/airflow/.local/lib/python3.12/site-packages/airflow/example_dags/example_skip_dag.py
[2026-01-29T05:59:44.544+0000] {logging_mixin.py:188} INFO - [2026-01-29T05:59:44.543+0000] {dag.py:3089} INFO - Sync 1 DAGs
[2026-01-29T05:59:44.566+0000] {logging_mixin.py:188} INFO - [2026-01-29T05:59:44.566+0000] {dag.py:3947} INFO - Setting next_dagrun for example_skip_dag to 2026-01-28 00:00:00+00:00, run_after=2026-01-29 00:00:00+00:00
[2026-01-29T05:59:44.586+0000] {processor.py:183} INFO - Processing /home/airflow/.local/lib/python3.12/site-packages/airflow/example_dags/example_skip_dag.py took 0.085 seconds
[2026-01-29T06:00:15.227+0000] {processor.py:161} INFO - Started process (PID=106053) to work on /home/airflow/.local/lib/python3.12/site-packages/airflow/example_dags/example_skip_dag.py
[2026-01-29T06:00:15.228+0000] {processor.py:830} INFO - Processing file /home/airflow/.local/lib/python3.12/site-packages/airflow/example_dags/example_skip_dag.py for tasks to queue
[2026-01-29T06:00:15.230+0000] {logging_mixin.py:188} INFO - [2026-01-29T06:00:15.229+0000] {dagbag.py:545} INFO - Filling up the DagBag from /home/airflow/.local/lib/python3.12/site-packages/airflow/example_dags/example_skip_dag.py
[2026-01-29T06:00:15.238+0000] {processor.py:840} INFO - DAG(s) 'example_skip_dag' retrieved from /home/airflow/.local/lib/python3.12/site-packages/airflow/example_dags/example_skip_dag.py
[2026-01-29T06:00:15.262+0000] {logging_mixin.py:188} INFO - [2026-01-29T06:00:15.262+0000] {dag.py:3089} INFO - Sync 1 DAGs
[2026-01-29T06:00:15.288+0000] {logging_mixin.py:188} INFO - [2026-01-29T06:00:15.287+0000] {dag.py:3947} INFO - Setting next_dagrun for example_skip_dag to 2026-01-28 00:00:00+00:00, run_after=2026-01-29 00:00:00+00:00
[2026-01-29T06:00:15.309+0000] {processor.py:183} INFO - Processing /home/airflow/.local/lib/python3.12/site-packages/airflow/example_dags/example_skip_dag.py took 0.090 seconds
[2026-01-29T06:00:45.825+0000] {processor.py:161} INFO - Started process (PID=106112) to work on /home/airflow/.local/lib/python3.12/site-packages/airflow/example_dags/example_skip_dag.py
[2026-01-29T06:00:45.826+0000] {processor.py:830} INFO - Processing file /home/airflow/.local/lib/python3.12/site-packages/airflow/example_dags/example_skip_dag.py for tasks to queue
[2026-01-29T06:00:45.829+0000] {logging_mixin.py:188} INFO - [2026-01-29T06:00:45.828+0000] {dagbag.py:545} INFO - Filling up the DagBag from /home/airflow/.local/lib/python3.12/site-packages/airflow/example_dags/example_skip_dag.py
[2026-01-29T06:00:45.837+0000] {processor.py:840} INFO - DAG(s) 'example_skip_dag' retrieved from /home/airflow/.local/lib/python3.12/site-packages/airflow/example_dags/example_skip_dag.py
[2026-01-29T06:00:45.862+0000] {logging_mixin.py:188} INFO - [2026-01-29T06:00:45.861+0000] {dag.py:3089} INFO - Sync 1 DAGs
[2026-01-29T06:00:45.886+0000] {logging_mixin.py:188} INFO - [2026-01-29T06:00:45.886+0000] {dag.py:3947} INFO - Setting next_dagrun for example_skip_dag to 2026-01-28 00:00:00+00:00, run_after=2026-01-29 00:00:00+00:00
[2026-01-29T06:00:45.907+0000] {processor.py:183} INFO - Processing /home/airflow/.local/lib/python3.12/site-packages/airflow/example_dags/example_skip_dag.py took 0.091 seconds
[2026-01-29T06:01:15.949+0000] {processor.py:161} INFO - Started process (PID=106176) to work on /home/airflow/.local/lib/python3.12/site-packages/airflow/example_dags/example_skip_dag.py
[2026-01-29T06:01:15.950+0000] {processor.py:830} INFO - Processing file /home/airflow/.local/lib/python3.12/site-packages/airflow/example_dags/example_skip_dag.py for tasks to queue
[2026-01-29T06:01:15.952+0000] {logging_mixin.py:188} INFO - [2026-01-29T06:01:15.951+0000] {dagbag.py:545} INFO - Filling up the DagBag from /home/airflow/.local/lib/python3.12/site-packages/airflow/example_dags/example_skip_dag.py
[2026-01-29T06:01:15.959+0000] {processor.py:840} INFO - DAG(s) 'example_skip_dag' retrieved from /home/airflow/.local/lib/python3.12/site-packages/airflow/example_dags/example_skip_dag.py
[2026-01-29T06:01:15.987+0000] {logging_mixin.py:188} INFO - [2026-01-29T06:01:15.987+0000] {dag.py:3089} INFO - Sync 1 DAGs
[2026-01-29T06:01:16.017+0000] {logging_mixin.py:188} INFO - [2026-01-29T06:01:16.017+0000] {dag.py:3947} INFO - Setting next_dagrun for example_skip_dag to 2026-01-28 00:00:00+00:00, run_after=2026-01-29 00:00:00+00:00
[2026-01-29T06:01:16.038+0000] {processor.py:183} INFO - Processing /home/airflow/.local/lib/python3.12/site-packages/airflow/example_dags/example_skip_dag.py took 0.096 seconds
[2026-01-29T06:01:46.248+0000] {processor.py:161} INFO - Started process (PID=106235) to work on /home/airflow/.local/lib/python3.12/site-packages/airflow/example_dags/example_skip_dag.py
[2026-01-29T06:01:46.250+0000] {processor.py:830} INFO - Processing file /home/airflow/.local/lib/python3.12/site-packages/airflow/example_dags/example_skip_dag.py for tasks to queue
[2026-01-29T06:01:46.252+0000] {logging_mixin.py:188} INFO - [2026-01-29T06:01:46.251+0000] {dagbag.py:545} INFO - Filling up the DagBag from /home/airflow/.local/lib/python3.12/site-packages/airflow/example_dags/example_skip_dag.py
[2026-01-29T06:01:46.258+0000] {processor.py:840} INFO - DAG(s) 'example_skip_dag' retrieved from /home/airflow/.local/lib/python3.12/site-packages/airflow/example_dags/example_skip_dag.py
[2026-01-29T06:01:46.281+0000] {logging_mixin.py:188} INFO - [2026-01-29T06:01:46.280+0000] {dag.py:3089} INFO - Sync 1 DAGs
[2026-01-29T06:01:46.304+0000] {logging_mixin.py:188} INFO - [2026-01-29T06:01:46.304+0000] {dag.py:3947} INFO - Setting next_dagrun for example_skip_dag to 2026-01-28 00:00:00+00:00, run_after=2026-01-29 00:00:00+00:00
[2026-01-29T06:01:46.329+0000] {processor.py:183} INFO - Processing /home/airflow/.local/lib/python3.12/site-packages/airflow/example_dags/example_skip_dag.py took 0.087 seconds
[2026-01-29T06:02:16.428+0000] {processor.py:161} INFO - Started process (PID=106299) to work on /home/airflow/.local/lib/python3.12/site-packages/airflow/example_dags/example_skip_dag.py
[2026-01-29T06:02:16.429+0000] {processor.py:830} INFO - Processing file /home/airflow/.local/lib/python3.12/site-packages/airflow/example_dags/example_skip_dag.py for tasks to queue
[2026-01-29T06:02:16.431+0000] {logging_mixin.py:188} INFO - [2026-01-29T06:02:16.431+0000] {dagbag.py:545} INFO - Filling up the DagBag from /home/airflow/.local/lib/python3.12/site-packages/airflow/example_dags/example_skip_dag.py
[2026-01-29T06:02:16.438+0000] {processor.py:840} INFO - DAG(s) 'example_skip_dag' retrieved from /home/airflow/.local/lib/python3.12/site-packages/airflow/example_dags/example_skip_dag.py
[2026-01-29T06:02:16.460+0000] {logging_mixin.py:188} INFO - [2026-01-29T06:02:16.460+0000] {dag.py:3089} INFO - Sync 1 DAGs
[2026-01-29T06:02:16.484+0000] {logging_mixin.py:188} INFO - [2026-01-29T06:02:16.484+0000] {dag.py:3947} INFO - Setting next_dagrun for example_skip_dag to 2026-01-28 00:00:00+00:00, run_after=2026-01-29 00:00:00+00:00
[2026-01-29T06:02:16.503+0000] {processor.py:183} INFO - Processing /home/airflow/.local/lib/python3.12/site-packages/airflow/example_dags/example_skip_dag.py took 0.081 seconds
[2026-01-29T06:02:46.647+0000] {processor.py:161} INFO - Started process (PID=106358) to work on /home/airflow/.local/lib/python3.12/site-packages/airflow/example_dags/example_skip_dag.py
[2026-01-29T06:02:46.648+0000] {processor.py:830} INFO - Processing file /home/airflow/.local/lib/python3.12/site-packages/airflow/example_dags/example_skip_dag.py for tasks to queue
[2026-01-29T06:02:46.650+0000] {logging_mixin.py:188} INFO - [2026-01-29T06:02:46.649+0000] {dagbag.py:545} INFO - Filling up the DagBag from /home/airflow/.local/lib/python3.12/site-packages/airflow/example_dags/example_skip_dag.py
[2026-01-29T06:02:46.658+0000] {processor.py:840} INFO - DAG(s) 'example_skip_dag' retrieved from /home/airflow/.local/lib/python3.12/site-packages/airflow/example_dags/example_skip_dag.py
[2026-01-29T06:02:46.681+0000] {logging_mixin.py:188} INFO - [2026-01-29T06:02:46.681+0000] {dag.py:3089} INFO - Sync 1 DAGs
[2026-01-29T06:02:46.705+0000] {logging_mixin.py:188} INFO - [2026-01-29T06:02:46.705+0000] {dag.py:3947} INFO - Setting next_dagrun for example_skip_dag to 2026-01-28 00:00:00+00:00, run_after=2026-01-29 00:00:00+00:00
[2026-01-29T06:02:46.725+0000] {processor.py:183} INFO - Processing /home/airflow/.local/lib/python3.12/site-packages/airflow/example_dags/example_skip_dag.py took 0.086 seconds
[2026-01-29T06:03:17.538+0000] {processor.py:161} INFO - Started process (PID=106422) to work on /home/airflow/.local/lib/python3.12/site-packages/airflow/example_dags/example_skip_dag.py
[2026-01-29T06:03:17.539+0000] {processor.py:830} INFO - Processing file /home/airflow/.local/lib/python3.12/site-packages/airflow/example_dags/example_skip_dag.py for tasks to queue
[2026-01-29T06:03:17.541+0000] {logging_mixin.py:188} INFO - [2026-01-29T06:03:17.541+0000] {dagbag.py:545} INFO - Filling up the DagBag from /home/airflow/.local/lib/python3.12/site-packages/airflow/example_dags/example_skip_dag.py
[2026-01-29T06:03:17.549+0000] {processor.py:840} INFO - DAG(s) 'example_skip_dag' retrieved from /home/airflow/.local/lib/python3.12/site-packages/airflow/example_dags/example_skip_dag.py
[2026-01-29T06:03:17.572+0000] {logging_mixin.py:188} INFO - [2026-01-29T06:03:17.572+0000] {dag.py:3089} INFO - Sync 1 DAGs
[2026-01-29T06:03:17.596+0000] {logging_mixin.py:188} INFO - [2026-01-29T06:03:17.596+0000] {dag.py:3947} INFO - Setting next_dagrun for example_skip_dag to 2026-01-28 00:00:00+00:00, run_after=2026-01-29 00:00:00+00:00
[2026-01-29T06:03:17.617+0000] {processor.py:183} INFO - Processing /home/airflow/.local/lib/python3.12/site-packages/airflow/example_dags/example_skip_dag.py took 0.087 seconds
[2026-01-29T06:03:48.167+0000] {processor.py:161} INFO - Started process (PID=106481) to work on /home/airflow/.local/lib/python3.12/site-packages/airflow/example_dags/example_skip_dag.py
[2026-01-29T06:03:48.173+0000] {processor.py:830} INFO - Processing file /home/airflow/.local/lib/python3.12/site-packages/airflow/example_dags/example_skip_dag.py for tasks to queue
[2026-01-29T06:03:48.175+0000] {logging_mixin.py:188} INFO - [2026-01-29T06:03:48.175+0000] {dagbag.py:545} INFO - Filling up the DagBag from /home/airflow/.local/lib/python3.12/site-packages/airflow/example_dags/example_skip_dag.py
[2026-01-29T06:03:48.182+0000] {processor.py:840} INFO - DAG(s) 'example_skip_dag' retrieved from /home/airflow/.local/lib/python3.12/site-packages/airflow/example_dags/example_skip_dag.py
[2026-01-29T06:03:48.204+0000] {logging_mixin.py:188} INFO - [2026-01-29T06:03:48.204+0000] {dag.py:3089} INFO - Sync 1 DAGs
[2026-01-29T06:03:48.227+0000] {logging_mixin.py:188} INFO - [2026-01-29T06:03:48.226+0000] {dag.py:3947} INFO - Setting next_dagrun for example_skip_dag to 2026-01-28 00:00:00+00:00, run_after=2026-01-29 00:00:00+00:00
[2026-01-29T06:03:48.247+0000] {processor.py:183} INFO - Processing /home/airflow/.local/lib/python3.12/site-packages/airflow/example_dags/example_skip_dag.py took 0.088 seconds
[2026-01-29T06:04:18.899+0000] {processor.py:161} INFO - Started process (PID=106545) to work on /home/airflow/.local/lib/python3.12/site-packages/airflow/example_dags/example_skip_dag.py
[2026-01-29T06:04:18.900+0000] {processor.py:830} INFO - Processing file /home/airflow/.local/lib/python3.12/site-packages/airflow/example_dags/example_skip_dag.py for tasks to queue
[2026-01-29T06:04:18.902+0000] {logging_mixin.py:188} INFO - [2026-01-29T06:04:18.902+0000] {dagbag.py:545} INFO - Filling up the DagBag from /home/airflow/.local/lib/python3.12/site-packages/airflow/example_dags/example_skip_dag.py
[2026-01-29T06:04:18.910+0000] {processor.py:840} INFO - DAG(s) 'example_skip_dag' retrieved from /home/airflow/.local/lib/python3.12/site-packages/airflow/example_dags/example_skip_dag.py
[2026-01-29T06:04:18.932+0000] {logging_mixin.py:188} INFO - [2026-01-29T06:04:18.932+0000] {dag.py:3089} INFO - Sync 1 DAGs
[2026-01-29T06:04:18.955+0000] {logging_mixin.py:188} INFO - [2026-01-29T06:04:18.955+0000] {dag.py:3947} INFO - Setting next_dagrun for example_skip_dag to 2026-01-28 00:00:00+00:00, run_after=2026-01-29 00:00:00+00:00
[2026-01-29T06:04:18.975+0000] {processor.py:183} INFO - Processing /home/airflow/.local/lib/python3.12/site-packages/airflow/example_dags/example_skip_dag.py took 0.084 seconds
[2026-01-29T06:04:49.489+0000] {processor.py:161} INFO - Started process (PID=106604) to work on /home/airflow/.local/lib/python3.12/site-packages/airflow/example_dags/example_skip_dag.py
[2026-01-29T06:04:49.490+0000] {processor.py:830} INFO - Processing file /home/airflow/.local/lib/python3.12/site-packages/airflow/example_dags/example_skip_dag.py for tasks to queue
[2026-01-29T06:04:49.492+0000] {logging_mixin.py:188} INFO - [2026-01-29T06:04:49.492+0000] {dagbag.py:545} INFO - Filling up the DagBag from /home/airflow/.local/lib/python3.12/site-packages/airflow/example_dags/example_skip_dag.py
[2026-01-29T06:04:49.500+0000] {processor.py:840} INFO - DAG(s) 'example_skip_dag' retrieved from /home/airflow/.local/lib/python3.12/site-packages/airflow/example_dags/example_skip_dag.py
[2026-01-29T06:04:49.525+0000] {logging_mixin.py:188} INFO - [2026-01-29T06:04:49.525+0000] {dag.py:3089} INFO - Sync 1 DAGs
[2026-01-29T06:04:49.551+0000] {logging_mixin.py:188} INFO - [2026-01-29T06:04:49.551+0000] {dag.py:3947} INFO - Setting next_dagrun for example_skip_dag to 2026-01-28 00:00:00+00:00, run_after=2026-01-29 00:00:00+00:00
[2026-01-29T06:04:49.572+0000] {processor.py:183} INFO - Processing /home/airflow/.local/lib/python3.12/site-packages/airflow/example_dags/example_skip_dag.py took 0.091 seconds
[2026-01-29T06:05:20.206+0000] {processor.py:161} INFO - Started process (PID=106668) to work on /home/airflow/.local/lib/python3.12/site-packages/airflow/example_dags/example_skip_dag.py
[2026-01-29T06:05:20.207+0000] {processor.py:830} INFO - Processing file /home/airflow/.local/lib/python3.12/site-packages/airflow/example_dags/example_skip_dag.py for tasks to queue
[2026-01-29T06:05:20.208+0000] {logging_mixin.py:188} INFO - [2026-01-29T06:05:20.208+0000] {dagbag.py:545} INFO - Filling up the DagBag from /home/airflow/.local/lib/python3.12/site-packages/airflow/example_dags/example_skip_dag.py
[2026-01-29T06:05:20.215+0000] {processor.py:840} INFO - DAG(s) 'example_skip_dag' retrieved from /home/airflow/.local/lib/python3.12/site-packages/airflow/example_dags/example_skip_dag.py
[2026-01-29T06:05:20.242+0000] {logging_mixin.py:188} INFO - [2026-01-29T06:05:20.242+0000] {dag.py:3089} INFO - Sync 1 DAGs
[2026-01-29T06:05:20.268+0000] {logging_mixin.py:188} INFO - [2026-01-29T06:05:20.268+0000] {dag.py:3947} INFO - Setting next_dagrun for example_skip_dag to 2026-01-28 00:00:00+00:00, run_after=2026-01-29 00:00:00+00:00
[2026-01-29T06:05:20.289+0000] {processor.py:183} INFO - Processing /home/airflow/.local/lib/python3.12/site-packages/airflow/example_dags/example_skip_dag.py took 0.090 seconds
[2026-01-29T06:05:50.845+0000] {processor.py:161} INFO - Started process (PID=106727) to work on /home/airflow/.local/lib/python3.12/site-packages/airflow/example_dags/example_skip_dag.py
[2026-01-29T06:05:50.846+0000] {processor.py:830} INFO - Processing file /home/airflow/.local/lib/python3.12/site-packages/airflow/example_dags/example_skip_dag.py for tasks to queue
[2026-01-29T06:05:50.848+0000] {logging_mixin.py:188} INFO - [2026-01-29T06:05:50.848+0000] {dagbag.py:545} INFO - Filling up the DagBag from /home/airflow/.local/lib/python3.12/site-packages/airflow/example_dags/example_skip_dag.py
[2026-01-29T06:05:50.856+0000] {processor.py:840} INFO - DAG(s) 'example_skip_dag' retrieved from /home/airflow/.local/lib/python3.12/site-packages/airflow/example_dags/example_skip_dag.py
[2026-01-29T06:05:50.879+0000] {logging_mixin.py:188} INFO - [2026-01-29T06:05:50.879+0000] {dag.py:3089} INFO - Sync 1 DAGs
[2026-01-29T06:05:50.902+0000] {logging_mixin.py:188} INFO - [2026-01-29T06:05:50.901+0000] {dag.py:3947} INFO - Setting next_dagrun for example_skip_dag to 2026-01-28 00:00:00+00:00, run_after=2026-01-29 00:00:00+00:00
[2026-01-29T06:05:50.922+0000] {processor.py:183} INFO - Processing /home/airflow/.local/lib/python3.12/site-packages/airflow/example_dags/example_skip_dag.py took 0.085 seconds
[2026-01-29T06:06:21.364+0000] {processor.py:161} INFO - Started process (PID=106791) to work on /home/airflow/.local/lib/python3.12/site-packages/airflow/example_dags/example_skip_dag.py
[2026-01-29T06:06:21.365+0000] {processor.py:830} INFO - Processing file /home/airflow/.local/lib/python3.12/site-packages/airflow/example_dags/example_skip_dag.py for tasks to queue
[2026-01-29T06:06:21.367+0000] {logging_mixin.py:188} INFO - [2026-01-29T06:06:21.367+0000] {dagbag.py:545} INFO - Filling up the DagBag from /home/airflow/.local/lib/python3.12/site-packages/airflow/example_dags/example_skip_dag.py
[2026-01-29T06:06:21.375+0000] {processor.py:840} INFO - DAG(s) 'example_skip_dag' retrieved from /home/airflow/.local/lib/python3.12/site-packages/airflow/example_dags/example_skip_dag.py
[2026-01-29T06:06:21.398+0000] {logging_mixin.py:188} INFO - [2026-01-29T06:06:21.398+0000] {dag.py:3089} INFO - Sync 1 DAGs
[2026-01-29T06:06:21.420+0000] {logging_mixin.py:188} INFO - [2026-01-29T06:06:21.420+0000] {dag.py:3947} INFO - Setting next_dagrun for example_skip_dag to 2026-01-28 00:00:00+00:00, run_after=2026-01-29 00:00:00+00:00
[2026-01-29T06:06:21.440+0000] {processor.py:183} INFO - Processing /home/airflow/.local/lib/python3.12/site-packages/airflow/example_dags/example_skip_dag.py took 0.084 seconds
[2026-01-29T06:06:52.140+0000] {processor.py:161} INFO - Started process (PID=106850) to work on /home/airflow/.local/lib/python3.12/site-packages/airflow/example_dags/example_skip_dag.py
[2026-01-29T06:06:52.142+0000] {processor.py:830} INFO - Processing file /home/airflow/.local/lib/python3.12/site-packages/airflow/example_dags/example_skip_dag.py for tasks to queue
[2026-01-29T06:06:52.144+0000] {logging_mixin.py:188} INFO - [2026-01-29T06:06:52.143+0000] {dagbag.py:545} INFO - Filling up the DagBag from /home/airflow/.local/lib/python3.12/site-packages/airflow/example_dags/example_skip_dag.py
[2026-01-29T06:06:52.151+0000] {processor.py:840} INFO - DAG(s) 'example_skip_dag' retrieved from /home/airflow/.local/lib/python3.12/site-packages/airflow/example_dags/example_skip_dag.py
[2026-01-29T06:06:52.176+0000] {logging_mixin.py:188} INFO - [2026-01-29T06:06:52.176+0000] {dag.py:3089} INFO - Sync 1 DAGs
[2026-01-29T06:06:52.201+0000] {logging_mixin.py:188} INFO - [2026-01-29T06:06:52.201+0000] {dag.py:3947} INFO - Setting next_dagrun for example_skip_dag to 2026-01-28 00:00:00+00:00, run_after=2026-01-29 00:00:00+00:00
[2026-01-29T06:06:52.222+0000] {processor.py:183} INFO - Processing /home/airflow/.local/lib/python3.12/site-packages/airflow/example_dags/example_skip_dag.py took 0.089 seconds
[2026-01-29T06:07:22.845+0000] {processor.py:161} INFO - Started process (PID=106914) to work on /home/airflow/.local/lib/python3.12/site-packages/airflow/example_dags/example_skip_dag.py
[2026-01-29T06:07:22.846+0000] {processor.py:830} INFO - Processing file /home/airflow/.local/lib/python3.12/site-packages/airflow/example_dags/example_skip_dag.py for tasks to queue
[2026-01-29T06:07:22.848+0000] {logging_mixin.py:188} INFO - [2026-01-29T06:07:22.847+0000] {dagbag.py:545} INFO - Filling up the DagBag from /home/airflow/.local/lib/python3.12/site-packages/airflow/example_dags/example_skip_dag.py
[2026-01-29T06:07:22.855+0000] {processor.py:840} INFO - DAG(s) 'example_skip_dag' retrieved from /home/airflow/.local/lib/python3.12/site-packages/airflow/example_dags/example_skip_dag.py
[2026-01-29T06:07:22.883+0000] {logging_mixin.py:188} INFO - [2026-01-29T06:07:22.882+0000] {dag.py:3089} INFO - Sync 1 DAGs
[2026-01-29T06:07:22.911+0000] {logging_mixin.py:188} INFO - [2026-01-29T06:07:22.911+0000] {dag.py:3947} INFO - Setting next_dagrun for example_skip_dag to 2026-01-28 00:00:00+00:00, run_after=2026-01-29 00:00:00+00:00
[2026-01-29T06:07:22.932+0000] {processor.py:183} INFO - Processing /home/airflow/.local/lib/python3.12/site-packages/airflow/example_dags/example_skip_dag.py took 0.096 seconds
[2026-01-29T06:07:53.588+0000] {processor.py:161} INFO - Started process (PID=106973) to work on /home/airflow/.local/lib/python3.12/site-packages/airflow/example_dags/example_skip_dag.py
[2026-01-29T06:07:53.589+0000] {processor.py:830} INFO - Processing file /home/airflow/.local/lib/python3.12/site-packages/airflow/example_dags/example_skip_dag.py for tasks to queue
[2026-01-29T06:07:53.591+0000] {logging_mixin.py:188} INFO - [2026-01-29T06:07:53.591+0000] {dagbag.py:545} INFO - Filling up the DagBag from /home/airflow/.local/lib/python3.12/site-packages/airflow/example_dags/example_skip_dag.py
[2026-01-29T06:07:53.599+0000] {processor.py:840} INFO - DAG(s) 'example_skip_dag' retrieved from /home/airflow/.local/lib/python3.12/site-packages/airflow/example_dags/example_skip_dag.py
[2026-01-29T06:07:53.623+0000] {logging_mixin.py:188} INFO - [2026-01-29T06:07:53.623+0000] {dag.py:3089} INFO - Sync 1 DAGs
[2026-01-29T06:07:53.646+0000] {logging_mixin.py:188} INFO - [2026-01-29T06:07:53.646+0000] {dag.py:3947} INFO - Setting next_dagrun for example_skip_dag to 2026-01-28 00:00:00+00:00, run_after=2026-01-29 00:00:00+00:00
[2026-01-29T06:07:53.667+0000] {processor.py:183} INFO - Processing /home/airflow/.local/lib/python3.12/site-packages/airflow/example_dags/example_skip_dag.py took 0.087 seconds
[2026-01-29T06:08:24.110+0000] {processor.py:161} INFO - Started process (PID=107037) to work on /home/airflow/.local/lib/python3.12/site-packages/airflow/example_dags/example_skip_dag.py
[2026-01-29T06:08:24.111+0000] {processor.py:830} INFO - Processing file /home/airflow/.local/lib/python3.12/site-packages/airflow/example_dags/example_skip_dag.py for tasks to queue
[2026-01-29T06:08:24.113+0000] {logging_mixin.py:188} INFO - [2026-01-29T06:08:24.112+0000] {dagbag.py:545} INFO - Filling up the DagBag from /home/airflow/.local/lib/python3.12/site-packages/airflow/example_dags/example_skip_dag.py
[2026-01-29T06:08:24.120+0000] {processor.py:840} INFO - DAG(s) 'example_skip_dag' retrieved from /home/airflow/.local/lib/python3.12/site-packages/airflow/example_dags/example_skip_dag.py
[2026-01-29T06:08:24.145+0000] {logging_mixin.py:188} INFO - [2026-01-29T06:08:24.144+0000] {dag.py:3089} INFO - Sync 1 DAGs
[2026-01-29T06:08:24.170+0000] {logging_mixin.py:188} INFO - [2026-01-29T06:08:24.170+0000] {dag.py:3947} INFO - Setting next_dagrun for example_skip_dag to 2026-01-28 00:00:00+00:00, run_after=2026-01-29 00:00:00+00:00
[2026-01-29T06:08:24.192+0000] {processor.py:183} INFO - Processing /home/airflow/.local/lib/python3.12/site-packages/airflow/example_dags/example_skip_dag.py took 0.089 seconds
[2026-01-29T06:08:54.801+0000] {processor.py:161} INFO - Started process (PID=107096) to work on /home/airflow/.local/lib/python3.12/site-packages/airflow/example_dags/example_skip_dag.py
[2026-01-29T06:08:54.802+0000] {processor.py:830} INFO - Processing file /home/airflow/.local/lib/python3.12/site-packages/airflow/example_dags/example_skip_dag.py for tasks to queue
[2026-01-29T06:08:54.804+0000] {logging_mixin.py:188} INFO - [2026-01-29T06:08:54.804+0000] {dagbag.py:545} INFO - Filling up the DagBag from /home/airflow/.local/lib/python3.12/site-packages/airflow/example_dags/example_skip_dag.py
[2026-01-29T06:08:54.811+0000] {processor.py:840} INFO - DAG(s) 'example_skip_dag' retrieved from /home/airflow/.local/lib/python3.12/site-packages/airflow/example_dags/example_skip_dag.py
[2026-01-29T06:08:54.841+0000] {logging_mixin.py:188} INFO - [2026-01-29T06:08:54.841+0000] {dag.py:3089} INFO - Sync 1 DAGs
[2026-01-29T06:08:54.872+0000] {logging_mixin.py:188} INFO - [2026-01-29T06:08:54.872+0000] {dag.py:3947} INFO - Setting next_dagrun for example_skip_dag to 2026-01-28 00:00:00+00:00, run_after=2026-01-29 00:00:00+00:00
[2026-01-29T06:08:54.894+0000] {processor.py:183} INFO - Processing /home/airflow/.local/lib/python3.12/site-packages/airflow/example_dags/example_skip_dag.py took 0.099 seconds
[2026-01-29T06:09:25.596+0000] {processor.py:161} INFO - Started process (PID=107160) to work on /home/airflow/.local/lib/python3.12/site-packages/airflow/example_dags/example_skip_dag.py
[2026-01-29T06:09:25.597+0000] {processor.py:830} INFO - Processing file /home/airflow/.local/lib/python3.12/site-packages/airflow/example_dags/example_skip_dag.py for tasks to queue
[2026-01-29T06:09:25.599+0000] {logging_mixin.py:188} INFO - [2026-01-29T06:09:25.599+0000] {dagbag.py:545} INFO - Filling up the DagBag from /home/airflow/.local/lib/python3.12/site-packages/airflow/example_dags/example_skip_dag.py
[2026-01-29T06:09:25.607+0000] {processor.py:840} INFO - DAG(s) 'example_skip_dag' retrieved from /home/airflow/.local/lib/python3.12/site-packages/airflow/example_dags/example_skip_dag.py
[2026-01-29T06:09:25.631+0000] {logging_mixin.py:188} INFO - [2026-01-29T06:09:25.630+0000] {dag.py:3089} INFO - Sync 1 DAGs
[2026-01-29T06:09:25.655+0000] {logging_mixin.py:188} INFO - [2026-01-29T06:09:25.655+0000] {dag.py:3947} INFO - Setting next_dagrun for example_skip_dag to 2026-01-28 00:00:00+00:00, run_after=2026-01-29 00:00:00+00:00
[2026-01-29T06:09:25.677+0000] {processor.py:183} INFO - Processing /home/airflow/.local/lib/python3.12/site-packages/airflow/example_dags/example_skip_dag.py took 0.088 seconds
[2026-01-29T06:09:56.200+0000] {processor.py:161} INFO - Started process (PID=107219) to work on /home/airflow/.local/lib/python3.12/site-packages/airflow/example_dags/example_skip_dag.py
[2026-01-29T06:09:56.203+0000] {processor.py:830} INFO - Processing file /home/airflow/.local/lib/python3.12/site-packages/airflow/example_dags/example_skip_dag.py for tasks to queue
[2026-01-29T06:09:56.205+0000] {logging_mixin.py:188} INFO - [2026-01-29T06:09:56.205+0000] {dagbag.py:545} INFO - Filling up the DagBag from /home/airflow/.local/lib/python3.12/site-packages/airflow/example_dags/example_skip_dag.py
[2026-01-29T06:09:56.212+0000] {processor.py:840} INFO - DAG(s) 'example_skip_dag' retrieved from /home/airflow/.local/lib/python3.12/site-packages/airflow/example_dags/example_skip_dag.py
[2026-01-29T06:09:56.234+0000] {logging_mixin.py:188} INFO - [2026-01-29T06:09:56.234+0000] {dag.py:3089} INFO - Sync 1 DAGs
[2026-01-29T06:09:56.260+0000] {logging_mixin.py:188} INFO - [2026-01-29T06:09:56.260+0000] {dag.py:3947} INFO - Setting next_dagrun for example_skip_dag to 2026-01-28 00:00:00+00:00, run_after=2026-01-29 00:00:00+00:00
[2026-01-29T06:09:56.282+0000] {processor.py:183} INFO - Processing /home/airflow/.local/lib/python3.12/site-packages/airflow/example_dags/example_skip_dag.py took 0.088 seconds
[2026-01-29T06:10:26.944+0000] {processor.py:161} INFO - Started process (PID=107283) to work on /home/airflow/.local/lib/python3.12/site-packages/airflow/example_dags/example_skip_dag.py
[2026-01-29T06:10:26.945+0000] {processor.py:830} INFO - Processing file /home/airflow/.local/lib/python3.12/site-packages/airflow/example_dags/example_skip_dag.py for tasks to queue
[2026-01-29T06:10:26.947+0000] {logging_mixin.py:188} INFO - [2026-01-29T06:10:26.947+0000] {dagbag.py:545} INFO - Filling up the DagBag from /home/airflow/.local/lib/python3.12/site-packages/airflow/example_dags/example_skip_dag.py
[2026-01-29T06:10:26.955+0000] {processor.py:840} INFO - DAG(s) 'example_skip_dag' retrieved from /home/airflow/.local/lib/python3.12/site-packages/airflow/example_dags/example_skip_dag.py
[2026-01-29T06:10:26.984+0000] {logging_mixin.py:188} INFO - [2026-01-29T06:10:26.984+0000] {dag.py:3089} INFO - Sync 1 DAGs
[2026-01-29T06:10:27.010+0000] {logging_mixin.py:188} INFO - [2026-01-29T06:10:27.010+0000] {dag.py:3947} INFO - Setting next_dagrun for example_skip_dag to 2026-01-28 00:00:00+00:00, run_after=2026-01-29 00:00:00+00:00
[2026-01-29T06:10:27.031+0000] {processor.py:183} INFO - Processing /home/airflow/.local/lib/python3.12/site-packages/airflow/example_dags/example_skip_dag.py took 0.094 seconds
[2026-01-29T06:10:57.509+0000] {processor.py:161} INFO - Started process (PID=107342) to work on /home/airflow/.local/lib/python3.12/site-packages/airflow/example_dags/example_skip_dag.py
[2026-01-29T06:10:57.510+0000] {processor.py:830} INFO - Processing file /home/airflow/.local/lib/python3.12/site-packages/airflow/example_dags/example_skip_dag.py for tasks to queue
[2026-01-29T06:10:57.512+0000] {logging_mixin.py:188} INFO - [2026-01-29T06:10:57.512+0000] {dagbag.py:545} INFO - Filling up the DagBag from /home/airflow/.local/lib/python3.12/site-packages/airflow/example_dags/example_skip_dag.py
[2026-01-29T06:10:57.520+0000] {processor.py:840} INFO - DAG(s) 'example_skip_dag' retrieved from /home/airflow/.local/lib/python3.12/site-packages/airflow/example_dags/example_skip_dag.py
[2026-01-29T06:10:57.544+0000] {logging_mixin.py:188} INFO - [2026-01-29T06:10:57.543+0000] {dag.py:3089} INFO - Sync 1 DAGs
[2026-01-29T06:10:57.570+0000] {logging_mixin.py:188} INFO - [2026-01-29T06:10:57.569+0000] {dag.py:3947} INFO - Setting next_dagrun for example_skip_dag to 2026-01-28 00:00:00+00:00, run_after=2026-01-29 00:00:00+00:00
[2026-01-29T06:10:57.593+0000] {processor.py:183} INFO - Processing /home/airflow/.local/lib/python3.12/site-packages/airflow/example_dags/example_skip_dag.py took 0.091 seconds
[2026-01-29T06:11:28.210+0000] {processor.py:161} INFO - Started process (PID=107406) to work on /home/airflow/.local/lib/python3.12/site-packages/airflow/example_dags/example_skip_dag.py
[2026-01-29T06:11:28.211+0000] {processor.py:830} INFO - Processing file /home/airflow/.local/lib/python3.12/site-packages/airflow/example_dags/example_skip_dag.py for tasks to queue
[2026-01-29T06:11:28.213+0000] {logging_mixin.py:188} INFO - [2026-01-29T06:11:28.212+0000] {dagbag.py:545} INFO - Filling up the DagBag from /home/airflow/.local/lib/python3.12/site-packages/airflow/example_dags/example_skip_dag.py
[2026-01-29T06:11:28.219+0000] {processor.py:840} INFO - DAG(s) 'example_skip_dag' retrieved from /home/airflow/.local/lib/python3.12/site-packages/airflow/example_dags/example_skip_dag.py
[2026-01-29T06:11:28.242+0000] {logging_mixin.py:188} INFO - [2026-01-29T06:11:28.242+0000] {dag.py:3089} INFO - Sync 1 DAGs
[2026-01-29T06:11:28.264+0000] {logging_mixin.py:188} INFO - [2026-01-29T06:11:28.264+0000] {dag.py:3947} INFO - Setting next_dagrun for example_skip_dag to 2026-01-28 00:00:00+00:00, run_after=2026-01-29 00:00:00+00:00
[2026-01-29T06:11:28.285+0000] {processor.py:183} INFO - Processing /home/airflow/.local/lib/python3.12/site-packages/airflow/example_dags/example_skip_dag.py took 0.081 seconds
[2026-01-29T06:11:58.807+0000] {processor.py:161} INFO - Started process (PID=107465) to work on /home/airflow/.local/lib/python3.12/site-packages/airflow/example_dags/example_skip_dag.py
[2026-01-29T06:11:58.808+0000] {processor.py:830} INFO - Processing file /home/airflow/.local/lib/python3.12/site-packages/airflow/example_dags/example_skip_dag.py for tasks to queue
[2026-01-29T06:11:58.810+0000] {logging_mixin.py:188} INFO - [2026-01-29T06:11:58.810+0000] {dagbag.py:545} INFO - Filling up the DagBag from /home/airflow/.local/lib/python3.12/site-packages/airflow/example_dags/example_skip_dag.py
[2026-01-29T06:11:58.818+0000] {processor.py:840} INFO - DAG(s) 'example_skip_dag' retrieved from /home/airflow/.local/lib/python3.12/site-packages/airflow/example_dags/example_skip_dag.py
[2026-01-29T06:11:58.843+0000] {logging_mixin.py:188} INFO - [2026-01-29T06:11:58.842+0000] {dag.py:3089} INFO - Sync 1 DAGs
[2026-01-29T06:11:58.865+0000] {logging_mixin.py:188} INFO - [2026-01-29T06:11:58.865+0000] {dag.py:3947} INFO - Setting next_dagrun for example_skip_dag to 2026-01-28 00:00:00+00:00, run_after=2026-01-29 00:00:00+00:00
[2026-01-29T06:11:58.885+0000] {processor.py:183} INFO - Processing /home/airflow/.local/lib/python3.12/site-packages/airflow/example_dags/example_skip_dag.py took 0.086 seconds
[2026-01-29T06:12:29.455+0000] {processor.py:161} INFO - Started process (PID=107535) to work on /home/airflow/.local/lib/python3.12/site-packages/airflow/example_dags/example_skip_dag.py
[2026-01-29T06:12:29.457+0000] {processor.py:830} INFO - Processing file /home/airflow/.local/lib/python3.12/site-packages/airflow/example_dags/example_skip_dag.py for tasks to queue
[2026-01-29T06:12:29.459+0000] {logging_mixin.py:188} INFO - [2026-01-29T06:12:29.458+0000] {dagbag.py:545} INFO - Filling up the DagBag from /home/airflow/.local/lib/python3.12/site-packages/airflow/example_dags/example_skip_dag.py
[2026-01-29T06:12:29.467+0000] {processor.py:840} INFO - DAG(s) 'example_skip_dag' retrieved from /home/airflow/.local/lib/python3.12/site-packages/airflow/example_dags/example_skip_dag.py
[2026-01-29T06:12:29.492+0000] {logging_mixin.py:188} INFO - [2026-01-29T06:12:29.492+0000] {dag.py:3089} INFO - Sync 1 DAGs
[2026-01-29T06:12:29.517+0000] {logging_mixin.py:188} INFO - [2026-01-29T06:12:29.517+0000] {dag.py:3947} INFO - Setting next_dagrun for example_skip_dag to 2026-01-28 00:00:00+00:00, run_after=2026-01-29 00:00:00+00:00
[2026-01-29T06:12:29.538+0000] {processor.py:183} INFO - Processing /home/airflow/.local/lib/python3.12/site-packages/airflow/example_dags/example_skip_dag.py took 0.091 seconds
[2026-01-29T06:13:00.389+0000] {processor.py:161} INFO - Started process (PID=107594) to work on /home/airflow/.local/lib/python3.12/site-packages/airflow/example_dags/example_skip_dag.py
[2026-01-29T06:13:00.390+0000] {processor.py:830} INFO - Processing file /home/airflow/.local/lib/python3.12/site-packages/airflow/example_dags/example_skip_dag.py for tasks to queue
[2026-01-29T06:13:00.393+0000] {logging_mixin.py:188} INFO - [2026-01-29T06:13:00.393+0000] {dagbag.py:545} INFO - Filling up the DagBag from /home/airflow/.local/lib/python3.12/site-packages/airflow/example_dags/example_skip_dag.py
[2026-01-29T06:13:00.405+0000] {processor.py:840} INFO - DAG(s) 'example_skip_dag' retrieved from /home/airflow/.local/lib/python3.12/site-packages/airflow/example_dags/example_skip_dag.py
[2026-01-29T06:13:00.431+0000] {logging_mixin.py:188} INFO - [2026-01-29T06:13:00.430+0000] {dag.py:3089} INFO - Sync 1 DAGs
[2026-01-29T06:13:00.456+0000] {logging_mixin.py:188} INFO - [2026-01-29T06:13:00.456+0000] {dag.py:3947} INFO - Setting next_dagrun for example_skip_dag to 2026-01-28 00:00:00+00:00, run_after=2026-01-29 00:00:00+00:00
[2026-01-29T06:13:00.477+0000] {processor.py:183} INFO - Processing /home/airflow/.local/lib/python3.12/site-packages/airflow/example_dags/example_skip_dag.py took 0.098 seconds
[2026-01-29T06:13:31.011+0000] {processor.py:161} INFO - Started process (PID=107658) to work on /home/airflow/.local/lib/python3.12/site-packages/airflow/example_dags/example_skip_dag.py
[2026-01-29T06:13:31.012+0000] {processor.py:830} INFO - Processing file /home/airflow/.local/lib/python3.12/site-packages/airflow/example_dags/example_skip_dag.py for tasks to queue
[2026-01-29T06:13:31.015+0000] {logging_mixin.py:188} INFO - [2026-01-29T06:13:31.014+0000] {dagbag.py:545} INFO - Filling up the DagBag from /home/airflow/.local/lib/python3.12/site-packages/airflow/example_dags/example_skip_dag.py
[2026-01-29T06:13:31.026+0000] {processor.py:840} INFO - DAG(s) 'example_skip_dag' retrieved from /home/airflow/.local/lib/python3.12/site-packages/airflow/example_dags/example_skip_dag.py
[2026-01-29T06:13:31.052+0000] {logging_mixin.py:188} INFO - [2026-01-29T06:13:31.052+0000] {dag.py:3089} INFO - Sync 1 DAGs
[2026-01-29T06:13:31.075+0000] {logging_mixin.py:188} INFO - [2026-01-29T06:13:31.075+0000] {dag.py:3947} INFO - Setting next_dagrun for example_skip_dag to 2026-01-28 00:00:00+00:00, run_after=2026-01-29 00:00:00+00:00
[2026-01-29T06:13:31.095+0000] {processor.py:183} INFO - Processing /home/airflow/.local/lib/python3.12/site-packages/airflow/example_dags/example_skip_dag.py took 0.092 seconds
[2026-01-29T06:14:01.621+0000] {processor.py:161} INFO - Started process (PID=107722) to work on /home/airflow/.local/lib/python3.12/site-packages/airflow/example_dags/example_skip_dag.py
[2026-01-29T06:14:01.622+0000] {processor.py:830} INFO - Processing file /home/airflow/.local/lib/python3.12/site-packages/airflow/example_dags/example_skip_dag.py for tasks to queue
[2026-01-29T06:14:01.625+0000] {logging_mixin.py:188} INFO - [2026-01-29T06:14:01.624+0000] {dagbag.py:545} INFO - Filling up the DagBag from /home/airflow/.local/lib/python3.12/site-packages/airflow/example_dags/example_skip_dag.py
[2026-01-29T06:14:01.635+0000] {processor.py:840} INFO - DAG(s) 'example_skip_dag' retrieved from /home/airflow/.local/lib/python3.12/site-packages/airflow/example_dags/example_skip_dag.py
[2026-01-29T06:14:01.664+0000] {logging_mixin.py:188} INFO - [2026-01-29T06:14:01.663+0000] {dag.py:3089} INFO - Sync 1 DAGs
[2026-01-29T06:14:01.691+0000] {logging_mixin.py:188} INFO - [2026-01-29T06:14:01.691+0000] {dag.py:3947} INFO - Setting next_dagrun for example_skip_dag to 2026-01-28 00:00:00+00:00, run_after=2026-01-29 00:00:00+00:00
[2026-01-29T06:14:01.717+0000] {processor.py:183} INFO - Processing /home/airflow/.local/lib/python3.12/site-packages/airflow/example_dags/example_skip_dag.py took 0.104 seconds
[2026-01-29T06:14:32.206+0000] {processor.py:161} INFO - Started process (PID=107781) to work on /home/airflow/.local/lib/python3.12/site-packages/airflow/example_dags/example_skip_dag.py
[2026-01-29T06:14:32.207+0000] {processor.py:830} INFO - Processing file /home/airflow/.local/lib/python3.12/site-packages/airflow/example_dags/example_skip_dag.py for tasks to queue
[2026-01-29T06:14:32.209+0000] {logging_mixin.py:188} INFO - [2026-01-29T06:14:32.209+0000] {dagbag.py:545} INFO - Filling up the DagBag from /home/airflow/.local/lib/python3.12/site-packages/airflow/example_dags/example_skip_dag.py
[2026-01-29T06:14:32.217+0000] {processor.py:840} INFO - DAG(s) 'example_skip_dag' retrieved from /home/airflow/.local/lib/python3.12/site-packages/airflow/example_dags/example_skip_dag.py
[2026-01-29T06:14:32.241+0000] {logging_mixin.py:188} INFO - [2026-01-29T06:14:32.241+0000] {dag.py:3089} INFO - Sync 1 DAGs
[2026-01-29T06:14:32.266+0000] {logging_mixin.py:188} INFO - [2026-01-29T06:14:32.266+0000] {dag.py:3947} INFO - Setting next_dagrun for example_skip_dag to 2026-01-28 00:00:00+00:00, run_after=2026-01-29 00:00:00+00:00
[2026-01-29T06:14:32.285+0000] {processor.py:183} INFO - Processing /home/airflow/.local/lib/python3.12/site-packages/airflow/example_dags/example_skip_dag.py took 0.087 seconds
[2026-01-29T06:15:02.889+0000] {processor.py:161} INFO - Started process (PID=107845) to work on /home/airflow/.local/lib/python3.12/site-packages/airflow/example_dags/example_skip_dag.py
[2026-01-29T06:15:02.891+0000] {processor.py:830} INFO - Processing file /home/airflow/.local/lib/python3.12/site-packages/airflow/example_dags/example_skip_dag.py for tasks to queue
[2026-01-29T06:15:02.892+0000] {logging_mixin.py:188} INFO - [2026-01-29T06:15:02.892+0000] {dagbag.py:545} INFO - Filling up the DagBag from /home/airflow/.local/lib/python3.12/site-packages/airflow/example_dags/example_skip_dag.py
[2026-01-29T06:15:02.899+0000] {processor.py:840} INFO - DAG(s) 'example_skip_dag' retrieved from /home/airflow/.local/lib/python3.12/site-packages/airflow/example_dags/example_skip_dag.py
[2026-01-29T06:15:02.928+0000] {logging_mixin.py:188} INFO - [2026-01-29T06:15:02.928+0000] {dag.py:3089} INFO - Sync 1 DAGs
[2026-01-29T06:15:02.956+0000] {logging_mixin.py:188} INFO - [2026-01-29T06:15:02.956+0000] {dag.py:3947} INFO - Setting next_dagrun for example_skip_dag to 2026-01-28 00:00:00+00:00, run_after=2026-01-29 00:00:00+00:00
[2026-01-29T06:15:02.976+0000] {processor.py:183} INFO - Processing /home/airflow/.local/lib/python3.12/site-packages/airflow/example_dags/example_skip_dag.py took 0.093 seconds
[2026-01-29T06:15:33.044+0000] {processor.py:161} INFO - Started process (PID=107904) to work on /home/airflow/.local/lib/python3.12/site-packages/airflow/example_dags/example_skip_dag.py
[2026-01-29T06:15:33.044+0000] {processor.py:830} INFO - Processing file /home/airflow/.local/lib/python3.12/site-packages/airflow/example_dags/example_skip_dag.py for tasks to queue
[2026-01-29T06:15:33.046+0000] {logging_mixin.py:188} INFO - [2026-01-29T06:15:33.046+0000] {dagbag.py:545} INFO - Filling up the DagBag from /home/airflow/.local/lib/python3.12/site-packages/airflow/example_dags/example_skip_dag.py
[2026-01-29T06:15:33.053+0000] {processor.py:840} INFO - DAG(s) 'example_skip_dag' retrieved from /home/airflow/.local/lib/python3.12/site-packages/airflow/example_dags/example_skip_dag.py
[2026-01-29T06:15:33.076+0000] {logging_mixin.py:188} INFO - [2026-01-29T06:15:33.076+0000] {dag.py:3089} INFO - Sync 1 DAGs
[2026-01-29T06:15:33.101+0000] {logging_mixin.py:188} INFO - [2026-01-29T06:15:33.100+0000] {dag.py:3947} INFO - Setting next_dagrun for example_skip_dag to 2026-01-28 00:00:00+00:00, run_after=2026-01-29 00:00:00+00:00
[2026-01-29T06:15:33.123+0000] {processor.py:183} INFO - Processing /home/airflow/.local/lib/python3.12/site-packages/airflow/example_dags/example_skip_dag.py took 0.085 seconds
[2026-01-29T06:16:03.250+0000] {processor.py:161} INFO - Started process (PID=107968) to work on /home/airflow/.local/lib/python3.12/site-packages/airflow/example_dags/example_skip_dag.py
[2026-01-29T06:16:03.251+0000] {processor.py:830} INFO - Processing file /home/airflow/.local/lib/python3.12/site-packages/airflow/example_dags/example_skip_dag.py for tasks to queue
[2026-01-29T06:16:03.253+0000] {logging_mixin.py:188} INFO - [2026-01-29T06:16:03.253+0000] {dagbag.py:545} INFO - Filling up the DagBag from /home/airflow/.local/lib/python3.12/site-packages/airflow/example_dags/example_skip_dag.py
[2026-01-29T06:16:03.260+0000] {processor.py:840} INFO - DAG(s) 'example_skip_dag' retrieved from /home/airflow/.local/lib/python3.12/site-packages/airflow/example_dags/example_skip_dag.py
[2026-01-29T06:16:03.283+0000] {logging_mixin.py:188} INFO - [2026-01-29T06:16:03.283+0000] {dag.py:3089} INFO - Sync 1 DAGs
[2026-01-29T06:16:03.316+0000] {logging_mixin.py:188} INFO - [2026-01-29T06:16:03.316+0000] {dag.py:3947} INFO - Setting next_dagrun for example_skip_dag to 2026-01-28 00:00:00+00:00, run_after=2026-01-29 00:00:00+00:00
[2026-01-29T06:16:03.340+0000] {processor.py:183} INFO - Processing /home/airflow/.local/lib/python3.12/site-packages/airflow/example_dags/example_skip_dag.py took 0.097 seconds
[2026-01-29T06:16:33.819+0000] {processor.py:161} INFO - Started process (PID=108027) to work on /home/airflow/.local/lib/python3.12/site-packages/airflow/example_dags/example_skip_dag.py
[2026-01-29T06:16:33.819+0000] {processor.py:830} INFO - Processing file /home/airflow/.local/lib/python3.12/site-packages/airflow/example_dags/example_skip_dag.py for tasks to queue
[2026-01-29T06:16:33.822+0000] {logging_mixin.py:188} INFO - [2026-01-29T06:16:33.821+0000] {dagbag.py:545} INFO - Filling up the DagBag from /home/airflow/.local/lib/python3.12/site-packages/airflow/example_dags/example_skip_dag.py
[2026-01-29T06:16:33.829+0000] {processor.py:840} INFO - DAG(s) 'example_skip_dag' retrieved from /home/airflow/.local/lib/python3.12/site-packages/airflow/example_dags/example_skip_dag.py
[2026-01-29T06:16:33.853+0000] {logging_mixin.py:188} INFO - [2026-01-29T06:16:33.852+0000] {dag.py:3089} INFO - Sync 1 DAGs
[2026-01-29T06:16:33.876+0000] {logging_mixin.py:188} INFO - [2026-01-29T06:16:33.875+0000] {dag.py:3947} INFO - Setting next_dagrun for example_skip_dag to 2026-01-28 00:00:00+00:00, run_after=2026-01-29 00:00:00+00:00
[2026-01-29T06:16:33.894+0000] {processor.py:183} INFO - Processing /home/airflow/.local/lib/python3.12/site-packages/airflow/example_dags/example_skip_dag.py took 0.084 seconds
[2026-01-29T06:17:04.529+0000] {processor.py:161} INFO - Started process (PID=108091) to work on /home/airflow/.local/lib/python3.12/site-packages/airflow/example_dags/example_skip_dag.py
[2026-01-29T06:17:04.530+0000] {processor.py:830} INFO - Processing file /home/airflow/.local/lib/python3.12/site-packages/airflow/example_dags/example_skip_dag.py for tasks to queue
[2026-01-29T06:17:04.532+0000] {logging_mixin.py:188} INFO - [2026-01-29T06:17:04.532+0000] {dagbag.py:545} INFO - Filling up the DagBag from /home/airflow/.local/lib/python3.12/site-packages/airflow/example_dags/example_skip_dag.py
[2026-01-29T06:17:04.539+0000] {processor.py:840} INFO - DAG(s) 'example_skip_dag' retrieved from /home/airflow/.local/lib/python3.12/site-packages/airflow/example_dags/example_skip_dag.py
[2026-01-29T06:17:04.565+0000] {logging_mixin.py:188} INFO - [2026-01-29T06:17:04.565+0000] {dag.py:3089} INFO - Sync 1 DAGs
[2026-01-29T06:17:04.592+0000] {logging_mixin.py:188} INFO - [2026-01-29T06:17:04.592+0000] {dag.py:3947} INFO - Setting next_dagrun for example_skip_dag to 2026-01-28 00:00:00+00:00, run_after=2026-01-29 00:00:00+00:00
[2026-01-29T06:17:04.614+0000] {processor.py:183} INFO - Processing /home/airflow/.local/lib/python3.12/site-packages/airflow/example_dags/example_skip_dag.py took 0.091 seconds
[2026-01-29T06:17:35.070+0000] {processor.py:161} INFO - Started process (PID=108150) to work on /home/airflow/.local/lib/python3.12/site-packages/airflow/example_dags/example_skip_dag.py
[2026-01-29T06:17:35.070+0000] {processor.py:830} INFO - Processing file /home/airflow/.local/lib/python3.12/site-packages/airflow/example_dags/example_skip_dag.py for tasks to queue
[2026-01-29T06:17:35.072+0000] {logging_mixin.py:188} INFO - [2026-01-29T06:17:35.072+0000] {dagbag.py:545} INFO - Filling up the DagBag from /home/airflow/.local/lib/python3.12/site-packages/airflow/example_dags/example_skip_dag.py
[2026-01-29T06:17:35.079+0000] {processor.py:840} INFO - DAG(s) 'example_skip_dag' retrieved from /home/airflow/.local/lib/python3.12/site-packages/airflow/example_dags/example_skip_dag.py
[2026-01-29T06:17:35.103+0000] {logging_mixin.py:188} INFO - [2026-01-29T06:17:35.102+0000] {dag.py:3089} INFO - Sync 1 DAGs
[2026-01-29T06:17:35.129+0000] {logging_mixin.py:188} INFO - [2026-01-29T06:17:35.129+0000] {dag.py:3947} INFO - Setting next_dagrun for example_skip_dag to 2026-01-28 00:00:00+00:00, run_after=2026-01-29 00:00:00+00:00
[2026-01-29T06:17:35.151+0000] {processor.py:183} INFO - Processing /home/airflow/.local/lib/python3.12/site-packages/airflow/example_dags/example_skip_dag.py took 0.088 seconds
[2026-01-29T06:18:05.724+0000] {processor.py:161} INFO - Started process (PID=108214) to work on /home/airflow/.local/lib/python3.12/site-packages/airflow/example_dags/example_skip_dag.py
[2026-01-29T06:18:05.725+0000] {processor.py:830} INFO - Processing file /home/airflow/.local/lib/python3.12/site-packages/airflow/example_dags/example_skip_dag.py for tasks to queue
[2026-01-29T06:18:05.727+0000] {logging_mixin.py:188} INFO - [2026-01-29T06:18:05.726+0000] {dagbag.py:545} INFO - Filling up the DagBag from /home/airflow/.local/lib/python3.12/site-packages/airflow/example_dags/example_skip_dag.py
[2026-01-29T06:18:05.735+0000] {processor.py:840} INFO - DAG(s) 'example_skip_dag' retrieved from /home/airflow/.local/lib/python3.12/site-packages/airflow/example_dags/example_skip_dag.py
[2026-01-29T06:18:05.758+0000] {logging_mixin.py:188} INFO - [2026-01-29T06:18:05.758+0000] {dag.py:3089} INFO - Sync 1 DAGs
[2026-01-29T06:18:05.781+0000] {logging_mixin.py:188} INFO - [2026-01-29T06:18:05.781+0000] {dag.py:3947} INFO - Setting next_dagrun for example_skip_dag to 2026-01-28 00:00:00+00:00, run_after=2026-01-29 00:00:00+00:00
[2026-01-29T06:18:05.801+0000] {processor.py:183} INFO - Processing /home/airflow/.local/lib/python3.12/site-packages/airflow/example_dags/example_skip_dag.py took 0.086 seconds
[2026-01-29T06:18:36.295+0000] {processor.py:161} INFO - Started process (PID=108273) to work on /home/airflow/.local/lib/python3.12/site-packages/airflow/example_dags/example_skip_dag.py
[2026-01-29T06:18:36.295+0000] {processor.py:830} INFO - Processing file /home/airflow/.local/lib/python3.12/site-packages/airflow/example_dags/example_skip_dag.py for tasks to queue
[2026-01-29T06:18:36.298+0000] {logging_mixin.py:188} INFO - [2026-01-29T06:18:36.297+0000] {dagbag.py:545} INFO - Filling up the DagBag from /home/airflow/.local/lib/python3.12/site-packages/airflow/example_dags/example_skip_dag.py
[2026-01-29T06:18:36.305+0000] {processor.py:840} INFO - DAG(s) 'example_skip_dag' retrieved from /home/airflow/.local/lib/python3.12/site-packages/airflow/example_dags/example_skip_dag.py
[2026-01-29T06:18:36.329+0000] {logging_mixin.py:188} INFO - [2026-01-29T06:18:36.329+0000] {dag.py:3089} INFO - Sync 1 DAGs
[2026-01-29T06:18:36.352+0000] {logging_mixin.py:188} INFO - [2026-01-29T06:18:36.352+0000] {dag.py:3947} INFO - Setting next_dagrun for example_skip_dag to 2026-01-28 00:00:00+00:00, run_after=2026-01-29 00:00:00+00:00
[2026-01-29T06:18:36.373+0000] {processor.py:183} INFO - Processing /home/airflow/.local/lib/python3.12/site-packages/airflow/example_dags/example_skip_dag.py took 0.086 seconds
[2026-01-29T06:19:06.668+0000] {processor.py:161} INFO - Started process (PID=108337) to work on /home/airflow/.local/lib/python3.12/site-packages/airflow/example_dags/example_skip_dag.py
[2026-01-29T06:19:06.669+0000] {processor.py:830} INFO - Processing file /home/airflow/.local/lib/python3.12/site-packages/airflow/example_dags/example_skip_dag.py for tasks to queue
[2026-01-29T06:19:06.671+0000] {logging_mixin.py:188} INFO - [2026-01-29T06:19:06.671+0000] {dagbag.py:545} INFO - Filling up the DagBag from /home/airflow/.local/lib/python3.12/site-packages/airflow/example_dags/example_skip_dag.py
[2026-01-29T06:19:06.679+0000] {processor.py:840} INFO - DAG(s) 'example_skip_dag' retrieved from /home/airflow/.local/lib/python3.12/site-packages/airflow/example_dags/example_skip_dag.py
[2026-01-29T06:19:06.704+0000] {logging_mixin.py:188} INFO - [2026-01-29T06:19:06.704+0000] {dag.py:3089} INFO - Sync 1 DAGs
[2026-01-29T06:19:06.735+0000] {logging_mixin.py:188} INFO - [2026-01-29T06:19:06.734+0000] {dag.py:3947} INFO - Setting next_dagrun for example_skip_dag to 2026-01-28 00:00:00+00:00, run_after=2026-01-29 00:00:00+00:00
[2026-01-29T06:19:06.760+0000] {processor.py:183} INFO - Processing /home/airflow/.local/lib/python3.12/site-packages/airflow/example_dags/example_skip_dag.py took 0.100 seconds
[2026-01-29T06:19:36.792+0000] {processor.py:161} INFO - Started process (PID=108396) to work on /home/airflow/.local/lib/python3.12/site-packages/airflow/example_dags/example_skip_dag.py
[2026-01-29T06:19:36.793+0000] {processor.py:830} INFO - Processing file /home/airflow/.local/lib/python3.12/site-packages/airflow/example_dags/example_skip_dag.py for tasks to queue
[2026-01-29T06:19:36.795+0000] {logging_mixin.py:188} INFO - [2026-01-29T06:19:36.794+0000] {dagbag.py:545} INFO - Filling up the DagBag from /home/airflow/.local/lib/python3.12/site-packages/airflow/example_dags/example_skip_dag.py
[2026-01-29T06:19:36.802+0000] {processor.py:840} INFO - DAG(s) 'example_skip_dag' retrieved from /home/airflow/.local/lib/python3.12/site-packages/airflow/example_dags/example_skip_dag.py
[2026-01-29T06:19:36.827+0000] {logging_mixin.py:188} INFO - [2026-01-29T06:19:36.827+0000] {dag.py:3089} INFO - Sync 1 DAGs
[2026-01-29T06:19:36.854+0000] {logging_mixin.py:188} INFO - [2026-01-29T06:19:36.854+0000] {dag.py:3947} INFO - Setting next_dagrun for example_skip_dag to 2026-01-28 00:00:00+00:00, run_after=2026-01-29 00:00:00+00:00
[2026-01-29T06:19:36.878+0000] {processor.py:183} INFO - Processing /home/airflow/.local/lib/python3.12/site-packages/airflow/example_dags/example_skip_dag.py took 0.093 seconds
[2026-01-29T06:20:07.148+0000] {processor.py:161} INFO - Started process (PID=108460) to work on /home/airflow/.local/lib/python3.12/site-packages/airflow/example_dags/example_skip_dag.py
[2026-01-29T06:20:07.149+0000] {processor.py:830} INFO - Processing file /home/airflow/.local/lib/python3.12/site-packages/airflow/example_dags/example_skip_dag.py for tasks to queue
[2026-01-29T06:20:07.151+0000] {logging_mixin.py:188} INFO - [2026-01-29T06:20:07.151+0000] {dagbag.py:545} INFO - Filling up the DagBag from /home/airflow/.local/lib/python3.12/site-packages/airflow/example_dags/example_skip_dag.py
[2026-01-29T06:20:07.159+0000] {processor.py:840} INFO - DAG(s) 'example_skip_dag' retrieved from /home/airflow/.local/lib/python3.12/site-packages/airflow/example_dags/example_skip_dag.py
[2026-01-29T06:20:07.184+0000] {logging_mixin.py:188} INFO - [2026-01-29T06:20:07.184+0000] {dag.py:3089} INFO - Sync 1 DAGs
[2026-01-29T06:20:07.211+0000] {logging_mixin.py:188} INFO - [2026-01-29T06:20:07.210+0000] {dag.py:3947} INFO - Setting next_dagrun for example_skip_dag to 2026-01-28 00:00:00+00:00, run_after=2026-01-29 00:00:00+00:00
[2026-01-29T06:20:07.233+0000] {processor.py:183} INFO - Processing /home/airflow/.local/lib/python3.12/site-packages/airflow/example_dags/example_skip_dag.py took 0.093 seconds
[2026-01-29T06:20:37.548+0000] {processor.py:161} INFO - Started process (PID=108519) to work on /home/airflow/.local/lib/python3.12/site-packages/airflow/example_dags/example_skip_dag.py
[2026-01-29T06:20:37.549+0000] {processor.py:830} INFO - Processing file /home/airflow/.local/lib/python3.12/site-packages/airflow/example_dags/example_skip_dag.py for tasks to queue
[2026-01-29T06:20:37.551+0000] {logging_mixin.py:188} INFO - [2026-01-29T06:20:37.551+0000] {dagbag.py:545} INFO - Filling up the DagBag from /home/airflow/.local/lib/python3.12/site-packages/airflow/example_dags/example_skip_dag.py
[2026-01-29T06:20:37.558+0000] {processor.py:840} INFO - DAG(s) 'example_skip_dag' retrieved from /home/airflow/.local/lib/python3.12/site-packages/airflow/example_dags/example_skip_dag.py
[2026-01-29T06:20:37.583+0000] {logging_mixin.py:188} INFO - [2026-01-29T06:20:37.582+0000] {dag.py:3089} INFO - Sync 1 DAGs
[2026-01-29T06:20:37.608+0000] {logging_mixin.py:188} INFO - [2026-01-29T06:20:37.608+0000] {dag.py:3947} INFO - Setting next_dagrun for example_skip_dag to 2026-01-28 00:00:00+00:00, run_after=2026-01-29 00:00:00+00:00
[2026-01-29T06:20:37.628+0000] {processor.py:183} INFO - Processing /home/airflow/.local/lib/python3.12/site-packages/airflow/example_dags/example_skip_dag.py took 0.088 seconds
[2026-01-29T06:21:07.844+0000] {processor.py:161} INFO - Started process (PID=108583) to work on /home/airflow/.local/lib/python3.12/site-packages/airflow/example_dags/example_skip_dag.py
[2026-01-29T06:21:07.846+0000] {processor.py:830} INFO - Processing file /home/airflow/.local/lib/python3.12/site-packages/airflow/example_dags/example_skip_dag.py for tasks to queue
[2026-01-29T06:21:07.848+0000] {logging_mixin.py:188} INFO - [2026-01-29T06:21:07.847+0000] {dagbag.py:545} INFO - Filling up the DagBag from /home/airflow/.local/lib/python3.12/site-packages/airflow/example_dags/example_skip_dag.py
[2026-01-29T06:21:07.855+0000] {processor.py:840} INFO - DAG(s) 'example_skip_dag' retrieved from /home/airflow/.local/lib/python3.12/site-packages/airflow/example_dags/example_skip_dag.py
[2026-01-29T06:21:07.879+0000] {logging_mixin.py:188} INFO - [2026-01-29T06:21:07.878+0000] {dag.py:3089} INFO - Sync 1 DAGs
[2026-01-29T06:21:07.902+0000] {logging_mixin.py:188} INFO - [2026-01-29T06:21:07.902+0000] {dag.py:3947} INFO - Setting next_dagrun for example_skip_dag to 2026-01-28 00:00:00+00:00, run_after=2026-01-29 00:00:00+00:00
[2026-01-29T06:21:07.921+0000] {processor.py:183} INFO - Processing /home/airflow/.local/lib/python3.12/site-packages/airflow/example_dags/example_skip_dag.py took 0.085 seconds
[2026-01-29T06:21:38.084+0000] {processor.py:161} INFO - Started process (PID=108642) to work on /home/airflow/.local/lib/python3.12/site-packages/airflow/example_dags/example_skip_dag.py
[2026-01-29T06:21:38.085+0000] {processor.py:830} INFO - Processing file /home/airflow/.local/lib/python3.12/site-packages/airflow/example_dags/example_skip_dag.py for tasks to queue
[2026-01-29T06:21:38.087+0000] {logging_mixin.py:188} INFO - [2026-01-29T06:21:38.087+0000] {dagbag.py:545} INFO - Filling up the DagBag from /home/airflow/.local/lib/python3.12/site-packages/airflow/example_dags/example_skip_dag.py
[2026-01-29T06:21:38.095+0000] {processor.py:840} INFO - DAG(s) 'example_skip_dag' retrieved from /home/airflow/.local/lib/python3.12/site-packages/airflow/example_dags/example_skip_dag.py
[2026-01-29T06:21:38.119+0000] {logging_mixin.py:188} INFO - [2026-01-29T06:21:38.118+0000] {dag.py:3089} INFO - Sync 1 DAGs
[2026-01-29T06:21:38.142+0000] {logging_mixin.py:188} INFO - [2026-01-29T06:21:38.142+0000] {dag.py:3947} INFO - Setting next_dagrun for example_skip_dag to 2026-01-28 00:00:00+00:00, run_after=2026-01-29 00:00:00+00:00
[2026-01-29T06:21:38.161+0000] {processor.py:183} INFO - Processing /home/airflow/.local/lib/python3.12/site-packages/airflow/example_dags/example_skip_dag.py took 0.085 seconds
[2026-01-29T06:22:08.284+0000] {processor.py:161} INFO - Started process (PID=108706) to work on /home/airflow/.local/lib/python3.12/site-packages/airflow/example_dags/example_skip_dag.py
[2026-01-29T06:22:08.285+0000] {processor.py:830} INFO - Processing file /home/airflow/.local/lib/python3.12/site-packages/airflow/example_dags/example_skip_dag.py for tasks to queue
[2026-01-29T06:22:08.287+0000] {logging_mixin.py:188} INFO - [2026-01-29T06:22:08.287+0000] {dagbag.py:545} INFO - Filling up the DagBag from /home/airflow/.local/lib/python3.12/site-packages/airflow/example_dags/example_skip_dag.py
[2026-01-29T06:22:08.294+0000] {processor.py:840} INFO - DAG(s) 'example_skip_dag' retrieved from /home/airflow/.local/lib/python3.12/site-packages/airflow/example_dags/example_skip_dag.py
[2026-01-29T06:22:08.316+0000] {logging_mixin.py:188} INFO - [2026-01-29T06:22:08.316+0000] {dag.py:3089} INFO - Sync 1 DAGs
[2026-01-29T06:22:08.339+0000] {logging_mixin.py:188} INFO - [2026-01-29T06:22:08.339+0000] {dag.py:3947} INFO - Setting next_dagrun for example_skip_dag to 2026-01-28 00:00:00+00:00, run_after=2026-01-29 00:00:00+00:00
[2026-01-29T06:22:08.360+0000] {processor.py:183} INFO - Processing /home/airflow/.local/lib/python3.12/site-packages/airflow/example_dags/example_skip_dag.py took 0.082 seconds
[2026-01-29T06:22:38.479+0000] {processor.py:161} INFO - Started process (PID=108765) to work on /home/airflow/.local/lib/python3.12/site-packages/airflow/example_dags/example_skip_dag.py
[2026-01-29T06:22:38.480+0000] {processor.py:830} INFO - Processing file /home/airflow/.local/lib/python3.12/site-packages/airflow/example_dags/example_skip_dag.py for tasks to queue
[2026-01-29T06:22:38.482+0000] {logging_mixin.py:188} INFO - [2026-01-29T06:22:38.481+0000] {dagbag.py:545} INFO - Filling up the DagBag from /home/airflow/.local/lib/python3.12/site-packages/airflow/example_dags/example_skip_dag.py
[2026-01-29T06:22:38.489+0000] {processor.py:840} INFO - DAG(s) 'example_skip_dag' retrieved from /home/airflow/.local/lib/python3.12/site-packages/airflow/example_dags/example_skip_dag.py
[2026-01-29T06:22:38.513+0000] {logging_mixin.py:188} INFO - [2026-01-29T06:22:38.512+0000] {dag.py:3089} INFO - Sync 1 DAGs
[2026-01-29T06:22:38.536+0000] {logging_mixin.py:188} INFO - [2026-01-29T06:22:38.536+0000] {dag.py:3947} INFO - Setting next_dagrun for example_skip_dag to 2026-01-28 00:00:00+00:00, run_after=2026-01-29 00:00:00+00:00
[2026-01-29T06:22:38.556+0000] {processor.py:183} INFO - Processing /home/airflow/.local/lib/python3.12/site-packages/airflow/example_dags/example_skip_dag.py took 0.085 seconds
[2026-01-29T06:23:09.341+0000] {processor.py:161} INFO - Started process (PID=108829) to work on /home/airflow/.local/lib/python3.12/site-packages/airflow/example_dags/example_skip_dag.py
[2026-01-29T06:23:09.342+0000] {processor.py:830} INFO - Processing file /home/airflow/.local/lib/python3.12/site-packages/airflow/example_dags/example_skip_dag.py for tasks to queue
[2026-01-29T06:23:09.344+0000] {logging_mixin.py:188} INFO - [2026-01-29T06:23:09.343+0000] {dagbag.py:545} INFO - Filling up the DagBag from /home/airflow/.local/lib/python3.12/site-packages/airflow/example_dags/example_skip_dag.py
[2026-01-29T06:23:09.352+0000] {processor.py:840} INFO - DAG(s) 'example_skip_dag' retrieved from /home/airflow/.local/lib/python3.12/site-packages/airflow/example_dags/example_skip_dag.py
[2026-01-29T06:23:09.376+0000] {logging_mixin.py:188} INFO - [2026-01-29T06:23:09.376+0000] {dag.py:3089} INFO - Sync 1 DAGs
[2026-01-29T06:23:09.401+0000] {logging_mixin.py:188} INFO - [2026-01-29T06:23:09.401+0000] {dag.py:3947} INFO - Setting next_dagrun for example_skip_dag to 2026-01-28 00:00:00+00:00, run_after=2026-01-29 00:00:00+00:00
[2026-01-29T06:23:09.422+0000] {processor.py:183} INFO - Processing /home/airflow/.local/lib/python3.12/site-packages/airflow/example_dags/example_skip_dag.py took 0.089 seconds
[2026-01-29T06:23:39.521+0000] {processor.py:161} INFO - Started process (PID=108888) to work on /home/airflow/.local/lib/python3.12/site-packages/airflow/example_dags/example_skip_dag.py
[2026-01-29T06:23:39.522+0000] {processor.py:830} INFO - Processing file /home/airflow/.local/lib/python3.12/site-packages/airflow/example_dags/example_skip_dag.py for tasks to queue
[2026-01-29T06:23:39.524+0000] {logging_mixin.py:188} INFO - [2026-01-29T06:23:39.523+0000] {dagbag.py:545} INFO - Filling up the DagBag from /home/airflow/.local/lib/python3.12/site-packages/airflow/example_dags/example_skip_dag.py
[2026-01-29T06:23:39.532+0000] {processor.py:840} INFO - DAG(s) 'example_skip_dag' retrieved from /home/airflow/.local/lib/python3.12/site-packages/airflow/example_dags/example_skip_dag.py
[2026-01-29T06:23:39.556+0000] {logging_mixin.py:188} INFO - [2026-01-29T06:23:39.555+0000] {dag.py:3089} INFO - Sync 1 DAGs
[2026-01-29T06:23:39.580+0000] {logging_mixin.py:188} INFO - [2026-01-29T06:23:39.580+0000] {dag.py:3947} INFO - Setting next_dagrun for example_skip_dag to 2026-01-28 00:00:00+00:00, run_after=2026-01-29 00:00:00+00:00
[2026-01-29T06:23:39.602+0000] {processor.py:183} INFO - Processing /home/airflow/.local/lib/python3.12/site-packages/airflow/example_dags/example_skip_dag.py took 0.090 seconds
[2026-01-29T06:24:09.888+0000] {processor.py:161} INFO - Started process (PID=108952) to work on /home/airflow/.local/lib/python3.12/site-packages/airflow/example_dags/example_skip_dag.py
[2026-01-29T06:24:09.889+0000] {processor.py:830} INFO - Processing file /home/airflow/.local/lib/python3.12/site-packages/airflow/example_dags/example_skip_dag.py for tasks to queue
[2026-01-29T06:24:09.890+0000] {logging_mixin.py:188} INFO - [2026-01-29T06:24:09.890+0000] {dagbag.py:545} INFO - Filling up the DagBag from /home/airflow/.local/lib/python3.12/site-packages/airflow/example_dags/example_skip_dag.py
[2026-01-29T06:24:09.897+0000] {processor.py:840} INFO - DAG(s) 'example_skip_dag' retrieved from /home/airflow/.local/lib/python3.12/site-packages/airflow/example_dags/example_skip_dag.py
[2026-01-29T06:24:09.923+0000] {logging_mixin.py:188} INFO - [2026-01-29T06:24:09.923+0000] {dag.py:3089} INFO - Sync 1 DAGs
[2026-01-29T06:24:09.953+0000] {logging_mixin.py:188} INFO - [2026-01-29T06:24:09.953+0000] {dag.py:3947} INFO - Setting next_dagrun for example_skip_dag to 2026-01-28 00:00:00+00:00, run_after=2026-01-29 00:00:00+00:00
[2026-01-29T06:24:09.973+0000] {processor.py:183} INFO - Processing /home/airflow/.local/lib/python3.12/site-packages/airflow/example_dags/example_skip_dag.py took 0.091 seconds
[2026-01-29T06:24:40.111+0000] {processor.py:161} INFO - Started process (PID=109011) to work on /home/airflow/.local/lib/python3.12/site-packages/airflow/example_dags/example_skip_dag.py
[2026-01-29T06:24:40.122+0000] {processor.py:830} INFO - Processing file /home/airflow/.local/lib/python3.12/site-packages/airflow/example_dags/example_skip_dag.py for tasks to queue
[2026-01-29T06:24:40.124+0000] {logging_mixin.py:188} INFO - [2026-01-29T06:24:40.124+0000] {dagbag.py:545} INFO - Filling up the DagBag from /home/airflow/.local/lib/python3.12/site-packages/airflow/example_dags/example_skip_dag.py
[2026-01-29T06:24:40.132+0000] {processor.py:840} INFO - DAG(s) 'example_skip_dag' retrieved from /home/airflow/.local/lib/python3.12/site-packages/airflow/example_dags/example_skip_dag.py
[2026-01-29T06:24:40.158+0000] {logging_mixin.py:188} INFO - [2026-01-29T06:24:40.158+0000] {dag.py:3089} INFO - Sync 1 DAGs
[2026-01-29T06:24:40.185+0000] {logging_mixin.py:188} INFO - [2026-01-29T06:24:40.184+0000] {dag.py:3947} INFO - Setting next_dagrun for example_skip_dag to 2026-01-28 00:00:00+00:00, run_after=2026-01-29 00:00:00+00:00
[2026-01-29T06:24:40.207+0000] {processor.py:183} INFO - Processing /home/airflow/.local/lib/python3.12/site-packages/airflow/example_dags/example_skip_dag.py took 0.104 seconds
[2026-01-29T06:25:10.806+0000] {processor.py:161} INFO - Started process (PID=109075) to work on /home/airflow/.local/lib/python3.12/site-packages/airflow/example_dags/example_skip_dag.py
[2026-01-29T06:25:10.807+0000] {processor.py:830} INFO - Processing file /home/airflow/.local/lib/python3.12/site-packages/airflow/example_dags/example_skip_dag.py for tasks to queue
[2026-01-29T06:25:10.809+0000] {logging_mixin.py:188} INFO - [2026-01-29T06:25:10.809+0000] {dagbag.py:545} INFO - Filling up the DagBag from /home/airflow/.local/lib/python3.12/site-packages/airflow/example_dags/example_skip_dag.py
[2026-01-29T06:25:10.817+0000] {processor.py:840} INFO - DAG(s) 'example_skip_dag' retrieved from /home/airflow/.local/lib/python3.12/site-packages/airflow/example_dags/example_skip_dag.py
[2026-01-29T06:25:10.841+0000] {logging_mixin.py:188} INFO - [2026-01-29T06:25:10.841+0000] {dag.py:3089} INFO - Sync 1 DAGs
[2026-01-29T06:25:10.867+0000] {logging_mixin.py:188} INFO - [2026-01-29T06:25:10.866+0000] {dag.py:3947} INFO - Setting next_dagrun for example_skip_dag to 2026-01-28 00:00:00+00:00, run_after=2026-01-29 00:00:00+00:00
[2026-01-29T06:25:10.889+0000] {processor.py:183} INFO - Processing /home/airflow/.local/lib/python3.12/site-packages/airflow/example_dags/example_skip_dag.py took 0.091 seconds
