[2026-01-29T00:00:21.405+0000] {processor.py:161} INFO - Started process (PID=62407) to work on /home/airflow/.local/lib/python3.12/site-packages/airflow/example_dags/tutorial_objectstorage.py
[2026-01-29T00:00:21.405+0000] {processor.py:830} INFO - Processing file /home/airflow/.local/lib/python3.12/site-packages/airflow/example_dags/tutorial_objectstorage.py for tasks to queue
[2026-01-29T00:00:21.407+0000] {logging_mixin.py:188} INFO - [2026-01-29T00:00:21.407+0000] {dagbag.py:545} INFO - Filling up the DagBag from /home/airflow/.local/lib/python3.12/site-packages/airflow/example_dags/tutorial_objectstorage.py
[2026-01-29T00:00:21.415+0000] {processor.py:840} INFO - DAG(s) 'tutorial_objectstorage' retrieved from /home/airflow/.local/lib/python3.12/site-packages/airflow/example_dags/tutorial_objectstorage.py
[2026-01-29T00:00:21.441+0000] {logging_mixin.py:188} INFO - [2026-01-29T00:00:21.440+0000] {dag.py:3089} INFO - Sync 1 DAGs
[2026-01-29T00:00:21.462+0000] {logging_mixin.py:188} INFO - [2026-01-29T00:00:21.461+0000] {dag.py:3947} INFO - Setting next_dagrun for tutorial_objectstorage to None, run_after=None
[2026-01-29T00:00:21.484+0000] {processor.py:183} INFO - Processing /home/airflow/.local/lib/python3.12/site-packages/airflow/example_dags/tutorial_objectstorage.py took 0.087 seconds
[2026-01-29T00:00:51.556+0000] {processor.py:161} INFO - Started process (PID=62470) to work on /home/airflow/.local/lib/python3.12/site-packages/airflow/example_dags/tutorial_objectstorage.py
[2026-01-29T00:00:51.557+0000] {processor.py:830} INFO - Processing file /home/airflow/.local/lib/python3.12/site-packages/airflow/example_dags/tutorial_objectstorage.py for tasks to queue
[2026-01-29T00:00:51.559+0000] {logging_mixin.py:188} INFO - [2026-01-29T00:00:51.559+0000] {dagbag.py:545} INFO - Filling up the DagBag from /home/airflow/.local/lib/python3.12/site-packages/airflow/example_dags/tutorial_objectstorage.py
[2026-01-29T00:00:51.567+0000] {processor.py:840} INFO - DAG(s) 'tutorial_objectstorage' retrieved from /home/airflow/.local/lib/python3.12/site-packages/airflow/example_dags/tutorial_objectstorage.py
[2026-01-29T00:00:51.587+0000] {logging_mixin.py:188} INFO - [2026-01-29T00:00:51.587+0000] {dag.py:3089} INFO - Sync 1 DAGs
[2026-01-29T00:00:51.601+0000] {logging_mixin.py:188} INFO - [2026-01-29T00:00:51.601+0000] {dag.py:3947} INFO - Setting next_dagrun for tutorial_objectstorage to None, run_after=None
[2026-01-29T00:00:51.622+0000] {processor.py:183} INFO - Processing /home/airflow/.local/lib/python3.12/site-packages/airflow/example_dags/tutorial_objectstorage.py took 0.073 seconds
[2026-01-29T00:01:22.180+0000] {processor.py:161} INFO - Started process (PID=62534) to work on /home/airflow/.local/lib/python3.12/site-packages/airflow/example_dags/tutorial_objectstorage.py
[2026-01-29T00:01:22.181+0000] {processor.py:830} INFO - Processing file /home/airflow/.local/lib/python3.12/site-packages/airflow/example_dags/tutorial_objectstorage.py for tasks to queue
[2026-01-29T00:01:22.183+0000] {logging_mixin.py:188} INFO - [2026-01-29T00:01:22.182+0000] {dagbag.py:545} INFO - Filling up the DagBag from /home/airflow/.local/lib/python3.12/site-packages/airflow/example_dags/tutorial_objectstorage.py
[2026-01-29T00:01:22.191+0000] {processor.py:840} INFO - DAG(s) 'tutorial_objectstorage' retrieved from /home/airflow/.local/lib/python3.12/site-packages/airflow/example_dags/tutorial_objectstorage.py
[2026-01-29T00:01:22.212+0000] {logging_mixin.py:188} INFO - [2026-01-29T00:01:22.211+0000] {dag.py:3089} INFO - Sync 1 DAGs
[2026-01-29T00:01:22.226+0000] {logging_mixin.py:188} INFO - [2026-01-29T00:01:22.225+0000] {dag.py:3947} INFO - Setting next_dagrun for tutorial_objectstorage to None, run_after=None
[2026-01-29T00:01:22.376+0000] {processor.py:183} INFO - Processing /home/airflow/.local/lib/python3.12/site-packages/airflow/example_dags/tutorial_objectstorage.py took 0.204 seconds
[2026-01-29T00:01:53.352+0000] {processor.py:161} INFO - Started process (PID=62593) to work on /home/airflow/.local/lib/python3.12/site-packages/airflow/example_dags/tutorial_objectstorage.py
[2026-01-29T00:01:53.353+0000] {processor.py:830} INFO - Processing file /home/airflow/.local/lib/python3.12/site-packages/airflow/example_dags/tutorial_objectstorage.py for tasks to queue
[2026-01-29T00:01:53.355+0000] {logging_mixin.py:188} INFO - [2026-01-29T00:01:53.355+0000] {dagbag.py:545} INFO - Filling up the DagBag from /home/airflow/.local/lib/python3.12/site-packages/airflow/example_dags/tutorial_objectstorage.py
[2026-01-29T00:01:53.363+0000] {processor.py:840} INFO - DAG(s) 'tutorial_objectstorage' retrieved from /home/airflow/.local/lib/python3.12/site-packages/airflow/example_dags/tutorial_objectstorage.py
[2026-01-29T00:01:53.383+0000] {logging_mixin.py:188} INFO - [2026-01-29T00:01:53.383+0000] {dag.py:3089} INFO - Sync 1 DAGs
[2026-01-29T00:01:53.397+0000] {logging_mixin.py:188} INFO - [2026-01-29T00:01:53.397+0000] {dag.py:3947} INFO - Setting next_dagrun for tutorial_objectstorage to None, run_after=None
[2026-01-29T00:01:53.417+0000] {processor.py:183} INFO - Processing /home/airflow/.local/lib/python3.12/site-packages/airflow/example_dags/tutorial_objectstorage.py took 0.072 seconds
[2026-01-29T00:02:24.051+0000] {processor.py:161} INFO - Started process (PID=62657) to work on /home/airflow/.local/lib/python3.12/site-packages/airflow/example_dags/tutorial_objectstorage.py
[2026-01-29T00:02:24.052+0000] {processor.py:830} INFO - Processing file /home/airflow/.local/lib/python3.12/site-packages/airflow/example_dags/tutorial_objectstorage.py for tasks to queue
[2026-01-29T00:02:24.054+0000] {logging_mixin.py:188} INFO - [2026-01-29T00:02:24.054+0000] {dagbag.py:545} INFO - Filling up the DagBag from /home/airflow/.local/lib/python3.12/site-packages/airflow/example_dags/tutorial_objectstorage.py
[2026-01-29T00:02:24.063+0000] {processor.py:840} INFO - DAG(s) 'tutorial_objectstorage' retrieved from /home/airflow/.local/lib/python3.12/site-packages/airflow/example_dags/tutorial_objectstorage.py
[2026-01-29T00:02:24.082+0000] {logging_mixin.py:188} INFO - [2026-01-29T00:02:24.082+0000] {dag.py:3089} INFO - Sync 1 DAGs
[2026-01-29T00:02:24.095+0000] {logging_mixin.py:188} INFO - [2026-01-29T00:02:24.094+0000] {dag.py:3947} INFO - Setting next_dagrun for tutorial_objectstorage to None, run_after=None
[2026-01-29T00:02:24.113+0000] {processor.py:183} INFO - Processing /home/airflow/.local/lib/python3.12/site-packages/airflow/example_dags/tutorial_objectstorage.py took 0.071 seconds
[2026-01-29T00:02:54.961+0000] {processor.py:161} INFO - Started process (PID=62722) to work on /home/airflow/.local/lib/python3.12/site-packages/airflow/example_dags/tutorial_objectstorage.py
[2026-01-29T00:02:54.962+0000] {processor.py:830} INFO - Processing file /home/airflow/.local/lib/python3.12/site-packages/airflow/example_dags/tutorial_objectstorage.py for tasks to queue
[2026-01-29T00:02:54.964+0000] {logging_mixin.py:188} INFO - [2026-01-29T00:02:54.963+0000] {dagbag.py:545} INFO - Filling up the DagBag from /home/airflow/.local/lib/python3.12/site-packages/airflow/example_dags/tutorial_objectstorage.py
[2026-01-29T00:02:54.971+0000] {processor.py:840} INFO - DAG(s) 'tutorial_objectstorage' retrieved from /home/airflow/.local/lib/python3.12/site-packages/airflow/example_dags/tutorial_objectstorage.py
[2026-01-29T00:02:55.118+0000] {logging_mixin.py:188} INFO - [2026-01-29T00:02:55.118+0000] {dag.py:3089} INFO - Sync 1 DAGs
[2026-01-29T00:02:55.129+0000] {logging_mixin.py:188} INFO - [2026-01-29T00:02:55.128+0000] {dag.py:3947} INFO - Setting next_dagrun for tutorial_objectstorage to None, run_after=None
[2026-01-29T00:02:55.149+0000] {processor.py:183} INFO - Processing /home/airflow/.local/lib/python3.12/site-packages/airflow/example_dags/tutorial_objectstorage.py took 0.195 seconds
[2026-01-29T00:03:25.339+0000] {processor.py:161} INFO - Started process (PID=62786) to work on /home/airflow/.local/lib/python3.12/site-packages/airflow/example_dags/tutorial_objectstorage.py
[2026-01-29T00:03:25.340+0000] {processor.py:830} INFO - Processing file /home/airflow/.local/lib/python3.12/site-packages/airflow/example_dags/tutorial_objectstorage.py for tasks to queue
[2026-01-29T00:03:25.342+0000] {logging_mixin.py:188} INFO - [2026-01-29T00:03:25.342+0000] {dagbag.py:545} INFO - Filling up the DagBag from /home/airflow/.local/lib/python3.12/site-packages/airflow/example_dags/tutorial_objectstorage.py
[2026-01-29T00:03:25.351+0000] {processor.py:840} INFO - DAG(s) 'tutorial_objectstorage' retrieved from /home/airflow/.local/lib/python3.12/site-packages/airflow/example_dags/tutorial_objectstorage.py
[2026-01-29T00:03:25.370+0000] {logging_mixin.py:188} INFO - [2026-01-29T00:03:25.370+0000] {dag.py:3089} INFO - Sync 1 DAGs
[2026-01-29T00:03:25.385+0000] {logging_mixin.py:188} INFO - [2026-01-29T00:03:25.385+0000] {dag.py:3947} INFO - Setting next_dagrun for tutorial_objectstorage to None, run_after=None
[2026-01-29T00:03:25.532+0000] {processor.py:183} INFO - Processing /home/airflow/.local/lib/python3.12/site-packages/airflow/example_dags/tutorial_objectstorage.py took 0.201 seconds
[2026-01-29T00:03:55.696+0000] {processor.py:161} INFO - Started process (PID=62845) to work on /home/airflow/.local/lib/python3.12/site-packages/airflow/example_dags/tutorial_objectstorage.py
[2026-01-29T00:03:55.697+0000] {processor.py:830} INFO - Processing file /home/airflow/.local/lib/python3.12/site-packages/airflow/example_dags/tutorial_objectstorage.py for tasks to queue
[2026-01-29T00:03:55.699+0000] {logging_mixin.py:188} INFO - [2026-01-29T00:03:55.699+0000] {dagbag.py:545} INFO - Filling up the DagBag from /home/airflow/.local/lib/python3.12/site-packages/airflow/example_dags/tutorial_objectstorage.py
[2026-01-29T00:03:55.708+0000] {processor.py:840} INFO - DAG(s) 'tutorial_objectstorage' retrieved from /home/airflow/.local/lib/python3.12/site-packages/airflow/example_dags/tutorial_objectstorage.py
[2026-01-29T00:03:55.729+0000] {logging_mixin.py:188} INFO - [2026-01-29T00:03:55.728+0000] {dag.py:3089} INFO - Sync 1 DAGs
[2026-01-29T00:03:55.743+0000] {logging_mixin.py:188} INFO - [2026-01-29T00:03:55.743+0000] {dag.py:3947} INFO - Setting next_dagrun for tutorial_objectstorage to None, run_after=None
[2026-01-29T00:03:55.764+0000] {processor.py:183} INFO - Processing /home/airflow/.local/lib/python3.12/site-packages/airflow/example_dags/tutorial_objectstorage.py took 0.075 seconds
[2026-01-29T00:04:26.271+0000] {processor.py:161} INFO - Started process (PID=62909) to work on /home/airflow/.local/lib/python3.12/site-packages/airflow/example_dags/tutorial_objectstorage.py
[2026-01-29T00:04:26.272+0000] {processor.py:830} INFO - Processing file /home/airflow/.local/lib/python3.12/site-packages/airflow/example_dags/tutorial_objectstorage.py for tasks to queue
[2026-01-29T00:04:26.274+0000] {logging_mixin.py:188} INFO - [2026-01-29T00:04:26.274+0000] {dagbag.py:545} INFO - Filling up the DagBag from /home/airflow/.local/lib/python3.12/site-packages/airflow/example_dags/tutorial_objectstorage.py
[2026-01-29T00:04:26.282+0000] {processor.py:840} INFO - DAG(s) 'tutorial_objectstorage' retrieved from /home/airflow/.local/lib/python3.12/site-packages/airflow/example_dags/tutorial_objectstorage.py
[2026-01-29T00:04:26.303+0000] {logging_mixin.py:188} INFO - [2026-01-29T00:04:26.303+0000] {dag.py:3089} INFO - Sync 1 DAGs
[2026-01-29T00:04:26.319+0000] {logging_mixin.py:188} INFO - [2026-01-29T00:04:26.318+0000] {dag.py:3947} INFO - Setting next_dagrun for tutorial_objectstorage to None, run_after=None
[2026-01-29T00:04:26.340+0000] {processor.py:183} INFO - Processing /home/airflow/.local/lib/python3.12/site-packages/airflow/example_dags/tutorial_objectstorage.py took 0.076 seconds
[2026-01-29T00:04:56.885+0000] {processor.py:161} INFO - Started process (PID=62968) to work on /home/airflow/.local/lib/python3.12/site-packages/airflow/example_dags/tutorial_objectstorage.py
[2026-01-29T00:04:56.886+0000] {processor.py:830} INFO - Processing file /home/airflow/.local/lib/python3.12/site-packages/airflow/example_dags/tutorial_objectstorage.py for tasks to queue
[2026-01-29T00:04:56.887+0000] {logging_mixin.py:188} INFO - [2026-01-29T00:04:56.887+0000] {dagbag.py:545} INFO - Filling up the DagBag from /home/airflow/.local/lib/python3.12/site-packages/airflow/example_dags/tutorial_objectstorage.py
[2026-01-29T00:04:56.895+0000] {processor.py:840} INFO - DAG(s) 'tutorial_objectstorage' retrieved from /home/airflow/.local/lib/python3.12/site-packages/airflow/example_dags/tutorial_objectstorage.py
[2026-01-29T00:04:56.920+0000] {logging_mixin.py:188} INFO - [2026-01-29T00:04:56.920+0000] {dag.py:3089} INFO - Sync 1 DAGs
[2026-01-29T00:04:56.936+0000] {logging_mixin.py:188} INFO - [2026-01-29T00:04:56.936+0000] {dag.py:3947} INFO - Setting next_dagrun for tutorial_objectstorage to None, run_after=None
[2026-01-29T00:04:56.958+0000] {processor.py:183} INFO - Processing /home/airflow/.local/lib/python3.12/site-packages/airflow/example_dags/tutorial_objectstorage.py took 0.080 seconds
[2026-01-29T00:05:27.616+0000] {processor.py:161} INFO - Started process (PID=63032) to work on /home/airflow/.local/lib/python3.12/site-packages/airflow/example_dags/tutorial_objectstorage.py
[2026-01-29T00:05:27.617+0000] {processor.py:830} INFO - Processing file /home/airflow/.local/lib/python3.12/site-packages/airflow/example_dags/tutorial_objectstorage.py for tasks to queue
[2026-01-29T00:05:27.619+0000] {logging_mixin.py:188} INFO - [2026-01-29T00:05:27.619+0000] {dagbag.py:545} INFO - Filling up the DagBag from /home/airflow/.local/lib/python3.12/site-packages/airflow/example_dags/tutorial_objectstorage.py
[2026-01-29T00:05:27.628+0000] {processor.py:840} INFO - DAG(s) 'tutorial_objectstorage' retrieved from /home/airflow/.local/lib/python3.12/site-packages/airflow/example_dags/tutorial_objectstorage.py
[2026-01-29T00:05:27.652+0000] {logging_mixin.py:188} INFO - [2026-01-29T00:05:27.651+0000] {dag.py:3089} INFO - Sync 1 DAGs
[2026-01-29T00:05:27.668+0000] {logging_mixin.py:188} INFO - [2026-01-29T00:05:27.668+0000] {dag.py:3947} INFO - Setting next_dagrun for tutorial_objectstorage to None, run_after=None
[2026-01-29T00:05:27.690+0000] {processor.py:183} INFO - Processing /home/airflow/.local/lib/python3.12/site-packages/airflow/example_dags/tutorial_objectstorage.py took 0.082 seconds
[2026-01-29T00:05:58.280+0000] {processor.py:161} INFO - Started process (PID=63091) to work on /home/airflow/.local/lib/python3.12/site-packages/airflow/example_dags/tutorial_objectstorage.py
[2026-01-29T00:05:58.281+0000] {processor.py:830} INFO - Processing file /home/airflow/.local/lib/python3.12/site-packages/airflow/example_dags/tutorial_objectstorage.py for tasks to queue
[2026-01-29T00:05:58.283+0000] {logging_mixin.py:188} INFO - [2026-01-29T00:05:58.282+0000] {dagbag.py:545} INFO - Filling up the DagBag from /home/airflow/.local/lib/python3.12/site-packages/airflow/example_dags/tutorial_objectstorage.py
[2026-01-29T00:05:58.291+0000] {processor.py:840} INFO - DAG(s) 'tutorial_objectstorage' retrieved from /home/airflow/.local/lib/python3.12/site-packages/airflow/example_dags/tutorial_objectstorage.py
[2026-01-29T00:05:58.311+0000] {logging_mixin.py:188} INFO - [2026-01-29T00:05:58.310+0000] {dag.py:3089} INFO - Sync 1 DAGs
[2026-01-29T00:05:58.324+0000] {logging_mixin.py:188} INFO - [2026-01-29T00:05:58.324+0000] {dag.py:3947} INFO - Setting next_dagrun for tutorial_objectstorage to None, run_after=None
[2026-01-29T00:05:58.344+0000] {processor.py:183} INFO - Processing /home/airflow/.local/lib/python3.12/site-packages/airflow/example_dags/tutorial_objectstorage.py took 0.072 seconds
[2026-01-29T00:06:29.020+0000] {processor.py:161} INFO - Started process (PID=63155) to work on /home/airflow/.local/lib/python3.12/site-packages/airflow/example_dags/tutorial_objectstorage.py
[2026-01-29T00:06:29.021+0000] {processor.py:830} INFO - Processing file /home/airflow/.local/lib/python3.12/site-packages/airflow/example_dags/tutorial_objectstorage.py for tasks to queue
[2026-01-29T00:06:29.023+0000] {logging_mixin.py:188} INFO - [2026-01-29T00:06:29.023+0000] {dagbag.py:545} INFO - Filling up the DagBag from /home/airflow/.local/lib/python3.12/site-packages/airflow/example_dags/tutorial_objectstorage.py
[2026-01-29T00:06:29.032+0000] {processor.py:840} INFO - DAG(s) 'tutorial_objectstorage' retrieved from /home/airflow/.local/lib/python3.12/site-packages/airflow/example_dags/tutorial_objectstorage.py
[2026-01-29T00:06:29.052+0000] {logging_mixin.py:188} INFO - [2026-01-29T00:06:29.052+0000] {dag.py:3089} INFO - Sync 1 DAGs
[2026-01-29T00:06:29.066+0000] {logging_mixin.py:188} INFO - [2026-01-29T00:06:29.066+0000] {dag.py:3947} INFO - Setting next_dagrun for tutorial_objectstorage to None, run_after=None
[2026-01-29T00:06:29.087+0000] {processor.py:183} INFO - Processing /home/airflow/.local/lib/python3.12/site-packages/airflow/example_dags/tutorial_objectstorage.py took 0.075 seconds
[2026-01-29T00:06:59.734+0000] {processor.py:161} INFO - Started process (PID=63214) to work on /home/airflow/.local/lib/python3.12/site-packages/airflow/example_dags/tutorial_objectstorage.py
[2026-01-29T00:06:59.735+0000] {processor.py:830} INFO - Processing file /home/airflow/.local/lib/python3.12/site-packages/airflow/example_dags/tutorial_objectstorage.py for tasks to queue
[2026-01-29T00:06:59.737+0000] {logging_mixin.py:188} INFO - [2026-01-29T00:06:59.736+0000] {dagbag.py:545} INFO - Filling up the DagBag from /home/airflow/.local/lib/python3.12/site-packages/airflow/example_dags/tutorial_objectstorage.py
[2026-01-29T00:06:59.744+0000] {processor.py:840} INFO - DAG(s) 'tutorial_objectstorage' retrieved from /home/airflow/.local/lib/python3.12/site-packages/airflow/example_dags/tutorial_objectstorage.py
[2026-01-29T00:06:59.762+0000] {logging_mixin.py:188} INFO - [2026-01-29T00:06:59.762+0000] {dag.py:3089} INFO - Sync 1 DAGs
[2026-01-29T00:06:59.775+0000] {logging_mixin.py:188} INFO - [2026-01-29T00:06:59.775+0000] {dag.py:3947} INFO - Setting next_dagrun for tutorial_objectstorage to None, run_after=None
[2026-01-29T00:06:59.795+0000] {processor.py:183} INFO - Processing /home/airflow/.local/lib/python3.12/site-packages/airflow/example_dags/tutorial_objectstorage.py took 0.067 seconds
[2026-01-29T00:07:30.463+0000] {processor.py:161} INFO - Started process (PID=63278) to work on /home/airflow/.local/lib/python3.12/site-packages/airflow/example_dags/tutorial_objectstorage.py
[2026-01-29T00:07:30.464+0000] {processor.py:830} INFO - Processing file /home/airflow/.local/lib/python3.12/site-packages/airflow/example_dags/tutorial_objectstorage.py for tasks to queue
[2026-01-29T00:07:30.466+0000] {logging_mixin.py:188} INFO - [2026-01-29T00:07:30.466+0000] {dagbag.py:545} INFO - Filling up the DagBag from /home/airflow/.local/lib/python3.12/site-packages/airflow/example_dags/tutorial_objectstorage.py
[2026-01-29T00:07:30.475+0000] {processor.py:840} INFO - DAG(s) 'tutorial_objectstorage' retrieved from /home/airflow/.local/lib/python3.12/site-packages/airflow/example_dags/tutorial_objectstorage.py
[2026-01-29T00:07:30.497+0000] {logging_mixin.py:188} INFO - [2026-01-29T00:07:30.497+0000] {dag.py:3089} INFO - Sync 1 DAGs
[2026-01-29T00:07:30.512+0000] {logging_mixin.py:188} INFO - [2026-01-29T00:07:30.512+0000] {dag.py:3947} INFO - Setting next_dagrun for tutorial_objectstorage to None, run_after=None
[2026-01-29T00:07:30.533+0000] {processor.py:183} INFO - Processing /home/airflow/.local/lib/python3.12/site-packages/airflow/example_dags/tutorial_objectstorage.py took 0.077 seconds
[2026-01-29T00:08:00.967+0000] {processor.py:161} INFO - Started process (PID=63342) to work on /home/airflow/.local/lib/python3.12/site-packages/airflow/example_dags/tutorial_objectstorage.py
[2026-01-29T00:08:00.968+0000] {processor.py:830} INFO - Processing file /home/airflow/.local/lib/python3.12/site-packages/airflow/example_dags/tutorial_objectstorage.py for tasks to queue
[2026-01-29T00:08:00.971+0000] {logging_mixin.py:188} INFO - [2026-01-29T00:08:00.970+0000] {dagbag.py:545} INFO - Filling up the DagBag from /home/airflow/.local/lib/python3.12/site-packages/airflow/example_dags/tutorial_objectstorage.py
[2026-01-29T00:08:00.979+0000] {processor.py:840} INFO - DAG(s) 'tutorial_objectstorage' retrieved from /home/airflow/.local/lib/python3.12/site-packages/airflow/example_dags/tutorial_objectstorage.py
[2026-01-29T00:08:01.001+0000] {logging_mixin.py:188} INFO - [2026-01-29T00:08:01.000+0000] {dag.py:3089} INFO - Sync 1 DAGs
[2026-01-29T00:08:01.017+0000] {logging_mixin.py:188} INFO - [2026-01-29T00:08:01.016+0000] {dag.py:3947} INFO - Setting next_dagrun for tutorial_objectstorage to None, run_after=None
[2026-01-29T00:08:01.039+0000] {processor.py:183} INFO - Processing /home/airflow/.local/lib/python3.12/site-packages/airflow/example_dags/tutorial_objectstorage.py took 0.081 seconds
[2026-01-29T00:08:31.659+0000] {processor.py:161} INFO - Started process (PID=63401) to work on /home/airflow/.local/lib/python3.12/site-packages/airflow/example_dags/tutorial_objectstorage.py
[2026-01-29T00:08:31.660+0000] {processor.py:830} INFO - Processing file /home/airflow/.local/lib/python3.12/site-packages/airflow/example_dags/tutorial_objectstorage.py for tasks to queue
[2026-01-29T00:08:31.662+0000] {logging_mixin.py:188} INFO - [2026-01-29T00:08:31.662+0000] {dagbag.py:545} INFO - Filling up the DagBag from /home/airflow/.local/lib/python3.12/site-packages/airflow/example_dags/tutorial_objectstorage.py
[2026-01-29T00:08:31.671+0000] {processor.py:840} INFO - DAG(s) 'tutorial_objectstorage' retrieved from /home/airflow/.local/lib/python3.12/site-packages/airflow/example_dags/tutorial_objectstorage.py
[2026-01-29T00:08:31.694+0000] {logging_mixin.py:188} INFO - [2026-01-29T00:08:31.694+0000] {dag.py:3089} INFO - Sync 1 DAGs
[2026-01-29T00:08:31.708+0000] {logging_mixin.py:188} INFO - [2026-01-29T00:08:31.708+0000] {dag.py:3947} INFO - Setting next_dagrun for tutorial_objectstorage to None, run_after=None
[2026-01-29T00:08:31.728+0000] {processor.py:183} INFO - Processing /home/airflow/.local/lib/python3.12/site-packages/airflow/example_dags/tutorial_objectstorage.py took 0.076 seconds
[2026-01-29T00:09:02.195+0000] {processor.py:161} INFO - Started process (PID=63465) to work on /home/airflow/.local/lib/python3.12/site-packages/airflow/example_dags/tutorial_objectstorage.py
[2026-01-29T00:09:02.195+0000] {processor.py:830} INFO - Processing file /home/airflow/.local/lib/python3.12/site-packages/airflow/example_dags/tutorial_objectstorage.py for tasks to queue
[2026-01-29T00:09:02.198+0000] {logging_mixin.py:188} INFO - [2026-01-29T00:09:02.198+0000] {dagbag.py:545} INFO - Filling up the DagBag from /home/airflow/.local/lib/python3.12/site-packages/airflow/example_dags/tutorial_objectstorage.py
[2026-01-29T00:09:02.207+0000] {processor.py:840} INFO - DAG(s) 'tutorial_objectstorage' retrieved from /home/airflow/.local/lib/python3.12/site-packages/airflow/example_dags/tutorial_objectstorage.py
[2026-01-29T00:09:02.235+0000] {logging_mixin.py:188} INFO - [2026-01-29T00:09:02.235+0000] {dag.py:3089} INFO - Sync 1 DAGs
[2026-01-29T00:09:02.257+0000] {logging_mixin.py:188} INFO - [2026-01-29T00:09:02.256+0000] {dag.py:3947} INFO - Setting next_dagrun for tutorial_objectstorage to None, run_after=None
[2026-01-29T00:09:02.282+0000] {processor.py:183} INFO - Processing /home/airflow/.local/lib/python3.12/site-packages/airflow/example_dags/tutorial_objectstorage.py took 0.097 seconds
[2026-01-29T00:09:32.764+0000] {processor.py:161} INFO - Started process (PID=63524) to work on /home/airflow/.local/lib/python3.12/site-packages/airflow/example_dags/tutorial_objectstorage.py
[2026-01-29T00:09:32.766+0000] {processor.py:830} INFO - Processing file /home/airflow/.local/lib/python3.12/site-packages/airflow/example_dags/tutorial_objectstorage.py for tasks to queue
[2026-01-29T00:09:32.768+0000] {logging_mixin.py:188} INFO - [2026-01-29T00:09:32.767+0000] {dagbag.py:545} INFO - Filling up the DagBag from /home/airflow/.local/lib/python3.12/site-packages/airflow/example_dags/tutorial_objectstorage.py
[2026-01-29T00:09:32.776+0000] {processor.py:840} INFO - DAG(s) 'tutorial_objectstorage' retrieved from /home/airflow/.local/lib/python3.12/site-packages/airflow/example_dags/tutorial_objectstorage.py
[2026-01-29T00:09:32.798+0000] {logging_mixin.py:188} INFO - [2026-01-29T00:09:32.798+0000] {dag.py:3089} INFO - Sync 1 DAGs
[2026-01-29T00:09:32.813+0000] {logging_mixin.py:188} INFO - [2026-01-29T00:09:32.813+0000] {dag.py:3947} INFO - Setting next_dagrun for tutorial_objectstorage to None, run_after=None
[2026-01-29T00:09:32.834+0000] {processor.py:183} INFO - Processing /home/airflow/.local/lib/python3.12/site-packages/airflow/example_dags/tutorial_objectstorage.py took 0.077 seconds
[2026-01-29T00:10:03.361+0000] {processor.py:161} INFO - Started process (PID=63588) to work on /home/airflow/.local/lib/python3.12/site-packages/airflow/example_dags/tutorial_objectstorage.py
[2026-01-29T00:10:03.362+0000] {processor.py:830} INFO - Processing file /home/airflow/.local/lib/python3.12/site-packages/airflow/example_dags/tutorial_objectstorage.py for tasks to queue
[2026-01-29T00:10:03.363+0000] {logging_mixin.py:188} INFO - [2026-01-29T00:10:03.363+0000] {dagbag.py:545} INFO - Filling up the DagBag from /home/airflow/.local/lib/python3.12/site-packages/airflow/example_dags/tutorial_objectstorage.py
[2026-01-29T00:10:03.371+0000] {processor.py:840} INFO - DAG(s) 'tutorial_objectstorage' retrieved from /home/airflow/.local/lib/python3.12/site-packages/airflow/example_dags/tutorial_objectstorage.py
[2026-01-29T00:10:03.391+0000] {logging_mixin.py:188} INFO - [2026-01-29T00:10:03.390+0000] {dag.py:3089} INFO - Sync 1 DAGs
[2026-01-29T00:10:03.405+0000] {logging_mixin.py:188} INFO - [2026-01-29T00:10:03.405+0000] {dag.py:3947} INFO - Setting next_dagrun for tutorial_objectstorage to None, run_after=None
[2026-01-29T00:10:03.425+0000] {processor.py:183} INFO - Processing /home/airflow/.local/lib/python3.12/site-packages/airflow/example_dags/tutorial_objectstorage.py took 0.071 seconds
[2026-01-29T00:10:34.076+0000] {processor.py:161} INFO - Started process (PID=63647) to work on /home/airflow/.local/lib/python3.12/site-packages/airflow/example_dags/tutorial_objectstorage.py
[2026-01-29T00:10:34.077+0000] {processor.py:830} INFO - Processing file /home/airflow/.local/lib/python3.12/site-packages/airflow/example_dags/tutorial_objectstorage.py for tasks to queue
[2026-01-29T00:10:34.079+0000] {logging_mixin.py:188} INFO - [2026-01-29T00:10:34.078+0000] {dagbag.py:545} INFO - Filling up the DagBag from /home/airflow/.local/lib/python3.12/site-packages/airflow/example_dags/tutorial_objectstorage.py
[2026-01-29T00:10:34.088+0000] {processor.py:840} INFO - DAG(s) 'tutorial_objectstorage' retrieved from /home/airflow/.local/lib/python3.12/site-packages/airflow/example_dags/tutorial_objectstorage.py
[2026-01-29T00:10:34.108+0000] {logging_mixin.py:188} INFO - [2026-01-29T00:10:34.108+0000] {dag.py:3089} INFO - Sync 1 DAGs
[2026-01-29T00:10:34.124+0000] {logging_mixin.py:188} INFO - [2026-01-29T00:10:34.123+0000] {dag.py:3947} INFO - Setting next_dagrun for tutorial_objectstorage to None, run_after=None
[2026-01-29T00:10:34.144+0000] {processor.py:183} INFO - Processing /home/airflow/.local/lib/python3.12/site-packages/airflow/example_dags/tutorial_objectstorage.py took 0.077 seconds
[2026-01-29T00:11:04.731+0000] {processor.py:161} INFO - Started process (PID=63711) to work on /home/airflow/.local/lib/python3.12/site-packages/airflow/example_dags/tutorial_objectstorage.py
[2026-01-29T00:11:04.732+0000] {processor.py:830} INFO - Processing file /home/airflow/.local/lib/python3.12/site-packages/airflow/example_dags/tutorial_objectstorage.py for tasks to queue
[2026-01-29T00:11:04.734+0000] {logging_mixin.py:188} INFO - [2026-01-29T00:11:04.734+0000] {dagbag.py:545} INFO - Filling up the DagBag from /home/airflow/.local/lib/python3.12/site-packages/airflow/example_dags/tutorial_objectstorage.py
[2026-01-29T00:11:04.742+0000] {processor.py:840} INFO - DAG(s) 'tutorial_objectstorage' retrieved from /home/airflow/.local/lib/python3.12/site-packages/airflow/example_dags/tutorial_objectstorage.py
[2026-01-29T00:11:04.767+0000] {logging_mixin.py:188} INFO - [2026-01-29T00:11:04.767+0000] {dag.py:3089} INFO - Sync 1 DAGs
[2026-01-29T00:11:04.786+0000] {logging_mixin.py:188} INFO - [2026-01-29T00:11:04.785+0000] {dag.py:3947} INFO - Setting next_dagrun for tutorial_objectstorage to None, run_after=None
[2026-01-29T00:11:04.812+0000] {processor.py:183} INFO - Processing /home/airflow/.local/lib/python3.12/site-packages/airflow/example_dags/tutorial_objectstorage.py took 0.088 seconds
[2026-01-29T00:11:35.477+0000] {processor.py:161} INFO - Started process (PID=63770) to work on /home/airflow/.local/lib/python3.12/site-packages/airflow/example_dags/tutorial_objectstorage.py
[2026-01-29T00:11:35.479+0000] {processor.py:830} INFO - Processing file /home/airflow/.local/lib/python3.12/site-packages/airflow/example_dags/tutorial_objectstorage.py for tasks to queue
[2026-01-29T00:11:35.481+0000] {logging_mixin.py:188} INFO - [2026-01-29T00:11:35.481+0000] {dagbag.py:545} INFO - Filling up the DagBag from /home/airflow/.local/lib/python3.12/site-packages/airflow/example_dags/tutorial_objectstorage.py
[2026-01-29T00:11:35.491+0000] {processor.py:840} INFO - DAG(s) 'tutorial_objectstorage' retrieved from /home/airflow/.local/lib/python3.12/site-packages/airflow/example_dags/tutorial_objectstorage.py
[2026-01-29T00:11:35.521+0000] {logging_mixin.py:188} INFO - [2026-01-29T00:11:35.520+0000] {dag.py:3089} INFO - Sync 1 DAGs
[2026-01-29T00:11:35.544+0000] {logging_mixin.py:188} INFO - [2026-01-29T00:11:35.543+0000] {dag.py:3947} INFO - Setting next_dagrun for tutorial_objectstorage to None, run_after=None
[2026-01-29T00:11:35.568+0000] {processor.py:183} INFO - Processing /home/airflow/.local/lib/python3.12/site-packages/airflow/example_dags/tutorial_objectstorage.py took 0.100 seconds
[2026-01-29T00:12:06.153+0000] {processor.py:161} INFO - Started process (PID=63834) to work on /home/airflow/.local/lib/python3.12/site-packages/airflow/example_dags/tutorial_objectstorage.py
[2026-01-29T00:12:06.154+0000] {processor.py:830} INFO - Processing file /home/airflow/.local/lib/python3.12/site-packages/airflow/example_dags/tutorial_objectstorage.py for tasks to queue
[2026-01-29T00:12:06.157+0000] {logging_mixin.py:188} INFO - [2026-01-29T00:12:06.156+0000] {dagbag.py:545} INFO - Filling up the DagBag from /home/airflow/.local/lib/python3.12/site-packages/airflow/example_dags/tutorial_objectstorage.py
[2026-01-29T00:12:06.167+0000] {processor.py:840} INFO - DAG(s) 'tutorial_objectstorage' retrieved from /home/airflow/.local/lib/python3.12/site-packages/airflow/example_dags/tutorial_objectstorage.py
[2026-01-29T00:12:06.189+0000] {logging_mixin.py:188} INFO - [2026-01-29T00:12:06.188+0000] {dag.py:3089} INFO - Sync 1 DAGs
[2026-01-29T00:12:06.203+0000] {logging_mixin.py:188} INFO - [2026-01-29T00:12:06.203+0000] {dag.py:3947} INFO - Setting next_dagrun for tutorial_objectstorage to None, run_after=None
[2026-01-29T00:12:06.224+0000] {processor.py:183} INFO - Processing /home/airflow/.local/lib/python3.12/site-packages/airflow/example_dags/tutorial_objectstorage.py took 0.080 seconds
[2026-01-29T00:12:36.805+0000] {processor.py:161} INFO - Started process (PID=63893) to work on /home/airflow/.local/lib/python3.12/site-packages/airflow/example_dags/tutorial_objectstorage.py
[2026-01-29T00:12:36.806+0000] {processor.py:830} INFO - Processing file /home/airflow/.local/lib/python3.12/site-packages/airflow/example_dags/tutorial_objectstorage.py for tasks to queue
[2026-01-29T00:12:36.808+0000] {logging_mixin.py:188} INFO - [2026-01-29T00:12:36.808+0000] {dagbag.py:545} INFO - Filling up the DagBag from /home/airflow/.local/lib/python3.12/site-packages/airflow/example_dags/tutorial_objectstorage.py
[2026-01-29T00:12:36.817+0000] {processor.py:840} INFO - DAG(s) 'tutorial_objectstorage' retrieved from /home/airflow/.local/lib/python3.12/site-packages/airflow/example_dags/tutorial_objectstorage.py
[2026-01-29T00:12:36.836+0000] {logging_mixin.py:188} INFO - [2026-01-29T00:12:36.836+0000] {dag.py:3089} INFO - Sync 1 DAGs
[2026-01-29T00:12:36.850+0000] {logging_mixin.py:188} INFO - [2026-01-29T00:12:36.850+0000] {dag.py:3947} INFO - Setting next_dagrun for tutorial_objectstorage to None, run_after=None
[2026-01-29T00:12:36.871+0000] {processor.py:183} INFO - Processing /home/airflow/.local/lib/python3.12/site-packages/airflow/example_dags/tutorial_objectstorage.py took 0.072 seconds
[2026-01-29T00:13:07.327+0000] {processor.py:161} INFO - Started process (PID=63957) to work on /home/airflow/.local/lib/python3.12/site-packages/airflow/example_dags/tutorial_objectstorage.py
[2026-01-29T00:13:07.328+0000] {processor.py:830} INFO - Processing file /home/airflow/.local/lib/python3.12/site-packages/airflow/example_dags/tutorial_objectstorage.py for tasks to queue
[2026-01-29T00:13:07.330+0000] {logging_mixin.py:188} INFO - [2026-01-29T00:13:07.330+0000] {dagbag.py:545} INFO - Filling up the DagBag from /home/airflow/.local/lib/python3.12/site-packages/airflow/example_dags/tutorial_objectstorage.py
[2026-01-29T00:13:07.339+0000] {processor.py:840} INFO - DAG(s) 'tutorial_objectstorage' retrieved from /home/airflow/.local/lib/python3.12/site-packages/airflow/example_dags/tutorial_objectstorage.py
[2026-01-29T00:13:07.361+0000] {logging_mixin.py:188} INFO - [2026-01-29T00:13:07.361+0000] {dag.py:3089} INFO - Sync 1 DAGs
[2026-01-29T00:13:07.376+0000] {logging_mixin.py:188} INFO - [2026-01-29T00:13:07.376+0000] {dag.py:3947} INFO - Setting next_dagrun for tutorial_objectstorage to None, run_after=None
[2026-01-29T00:13:07.398+0000] {processor.py:183} INFO - Processing /home/airflow/.local/lib/python3.12/site-packages/airflow/example_dags/tutorial_objectstorage.py took 0.078 seconds
[2026-01-29T00:13:38.002+0000] {processor.py:161} INFO - Started process (PID=64016) to work on /home/airflow/.local/lib/python3.12/site-packages/airflow/example_dags/tutorial_objectstorage.py
[2026-01-29T00:13:38.003+0000] {processor.py:830} INFO - Processing file /home/airflow/.local/lib/python3.12/site-packages/airflow/example_dags/tutorial_objectstorage.py for tasks to queue
[2026-01-29T00:13:38.005+0000] {logging_mixin.py:188} INFO - [2026-01-29T00:13:38.005+0000] {dagbag.py:545} INFO - Filling up the DagBag from /home/airflow/.local/lib/python3.12/site-packages/airflow/example_dags/tutorial_objectstorage.py
[2026-01-29T00:13:38.013+0000] {processor.py:840} INFO - DAG(s) 'tutorial_objectstorage' retrieved from /home/airflow/.local/lib/python3.12/site-packages/airflow/example_dags/tutorial_objectstorage.py
[2026-01-29T00:13:38.031+0000] {logging_mixin.py:188} INFO - [2026-01-29T00:13:38.031+0000] {dag.py:3089} INFO - Sync 1 DAGs
[2026-01-29T00:13:38.044+0000] {logging_mixin.py:188} INFO - [2026-01-29T00:13:38.044+0000] {dag.py:3947} INFO - Setting next_dagrun for tutorial_objectstorage to None, run_after=None
[2026-01-29T00:13:38.064+0000] {processor.py:183} INFO - Processing /home/airflow/.local/lib/python3.12/site-packages/airflow/example_dags/tutorial_objectstorage.py took 0.068 seconds
[2026-01-29T00:14:08.605+0000] {processor.py:161} INFO - Started process (PID=64080) to work on /home/airflow/.local/lib/python3.12/site-packages/airflow/example_dags/tutorial_objectstorage.py
[2026-01-29T00:14:08.606+0000] {processor.py:830} INFO - Processing file /home/airflow/.local/lib/python3.12/site-packages/airflow/example_dags/tutorial_objectstorage.py for tasks to queue
[2026-01-29T00:14:08.608+0000] {logging_mixin.py:188} INFO - [2026-01-29T00:14:08.608+0000] {dagbag.py:545} INFO - Filling up the DagBag from /home/airflow/.local/lib/python3.12/site-packages/airflow/example_dags/tutorial_objectstorage.py
[2026-01-29T00:14:08.618+0000] {processor.py:840} INFO - DAG(s) 'tutorial_objectstorage' retrieved from /home/airflow/.local/lib/python3.12/site-packages/airflow/example_dags/tutorial_objectstorage.py
[2026-01-29T00:14:08.645+0000] {logging_mixin.py:188} INFO - [2026-01-29T00:14:08.645+0000] {dag.py:3089} INFO - Sync 1 DAGs
[2026-01-29T00:14:08.664+0000] {logging_mixin.py:188} INFO - [2026-01-29T00:14:08.664+0000] {dag.py:3947} INFO - Setting next_dagrun for tutorial_objectstorage to None, run_after=None
[2026-01-29T00:14:08.688+0000] {processor.py:183} INFO - Processing /home/airflow/.local/lib/python3.12/site-packages/airflow/example_dags/tutorial_objectstorage.py took 0.090 seconds
[2026-01-29T00:14:39.281+0000] {processor.py:161} INFO - Started process (PID=64139) to work on /home/airflow/.local/lib/python3.12/site-packages/airflow/example_dags/tutorial_objectstorage.py
[2026-01-29T00:14:39.282+0000] {processor.py:830} INFO - Processing file /home/airflow/.local/lib/python3.12/site-packages/airflow/example_dags/tutorial_objectstorage.py for tasks to queue
[2026-01-29T00:14:39.284+0000] {logging_mixin.py:188} INFO - [2026-01-29T00:14:39.284+0000] {dagbag.py:545} INFO - Filling up the DagBag from /home/airflow/.local/lib/python3.12/site-packages/airflow/example_dags/tutorial_objectstorage.py
[2026-01-29T00:14:39.293+0000] {processor.py:840} INFO - DAG(s) 'tutorial_objectstorage' retrieved from /home/airflow/.local/lib/python3.12/site-packages/airflow/example_dags/tutorial_objectstorage.py
[2026-01-29T00:14:39.314+0000] {logging_mixin.py:188} INFO - [2026-01-29T00:14:39.314+0000] {dag.py:3089} INFO - Sync 1 DAGs
[2026-01-29T00:14:39.329+0000] {logging_mixin.py:188} INFO - [2026-01-29T00:14:39.328+0000] {dag.py:3947} INFO - Setting next_dagrun for tutorial_objectstorage to None, run_after=None
[2026-01-29T00:14:39.352+0000] {processor.py:183} INFO - Processing /home/airflow/.local/lib/python3.12/site-packages/airflow/example_dags/tutorial_objectstorage.py took 0.079 seconds
[2026-01-29T00:15:10.011+0000] {processor.py:161} INFO - Started process (PID=64203) to work on /home/airflow/.local/lib/python3.12/site-packages/airflow/example_dags/tutorial_objectstorage.py
[2026-01-29T00:15:10.012+0000] {processor.py:830} INFO - Processing file /home/airflow/.local/lib/python3.12/site-packages/airflow/example_dags/tutorial_objectstorage.py for tasks to queue
[2026-01-29T00:15:10.014+0000] {logging_mixin.py:188} INFO - [2026-01-29T00:15:10.014+0000] {dagbag.py:545} INFO - Filling up the DagBag from /home/airflow/.local/lib/python3.12/site-packages/airflow/example_dags/tutorial_objectstorage.py
[2026-01-29T00:15:10.022+0000] {processor.py:840} INFO - DAG(s) 'tutorial_objectstorage' retrieved from /home/airflow/.local/lib/python3.12/site-packages/airflow/example_dags/tutorial_objectstorage.py
[2026-01-29T00:15:10.042+0000] {logging_mixin.py:188} INFO - [2026-01-29T00:15:10.042+0000] {dag.py:3089} INFO - Sync 1 DAGs
[2026-01-29T00:15:10.057+0000] {logging_mixin.py:188} INFO - [2026-01-29T00:15:10.056+0000] {dag.py:3947} INFO - Setting next_dagrun for tutorial_objectstorage to None, run_after=None
[2026-01-29T00:15:10.078+0000] {processor.py:183} INFO - Processing /home/airflow/.local/lib/python3.12/site-packages/airflow/example_dags/tutorial_objectstorage.py took 0.074 seconds
[2026-01-29T00:15:40.653+0000] {processor.py:161} INFO - Started process (PID=64262) to work on /home/airflow/.local/lib/python3.12/site-packages/airflow/example_dags/tutorial_objectstorage.py
[2026-01-29T00:15:40.654+0000] {processor.py:830} INFO - Processing file /home/airflow/.local/lib/python3.12/site-packages/airflow/example_dags/tutorial_objectstorage.py for tasks to queue
[2026-01-29T00:15:40.656+0000] {logging_mixin.py:188} INFO - [2026-01-29T00:15:40.656+0000] {dagbag.py:545} INFO - Filling up the DagBag from /home/airflow/.local/lib/python3.12/site-packages/airflow/example_dags/tutorial_objectstorage.py
[2026-01-29T00:15:40.665+0000] {processor.py:840} INFO - DAG(s) 'tutorial_objectstorage' retrieved from /home/airflow/.local/lib/python3.12/site-packages/airflow/example_dags/tutorial_objectstorage.py
[2026-01-29T00:15:40.684+0000] {logging_mixin.py:188} INFO - [2026-01-29T00:15:40.684+0000] {dag.py:3089} INFO - Sync 1 DAGs
[2026-01-29T00:15:40.698+0000] {logging_mixin.py:188} INFO - [2026-01-29T00:15:40.698+0000] {dag.py:3947} INFO - Setting next_dagrun for tutorial_objectstorage to None, run_after=None
[2026-01-29T00:15:40.719+0000] {processor.py:183} INFO - Processing /home/airflow/.local/lib/python3.12/site-packages/airflow/example_dags/tutorial_objectstorage.py took 0.074 seconds
[2026-01-29T00:16:11.355+0000] {processor.py:161} INFO - Started process (PID=64326) to work on /home/airflow/.local/lib/python3.12/site-packages/airflow/example_dags/tutorial_objectstorage.py
[2026-01-29T00:16:11.356+0000] {processor.py:830} INFO - Processing file /home/airflow/.local/lib/python3.12/site-packages/airflow/example_dags/tutorial_objectstorage.py for tasks to queue
[2026-01-29T00:16:11.358+0000] {logging_mixin.py:188} INFO - [2026-01-29T00:16:11.357+0000] {dagbag.py:545} INFO - Filling up the DagBag from /home/airflow/.local/lib/python3.12/site-packages/airflow/example_dags/tutorial_objectstorage.py
[2026-01-29T00:16:11.366+0000] {processor.py:840} INFO - DAG(s) 'tutorial_objectstorage' retrieved from /home/airflow/.local/lib/python3.12/site-packages/airflow/example_dags/tutorial_objectstorage.py
[2026-01-29T00:16:11.386+0000] {logging_mixin.py:188} INFO - [2026-01-29T00:16:11.385+0000] {dag.py:3089} INFO - Sync 1 DAGs
[2026-01-29T00:16:11.400+0000] {logging_mixin.py:188} INFO - [2026-01-29T00:16:11.400+0000] {dag.py:3947} INFO - Setting next_dagrun for tutorial_objectstorage to None, run_after=None
[2026-01-29T00:16:11.419+0000] {processor.py:183} INFO - Processing /home/airflow/.local/lib/python3.12/site-packages/airflow/example_dags/tutorial_objectstorage.py took 0.072 seconds
[2026-01-29T00:16:42.055+0000] {processor.py:161} INFO - Started process (PID=64385) to work on /home/airflow/.local/lib/python3.12/site-packages/airflow/example_dags/tutorial_objectstorage.py
[2026-01-29T00:16:42.057+0000] {processor.py:830} INFO - Processing file /home/airflow/.local/lib/python3.12/site-packages/airflow/example_dags/tutorial_objectstorage.py for tasks to queue
[2026-01-29T00:16:42.059+0000] {logging_mixin.py:188} INFO - [2026-01-29T00:16:42.058+0000] {dagbag.py:545} INFO - Filling up the DagBag from /home/airflow/.local/lib/python3.12/site-packages/airflow/example_dags/tutorial_objectstorage.py
[2026-01-29T00:16:42.067+0000] {processor.py:840} INFO - DAG(s) 'tutorial_objectstorage' retrieved from /home/airflow/.local/lib/python3.12/site-packages/airflow/example_dags/tutorial_objectstorage.py
[2026-01-29T00:16:42.088+0000] {logging_mixin.py:188} INFO - [2026-01-29T00:16:42.087+0000] {dag.py:3089} INFO - Sync 1 DAGs
[2026-01-29T00:16:42.102+0000] {logging_mixin.py:188} INFO - [2026-01-29T00:16:42.102+0000] {dag.py:3947} INFO - Setting next_dagrun for tutorial_objectstorage to None, run_after=None
[2026-01-29T00:16:42.123+0000] {processor.py:183} INFO - Processing /home/airflow/.local/lib/python3.12/site-packages/airflow/example_dags/tutorial_objectstorage.py took 0.075 seconds
[2026-01-29T00:17:12.815+0000] {processor.py:161} INFO - Started process (PID=64449) to work on /home/airflow/.local/lib/python3.12/site-packages/airflow/example_dags/tutorial_objectstorage.py
[2026-01-29T00:17:12.815+0000] {processor.py:830} INFO - Processing file /home/airflow/.local/lib/python3.12/site-packages/airflow/example_dags/tutorial_objectstorage.py for tasks to queue
[2026-01-29T00:17:12.817+0000] {logging_mixin.py:188} INFO - [2026-01-29T00:17:12.817+0000] {dagbag.py:545} INFO - Filling up the DagBag from /home/airflow/.local/lib/python3.12/site-packages/airflow/example_dags/tutorial_objectstorage.py
[2026-01-29T00:17:12.826+0000] {processor.py:840} INFO - DAG(s) 'tutorial_objectstorage' retrieved from /home/airflow/.local/lib/python3.12/site-packages/airflow/example_dags/tutorial_objectstorage.py
[2026-01-29T00:17:12.846+0000] {logging_mixin.py:188} INFO - [2026-01-29T00:17:12.846+0000] {dag.py:3089} INFO - Sync 1 DAGs
[2026-01-29T00:17:12.860+0000] {logging_mixin.py:188} INFO - [2026-01-29T00:17:12.860+0000] {dag.py:3947} INFO - Setting next_dagrun for tutorial_objectstorage to None, run_after=None
[2026-01-29T00:17:12.881+0000] {processor.py:183} INFO - Processing /home/airflow/.local/lib/python3.12/site-packages/airflow/example_dags/tutorial_objectstorage.py took 0.074 seconds
[2026-01-29T00:17:43.435+0000] {processor.py:161} INFO - Started process (PID=64508) to work on /home/airflow/.local/lib/python3.12/site-packages/airflow/example_dags/tutorial_objectstorage.py
[2026-01-29T00:17:43.436+0000] {processor.py:830} INFO - Processing file /home/airflow/.local/lib/python3.12/site-packages/airflow/example_dags/tutorial_objectstorage.py for tasks to queue
[2026-01-29T00:17:43.438+0000] {logging_mixin.py:188} INFO - [2026-01-29T00:17:43.438+0000] {dagbag.py:545} INFO - Filling up the DagBag from /home/airflow/.local/lib/python3.12/site-packages/airflow/example_dags/tutorial_objectstorage.py
[2026-01-29T00:17:43.447+0000] {processor.py:840} INFO - DAG(s) 'tutorial_objectstorage' retrieved from /home/airflow/.local/lib/python3.12/site-packages/airflow/example_dags/tutorial_objectstorage.py
[2026-01-29T00:17:43.468+0000] {logging_mixin.py:188} INFO - [2026-01-29T00:17:43.468+0000] {dag.py:3089} INFO - Sync 1 DAGs
[2026-01-29T00:17:43.483+0000] {logging_mixin.py:188} INFO - [2026-01-29T00:17:43.483+0000] {dag.py:3947} INFO - Setting next_dagrun for tutorial_objectstorage to None, run_after=None
[2026-01-29T00:17:43.504+0000] {processor.py:183} INFO - Processing /home/airflow/.local/lib/python3.12/site-packages/airflow/example_dags/tutorial_objectstorage.py took 0.077 seconds
[2026-01-29T00:18:14.191+0000] {processor.py:161} INFO - Started process (PID=64572) to work on /home/airflow/.local/lib/python3.12/site-packages/airflow/example_dags/tutorial_objectstorage.py
[2026-01-29T00:18:14.191+0000] {processor.py:830} INFO - Processing file /home/airflow/.local/lib/python3.12/site-packages/airflow/example_dags/tutorial_objectstorage.py for tasks to queue
[2026-01-29T00:18:14.193+0000] {logging_mixin.py:188} INFO - [2026-01-29T00:18:14.193+0000] {dagbag.py:545} INFO - Filling up the DagBag from /home/airflow/.local/lib/python3.12/site-packages/airflow/example_dags/tutorial_objectstorage.py
[2026-01-29T00:18:14.202+0000] {processor.py:840} INFO - DAG(s) 'tutorial_objectstorage' retrieved from /home/airflow/.local/lib/python3.12/site-packages/airflow/example_dags/tutorial_objectstorage.py
[2026-01-29T00:18:14.222+0000] {logging_mixin.py:188} INFO - [2026-01-29T00:18:14.222+0000] {dag.py:3089} INFO - Sync 1 DAGs
[2026-01-29T00:18:14.236+0000] {logging_mixin.py:188} INFO - [2026-01-29T00:18:14.236+0000] {dag.py:3947} INFO - Setting next_dagrun for tutorial_objectstorage to None, run_after=None
[2026-01-29T00:18:14.256+0000] {processor.py:183} INFO - Processing /home/airflow/.local/lib/python3.12/site-packages/airflow/example_dags/tutorial_objectstorage.py took 0.073 seconds
[2026-01-29T00:18:44.823+0000] {processor.py:161} INFO - Started process (PID=64631) to work on /home/airflow/.local/lib/python3.12/site-packages/airflow/example_dags/tutorial_objectstorage.py
[2026-01-29T00:18:44.825+0000] {processor.py:830} INFO - Processing file /home/airflow/.local/lib/python3.12/site-packages/airflow/example_dags/tutorial_objectstorage.py for tasks to queue
[2026-01-29T00:18:44.827+0000] {logging_mixin.py:188} INFO - [2026-01-29T00:18:44.826+0000] {dagbag.py:545} INFO - Filling up the DagBag from /home/airflow/.local/lib/python3.12/site-packages/airflow/example_dags/tutorial_objectstorage.py
[2026-01-29T00:18:44.835+0000] {processor.py:840} INFO - DAG(s) 'tutorial_objectstorage' retrieved from /home/airflow/.local/lib/python3.12/site-packages/airflow/example_dags/tutorial_objectstorage.py
[2026-01-29T00:18:44.857+0000] {logging_mixin.py:188} INFO - [2026-01-29T00:18:44.856+0000] {dag.py:3089} INFO - Sync 1 DAGs
[2026-01-29T00:18:44.872+0000] {logging_mixin.py:188} INFO - [2026-01-29T00:18:44.872+0000] {dag.py:3947} INFO - Setting next_dagrun for tutorial_objectstorage to None, run_after=None
[2026-01-29T00:18:44.896+0000] {processor.py:183} INFO - Processing /home/airflow/.local/lib/python3.12/site-packages/airflow/example_dags/tutorial_objectstorage.py took 0.080 seconds
[2026-01-29T00:19:15.576+0000] {processor.py:161} INFO - Started process (PID=64695) to work on /home/airflow/.local/lib/python3.12/site-packages/airflow/example_dags/tutorial_objectstorage.py
[2026-01-29T00:19:15.576+0000] {processor.py:830} INFO - Processing file /home/airflow/.local/lib/python3.12/site-packages/airflow/example_dags/tutorial_objectstorage.py for tasks to queue
[2026-01-29T00:19:15.579+0000] {logging_mixin.py:188} INFO - [2026-01-29T00:19:15.578+0000] {dagbag.py:545} INFO - Filling up the DagBag from /home/airflow/.local/lib/python3.12/site-packages/airflow/example_dags/tutorial_objectstorage.py
[2026-01-29T00:19:15.586+0000] {processor.py:840} INFO - DAG(s) 'tutorial_objectstorage' retrieved from /home/airflow/.local/lib/python3.12/site-packages/airflow/example_dags/tutorial_objectstorage.py
[2026-01-29T00:19:15.606+0000] {logging_mixin.py:188} INFO - [2026-01-29T00:19:15.606+0000] {dag.py:3089} INFO - Sync 1 DAGs
[2026-01-29T00:19:15.621+0000] {logging_mixin.py:188} INFO - [2026-01-29T00:19:15.621+0000] {dag.py:3947} INFO - Setting next_dagrun for tutorial_objectstorage to None, run_after=None
[2026-01-29T00:19:15.643+0000] {processor.py:183} INFO - Processing /home/airflow/.local/lib/python3.12/site-packages/airflow/example_dags/tutorial_objectstorage.py took 0.074 seconds
[2026-01-29T00:19:46.124+0000] {processor.py:161} INFO - Started process (PID=64754) to work on /home/airflow/.local/lib/python3.12/site-packages/airflow/example_dags/tutorial_objectstorage.py
[2026-01-29T00:19:46.125+0000] {processor.py:830} INFO - Processing file /home/airflow/.local/lib/python3.12/site-packages/airflow/example_dags/tutorial_objectstorage.py for tasks to queue
[2026-01-29T00:19:46.127+0000] {logging_mixin.py:188} INFO - [2026-01-29T00:19:46.127+0000] {dagbag.py:545} INFO - Filling up the DagBag from /home/airflow/.local/lib/python3.12/site-packages/airflow/example_dags/tutorial_objectstorage.py
[2026-01-29T00:19:46.136+0000] {processor.py:840} INFO - DAG(s) 'tutorial_objectstorage' retrieved from /home/airflow/.local/lib/python3.12/site-packages/airflow/example_dags/tutorial_objectstorage.py
[2026-01-29T00:19:46.156+0000] {logging_mixin.py:188} INFO - [2026-01-29T00:19:46.156+0000] {dag.py:3089} INFO - Sync 1 DAGs
[2026-01-29T00:19:46.170+0000] {logging_mixin.py:188} INFO - [2026-01-29T00:19:46.169+0000] {dag.py:3947} INFO - Setting next_dagrun for tutorial_objectstorage to None, run_after=None
[2026-01-29T00:19:46.190+0000] {processor.py:183} INFO - Processing /home/airflow/.local/lib/python3.12/site-packages/airflow/example_dags/tutorial_objectstorage.py took 0.074 seconds
[2026-01-29T00:20:16.843+0000] {processor.py:161} INFO - Started process (PID=64818) to work on /home/airflow/.local/lib/python3.12/site-packages/airflow/example_dags/tutorial_objectstorage.py
[2026-01-29T00:20:16.844+0000] {processor.py:830} INFO - Processing file /home/airflow/.local/lib/python3.12/site-packages/airflow/example_dags/tutorial_objectstorage.py for tasks to queue
[2026-01-29T00:20:16.846+0000] {logging_mixin.py:188} INFO - [2026-01-29T00:20:16.846+0000] {dagbag.py:545} INFO - Filling up the DagBag from /home/airflow/.local/lib/python3.12/site-packages/airflow/example_dags/tutorial_objectstorage.py
[2026-01-29T00:20:16.855+0000] {processor.py:840} INFO - DAG(s) 'tutorial_objectstorage' retrieved from /home/airflow/.local/lib/python3.12/site-packages/airflow/example_dags/tutorial_objectstorage.py
[2026-01-29T00:20:16.875+0000] {logging_mixin.py:188} INFO - [2026-01-29T00:20:16.875+0000] {dag.py:3089} INFO - Sync 1 DAGs
[2026-01-29T00:20:16.889+0000] {logging_mixin.py:188} INFO - [2026-01-29T00:20:16.889+0000] {dag.py:3947} INFO - Setting next_dagrun for tutorial_objectstorage to None, run_after=None
[2026-01-29T00:20:16.909+0000] {processor.py:183} INFO - Processing /home/airflow/.local/lib/python3.12/site-packages/airflow/example_dags/tutorial_objectstorage.py took 0.074 seconds
[2026-01-29T00:20:47.465+0000] {processor.py:161} INFO - Started process (PID=64877) to work on /home/airflow/.local/lib/python3.12/site-packages/airflow/example_dags/tutorial_objectstorage.py
[2026-01-29T00:20:47.467+0000] {processor.py:830} INFO - Processing file /home/airflow/.local/lib/python3.12/site-packages/airflow/example_dags/tutorial_objectstorage.py for tasks to queue
[2026-01-29T00:20:47.469+0000] {logging_mixin.py:188} INFO - [2026-01-29T00:20:47.468+0000] {dagbag.py:545} INFO - Filling up the DagBag from /home/airflow/.local/lib/python3.12/site-packages/airflow/example_dags/tutorial_objectstorage.py
[2026-01-29T00:20:47.477+0000] {processor.py:840} INFO - DAG(s) 'tutorial_objectstorage' retrieved from /home/airflow/.local/lib/python3.12/site-packages/airflow/example_dags/tutorial_objectstorage.py
[2026-01-29T00:20:47.498+0000] {logging_mixin.py:188} INFO - [2026-01-29T00:20:47.498+0000] {dag.py:3089} INFO - Sync 1 DAGs
[2026-01-29T00:20:47.512+0000] {logging_mixin.py:188} INFO - [2026-01-29T00:20:47.512+0000] {dag.py:3947} INFO - Setting next_dagrun for tutorial_objectstorage to None, run_after=None
[2026-01-29T00:20:47.534+0000] {processor.py:183} INFO - Processing /home/airflow/.local/lib/python3.12/site-packages/airflow/example_dags/tutorial_objectstorage.py took 0.077 seconds
[2026-01-29T00:21:18.152+0000] {processor.py:161} INFO - Started process (PID=64941) to work on /home/airflow/.local/lib/python3.12/site-packages/airflow/example_dags/tutorial_objectstorage.py
[2026-01-29T00:21:18.153+0000] {processor.py:830} INFO - Processing file /home/airflow/.local/lib/python3.12/site-packages/airflow/example_dags/tutorial_objectstorage.py for tasks to queue
[2026-01-29T00:21:18.154+0000] {logging_mixin.py:188} INFO - [2026-01-29T00:21:18.154+0000] {dagbag.py:545} INFO - Filling up the DagBag from /home/airflow/.local/lib/python3.12/site-packages/airflow/example_dags/tutorial_objectstorage.py
[2026-01-29T00:21:18.163+0000] {processor.py:840} INFO - DAG(s) 'tutorial_objectstorage' retrieved from /home/airflow/.local/lib/python3.12/site-packages/airflow/example_dags/tutorial_objectstorage.py
[2026-01-29T00:21:18.189+0000] {logging_mixin.py:188} INFO - [2026-01-29T00:21:18.189+0000] {dag.py:3089} INFO - Sync 1 DAGs
[2026-01-29T00:21:18.204+0000] {logging_mixin.py:188} INFO - [2026-01-29T00:21:18.204+0000] {dag.py:3947} INFO - Setting next_dagrun for tutorial_objectstorage to None, run_after=None
[2026-01-29T00:21:18.225+0000] {processor.py:183} INFO - Processing /home/airflow/.local/lib/python3.12/site-packages/airflow/example_dags/tutorial_objectstorage.py took 0.080 seconds
[2026-01-29T00:21:48.779+0000] {processor.py:161} INFO - Started process (PID=65000) to work on /home/airflow/.local/lib/python3.12/site-packages/airflow/example_dags/tutorial_objectstorage.py
[2026-01-29T00:21:48.781+0000] {processor.py:830} INFO - Processing file /home/airflow/.local/lib/python3.12/site-packages/airflow/example_dags/tutorial_objectstorage.py for tasks to queue
[2026-01-29T00:21:48.783+0000] {logging_mixin.py:188} INFO - [2026-01-29T00:21:48.782+0000] {dagbag.py:545} INFO - Filling up the DagBag from /home/airflow/.local/lib/python3.12/site-packages/airflow/example_dags/tutorial_objectstorage.py
[2026-01-29T00:21:48.791+0000] {processor.py:840} INFO - DAG(s) 'tutorial_objectstorage' retrieved from /home/airflow/.local/lib/python3.12/site-packages/airflow/example_dags/tutorial_objectstorage.py
[2026-01-29T00:21:48.812+0000] {logging_mixin.py:188} INFO - [2026-01-29T00:21:48.812+0000] {dag.py:3089} INFO - Sync 1 DAGs
[2026-01-29T00:21:48.827+0000] {logging_mixin.py:188} INFO - [2026-01-29T00:21:48.827+0000] {dag.py:3947} INFO - Setting next_dagrun for tutorial_objectstorage to None, run_after=None
[2026-01-29T00:21:48.848+0000] {processor.py:183} INFO - Processing /home/airflow/.local/lib/python3.12/site-packages/airflow/example_dags/tutorial_objectstorage.py took 0.076 seconds
[2026-01-29T00:22:19.588+0000] {processor.py:161} INFO - Started process (PID=65064) to work on /home/airflow/.local/lib/python3.12/site-packages/airflow/example_dags/tutorial_objectstorage.py
[2026-01-29T00:22:19.589+0000] {processor.py:830} INFO - Processing file /home/airflow/.local/lib/python3.12/site-packages/airflow/example_dags/tutorial_objectstorage.py for tasks to queue
[2026-01-29T00:22:19.591+0000] {logging_mixin.py:188} INFO - [2026-01-29T00:22:19.591+0000] {dagbag.py:545} INFO - Filling up the DagBag from /home/airflow/.local/lib/python3.12/site-packages/airflow/example_dags/tutorial_objectstorage.py
[2026-01-29T00:22:19.599+0000] {processor.py:840} INFO - DAG(s) 'tutorial_objectstorage' retrieved from /home/airflow/.local/lib/python3.12/site-packages/airflow/example_dags/tutorial_objectstorage.py
[2026-01-29T00:22:19.625+0000] {logging_mixin.py:188} INFO - [2026-01-29T00:22:19.624+0000] {dag.py:3089} INFO - Sync 1 DAGs
[2026-01-29T00:22:19.643+0000] {logging_mixin.py:188} INFO - [2026-01-29T00:22:19.643+0000] {dag.py:3947} INFO - Setting next_dagrun for tutorial_objectstorage to None, run_after=None
[2026-01-29T00:22:19.667+0000] {processor.py:183} INFO - Processing /home/airflow/.local/lib/python3.12/site-packages/airflow/example_dags/tutorial_objectstorage.py took 0.086 seconds
[2026-01-29T00:22:50.237+0000] {processor.py:161} INFO - Started process (PID=65123) to work on /home/airflow/.local/lib/python3.12/site-packages/airflow/example_dags/tutorial_objectstorage.py
[2026-01-29T00:22:50.238+0000] {processor.py:830} INFO - Processing file /home/airflow/.local/lib/python3.12/site-packages/airflow/example_dags/tutorial_objectstorage.py for tasks to queue
[2026-01-29T00:22:50.240+0000] {logging_mixin.py:188} INFO - [2026-01-29T00:22:50.240+0000] {dagbag.py:545} INFO - Filling up the DagBag from /home/airflow/.local/lib/python3.12/site-packages/airflow/example_dags/tutorial_objectstorage.py
[2026-01-29T00:22:50.249+0000] {processor.py:840} INFO - DAG(s) 'tutorial_objectstorage' retrieved from /home/airflow/.local/lib/python3.12/site-packages/airflow/example_dags/tutorial_objectstorage.py
[2026-01-29T00:22:50.268+0000] {logging_mixin.py:188} INFO - [2026-01-29T00:22:50.268+0000] {dag.py:3089} INFO - Sync 1 DAGs
[2026-01-29T00:22:50.282+0000] {logging_mixin.py:188} INFO - [2026-01-29T00:22:50.281+0000] {dag.py:3947} INFO - Setting next_dagrun for tutorial_objectstorage to None, run_after=None
[2026-01-29T00:22:50.301+0000] {processor.py:183} INFO - Processing /home/airflow/.local/lib/python3.12/site-packages/airflow/example_dags/tutorial_objectstorage.py took 0.071 seconds
[2026-01-29T00:23:20.881+0000] {processor.py:161} INFO - Started process (PID=65187) to work on /home/airflow/.local/lib/python3.12/site-packages/airflow/example_dags/tutorial_objectstorage.py
[2026-01-29T00:23:20.881+0000] {processor.py:830} INFO - Processing file /home/airflow/.local/lib/python3.12/site-packages/airflow/example_dags/tutorial_objectstorage.py for tasks to queue
[2026-01-29T00:23:20.883+0000] {logging_mixin.py:188} INFO - [2026-01-29T00:23:20.883+0000] {dagbag.py:545} INFO - Filling up the DagBag from /home/airflow/.local/lib/python3.12/site-packages/airflow/example_dags/tutorial_objectstorage.py
[2026-01-29T00:23:20.892+0000] {processor.py:840} INFO - DAG(s) 'tutorial_objectstorage' retrieved from /home/airflow/.local/lib/python3.12/site-packages/airflow/example_dags/tutorial_objectstorage.py
[2026-01-29T00:23:20.910+0000] {logging_mixin.py:188} INFO - [2026-01-29T00:23:20.910+0000] {dag.py:3089} INFO - Sync 1 DAGs
[2026-01-29T00:23:20.924+0000] {logging_mixin.py:188} INFO - [2026-01-29T00:23:20.924+0000] {dag.py:3947} INFO - Setting next_dagrun for tutorial_objectstorage to None, run_after=None
[2026-01-29T00:23:20.945+0000] {processor.py:183} INFO - Processing /home/airflow/.local/lib/python3.12/site-packages/airflow/example_dags/tutorial_objectstorage.py took 0.072 seconds
[2026-01-29T00:23:51.520+0000] {processor.py:161} INFO - Started process (PID=65246) to work on /home/airflow/.local/lib/python3.12/site-packages/airflow/example_dags/tutorial_objectstorage.py
[2026-01-29T00:23:51.521+0000] {processor.py:830} INFO - Processing file /home/airflow/.local/lib/python3.12/site-packages/airflow/example_dags/tutorial_objectstorage.py for tasks to queue
[2026-01-29T00:23:51.523+0000] {logging_mixin.py:188} INFO - [2026-01-29T00:23:51.523+0000] {dagbag.py:545} INFO - Filling up the DagBag from /home/airflow/.local/lib/python3.12/site-packages/airflow/example_dags/tutorial_objectstorage.py
[2026-01-29T00:23:51.533+0000] {processor.py:840} INFO - DAG(s) 'tutorial_objectstorage' retrieved from /home/airflow/.local/lib/python3.12/site-packages/airflow/example_dags/tutorial_objectstorage.py
[2026-01-29T00:23:51.554+0000] {logging_mixin.py:188} INFO - [2026-01-29T00:23:51.554+0000] {dag.py:3089} INFO - Sync 1 DAGs
[2026-01-29T00:23:51.568+0000] {logging_mixin.py:188} INFO - [2026-01-29T00:23:51.568+0000] {dag.py:3947} INFO - Setting next_dagrun for tutorial_objectstorage to None, run_after=None
[2026-01-29T00:23:51.589+0000] {processor.py:183} INFO - Processing /home/airflow/.local/lib/python3.12/site-packages/airflow/example_dags/tutorial_objectstorage.py took 0.077 seconds
[2026-01-29T00:24:22.083+0000] {processor.py:161} INFO - Started process (PID=65310) to work on /home/airflow/.local/lib/python3.12/site-packages/airflow/example_dags/tutorial_objectstorage.py
[2026-01-29T00:24:22.084+0000] {processor.py:830} INFO - Processing file /home/airflow/.local/lib/python3.12/site-packages/airflow/example_dags/tutorial_objectstorage.py for tasks to queue
[2026-01-29T00:24:22.086+0000] {logging_mixin.py:188} INFO - [2026-01-29T00:24:22.086+0000] {dagbag.py:545} INFO - Filling up the DagBag from /home/airflow/.local/lib/python3.12/site-packages/airflow/example_dags/tutorial_objectstorage.py
[2026-01-29T00:24:22.094+0000] {processor.py:840} INFO - DAG(s) 'tutorial_objectstorage' retrieved from /home/airflow/.local/lib/python3.12/site-packages/airflow/example_dags/tutorial_objectstorage.py
[2026-01-29T00:24:22.114+0000] {logging_mixin.py:188} INFO - [2026-01-29T00:24:22.114+0000] {dag.py:3089} INFO - Sync 1 DAGs
[2026-01-29T00:24:22.128+0000] {logging_mixin.py:188} INFO - [2026-01-29T00:24:22.128+0000] {dag.py:3947} INFO - Setting next_dagrun for tutorial_objectstorage to None, run_after=None
[2026-01-29T00:24:22.148+0000] {processor.py:183} INFO - Processing /home/airflow/.local/lib/python3.12/site-packages/airflow/example_dags/tutorial_objectstorage.py took 0.072 seconds
[2026-01-29T00:24:52.721+0000] {processor.py:161} INFO - Started process (PID=65369) to work on /home/airflow/.local/lib/python3.12/site-packages/airflow/example_dags/tutorial_objectstorage.py
[2026-01-29T00:24:52.723+0000] {processor.py:830} INFO - Processing file /home/airflow/.local/lib/python3.12/site-packages/airflow/example_dags/tutorial_objectstorage.py for tasks to queue
[2026-01-29T00:24:52.725+0000] {logging_mixin.py:188} INFO - [2026-01-29T00:24:52.724+0000] {dagbag.py:545} INFO - Filling up the DagBag from /home/airflow/.local/lib/python3.12/site-packages/airflow/example_dags/tutorial_objectstorage.py
[2026-01-29T00:24:52.733+0000] {processor.py:840} INFO - DAG(s) 'tutorial_objectstorage' retrieved from /home/airflow/.local/lib/python3.12/site-packages/airflow/example_dags/tutorial_objectstorage.py
[2026-01-29T00:24:52.754+0000] {logging_mixin.py:188} INFO - [2026-01-29T00:24:52.754+0000] {dag.py:3089} INFO - Sync 1 DAGs
[2026-01-29T00:24:52.768+0000] {logging_mixin.py:188} INFO - [2026-01-29T00:24:52.768+0000] {dag.py:3947} INFO - Setting next_dagrun for tutorial_objectstorage to None, run_after=None
[2026-01-29T00:24:52.789+0000] {processor.py:183} INFO - Processing /home/airflow/.local/lib/python3.12/site-packages/airflow/example_dags/tutorial_objectstorage.py took 0.076 seconds
[2026-01-29T00:25:23.363+0000] {processor.py:161} INFO - Started process (PID=65433) to work on /home/airflow/.local/lib/python3.12/site-packages/airflow/example_dags/tutorial_objectstorage.py
[2026-01-29T00:25:23.363+0000] {processor.py:830} INFO - Processing file /home/airflow/.local/lib/python3.12/site-packages/airflow/example_dags/tutorial_objectstorage.py for tasks to queue
[2026-01-29T00:25:23.365+0000] {logging_mixin.py:188} INFO - [2026-01-29T00:25:23.365+0000] {dagbag.py:545} INFO - Filling up the DagBag from /home/airflow/.local/lib/python3.12/site-packages/airflow/example_dags/tutorial_objectstorage.py
[2026-01-29T00:25:23.374+0000] {processor.py:840} INFO - DAG(s) 'tutorial_objectstorage' retrieved from /home/airflow/.local/lib/python3.12/site-packages/airflow/example_dags/tutorial_objectstorage.py
[2026-01-29T00:25:23.394+0000] {logging_mixin.py:188} INFO - [2026-01-29T00:25:23.394+0000] {dag.py:3089} INFO - Sync 1 DAGs
[2026-01-29T00:25:23.408+0000] {logging_mixin.py:188} INFO - [2026-01-29T00:25:23.408+0000] {dag.py:3947} INFO - Setting next_dagrun for tutorial_objectstorage to None, run_after=None
[2026-01-29T00:25:23.428+0000] {processor.py:183} INFO - Processing /home/airflow/.local/lib/python3.12/site-packages/airflow/example_dags/tutorial_objectstorage.py took 0.072 seconds
[2026-01-29T00:25:54.034+0000] {processor.py:161} INFO - Started process (PID=65492) to work on /home/airflow/.local/lib/python3.12/site-packages/airflow/example_dags/tutorial_objectstorage.py
[2026-01-29T00:25:54.036+0000] {processor.py:830} INFO - Processing file /home/airflow/.local/lib/python3.12/site-packages/airflow/example_dags/tutorial_objectstorage.py for tasks to queue
[2026-01-29T00:25:54.038+0000] {logging_mixin.py:188} INFO - [2026-01-29T00:25:54.037+0000] {dagbag.py:545} INFO - Filling up the DagBag from /home/airflow/.local/lib/python3.12/site-packages/airflow/example_dags/tutorial_objectstorage.py
[2026-01-29T00:25:54.045+0000] {processor.py:840} INFO - DAG(s) 'tutorial_objectstorage' retrieved from /home/airflow/.local/lib/python3.12/site-packages/airflow/example_dags/tutorial_objectstorage.py
[2026-01-29T00:25:54.066+0000] {logging_mixin.py:188} INFO - [2026-01-29T00:25:54.066+0000] {dag.py:3089} INFO - Sync 1 DAGs
[2026-01-29T00:25:54.079+0000] {logging_mixin.py:188} INFO - [2026-01-29T00:25:54.079+0000] {dag.py:3947} INFO - Setting next_dagrun for tutorial_objectstorage to None, run_after=None
[2026-01-29T00:25:54.099+0000] {processor.py:183} INFO - Processing /home/airflow/.local/lib/python3.12/site-packages/airflow/example_dags/tutorial_objectstorage.py took 0.072 seconds
[2026-01-29T00:26:24.497+0000] {processor.py:161} INFO - Started process (PID=65556) to work on /home/airflow/.local/lib/python3.12/site-packages/airflow/example_dags/tutorial_objectstorage.py
[2026-01-29T00:26:24.498+0000] {processor.py:830} INFO - Processing file /home/airflow/.local/lib/python3.12/site-packages/airflow/example_dags/tutorial_objectstorage.py for tasks to queue
[2026-01-29T00:26:24.501+0000] {logging_mixin.py:188} INFO - [2026-01-29T00:26:24.500+0000] {dagbag.py:545} INFO - Filling up the DagBag from /home/airflow/.local/lib/python3.12/site-packages/airflow/example_dags/tutorial_objectstorage.py
[2026-01-29T00:26:24.511+0000] {processor.py:840} INFO - DAG(s) 'tutorial_objectstorage' retrieved from /home/airflow/.local/lib/python3.12/site-packages/airflow/example_dags/tutorial_objectstorage.py
[2026-01-29T00:26:24.532+0000] {logging_mixin.py:188} INFO - [2026-01-29T00:26:24.532+0000] {dag.py:3089} INFO - Sync 1 DAGs
[2026-01-29T00:26:24.546+0000] {logging_mixin.py:188} INFO - [2026-01-29T00:26:24.546+0000] {dag.py:3947} INFO - Setting next_dagrun for tutorial_objectstorage to None, run_after=None
[2026-01-29T00:26:24.567+0000] {processor.py:183} INFO - Processing /home/airflow/.local/lib/python3.12/site-packages/airflow/example_dags/tutorial_objectstorage.py took 0.080 seconds
[2026-01-29T00:26:55.179+0000] {processor.py:161} INFO - Started process (PID=65615) to work on /home/airflow/.local/lib/python3.12/site-packages/airflow/example_dags/tutorial_objectstorage.py
[2026-01-29T00:26:55.180+0000] {processor.py:830} INFO - Processing file /home/airflow/.local/lib/python3.12/site-packages/airflow/example_dags/tutorial_objectstorage.py for tasks to queue
[2026-01-29T00:26:55.182+0000] {logging_mixin.py:188} INFO - [2026-01-29T00:26:55.182+0000] {dagbag.py:545} INFO - Filling up the DagBag from /home/airflow/.local/lib/python3.12/site-packages/airflow/example_dags/tutorial_objectstorage.py
[2026-01-29T00:26:55.190+0000] {processor.py:840} INFO - DAG(s) 'tutorial_objectstorage' retrieved from /home/airflow/.local/lib/python3.12/site-packages/airflow/example_dags/tutorial_objectstorage.py
[2026-01-29T00:26:55.209+0000] {logging_mixin.py:188} INFO - [2026-01-29T00:26:55.209+0000] {dag.py:3089} INFO - Sync 1 DAGs
[2026-01-29T00:26:55.223+0000] {logging_mixin.py:188} INFO - [2026-01-29T00:26:55.223+0000] {dag.py:3947} INFO - Setting next_dagrun for tutorial_objectstorage to None, run_after=None
[2026-01-29T00:26:55.244+0000] {processor.py:183} INFO - Processing /home/airflow/.local/lib/python3.12/site-packages/airflow/example_dags/tutorial_objectstorage.py took 0.071 seconds
[2026-01-29T00:27:25.863+0000] {processor.py:161} INFO - Started process (PID=65679) to work on /home/airflow/.local/lib/python3.12/site-packages/airflow/example_dags/tutorial_objectstorage.py
[2026-01-29T00:27:25.864+0000] {processor.py:830} INFO - Processing file /home/airflow/.local/lib/python3.12/site-packages/airflow/example_dags/tutorial_objectstorage.py for tasks to queue
[2026-01-29T00:27:25.866+0000] {logging_mixin.py:188} INFO - [2026-01-29T00:27:25.865+0000] {dagbag.py:545} INFO - Filling up the DagBag from /home/airflow/.local/lib/python3.12/site-packages/airflow/example_dags/tutorial_objectstorage.py
[2026-01-29T00:27:25.873+0000] {processor.py:840} INFO - DAG(s) 'tutorial_objectstorage' retrieved from /home/airflow/.local/lib/python3.12/site-packages/airflow/example_dags/tutorial_objectstorage.py
[2026-01-29T00:27:25.892+0000] {logging_mixin.py:188} INFO - [2026-01-29T00:27:25.892+0000] {dag.py:3089} INFO - Sync 1 DAGs
[2026-01-29T00:27:25.905+0000] {logging_mixin.py:188} INFO - [2026-01-29T00:27:25.904+0000] {dag.py:3947} INFO - Setting next_dagrun for tutorial_objectstorage to None, run_after=None
[2026-01-29T00:27:25.928+0000] {processor.py:183} INFO - Processing /home/airflow/.local/lib/python3.12/site-packages/airflow/example_dags/tutorial_objectstorage.py took 0.072 seconds
[2026-01-29T00:27:56.556+0000] {processor.py:161} INFO - Started process (PID=65738) to work on /home/airflow/.local/lib/python3.12/site-packages/airflow/example_dags/tutorial_objectstorage.py
[2026-01-29T00:27:56.557+0000] {processor.py:830} INFO - Processing file /home/airflow/.local/lib/python3.12/site-packages/airflow/example_dags/tutorial_objectstorage.py for tasks to queue
[2026-01-29T00:27:56.559+0000] {logging_mixin.py:188} INFO - [2026-01-29T00:27:56.559+0000] {dagbag.py:545} INFO - Filling up the DagBag from /home/airflow/.local/lib/python3.12/site-packages/airflow/example_dags/tutorial_objectstorage.py
[2026-01-29T00:27:56.568+0000] {processor.py:840} INFO - DAG(s) 'tutorial_objectstorage' retrieved from /home/airflow/.local/lib/python3.12/site-packages/airflow/example_dags/tutorial_objectstorage.py
[2026-01-29T00:27:56.594+0000] {logging_mixin.py:188} INFO - [2026-01-29T00:27:56.593+0000] {dag.py:3089} INFO - Sync 1 DAGs
[2026-01-29T00:27:56.612+0000] {logging_mixin.py:188} INFO - [2026-01-29T00:27:56.612+0000] {dag.py:3947} INFO - Setting next_dagrun for tutorial_objectstorage to None, run_after=None
[2026-01-29T00:27:56.633+0000] {processor.py:183} INFO - Processing /home/airflow/.local/lib/python3.12/site-packages/airflow/example_dags/tutorial_objectstorage.py took 0.084 seconds
[2026-01-29T00:28:27.257+0000] {processor.py:161} INFO - Started process (PID=65808) to work on /home/airflow/.local/lib/python3.12/site-packages/airflow/example_dags/tutorial_objectstorage.py
[2026-01-29T00:28:27.258+0000] {processor.py:830} INFO - Processing file /home/airflow/.local/lib/python3.12/site-packages/airflow/example_dags/tutorial_objectstorage.py for tasks to queue
[2026-01-29T00:28:27.260+0000] {logging_mixin.py:188} INFO - [2026-01-29T00:28:27.260+0000] {dagbag.py:545} INFO - Filling up the DagBag from /home/airflow/.local/lib/python3.12/site-packages/airflow/example_dags/tutorial_objectstorage.py
[2026-01-29T00:28:27.268+0000] {processor.py:840} INFO - DAG(s) 'tutorial_objectstorage' retrieved from /home/airflow/.local/lib/python3.12/site-packages/airflow/example_dags/tutorial_objectstorage.py
[2026-01-29T00:28:27.286+0000] {logging_mixin.py:188} INFO - [2026-01-29T00:28:27.286+0000] {dag.py:3089} INFO - Sync 1 DAGs
[2026-01-29T00:28:27.299+0000] {logging_mixin.py:188} INFO - [2026-01-29T00:28:27.298+0000] {dag.py:3947} INFO - Setting next_dagrun for tutorial_objectstorage to None, run_after=None
[2026-01-29T00:28:27.318+0000] {processor.py:183} INFO - Processing /home/airflow/.local/lib/python3.12/site-packages/airflow/example_dags/tutorial_objectstorage.py took 0.067 seconds
[2026-01-29T00:28:57.472+0000] {processor.py:161} INFO - Started process (PID=65867) to work on /home/airflow/.local/lib/python3.12/site-packages/airflow/example_dags/tutorial_objectstorage.py
[2026-01-29T00:28:57.473+0000] {processor.py:830} INFO - Processing file /home/airflow/.local/lib/python3.12/site-packages/airflow/example_dags/tutorial_objectstorage.py for tasks to queue
[2026-01-29T00:28:57.475+0000] {logging_mixin.py:188} INFO - [2026-01-29T00:28:57.475+0000] {dagbag.py:545} INFO - Filling up the DagBag from /home/airflow/.local/lib/python3.12/site-packages/airflow/example_dags/tutorial_objectstorage.py
[2026-01-29T00:28:57.484+0000] {processor.py:840} INFO - DAG(s) 'tutorial_objectstorage' retrieved from /home/airflow/.local/lib/python3.12/site-packages/airflow/example_dags/tutorial_objectstorage.py
[2026-01-29T00:28:57.504+0000] {logging_mixin.py:188} INFO - [2026-01-29T00:28:57.504+0000] {dag.py:3089} INFO - Sync 1 DAGs
[2026-01-29T00:28:57.518+0000] {logging_mixin.py:188} INFO - [2026-01-29T00:28:57.518+0000] {dag.py:3947} INFO - Setting next_dagrun for tutorial_objectstorage to None, run_after=None
[2026-01-29T00:28:57.545+0000] {processor.py:183} INFO - Processing /home/airflow/.local/lib/python3.12/site-packages/airflow/example_dags/tutorial_objectstorage.py took 0.080 seconds
[2026-01-29T00:29:27.805+0000] {processor.py:161} INFO - Started process (PID=65931) to work on /home/airflow/.local/lib/python3.12/site-packages/airflow/example_dags/tutorial_objectstorage.py
[2026-01-29T00:29:27.806+0000] {processor.py:830} INFO - Processing file /home/airflow/.local/lib/python3.12/site-packages/airflow/example_dags/tutorial_objectstorage.py for tasks to queue
[2026-01-29T00:29:27.808+0000] {logging_mixin.py:188} INFO - [2026-01-29T00:29:27.808+0000] {dagbag.py:545} INFO - Filling up the DagBag from /home/airflow/.local/lib/python3.12/site-packages/airflow/example_dags/tutorial_objectstorage.py
[2026-01-29T00:29:27.817+0000] {processor.py:840} INFO - DAG(s) 'tutorial_objectstorage' retrieved from /home/airflow/.local/lib/python3.12/site-packages/airflow/example_dags/tutorial_objectstorage.py
[2026-01-29T00:29:27.843+0000] {logging_mixin.py:188} INFO - [2026-01-29T00:29:27.842+0000] {dag.py:3089} INFO - Sync 1 DAGs
[2026-01-29T00:29:27.856+0000] {logging_mixin.py:188} INFO - [2026-01-29T00:29:27.856+0000] {dag.py:3947} INFO - Setting next_dagrun for tutorial_objectstorage to None, run_after=None
[2026-01-29T00:29:27.877+0000] {processor.py:183} INFO - Processing /home/airflow/.local/lib/python3.12/site-packages/airflow/example_dags/tutorial_objectstorage.py took 0.080 seconds
[2026-01-29T00:29:57.975+0000] {processor.py:161} INFO - Started process (PID=65990) to work on /home/airflow/.local/lib/python3.12/site-packages/airflow/example_dags/tutorial_objectstorage.py
[2026-01-29T00:29:57.976+0000] {processor.py:830} INFO - Processing file /home/airflow/.local/lib/python3.12/site-packages/airflow/example_dags/tutorial_objectstorage.py for tasks to queue
[2026-01-29T00:29:57.978+0000] {logging_mixin.py:188} INFO - [2026-01-29T00:29:57.978+0000] {dagbag.py:545} INFO - Filling up the DagBag from /home/airflow/.local/lib/python3.12/site-packages/airflow/example_dags/tutorial_objectstorage.py
[2026-01-29T00:29:57.986+0000] {processor.py:840} INFO - DAG(s) 'tutorial_objectstorage' retrieved from /home/airflow/.local/lib/python3.12/site-packages/airflow/example_dags/tutorial_objectstorage.py
[2026-01-29T00:29:58.008+0000] {logging_mixin.py:188} INFO - [2026-01-29T00:29:58.008+0000] {dag.py:3089} INFO - Sync 1 DAGs
[2026-01-29T00:29:58.022+0000] {logging_mixin.py:188} INFO - [2026-01-29T00:29:58.022+0000] {dag.py:3947} INFO - Setting next_dagrun for tutorial_objectstorage to None, run_after=None
[2026-01-29T00:29:58.043+0000] {processor.py:183} INFO - Processing /home/airflow/.local/lib/python3.12/site-packages/airflow/example_dags/tutorial_objectstorage.py took 0.075 seconds
[2026-01-29T00:30:28.152+0000] {processor.py:161} INFO - Started process (PID=66054) to work on /home/airflow/.local/lib/python3.12/site-packages/airflow/example_dags/tutorial_objectstorage.py
[2026-01-29T00:30:28.153+0000] {processor.py:830} INFO - Processing file /home/airflow/.local/lib/python3.12/site-packages/airflow/example_dags/tutorial_objectstorage.py for tasks to queue
[2026-01-29T00:30:28.155+0000] {logging_mixin.py:188} INFO - [2026-01-29T00:30:28.154+0000] {dagbag.py:545} INFO - Filling up the DagBag from /home/airflow/.local/lib/python3.12/site-packages/airflow/example_dags/tutorial_objectstorage.py
[2026-01-29T00:30:28.163+0000] {processor.py:840} INFO - DAG(s) 'tutorial_objectstorage' retrieved from /home/airflow/.local/lib/python3.12/site-packages/airflow/example_dags/tutorial_objectstorage.py
[2026-01-29T00:30:28.183+0000] {logging_mixin.py:188} INFO - [2026-01-29T00:30:28.183+0000] {dag.py:3089} INFO - Sync 1 DAGs
[2026-01-29T00:30:28.197+0000] {logging_mixin.py:188} INFO - [2026-01-29T00:30:28.196+0000] {dag.py:3947} INFO - Setting next_dagrun for tutorial_objectstorage to None, run_after=None
[2026-01-29T00:30:28.216+0000] {processor.py:183} INFO - Processing /home/airflow/.local/lib/python3.12/site-packages/airflow/example_dags/tutorial_objectstorage.py took 0.072 seconds
[2026-01-29T00:30:58.340+0000] {processor.py:161} INFO - Started process (PID=66113) to work on /home/airflow/.local/lib/python3.12/site-packages/airflow/example_dags/tutorial_objectstorage.py
[2026-01-29T00:30:58.341+0000] {processor.py:830} INFO - Processing file /home/airflow/.local/lib/python3.12/site-packages/airflow/example_dags/tutorial_objectstorage.py for tasks to queue
[2026-01-29T00:30:58.343+0000] {logging_mixin.py:188} INFO - [2026-01-29T00:30:58.343+0000] {dagbag.py:545} INFO - Filling up the DagBag from /home/airflow/.local/lib/python3.12/site-packages/airflow/example_dags/tutorial_objectstorage.py
[2026-01-29T00:30:58.352+0000] {processor.py:840} INFO - DAG(s) 'tutorial_objectstorage' retrieved from /home/airflow/.local/lib/python3.12/site-packages/airflow/example_dags/tutorial_objectstorage.py
[2026-01-29T00:30:58.378+0000] {logging_mixin.py:188} INFO - [2026-01-29T00:30:58.377+0000] {dag.py:3089} INFO - Sync 1 DAGs
[2026-01-29T00:30:58.394+0000] {logging_mixin.py:188} INFO - [2026-01-29T00:30:58.394+0000] {dag.py:3947} INFO - Setting next_dagrun for tutorial_objectstorage to None, run_after=None
[2026-01-29T00:30:58.415+0000] {processor.py:183} INFO - Processing /home/airflow/.local/lib/python3.12/site-packages/airflow/example_dags/tutorial_objectstorage.py took 0.083 seconds
[2026-01-29T00:31:28.707+0000] {processor.py:161} INFO - Started process (PID=66177) to work on /home/airflow/.local/lib/python3.12/site-packages/airflow/example_dags/tutorial_objectstorage.py
[2026-01-29T00:31:28.707+0000] {processor.py:830} INFO - Processing file /home/airflow/.local/lib/python3.12/site-packages/airflow/example_dags/tutorial_objectstorage.py for tasks to queue
[2026-01-29T00:31:28.709+0000] {logging_mixin.py:188} INFO - [2026-01-29T00:31:28.709+0000] {dagbag.py:545} INFO - Filling up the DagBag from /home/airflow/.local/lib/python3.12/site-packages/airflow/example_dags/tutorial_objectstorage.py
[2026-01-29T00:31:28.717+0000] {processor.py:840} INFO - DAG(s) 'tutorial_objectstorage' retrieved from /home/airflow/.local/lib/python3.12/site-packages/airflow/example_dags/tutorial_objectstorage.py
[2026-01-29T00:31:28.737+0000] {logging_mixin.py:188} INFO - [2026-01-29T00:31:28.737+0000] {dag.py:3089} INFO - Sync 1 DAGs
[2026-01-29T00:31:28.752+0000] {logging_mixin.py:188} INFO - [2026-01-29T00:31:28.752+0000] {dag.py:3947} INFO - Setting next_dagrun for tutorial_objectstorage to None, run_after=None
[2026-01-29T00:31:28.771+0000] {processor.py:183} INFO - Processing /home/airflow/.local/lib/python3.12/site-packages/airflow/example_dags/tutorial_objectstorage.py took 0.072 seconds
[2026-01-29T00:31:59.021+0000] {processor.py:161} INFO - Started process (PID=66236) to work on /home/airflow/.local/lib/python3.12/site-packages/airflow/example_dags/tutorial_objectstorage.py
[2026-01-29T00:31:59.022+0000] {processor.py:830} INFO - Processing file /home/airflow/.local/lib/python3.12/site-packages/airflow/example_dags/tutorial_objectstorage.py for tasks to queue
[2026-01-29T00:31:59.024+0000] {logging_mixin.py:188} INFO - [2026-01-29T00:31:59.024+0000] {dagbag.py:545} INFO - Filling up the DagBag from /home/airflow/.local/lib/python3.12/site-packages/airflow/example_dags/tutorial_objectstorage.py
[2026-01-29T00:31:59.032+0000] {processor.py:840} INFO - DAG(s) 'tutorial_objectstorage' retrieved from /home/airflow/.local/lib/python3.12/site-packages/airflow/example_dags/tutorial_objectstorage.py
[2026-01-29T00:31:59.052+0000] {logging_mixin.py:188} INFO - [2026-01-29T00:31:59.052+0000] {dag.py:3089} INFO - Sync 1 DAGs
[2026-01-29T00:31:59.066+0000] {logging_mixin.py:188} INFO - [2026-01-29T00:31:59.065+0000] {dag.py:3947} INFO - Setting next_dagrun for tutorial_objectstorage to None, run_after=None
[2026-01-29T00:31:59.086+0000] {processor.py:183} INFO - Processing /home/airflow/.local/lib/python3.12/site-packages/airflow/example_dags/tutorial_objectstorage.py took 0.073 seconds
[2026-01-29T00:32:29.561+0000] {processor.py:161} INFO - Started process (PID=66300) to work on /home/airflow/.local/lib/python3.12/site-packages/airflow/example_dags/tutorial_objectstorage.py
[2026-01-29T00:32:29.562+0000] {processor.py:830} INFO - Processing file /home/airflow/.local/lib/python3.12/site-packages/airflow/example_dags/tutorial_objectstorage.py for tasks to queue
[2026-01-29T00:32:29.564+0000] {logging_mixin.py:188} INFO - [2026-01-29T00:32:29.563+0000] {dagbag.py:545} INFO - Filling up the DagBag from /home/airflow/.local/lib/python3.12/site-packages/airflow/example_dags/tutorial_objectstorage.py
[2026-01-29T00:32:29.571+0000] {processor.py:840} INFO - DAG(s) 'tutorial_objectstorage' retrieved from /home/airflow/.local/lib/python3.12/site-packages/airflow/example_dags/tutorial_objectstorage.py
[2026-01-29T00:32:29.591+0000] {logging_mixin.py:188} INFO - [2026-01-29T00:32:29.591+0000] {dag.py:3089} INFO - Sync 1 DAGs
[2026-01-29T00:32:29.605+0000] {logging_mixin.py:188} INFO - [2026-01-29T00:32:29.605+0000] {dag.py:3947} INFO - Setting next_dagrun for tutorial_objectstorage to None, run_after=None
[2026-01-29T00:32:29.625+0000] {processor.py:183} INFO - Processing /home/airflow/.local/lib/python3.12/site-packages/airflow/example_dags/tutorial_objectstorage.py took 0.070 seconds
[2026-01-29T00:32:59.993+0000] {processor.py:161} INFO - Started process (PID=66359) to work on /home/airflow/.local/lib/python3.12/site-packages/airflow/example_dags/tutorial_objectstorage.py
[2026-01-29T00:32:59.994+0000] {processor.py:830} INFO - Processing file /home/airflow/.local/lib/python3.12/site-packages/airflow/example_dags/tutorial_objectstorage.py for tasks to queue
[2026-01-29T00:32:59.997+0000] {logging_mixin.py:188} INFO - [2026-01-29T00:32:59.996+0000] {dagbag.py:545} INFO - Filling up the DagBag from /home/airflow/.local/lib/python3.12/site-packages/airflow/example_dags/tutorial_objectstorage.py
[2026-01-29T00:33:00.008+0000] {processor.py:840} INFO - DAG(s) 'tutorial_objectstorage' retrieved from /home/airflow/.local/lib/python3.12/site-packages/airflow/example_dags/tutorial_objectstorage.py
[2026-01-29T00:33:00.031+0000] {logging_mixin.py:188} INFO - [2026-01-29T00:33:00.031+0000] {dag.py:3089} INFO - Sync 1 DAGs
[2026-01-29T00:33:00.047+0000] {logging_mixin.py:188} INFO - [2026-01-29T00:33:00.047+0000] {dag.py:3947} INFO - Setting next_dagrun for tutorial_objectstorage to None, run_after=None
[2026-01-29T00:33:00.069+0000] {processor.py:183} INFO - Processing /home/airflow/.local/lib/python3.12/site-packages/airflow/example_dags/tutorial_objectstorage.py took 0.086 seconds
[2026-01-29T00:33:30.648+0000] {processor.py:161} INFO - Started process (PID=66423) to work on /home/airflow/.local/lib/python3.12/site-packages/airflow/example_dags/tutorial_objectstorage.py
[2026-01-29T00:33:30.649+0000] {processor.py:830} INFO - Processing file /home/airflow/.local/lib/python3.12/site-packages/airflow/example_dags/tutorial_objectstorage.py for tasks to queue
[2026-01-29T00:33:30.651+0000] {logging_mixin.py:188} INFO - [2026-01-29T00:33:30.650+0000] {dagbag.py:545} INFO - Filling up the DagBag from /home/airflow/.local/lib/python3.12/site-packages/airflow/example_dags/tutorial_objectstorage.py
[2026-01-29T00:33:30.660+0000] {processor.py:840} INFO - DAG(s) 'tutorial_objectstorage' retrieved from /home/airflow/.local/lib/python3.12/site-packages/airflow/example_dags/tutorial_objectstorage.py
[2026-01-29T00:33:30.683+0000] {logging_mixin.py:188} INFO - [2026-01-29T00:33:30.683+0000] {dag.py:3089} INFO - Sync 1 DAGs
[2026-01-29T00:33:30.700+0000] {logging_mixin.py:188} INFO - [2026-01-29T00:33:30.700+0000] {dag.py:3947} INFO - Setting next_dagrun for tutorial_objectstorage to None, run_after=None
[2026-01-29T00:33:30.719+0000] {processor.py:183} INFO - Processing /home/airflow/.local/lib/python3.12/site-packages/airflow/example_dags/tutorial_objectstorage.py took 0.078 seconds
[2026-01-29T00:34:01.204+0000] {processor.py:161} INFO - Started process (PID=66487) to work on /home/airflow/.local/lib/python3.12/site-packages/airflow/example_dags/tutorial_objectstorage.py
[2026-01-29T00:34:01.206+0000] {processor.py:830} INFO - Processing file /home/airflow/.local/lib/python3.12/site-packages/airflow/example_dags/tutorial_objectstorage.py for tasks to queue
[2026-01-29T00:34:01.208+0000] {logging_mixin.py:188} INFO - [2026-01-29T00:34:01.208+0000] {dagbag.py:545} INFO - Filling up the DagBag from /home/airflow/.local/lib/python3.12/site-packages/airflow/example_dags/tutorial_objectstorage.py
[2026-01-29T00:34:01.219+0000] {processor.py:840} INFO - DAG(s) 'tutorial_objectstorage' retrieved from /home/airflow/.local/lib/python3.12/site-packages/airflow/example_dags/tutorial_objectstorage.py
[2026-01-29T00:34:01.248+0000] {logging_mixin.py:188} INFO - [2026-01-29T00:34:01.247+0000] {dag.py:3089} INFO - Sync 1 DAGs
[2026-01-29T00:34:01.264+0000] {logging_mixin.py:188} INFO - [2026-01-29T00:34:01.264+0000] {dag.py:3947} INFO - Setting next_dagrun for tutorial_objectstorage to None, run_after=None
[2026-01-29T00:34:01.286+0000] {processor.py:183} INFO - Processing /home/airflow/.local/lib/python3.12/site-packages/airflow/example_dags/tutorial_objectstorage.py took 0.090 seconds
[2026-01-29T00:34:31.841+0000] {processor.py:161} INFO - Started process (PID=66546) to work on /home/airflow/.local/lib/python3.12/site-packages/airflow/example_dags/tutorial_objectstorage.py
[2026-01-29T00:34:31.842+0000] {processor.py:830} INFO - Processing file /home/airflow/.local/lib/python3.12/site-packages/airflow/example_dags/tutorial_objectstorage.py for tasks to queue
[2026-01-29T00:34:31.844+0000] {logging_mixin.py:188} INFO - [2026-01-29T00:34:31.843+0000] {dagbag.py:545} INFO - Filling up the DagBag from /home/airflow/.local/lib/python3.12/site-packages/airflow/example_dags/tutorial_objectstorage.py
[2026-01-29T00:34:31.852+0000] {processor.py:840} INFO - DAG(s) 'tutorial_objectstorage' retrieved from /home/airflow/.local/lib/python3.12/site-packages/airflow/example_dags/tutorial_objectstorage.py
[2026-01-29T00:34:31.877+0000] {logging_mixin.py:188} INFO - [2026-01-29T00:34:31.877+0000] {dag.py:3089} INFO - Sync 1 DAGs
[2026-01-29T00:34:31.892+0000] {logging_mixin.py:188} INFO - [2026-01-29T00:34:31.892+0000] {dag.py:3947} INFO - Setting next_dagrun for tutorial_objectstorage to None, run_after=None
[2026-01-29T00:34:31.912+0000] {processor.py:183} INFO - Processing /home/airflow/.local/lib/python3.12/site-packages/airflow/example_dags/tutorial_objectstorage.py took 0.079 seconds
[2026-01-29T00:35:02.279+0000] {processor.py:161} INFO - Started process (PID=66610) to work on /home/airflow/.local/lib/python3.12/site-packages/airflow/example_dags/tutorial_objectstorage.py
[2026-01-29T00:35:02.281+0000] {processor.py:830} INFO - Processing file /home/airflow/.local/lib/python3.12/site-packages/airflow/example_dags/tutorial_objectstorage.py for tasks to queue
[2026-01-29T00:35:02.283+0000] {logging_mixin.py:188} INFO - [2026-01-29T00:35:02.282+0000] {dagbag.py:545} INFO - Filling up the DagBag from /home/airflow/.local/lib/python3.12/site-packages/airflow/example_dags/tutorial_objectstorage.py
[2026-01-29T00:35:02.293+0000] {processor.py:840} INFO - DAG(s) 'tutorial_objectstorage' retrieved from /home/airflow/.local/lib/python3.12/site-packages/airflow/example_dags/tutorial_objectstorage.py
[2026-01-29T00:35:02.322+0000] {logging_mixin.py:188} INFO - [2026-01-29T00:35:02.321+0000] {dag.py:3089} INFO - Sync 1 DAGs
[2026-01-29T00:35:02.343+0000] {logging_mixin.py:188} INFO - [2026-01-29T00:35:02.343+0000] {dag.py:3947} INFO - Setting next_dagrun for tutorial_objectstorage to None, run_after=None
[2026-01-29T00:35:02.367+0000] {processor.py:183} INFO - Processing /home/airflow/.local/lib/python3.12/site-packages/airflow/example_dags/tutorial_objectstorage.py took 0.097 seconds
[2026-01-29T00:35:32.876+0000] {processor.py:161} INFO - Started process (PID=66669) to work on /home/airflow/.local/lib/python3.12/site-packages/airflow/example_dags/tutorial_objectstorage.py
[2026-01-29T00:35:32.877+0000] {processor.py:830} INFO - Processing file /home/airflow/.local/lib/python3.12/site-packages/airflow/example_dags/tutorial_objectstorage.py for tasks to queue
[2026-01-29T00:35:32.879+0000] {logging_mixin.py:188} INFO - [2026-01-29T00:35:32.879+0000] {dagbag.py:545} INFO - Filling up the DagBag from /home/airflow/.local/lib/python3.12/site-packages/airflow/example_dags/tutorial_objectstorage.py
[2026-01-29T00:35:32.887+0000] {processor.py:840} INFO - DAG(s) 'tutorial_objectstorage' retrieved from /home/airflow/.local/lib/python3.12/site-packages/airflow/example_dags/tutorial_objectstorage.py
[2026-01-29T00:35:32.907+0000] {logging_mixin.py:188} INFO - [2026-01-29T00:35:32.907+0000] {dag.py:3089} INFO - Sync 1 DAGs
[2026-01-29T00:35:32.921+0000] {logging_mixin.py:188} INFO - [2026-01-29T00:35:32.921+0000] {dag.py:3947} INFO - Setting next_dagrun for tutorial_objectstorage to None, run_after=None
[2026-01-29T00:35:32.942+0000] {processor.py:183} INFO - Processing /home/airflow/.local/lib/python3.12/site-packages/airflow/example_dags/tutorial_objectstorage.py took 0.074 seconds
[2026-01-29T00:36:03.258+0000] {processor.py:161} INFO - Started process (PID=66733) to work on /home/airflow/.local/lib/python3.12/site-packages/airflow/example_dags/tutorial_objectstorage.py
[2026-01-29T00:36:03.259+0000] {processor.py:830} INFO - Processing file /home/airflow/.local/lib/python3.12/site-packages/airflow/example_dags/tutorial_objectstorage.py for tasks to queue
[2026-01-29T00:36:03.261+0000] {logging_mixin.py:188} INFO - [2026-01-29T00:36:03.260+0000] {dagbag.py:545} INFO - Filling up the DagBag from /home/airflow/.local/lib/python3.12/site-packages/airflow/example_dags/tutorial_objectstorage.py
[2026-01-29T00:36:03.268+0000] {processor.py:840} INFO - DAG(s) 'tutorial_objectstorage' retrieved from /home/airflow/.local/lib/python3.12/site-packages/airflow/example_dags/tutorial_objectstorage.py
[2026-01-29T00:36:03.291+0000] {logging_mixin.py:188} INFO - [2026-01-29T00:36:03.290+0000] {dag.py:3089} INFO - Sync 1 DAGs
[2026-01-29T00:36:03.305+0000] {logging_mixin.py:188} INFO - [2026-01-29T00:36:03.305+0000] {dag.py:3947} INFO - Setting next_dagrun for tutorial_objectstorage to None, run_after=None
[2026-01-29T00:36:03.326+0000] {processor.py:183} INFO - Processing /home/airflow/.local/lib/python3.12/site-packages/airflow/example_dags/tutorial_objectstorage.py took 0.075 seconds
[2026-01-29T00:36:33.700+0000] {processor.py:161} INFO - Started process (PID=66792) to work on /home/airflow/.local/lib/python3.12/site-packages/airflow/example_dags/tutorial_objectstorage.py
[2026-01-29T00:36:33.701+0000] {processor.py:830} INFO - Processing file /home/airflow/.local/lib/python3.12/site-packages/airflow/example_dags/tutorial_objectstorage.py for tasks to queue
[2026-01-29T00:36:33.703+0000] {logging_mixin.py:188} INFO - [2026-01-29T00:36:33.703+0000] {dagbag.py:545} INFO - Filling up the DagBag from /home/airflow/.local/lib/python3.12/site-packages/airflow/example_dags/tutorial_objectstorage.py
[2026-01-29T00:36:33.711+0000] {processor.py:840} INFO - DAG(s) 'tutorial_objectstorage' retrieved from /home/airflow/.local/lib/python3.12/site-packages/airflow/example_dags/tutorial_objectstorage.py
[2026-01-29T00:36:33.732+0000] {logging_mixin.py:188} INFO - [2026-01-29T00:36:33.732+0000] {dag.py:3089} INFO - Sync 1 DAGs
[2026-01-29T00:36:33.746+0000] {logging_mixin.py:188} INFO - [2026-01-29T00:36:33.746+0000] {dag.py:3947} INFO - Setting next_dagrun for tutorial_objectstorage to None, run_after=None
[2026-01-29T00:36:33.767+0000] {processor.py:183} INFO - Processing /home/airflow/.local/lib/python3.12/site-packages/airflow/example_dags/tutorial_objectstorage.py took 0.074 seconds
[2026-01-29T00:37:04.276+0000] {processor.py:161} INFO - Started process (PID=66856) to work on /home/airflow/.local/lib/python3.12/site-packages/airflow/example_dags/tutorial_objectstorage.py
[2026-01-29T00:37:04.280+0000] {processor.py:830} INFO - Processing file /home/airflow/.local/lib/python3.12/site-packages/airflow/example_dags/tutorial_objectstorage.py for tasks to queue
[2026-01-29T00:37:04.283+0000] {logging_mixin.py:188} INFO - [2026-01-29T00:37:04.282+0000] {dagbag.py:545} INFO - Filling up the DagBag from /home/airflow/.local/lib/python3.12/site-packages/airflow/example_dags/tutorial_objectstorage.py
[2026-01-29T00:37:04.292+0000] {processor.py:840} INFO - DAG(s) 'tutorial_objectstorage' retrieved from /home/airflow/.local/lib/python3.12/site-packages/airflow/example_dags/tutorial_objectstorage.py
[2026-01-29T00:37:04.313+0000] {logging_mixin.py:188} INFO - [2026-01-29T00:37:04.313+0000] {dag.py:3089} INFO - Sync 1 DAGs
[2026-01-29T00:37:04.333+0000] {logging_mixin.py:188} INFO - [2026-01-29T00:37:04.332+0000] {dag.py:3947} INFO - Setting next_dagrun for tutorial_objectstorage to None, run_after=None
[2026-01-29T00:37:04.352+0000] {processor.py:183} INFO - Processing /home/airflow/.local/lib/python3.12/site-packages/airflow/example_dags/tutorial_objectstorage.py took 0.084 seconds
[2026-01-29T00:37:34.824+0000] {processor.py:161} INFO - Started process (PID=66915) to work on /home/airflow/.local/lib/python3.12/site-packages/airflow/example_dags/tutorial_objectstorage.py
[2026-01-29T00:37:34.825+0000] {processor.py:830} INFO - Processing file /home/airflow/.local/lib/python3.12/site-packages/airflow/example_dags/tutorial_objectstorage.py for tasks to queue
[2026-01-29T00:37:34.827+0000] {logging_mixin.py:188} INFO - [2026-01-29T00:37:34.827+0000] {dagbag.py:545} INFO - Filling up the DagBag from /home/airflow/.local/lib/python3.12/site-packages/airflow/example_dags/tutorial_objectstorage.py
[2026-01-29T00:37:34.836+0000] {processor.py:840} INFO - DAG(s) 'tutorial_objectstorage' retrieved from /home/airflow/.local/lib/python3.12/site-packages/airflow/example_dags/tutorial_objectstorage.py
[2026-01-29T00:37:34.857+0000] {logging_mixin.py:188} INFO - [2026-01-29T00:37:34.857+0000] {dag.py:3089} INFO - Sync 1 DAGs
[2026-01-29T00:37:34.871+0000] {logging_mixin.py:188} INFO - [2026-01-29T00:37:34.871+0000] {dag.py:3947} INFO - Setting next_dagrun for tutorial_objectstorage to None, run_after=None
[2026-01-29T00:37:34.894+0000] {processor.py:183} INFO - Processing /home/airflow/.local/lib/python3.12/site-packages/airflow/example_dags/tutorial_objectstorage.py took 0.077 seconds
[2026-01-29T00:38:05.312+0000] {processor.py:161} INFO - Started process (PID=66979) to work on /home/airflow/.local/lib/python3.12/site-packages/airflow/example_dags/tutorial_objectstorage.py
[2026-01-29T00:38:05.313+0000] {processor.py:830} INFO - Processing file /home/airflow/.local/lib/python3.12/site-packages/airflow/example_dags/tutorial_objectstorage.py for tasks to queue
[2026-01-29T00:38:05.315+0000] {logging_mixin.py:188} INFO - [2026-01-29T00:38:05.315+0000] {dagbag.py:545} INFO - Filling up the DagBag from /home/airflow/.local/lib/python3.12/site-packages/airflow/example_dags/tutorial_objectstorage.py
[2026-01-29T00:38:05.324+0000] {processor.py:840} INFO - DAG(s) 'tutorial_objectstorage' retrieved from /home/airflow/.local/lib/python3.12/site-packages/airflow/example_dags/tutorial_objectstorage.py
[2026-01-29T00:38:05.346+0000] {logging_mixin.py:188} INFO - [2026-01-29T00:38:05.346+0000] {dag.py:3089} INFO - Sync 1 DAGs
[2026-01-29T00:38:05.361+0000] {logging_mixin.py:188} INFO - [2026-01-29T00:38:05.360+0000] {dag.py:3947} INFO - Setting next_dagrun for tutorial_objectstorage to None, run_after=None
[2026-01-29T00:38:05.382+0000] {processor.py:183} INFO - Processing /home/airflow/.local/lib/python3.12/site-packages/airflow/example_dags/tutorial_objectstorage.py took 0.077 seconds
[2026-01-29T00:38:35.903+0000] {processor.py:161} INFO - Started process (PID=67038) to work on /home/airflow/.local/lib/python3.12/site-packages/airflow/example_dags/tutorial_objectstorage.py
[2026-01-29T00:38:35.904+0000] {processor.py:830} INFO - Processing file /home/airflow/.local/lib/python3.12/site-packages/airflow/example_dags/tutorial_objectstorage.py for tasks to queue
[2026-01-29T00:38:35.906+0000] {logging_mixin.py:188} INFO - [2026-01-29T00:38:35.906+0000] {dagbag.py:545} INFO - Filling up the DagBag from /home/airflow/.local/lib/python3.12/site-packages/airflow/example_dags/tutorial_objectstorage.py
[2026-01-29T00:38:35.916+0000] {processor.py:840} INFO - DAG(s) 'tutorial_objectstorage' retrieved from /home/airflow/.local/lib/python3.12/site-packages/airflow/example_dags/tutorial_objectstorage.py
[2026-01-29T00:38:35.937+0000] {logging_mixin.py:188} INFO - [2026-01-29T00:38:35.937+0000] {dag.py:3089} INFO - Sync 1 DAGs
[2026-01-29T00:38:35.951+0000] {logging_mixin.py:188} INFO - [2026-01-29T00:38:35.951+0000] {dag.py:3947} INFO - Setting next_dagrun for tutorial_objectstorage to None, run_after=None
[2026-01-29T00:38:35.971+0000] {processor.py:183} INFO - Processing /home/airflow/.local/lib/python3.12/site-packages/airflow/example_dags/tutorial_objectstorage.py took 0.076 seconds
[2026-01-29T00:39:06.338+0000] {processor.py:161} INFO - Started process (PID=67102) to work on /home/airflow/.local/lib/python3.12/site-packages/airflow/example_dags/tutorial_objectstorage.py
[2026-01-29T00:39:06.339+0000] {processor.py:830} INFO - Processing file /home/airflow/.local/lib/python3.12/site-packages/airflow/example_dags/tutorial_objectstorage.py for tasks to queue
[2026-01-29T00:39:06.341+0000] {logging_mixin.py:188} INFO - [2026-01-29T00:39:06.341+0000] {dagbag.py:545} INFO - Filling up the DagBag from /home/airflow/.local/lib/python3.12/site-packages/airflow/example_dags/tutorial_objectstorage.py
[2026-01-29T00:39:06.350+0000] {processor.py:840} INFO - DAG(s) 'tutorial_objectstorage' retrieved from /home/airflow/.local/lib/python3.12/site-packages/airflow/example_dags/tutorial_objectstorage.py
[2026-01-29T00:39:06.372+0000] {logging_mixin.py:188} INFO - [2026-01-29T00:39:06.371+0000] {dag.py:3089} INFO - Sync 1 DAGs
[2026-01-29T00:39:06.386+0000] {logging_mixin.py:188} INFO - [2026-01-29T00:39:06.386+0000] {dag.py:3947} INFO - Setting next_dagrun for tutorial_objectstorage to None, run_after=None
[2026-01-29T00:39:06.406+0000] {processor.py:183} INFO - Processing /home/airflow/.local/lib/python3.12/site-packages/airflow/example_dags/tutorial_objectstorage.py took 0.075 seconds
[2026-01-29T00:39:36.911+0000] {processor.py:161} INFO - Started process (PID=67161) to work on /home/airflow/.local/lib/python3.12/site-packages/airflow/example_dags/tutorial_objectstorage.py
[2026-01-29T00:39:36.912+0000] {processor.py:830} INFO - Processing file /home/airflow/.local/lib/python3.12/site-packages/airflow/example_dags/tutorial_objectstorage.py for tasks to queue
[2026-01-29T00:39:36.914+0000] {logging_mixin.py:188} INFO - [2026-01-29T00:39:36.913+0000] {dagbag.py:545} INFO - Filling up the DagBag from /home/airflow/.local/lib/python3.12/site-packages/airflow/example_dags/tutorial_objectstorage.py
[2026-01-29T00:39:36.922+0000] {processor.py:840} INFO - DAG(s) 'tutorial_objectstorage' retrieved from /home/airflow/.local/lib/python3.12/site-packages/airflow/example_dags/tutorial_objectstorage.py
[2026-01-29T00:39:36.941+0000] {logging_mixin.py:188} INFO - [2026-01-29T00:39:36.941+0000] {dag.py:3089} INFO - Sync 1 DAGs
[2026-01-29T00:39:36.955+0000] {logging_mixin.py:188} INFO - [2026-01-29T00:39:36.955+0000] {dag.py:3947} INFO - Setting next_dagrun for tutorial_objectstorage to None, run_after=None
[2026-01-29T00:39:36.975+0000] {processor.py:183} INFO - Processing /home/airflow/.local/lib/python3.12/site-packages/airflow/example_dags/tutorial_objectstorage.py took 0.071 seconds
[2026-01-29T00:40:07.500+0000] {processor.py:161} INFO - Started process (PID=67225) to work on /home/airflow/.local/lib/python3.12/site-packages/airflow/example_dags/tutorial_objectstorage.py
[2026-01-29T00:40:07.501+0000] {processor.py:830} INFO - Processing file /home/airflow/.local/lib/python3.12/site-packages/airflow/example_dags/tutorial_objectstorage.py for tasks to queue
[2026-01-29T00:40:07.503+0000] {logging_mixin.py:188} INFO - [2026-01-29T00:40:07.503+0000] {dagbag.py:545} INFO - Filling up the DagBag from /home/airflow/.local/lib/python3.12/site-packages/airflow/example_dags/tutorial_objectstorage.py
[2026-01-29T00:40:07.511+0000] {processor.py:840} INFO - DAG(s) 'tutorial_objectstorage' retrieved from /home/airflow/.local/lib/python3.12/site-packages/airflow/example_dags/tutorial_objectstorage.py
[2026-01-29T00:40:07.535+0000] {logging_mixin.py:188} INFO - [2026-01-29T00:40:07.535+0000] {dag.py:3089} INFO - Sync 1 DAGs
[2026-01-29T00:40:07.550+0000] {logging_mixin.py:188} INFO - [2026-01-29T00:40:07.550+0000] {dag.py:3947} INFO - Setting next_dagrun for tutorial_objectstorage to None, run_after=None
[2026-01-29T00:40:07.572+0000] {processor.py:183} INFO - Processing /home/airflow/.local/lib/python3.12/site-packages/airflow/example_dags/tutorial_objectstorage.py took 0.079 seconds
[2026-01-29T00:40:37.961+0000] {processor.py:161} INFO - Started process (PID=67284) to work on /home/airflow/.local/lib/python3.12/site-packages/airflow/example_dags/tutorial_objectstorage.py
[2026-01-29T00:40:37.962+0000] {processor.py:830} INFO - Processing file /home/airflow/.local/lib/python3.12/site-packages/airflow/example_dags/tutorial_objectstorage.py for tasks to queue
[2026-01-29T00:40:37.964+0000] {logging_mixin.py:188} INFO - [2026-01-29T00:40:37.963+0000] {dagbag.py:545} INFO - Filling up the DagBag from /home/airflow/.local/lib/python3.12/site-packages/airflow/example_dags/tutorial_objectstorage.py
[2026-01-29T00:40:37.971+0000] {processor.py:840} INFO - DAG(s) 'tutorial_objectstorage' retrieved from /home/airflow/.local/lib/python3.12/site-packages/airflow/example_dags/tutorial_objectstorage.py
[2026-01-29T00:40:37.996+0000] {logging_mixin.py:188} INFO - [2026-01-29T00:40:37.996+0000] {dag.py:3089} INFO - Sync 1 DAGs
[2026-01-29T00:40:38.017+0000] {logging_mixin.py:188} INFO - [2026-01-29T00:40:38.017+0000] {dag.py:3947} INFO - Setting next_dagrun for tutorial_objectstorage to None, run_after=None
[2026-01-29T00:40:38.037+0000] {processor.py:183} INFO - Processing /home/airflow/.local/lib/python3.12/site-packages/airflow/example_dags/tutorial_objectstorage.py took 0.083 seconds
[2026-01-29T00:41:08.571+0000] {processor.py:161} INFO - Started process (PID=67348) to work on /home/airflow/.local/lib/python3.12/site-packages/airflow/example_dags/tutorial_objectstorage.py
[2026-01-29T00:41:08.572+0000] {processor.py:830} INFO - Processing file /home/airflow/.local/lib/python3.12/site-packages/airflow/example_dags/tutorial_objectstorage.py for tasks to queue
[2026-01-29T00:41:08.574+0000] {logging_mixin.py:188} INFO - [2026-01-29T00:41:08.574+0000] {dagbag.py:545} INFO - Filling up the DagBag from /home/airflow/.local/lib/python3.12/site-packages/airflow/example_dags/tutorial_objectstorage.py
[2026-01-29T00:41:08.583+0000] {processor.py:840} INFO - DAG(s) 'tutorial_objectstorage' retrieved from /home/airflow/.local/lib/python3.12/site-packages/airflow/example_dags/tutorial_objectstorage.py
[2026-01-29T00:41:08.608+0000] {logging_mixin.py:188} INFO - [2026-01-29T00:41:08.608+0000] {dag.py:3089} INFO - Sync 1 DAGs
[2026-01-29T00:41:08.625+0000] {logging_mixin.py:188} INFO - [2026-01-29T00:41:08.625+0000] {dag.py:3947} INFO - Setting next_dagrun for tutorial_objectstorage to None, run_after=None
[2026-01-29T00:41:08.646+0000] {processor.py:183} INFO - Processing /home/airflow/.local/lib/python3.12/site-packages/airflow/example_dags/tutorial_objectstorage.py took 0.083 seconds
[2026-01-29T00:41:39.186+0000] {processor.py:161} INFO - Started process (PID=67407) to work on /home/airflow/.local/lib/python3.12/site-packages/airflow/example_dags/tutorial_objectstorage.py
[2026-01-29T00:41:39.186+0000] {processor.py:830} INFO - Processing file /home/airflow/.local/lib/python3.12/site-packages/airflow/example_dags/tutorial_objectstorage.py for tasks to queue
[2026-01-29T00:41:39.188+0000] {logging_mixin.py:188} INFO - [2026-01-29T00:41:39.188+0000] {dagbag.py:545} INFO - Filling up the DagBag from /home/airflow/.local/lib/python3.12/site-packages/airflow/example_dags/tutorial_objectstorage.py
[2026-01-29T00:41:39.196+0000] {processor.py:840} INFO - DAG(s) 'tutorial_objectstorage' retrieved from /home/airflow/.local/lib/python3.12/site-packages/airflow/example_dags/tutorial_objectstorage.py
[2026-01-29T00:41:39.222+0000] {logging_mixin.py:188} INFO - [2026-01-29T00:41:39.221+0000] {dag.py:3089} INFO - Sync 1 DAGs
[2026-01-29T00:41:39.240+0000] {logging_mixin.py:188} INFO - [2026-01-29T00:41:39.240+0000] {dag.py:3947} INFO - Setting next_dagrun for tutorial_objectstorage to None, run_after=None
[2026-01-29T00:41:39.264+0000] {processor.py:183} INFO - Processing /home/airflow/.local/lib/python3.12/site-packages/airflow/example_dags/tutorial_objectstorage.py took 0.085 seconds
[2026-01-29T00:42:09.758+0000] {processor.py:161} INFO - Started process (PID=67471) to work on /home/airflow/.local/lib/python3.12/site-packages/airflow/example_dags/tutorial_objectstorage.py
[2026-01-29T00:42:09.759+0000] {processor.py:830} INFO - Processing file /home/airflow/.local/lib/python3.12/site-packages/airflow/example_dags/tutorial_objectstorage.py for tasks to queue
[2026-01-29T00:42:09.761+0000] {logging_mixin.py:188} INFO - [2026-01-29T00:42:09.761+0000] {dagbag.py:545} INFO - Filling up the DagBag from /home/airflow/.local/lib/python3.12/site-packages/airflow/example_dags/tutorial_objectstorage.py
[2026-01-29T00:42:09.770+0000] {processor.py:840} INFO - DAG(s) 'tutorial_objectstorage' retrieved from /home/airflow/.local/lib/python3.12/site-packages/airflow/example_dags/tutorial_objectstorage.py
[2026-01-29T00:42:09.790+0000] {logging_mixin.py:188} INFO - [2026-01-29T00:42:09.789+0000] {dag.py:3089} INFO - Sync 1 DAGs
[2026-01-29T00:42:09.803+0000] {logging_mixin.py:188} INFO - [2026-01-29T00:42:09.803+0000] {dag.py:3947} INFO - Setting next_dagrun for tutorial_objectstorage to None, run_after=None
[2026-01-29T00:42:09.822+0000] {processor.py:183} INFO - Processing /home/airflow/.local/lib/python3.12/site-packages/airflow/example_dags/tutorial_objectstorage.py took 0.072 seconds
[2026-01-29T00:42:40.371+0000] {processor.py:161} INFO - Started process (PID=67530) to work on /home/airflow/.local/lib/python3.12/site-packages/airflow/example_dags/tutorial_objectstorage.py
[2026-01-29T00:42:40.371+0000] {processor.py:830} INFO - Processing file /home/airflow/.local/lib/python3.12/site-packages/airflow/example_dags/tutorial_objectstorage.py for tasks to queue
[2026-01-29T00:42:40.373+0000] {logging_mixin.py:188} INFO - [2026-01-29T00:42:40.373+0000] {dagbag.py:545} INFO - Filling up the DagBag from /home/airflow/.local/lib/python3.12/site-packages/airflow/example_dags/tutorial_objectstorage.py
[2026-01-29T00:42:40.382+0000] {processor.py:840} INFO - DAG(s) 'tutorial_objectstorage' retrieved from /home/airflow/.local/lib/python3.12/site-packages/airflow/example_dags/tutorial_objectstorage.py
[2026-01-29T00:42:40.410+0000] {logging_mixin.py:188} INFO - [2026-01-29T00:42:40.409+0000] {dag.py:3089} INFO - Sync 1 DAGs
[2026-01-29T00:42:40.426+0000] {logging_mixin.py:188} INFO - [2026-01-29T00:42:40.425+0000] {dag.py:3947} INFO - Setting next_dagrun for tutorial_objectstorage to None, run_after=None
[2026-01-29T00:42:40.446+0000] {processor.py:183} INFO - Processing /home/airflow/.local/lib/python3.12/site-packages/airflow/example_dags/tutorial_objectstorage.py took 0.083 seconds
[2026-01-29T00:43:10.972+0000] {processor.py:161} INFO - Started process (PID=67594) to work on /home/airflow/.local/lib/python3.12/site-packages/airflow/example_dags/tutorial_objectstorage.py
[2026-01-29T00:43:10.973+0000] {processor.py:830} INFO - Processing file /home/airflow/.local/lib/python3.12/site-packages/airflow/example_dags/tutorial_objectstorage.py for tasks to queue
[2026-01-29T00:43:10.974+0000] {logging_mixin.py:188} INFO - [2026-01-29T00:43:10.974+0000] {dagbag.py:545} INFO - Filling up the DagBag from /home/airflow/.local/lib/python3.12/site-packages/airflow/example_dags/tutorial_objectstorage.py
[2026-01-29T00:43:10.982+0000] {processor.py:840} INFO - DAG(s) 'tutorial_objectstorage' retrieved from /home/airflow/.local/lib/python3.12/site-packages/airflow/example_dags/tutorial_objectstorage.py
[2026-01-29T00:43:11.002+0000] {logging_mixin.py:188} INFO - [2026-01-29T00:43:11.002+0000] {dag.py:3089} INFO - Sync 1 DAGs
[2026-01-29T00:43:11.016+0000] {logging_mixin.py:188} INFO - [2026-01-29T00:43:11.016+0000] {dag.py:3947} INFO - Setting next_dagrun for tutorial_objectstorage to None, run_after=None
[2026-01-29T00:43:11.036+0000] {processor.py:183} INFO - Processing /home/airflow/.local/lib/python3.12/site-packages/airflow/example_dags/tutorial_objectstorage.py took 0.071 seconds
[2026-01-29T00:43:41.479+0000] {processor.py:161} INFO - Started process (PID=67653) to work on /home/airflow/.local/lib/python3.12/site-packages/airflow/example_dags/tutorial_objectstorage.py
[2026-01-29T00:43:41.480+0000] {processor.py:830} INFO - Processing file /home/airflow/.local/lib/python3.12/site-packages/airflow/example_dags/tutorial_objectstorage.py for tasks to queue
[2026-01-29T00:43:41.482+0000] {logging_mixin.py:188} INFO - [2026-01-29T00:43:41.481+0000] {dagbag.py:545} INFO - Filling up the DagBag from /home/airflow/.local/lib/python3.12/site-packages/airflow/example_dags/tutorial_objectstorage.py
[2026-01-29T00:43:41.490+0000] {processor.py:840} INFO - DAG(s) 'tutorial_objectstorage' retrieved from /home/airflow/.local/lib/python3.12/site-packages/airflow/example_dags/tutorial_objectstorage.py
[2026-01-29T00:43:41.512+0000] {logging_mixin.py:188} INFO - [2026-01-29T00:43:41.511+0000] {dag.py:3089} INFO - Sync 1 DAGs
[2026-01-29T00:43:41.525+0000] {logging_mixin.py:188} INFO - [2026-01-29T00:43:41.525+0000] {dag.py:3947} INFO - Setting next_dagrun for tutorial_objectstorage to None, run_after=None
[2026-01-29T00:43:41.545+0000] {processor.py:183} INFO - Processing /home/airflow/.local/lib/python3.12/site-packages/airflow/example_dags/tutorial_objectstorage.py took 0.074 seconds
[2026-01-29T00:44:12.091+0000] {processor.py:161} INFO - Started process (PID=67717) to work on /home/airflow/.local/lib/python3.12/site-packages/airflow/example_dags/tutorial_objectstorage.py
[2026-01-29T00:44:12.092+0000] {processor.py:830} INFO - Processing file /home/airflow/.local/lib/python3.12/site-packages/airflow/example_dags/tutorial_objectstorage.py for tasks to queue
[2026-01-29T00:44:12.094+0000] {logging_mixin.py:188} INFO - [2026-01-29T00:44:12.094+0000] {dagbag.py:545} INFO - Filling up the DagBag from /home/airflow/.local/lib/python3.12/site-packages/airflow/example_dags/tutorial_objectstorage.py
[2026-01-29T00:44:12.103+0000] {processor.py:840} INFO - DAG(s) 'tutorial_objectstorage' retrieved from /home/airflow/.local/lib/python3.12/site-packages/airflow/example_dags/tutorial_objectstorage.py
[2026-01-29T00:44:12.124+0000] {logging_mixin.py:188} INFO - [2026-01-29T00:44:12.124+0000] {dag.py:3089} INFO - Sync 1 DAGs
[2026-01-29T00:44:12.138+0000] {logging_mixin.py:188} INFO - [2026-01-29T00:44:12.138+0000] {dag.py:3947} INFO - Setting next_dagrun for tutorial_objectstorage to None, run_after=None
[2026-01-29T00:44:12.160+0000] {processor.py:183} INFO - Processing /home/airflow/.local/lib/python3.12/site-packages/airflow/example_dags/tutorial_objectstorage.py took 0.077 seconds
[2026-01-29T00:44:42.668+0000] {processor.py:161} INFO - Started process (PID=67776) to work on /home/airflow/.local/lib/python3.12/site-packages/airflow/example_dags/tutorial_objectstorage.py
[2026-01-29T00:44:42.669+0000] {processor.py:830} INFO - Processing file /home/airflow/.local/lib/python3.12/site-packages/airflow/example_dags/tutorial_objectstorage.py for tasks to queue
[2026-01-29T00:44:42.671+0000] {logging_mixin.py:188} INFO - [2026-01-29T00:44:42.671+0000] {dagbag.py:545} INFO - Filling up the DagBag from /home/airflow/.local/lib/python3.12/site-packages/airflow/example_dags/tutorial_objectstorage.py
[2026-01-29T00:44:42.679+0000] {processor.py:840} INFO - DAG(s) 'tutorial_objectstorage' retrieved from /home/airflow/.local/lib/python3.12/site-packages/airflow/example_dags/tutorial_objectstorage.py
[2026-01-29T00:44:42.700+0000] {logging_mixin.py:188} INFO - [2026-01-29T00:44:42.700+0000] {dag.py:3089} INFO - Sync 1 DAGs
[2026-01-29T00:44:42.715+0000] {logging_mixin.py:188} INFO - [2026-01-29T00:44:42.714+0000] {dag.py:3947} INFO - Setting next_dagrun for tutorial_objectstorage to None, run_after=None
[2026-01-29T00:44:42.736+0000] {processor.py:183} INFO - Processing /home/airflow/.local/lib/python3.12/site-packages/airflow/example_dags/tutorial_objectstorage.py took 0.076 seconds
[2026-01-29T00:45:13.053+0000] {processor.py:161} INFO - Started process (PID=67840) to work on /home/airflow/.local/lib/python3.12/site-packages/airflow/example_dags/tutorial_objectstorage.py
[2026-01-29T00:45:13.055+0000] {processor.py:830} INFO - Processing file /home/airflow/.local/lib/python3.12/site-packages/airflow/example_dags/tutorial_objectstorage.py for tasks to queue
[2026-01-29T00:45:13.057+0000] {logging_mixin.py:188} INFO - [2026-01-29T00:45:13.056+0000] {dagbag.py:545} INFO - Filling up the DagBag from /home/airflow/.local/lib/python3.12/site-packages/airflow/example_dags/tutorial_objectstorage.py
[2026-01-29T00:45:13.066+0000] {processor.py:840} INFO - DAG(s) 'tutorial_objectstorage' retrieved from /home/airflow/.local/lib/python3.12/site-packages/airflow/example_dags/tutorial_objectstorage.py
[2026-01-29T00:45:13.087+0000] {logging_mixin.py:188} INFO - [2026-01-29T00:45:13.087+0000] {dag.py:3089} INFO - Sync 1 DAGs
[2026-01-29T00:45:13.102+0000] {logging_mixin.py:188} INFO - [2026-01-29T00:45:13.102+0000] {dag.py:3947} INFO - Setting next_dagrun for tutorial_objectstorage to None, run_after=None
[2026-01-29T00:45:13.123+0000] {processor.py:183} INFO - Processing /home/airflow/.local/lib/python3.12/site-packages/airflow/example_dags/tutorial_objectstorage.py took 0.078 seconds
[2026-01-29T00:45:43.575+0000] {processor.py:161} INFO - Started process (PID=67899) to work on /home/airflow/.local/lib/python3.12/site-packages/airflow/example_dags/tutorial_objectstorage.py
[2026-01-29T00:45:43.576+0000] {processor.py:830} INFO - Processing file /home/airflow/.local/lib/python3.12/site-packages/airflow/example_dags/tutorial_objectstorage.py for tasks to queue
[2026-01-29T00:45:43.578+0000] {logging_mixin.py:188} INFO - [2026-01-29T00:45:43.578+0000] {dagbag.py:545} INFO - Filling up the DagBag from /home/airflow/.local/lib/python3.12/site-packages/airflow/example_dags/tutorial_objectstorage.py
[2026-01-29T00:45:43.587+0000] {processor.py:840} INFO - DAG(s) 'tutorial_objectstorage' retrieved from /home/airflow/.local/lib/python3.12/site-packages/airflow/example_dags/tutorial_objectstorage.py
[2026-01-29T00:45:43.608+0000] {logging_mixin.py:188} INFO - [2026-01-29T00:45:43.608+0000] {dag.py:3089} INFO - Sync 1 DAGs
[2026-01-29T00:45:43.623+0000] {logging_mixin.py:188} INFO - [2026-01-29T00:45:43.622+0000] {dag.py:3947} INFO - Setting next_dagrun for tutorial_objectstorage to None, run_after=None
[2026-01-29T00:45:43.643+0000] {processor.py:183} INFO - Processing /home/airflow/.local/lib/python3.12/site-packages/airflow/example_dags/tutorial_objectstorage.py took 0.076 seconds
[2026-01-29T00:46:14.124+0000] {processor.py:161} INFO - Started process (PID=67963) to work on /home/airflow/.local/lib/python3.12/site-packages/airflow/example_dags/tutorial_objectstorage.py
[2026-01-29T00:46:14.125+0000] {processor.py:830} INFO - Processing file /home/airflow/.local/lib/python3.12/site-packages/airflow/example_dags/tutorial_objectstorage.py for tasks to queue
[2026-01-29T00:46:14.127+0000] {logging_mixin.py:188} INFO - [2026-01-29T00:46:14.126+0000] {dagbag.py:545} INFO - Filling up the DagBag from /home/airflow/.local/lib/python3.12/site-packages/airflow/example_dags/tutorial_objectstorage.py
[2026-01-29T00:46:14.135+0000] {processor.py:840} INFO - DAG(s) 'tutorial_objectstorage' retrieved from /home/airflow/.local/lib/python3.12/site-packages/airflow/example_dags/tutorial_objectstorage.py
[2026-01-29T00:46:14.155+0000] {logging_mixin.py:188} INFO - [2026-01-29T00:46:14.154+0000] {dag.py:3089} INFO - Sync 1 DAGs
[2026-01-29T00:46:14.168+0000] {logging_mixin.py:188} INFO - [2026-01-29T00:46:14.168+0000] {dag.py:3947} INFO - Setting next_dagrun for tutorial_objectstorage to None, run_after=None
[2026-01-29T00:46:14.188+0000] {processor.py:183} INFO - Processing /home/airflow/.local/lib/python3.12/site-packages/airflow/example_dags/tutorial_objectstorage.py took 0.072 seconds
[2026-01-29T00:46:44.555+0000] {processor.py:161} INFO - Started process (PID=68022) to work on /home/airflow/.local/lib/python3.12/site-packages/airflow/example_dags/tutorial_objectstorage.py
[2026-01-29T00:46:44.556+0000] {processor.py:830} INFO - Processing file /home/airflow/.local/lib/python3.12/site-packages/airflow/example_dags/tutorial_objectstorage.py for tasks to queue
[2026-01-29T00:46:44.558+0000] {logging_mixin.py:188} INFO - [2026-01-29T00:46:44.557+0000] {dagbag.py:545} INFO - Filling up the DagBag from /home/airflow/.local/lib/python3.12/site-packages/airflow/example_dags/tutorial_objectstorage.py
[2026-01-29T00:46:44.566+0000] {processor.py:840} INFO - DAG(s) 'tutorial_objectstorage' retrieved from /home/airflow/.local/lib/python3.12/site-packages/airflow/example_dags/tutorial_objectstorage.py
[2026-01-29T00:46:44.591+0000] {logging_mixin.py:188} INFO - [2026-01-29T00:46:44.590+0000] {dag.py:3089} INFO - Sync 1 DAGs
[2026-01-29T00:46:44.606+0000] {logging_mixin.py:188} INFO - [2026-01-29T00:46:44.605+0000] {dag.py:3947} INFO - Setting next_dagrun for tutorial_objectstorage to None, run_after=None
[2026-01-29T00:46:44.626+0000] {processor.py:183} INFO - Processing /home/airflow/.local/lib/python3.12/site-packages/airflow/example_dags/tutorial_objectstorage.py took 0.079 seconds
[2026-01-29T00:47:14.887+0000] {processor.py:161} INFO - Started process (PID=68086) to work on /home/airflow/.local/lib/python3.12/site-packages/airflow/example_dags/tutorial_objectstorage.py
[2026-01-29T00:47:14.888+0000] {processor.py:830} INFO - Processing file /home/airflow/.local/lib/python3.12/site-packages/airflow/example_dags/tutorial_objectstorage.py for tasks to queue
[2026-01-29T00:47:14.890+0000] {logging_mixin.py:188} INFO - [2026-01-29T00:47:14.889+0000] {dagbag.py:545} INFO - Filling up the DagBag from /home/airflow/.local/lib/python3.12/site-packages/airflow/example_dags/tutorial_objectstorage.py
[2026-01-29T00:47:14.898+0000] {processor.py:840} INFO - DAG(s) 'tutorial_objectstorage' retrieved from /home/airflow/.local/lib/python3.12/site-packages/airflow/example_dags/tutorial_objectstorage.py
[2026-01-29T00:47:14.919+0000] {logging_mixin.py:188} INFO - [2026-01-29T00:47:14.919+0000] {dag.py:3089} INFO - Sync 1 DAGs
[2026-01-29T00:47:15.063+0000] {logging_mixin.py:188} INFO - [2026-01-29T00:47:15.063+0000] {dag.py:3947} INFO - Setting next_dagrun for tutorial_objectstorage to None, run_after=None
[2026-01-29T00:47:15.085+0000] {processor.py:183} INFO - Processing /home/airflow/.local/lib/python3.12/site-packages/airflow/example_dags/tutorial_objectstorage.py took 0.204 seconds
[2026-01-29T00:47:45.335+0000] {processor.py:161} INFO - Started process (PID=68145) to work on /home/airflow/.local/lib/python3.12/site-packages/airflow/example_dags/tutorial_objectstorage.py
[2026-01-29T00:47:45.336+0000] {processor.py:830} INFO - Processing file /home/airflow/.local/lib/python3.12/site-packages/airflow/example_dags/tutorial_objectstorage.py for tasks to queue
[2026-01-29T00:47:45.338+0000] {logging_mixin.py:188} INFO - [2026-01-29T00:47:45.338+0000] {dagbag.py:545} INFO - Filling up the DagBag from /home/airflow/.local/lib/python3.12/site-packages/airflow/example_dags/tutorial_objectstorage.py
[2026-01-29T00:47:45.347+0000] {processor.py:840} INFO - DAG(s) 'tutorial_objectstorage' retrieved from /home/airflow/.local/lib/python3.12/site-packages/airflow/example_dags/tutorial_objectstorage.py
[2026-01-29T00:47:45.366+0000] {logging_mixin.py:188} INFO - [2026-01-29T00:47:45.366+0000] {dag.py:3089} INFO - Sync 1 DAGs
[2026-01-29T00:47:45.381+0000] {logging_mixin.py:188} INFO - [2026-01-29T00:47:45.381+0000] {dag.py:3947} INFO - Setting next_dagrun for tutorial_objectstorage to None, run_after=None
[2026-01-29T00:47:45.403+0000] {processor.py:183} INFO - Processing /home/airflow/.local/lib/python3.12/site-packages/airflow/example_dags/tutorial_objectstorage.py took 0.074 seconds
[2026-01-29T00:48:16.007+0000] {processor.py:161} INFO - Started process (PID=68209) to work on /home/airflow/.local/lib/python3.12/site-packages/airflow/example_dags/tutorial_objectstorage.py
[2026-01-29T00:48:16.008+0000] {processor.py:830} INFO - Processing file /home/airflow/.local/lib/python3.12/site-packages/airflow/example_dags/tutorial_objectstorage.py for tasks to queue
[2026-01-29T00:48:16.010+0000] {logging_mixin.py:188} INFO - [2026-01-29T00:48:16.010+0000] {dagbag.py:545} INFO - Filling up the DagBag from /home/airflow/.local/lib/python3.12/site-packages/airflow/example_dags/tutorial_objectstorage.py
[2026-01-29T00:48:16.018+0000] {processor.py:840} INFO - DAG(s) 'tutorial_objectstorage' retrieved from /home/airflow/.local/lib/python3.12/site-packages/airflow/example_dags/tutorial_objectstorage.py
[2026-01-29T00:48:16.040+0000] {logging_mixin.py:188} INFO - [2026-01-29T00:48:16.040+0000] {dag.py:3089} INFO - Sync 1 DAGs
[2026-01-29T00:48:16.054+0000] {logging_mixin.py:188} INFO - [2026-01-29T00:48:16.054+0000] {dag.py:3947} INFO - Setting next_dagrun for tutorial_objectstorage to None, run_after=None
[2026-01-29T00:48:16.075+0000] {processor.py:183} INFO - Processing /home/airflow/.local/lib/python3.12/site-packages/airflow/example_dags/tutorial_objectstorage.py took 0.075 seconds
[2026-01-29T00:48:46.618+0000] {processor.py:161} INFO - Started process (PID=68268) to work on /home/airflow/.local/lib/python3.12/site-packages/airflow/example_dags/tutorial_objectstorage.py
[2026-01-29T00:48:46.619+0000] {processor.py:830} INFO - Processing file /home/airflow/.local/lib/python3.12/site-packages/airflow/example_dags/tutorial_objectstorage.py for tasks to queue
[2026-01-29T00:48:46.622+0000] {logging_mixin.py:188} INFO - [2026-01-29T00:48:46.622+0000] {dagbag.py:545} INFO - Filling up the DagBag from /home/airflow/.local/lib/python3.12/site-packages/airflow/example_dags/tutorial_objectstorage.py
[2026-01-29T00:48:46.630+0000] {processor.py:840} INFO - DAG(s) 'tutorial_objectstorage' retrieved from /home/airflow/.local/lib/python3.12/site-packages/airflow/example_dags/tutorial_objectstorage.py
[2026-01-29T00:48:46.650+0000] {logging_mixin.py:188} INFO - [2026-01-29T00:48:46.650+0000] {dag.py:3089} INFO - Sync 1 DAGs
[2026-01-29T00:48:46.663+0000] {logging_mixin.py:188} INFO - [2026-01-29T00:48:46.663+0000] {dag.py:3947} INFO - Setting next_dagrun for tutorial_objectstorage to None, run_after=None
[2026-01-29T00:48:46.683+0000] {processor.py:183} INFO - Processing /home/airflow/.local/lib/python3.12/site-packages/airflow/example_dags/tutorial_objectstorage.py took 0.074 seconds
[2026-01-29T00:49:17.289+0000] {processor.py:161} INFO - Started process (PID=68332) to work on /home/airflow/.local/lib/python3.12/site-packages/airflow/example_dags/tutorial_objectstorage.py
[2026-01-29T00:49:17.290+0000] {processor.py:830} INFO - Processing file /home/airflow/.local/lib/python3.12/site-packages/airflow/example_dags/tutorial_objectstorage.py for tasks to queue
[2026-01-29T00:49:17.291+0000] {logging_mixin.py:188} INFO - [2026-01-29T00:49:17.291+0000] {dagbag.py:545} INFO - Filling up the DagBag from /home/airflow/.local/lib/python3.12/site-packages/airflow/example_dags/tutorial_objectstorage.py
[2026-01-29T00:49:17.300+0000] {processor.py:840} INFO - DAG(s) 'tutorial_objectstorage' retrieved from /home/airflow/.local/lib/python3.12/site-packages/airflow/example_dags/tutorial_objectstorage.py
[2026-01-29T00:49:17.326+0000] {logging_mixin.py:188} INFO - [2026-01-29T00:49:17.326+0000] {dag.py:3089} INFO - Sync 1 DAGs
[2026-01-29T00:49:17.342+0000] {logging_mixin.py:188} INFO - [2026-01-29T00:49:17.342+0000] {dag.py:3947} INFO - Setting next_dagrun for tutorial_objectstorage to None, run_after=None
[2026-01-29T00:49:17.362+0000] {processor.py:183} INFO - Processing /home/airflow/.local/lib/python3.12/site-packages/airflow/example_dags/tutorial_objectstorage.py took 0.081 seconds
[2026-01-29T00:49:47.919+0000] {processor.py:161} INFO - Started process (PID=68391) to work on /home/airflow/.local/lib/python3.12/site-packages/airflow/example_dags/tutorial_objectstorage.py
[2026-01-29T00:49:47.920+0000] {processor.py:830} INFO - Processing file /home/airflow/.local/lib/python3.12/site-packages/airflow/example_dags/tutorial_objectstorage.py for tasks to queue
[2026-01-29T00:49:47.922+0000] {logging_mixin.py:188} INFO - [2026-01-29T00:49:47.921+0000] {dagbag.py:545} INFO - Filling up the DagBag from /home/airflow/.local/lib/python3.12/site-packages/airflow/example_dags/tutorial_objectstorage.py
[2026-01-29T00:49:47.930+0000] {processor.py:840} INFO - DAG(s) 'tutorial_objectstorage' retrieved from /home/airflow/.local/lib/python3.12/site-packages/airflow/example_dags/tutorial_objectstorage.py
[2026-01-29T00:49:47.952+0000] {logging_mixin.py:188} INFO - [2026-01-29T00:49:47.952+0000] {dag.py:3089} INFO - Sync 1 DAGs
[2026-01-29T00:49:47.967+0000] {logging_mixin.py:188} INFO - [2026-01-29T00:49:47.967+0000] {dag.py:3947} INFO - Setting next_dagrun for tutorial_objectstorage to None, run_after=None
[2026-01-29T00:49:47.988+0000] {processor.py:183} INFO - Processing /home/airflow/.local/lib/python3.12/site-packages/airflow/example_dags/tutorial_objectstorage.py took 0.077 seconds
[2026-01-29T00:50:18.547+0000] {processor.py:161} INFO - Started process (PID=68455) to work on /home/airflow/.local/lib/python3.12/site-packages/airflow/example_dags/tutorial_objectstorage.py
[2026-01-29T00:50:18.548+0000] {processor.py:830} INFO - Processing file /home/airflow/.local/lib/python3.12/site-packages/airflow/example_dags/tutorial_objectstorage.py for tasks to queue
[2026-01-29T00:50:18.549+0000] {logging_mixin.py:188} INFO - [2026-01-29T00:50:18.549+0000] {dagbag.py:545} INFO - Filling up the DagBag from /home/airflow/.local/lib/python3.12/site-packages/airflow/example_dags/tutorial_objectstorage.py
[2026-01-29T00:50:18.558+0000] {processor.py:840} INFO - DAG(s) 'tutorial_objectstorage' retrieved from /home/airflow/.local/lib/python3.12/site-packages/airflow/example_dags/tutorial_objectstorage.py
[2026-01-29T00:50:18.579+0000] {logging_mixin.py:188} INFO - [2026-01-29T00:50:18.578+0000] {dag.py:3089} INFO - Sync 1 DAGs
[2026-01-29T00:50:18.594+0000] {logging_mixin.py:188} INFO - [2026-01-29T00:50:18.594+0000] {dag.py:3947} INFO - Setting next_dagrun for tutorial_objectstorage to None, run_after=None
[2026-01-29T00:50:18.616+0000] {processor.py:183} INFO - Processing /home/airflow/.local/lib/python3.12/site-packages/airflow/example_dags/tutorial_objectstorage.py took 0.077 seconds
[2026-01-29T00:50:49.246+0000] {processor.py:161} INFO - Started process (PID=68514) to work on /home/airflow/.local/lib/python3.12/site-packages/airflow/example_dags/tutorial_objectstorage.py
[2026-01-29T00:50:49.248+0000] {processor.py:830} INFO - Processing file /home/airflow/.local/lib/python3.12/site-packages/airflow/example_dags/tutorial_objectstorage.py for tasks to queue
[2026-01-29T00:50:49.250+0000] {logging_mixin.py:188} INFO - [2026-01-29T00:50:49.249+0000] {dagbag.py:545} INFO - Filling up the DagBag from /home/airflow/.local/lib/python3.12/site-packages/airflow/example_dags/tutorial_objectstorage.py
[2026-01-29T00:50:49.258+0000] {processor.py:840} INFO - DAG(s) 'tutorial_objectstorage' retrieved from /home/airflow/.local/lib/python3.12/site-packages/airflow/example_dags/tutorial_objectstorage.py
[2026-01-29T00:50:49.281+0000] {logging_mixin.py:188} INFO - [2026-01-29T00:50:49.281+0000] {dag.py:3089} INFO - Sync 1 DAGs
[2026-01-29T00:50:49.297+0000] {logging_mixin.py:188} INFO - [2026-01-29T00:50:49.297+0000] {dag.py:3947} INFO - Setting next_dagrun for tutorial_objectstorage to None, run_after=None
[2026-01-29T00:50:49.319+0000] {processor.py:183} INFO - Processing /home/airflow/.local/lib/python3.12/site-packages/airflow/example_dags/tutorial_objectstorage.py took 0.079 seconds
[2026-01-29T00:51:20.115+0000] {processor.py:161} INFO - Started process (PID=68578) to work on /home/airflow/.local/lib/python3.12/site-packages/airflow/example_dags/tutorial_objectstorage.py
[2026-01-29T00:51:20.116+0000] {processor.py:830} INFO - Processing file /home/airflow/.local/lib/python3.12/site-packages/airflow/example_dags/tutorial_objectstorage.py for tasks to queue
[2026-01-29T00:51:20.118+0000] {logging_mixin.py:188} INFO - [2026-01-29T00:51:20.118+0000] {dagbag.py:545} INFO - Filling up the DagBag from /home/airflow/.local/lib/python3.12/site-packages/airflow/example_dags/tutorial_objectstorage.py
[2026-01-29T00:51:20.126+0000] {processor.py:840} INFO - DAG(s) 'tutorial_objectstorage' retrieved from /home/airflow/.local/lib/python3.12/site-packages/airflow/example_dags/tutorial_objectstorage.py
[2026-01-29T00:51:20.145+0000] {logging_mixin.py:188} INFO - [2026-01-29T00:51:20.145+0000] {dag.py:3089} INFO - Sync 1 DAGs
[2026-01-29T00:51:20.158+0000] {logging_mixin.py:188} INFO - [2026-01-29T00:51:20.158+0000] {dag.py:3947} INFO - Setting next_dagrun for tutorial_objectstorage to None, run_after=None
[2026-01-29T00:51:20.178+0000] {processor.py:183} INFO - Processing /home/airflow/.local/lib/python3.12/site-packages/airflow/example_dags/tutorial_objectstorage.py took 0.071 seconds
[2026-01-29T00:51:50.791+0000] {processor.py:161} INFO - Started process (PID=68637) to work on /home/airflow/.local/lib/python3.12/site-packages/airflow/example_dags/tutorial_objectstorage.py
[2026-01-29T00:51:50.793+0000] {processor.py:830} INFO - Processing file /home/airflow/.local/lib/python3.12/site-packages/airflow/example_dags/tutorial_objectstorage.py for tasks to queue
[2026-01-29T00:51:50.794+0000] {logging_mixin.py:188} INFO - [2026-01-29T00:51:50.794+0000] {dagbag.py:545} INFO - Filling up the DagBag from /home/airflow/.local/lib/python3.12/site-packages/airflow/example_dags/tutorial_objectstorage.py
[2026-01-29T00:51:50.803+0000] {processor.py:840} INFO - DAG(s) 'tutorial_objectstorage' retrieved from /home/airflow/.local/lib/python3.12/site-packages/airflow/example_dags/tutorial_objectstorage.py
[2026-01-29T00:51:50.822+0000] {logging_mixin.py:188} INFO - [2026-01-29T00:51:50.821+0000] {dag.py:3089} INFO - Sync 1 DAGs
[2026-01-29T00:51:50.835+0000] {logging_mixin.py:188} INFO - [2026-01-29T00:51:50.835+0000] {dag.py:3947} INFO - Setting next_dagrun for tutorial_objectstorage to None, run_after=None
[2026-01-29T00:51:50.855+0000] {processor.py:183} INFO - Processing /home/airflow/.local/lib/python3.12/site-packages/airflow/example_dags/tutorial_objectstorage.py took 0.071 seconds
[2026-01-29T00:52:21.501+0000] {processor.py:161} INFO - Started process (PID=68701) to work on /home/airflow/.local/lib/python3.12/site-packages/airflow/example_dags/tutorial_objectstorage.py
[2026-01-29T00:52:21.501+0000] {processor.py:830} INFO - Processing file /home/airflow/.local/lib/python3.12/site-packages/airflow/example_dags/tutorial_objectstorage.py for tasks to queue
[2026-01-29T00:52:21.503+0000] {logging_mixin.py:188} INFO - [2026-01-29T00:52:21.503+0000] {dagbag.py:545} INFO - Filling up the DagBag from /home/airflow/.local/lib/python3.12/site-packages/airflow/example_dags/tutorial_objectstorage.py
[2026-01-29T00:52:21.512+0000] {processor.py:840} INFO - DAG(s) 'tutorial_objectstorage' retrieved from /home/airflow/.local/lib/python3.12/site-packages/airflow/example_dags/tutorial_objectstorage.py
[2026-01-29T00:52:21.530+0000] {logging_mixin.py:188} INFO - [2026-01-29T00:52:21.530+0000] {dag.py:3089} INFO - Sync 1 DAGs
[2026-01-29T00:52:21.544+0000] {logging_mixin.py:188} INFO - [2026-01-29T00:52:21.544+0000] {dag.py:3947} INFO - Setting next_dagrun for tutorial_objectstorage to None, run_after=None
[2026-01-29T00:52:21.564+0000] {processor.py:183} INFO - Processing /home/airflow/.local/lib/python3.12/site-packages/airflow/example_dags/tutorial_objectstorage.py took 0.070 seconds
[2026-01-29T00:52:52.179+0000] {processor.py:161} INFO - Started process (PID=68760) to work on /home/airflow/.local/lib/python3.12/site-packages/airflow/example_dags/tutorial_objectstorage.py
[2026-01-29T00:52:52.180+0000] {processor.py:830} INFO - Processing file /home/airflow/.local/lib/python3.12/site-packages/airflow/example_dags/tutorial_objectstorage.py for tasks to queue
[2026-01-29T00:52:52.182+0000] {logging_mixin.py:188} INFO - [2026-01-29T00:52:52.182+0000] {dagbag.py:545} INFO - Filling up the DagBag from /home/airflow/.local/lib/python3.12/site-packages/airflow/example_dags/tutorial_objectstorage.py
[2026-01-29T00:52:52.191+0000] {processor.py:840} INFO - DAG(s) 'tutorial_objectstorage' retrieved from /home/airflow/.local/lib/python3.12/site-packages/airflow/example_dags/tutorial_objectstorage.py
[2026-01-29T00:52:52.213+0000] {logging_mixin.py:188} INFO - [2026-01-29T00:52:52.213+0000] {dag.py:3089} INFO - Sync 1 DAGs
[2026-01-29T00:52:52.228+0000] {logging_mixin.py:188} INFO - [2026-01-29T00:52:52.228+0000] {dag.py:3947} INFO - Setting next_dagrun for tutorial_objectstorage to None, run_after=None
[2026-01-29T00:52:52.250+0000] {processor.py:183} INFO - Processing /home/airflow/.local/lib/python3.12/site-packages/airflow/example_dags/tutorial_objectstorage.py took 0.078 seconds
[2026-01-29T00:53:22.839+0000] {processor.py:161} INFO - Started process (PID=68824) to work on /home/airflow/.local/lib/python3.12/site-packages/airflow/example_dags/tutorial_objectstorage.py
[2026-01-29T00:53:22.839+0000] {processor.py:830} INFO - Processing file /home/airflow/.local/lib/python3.12/site-packages/airflow/example_dags/tutorial_objectstorage.py for tasks to queue
[2026-01-29T00:53:22.841+0000] {logging_mixin.py:188} INFO - [2026-01-29T00:53:22.841+0000] {dagbag.py:545} INFO - Filling up the DagBag from /home/airflow/.local/lib/python3.12/site-packages/airflow/example_dags/tutorial_objectstorage.py
[2026-01-29T00:53:22.849+0000] {processor.py:840} INFO - DAG(s) 'tutorial_objectstorage' retrieved from /home/airflow/.local/lib/python3.12/site-packages/airflow/example_dags/tutorial_objectstorage.py
[2026-01-29T00:53:22.869+0000] {logging_mixin.py:188} INFO - [2026-01-29T00:53:22.869+0000] {dag.py:3089} INFO - Sync 1 DAGs
[2026-01-29T00:53:22.884+0000] {logging_mixin.py:188} INFO - [2026-01-29T00:53:22.884+0000] {dag.py:3947} INFO - Setting next_dagrun for tutorial_objectstorage to None, run_after=None
[2026-01-29T00:53:22.905+0000] {processor.py:183} INFO - Processing /home/airflow/.local/lib/python3.12/site-packages/airflow/example_dags/tutorial_objectstorage.py took 0.074 seconds
[2026-01-29T00:53:53.494+0000] {processor.py:161} INFO - Started process (PID=68883) to work on /home/airflow/.local/lib/python3.12/site-packages/airflow/example_dags/tutorial_objectstorage.py
[2026-01-29T00:53:53.495+0000] {processor.py:830} INFO - Processing file /home/airflow/.local/lib/python3.12/site-packages/airflow/example_dags/tutorial_objectstorage.py for tasks to queue
[2026-01-29T00:53:53.497+0000] {logging_mixin.py:188} INFO - [2026-01-29T00:53:53.497+0000] {dagbag.py:545} INFO - Filling up the DagBag from /home/airflow/.local/lib/python3.12/site-packages/airflow/example_dags/tutorial_objectstorage.py
[2026-01-29T00:53:53.504+0000] {processor.py:840} INFO - DAG(s) 'tutorial_objectstorage' retrieved from /home/airflow/.local/lib/python3.12/site-packages/airflow/example_dags/tutorial_objectstorage.py
[2026-01-29T00:53:53.528+0000] {logging_mixin.py:188} INFO - [2026-01-29T00:53:53.528+0000] {dag.py:3089} INFO - Sync 1 DAGs
[2026-01-29T00:53:53.548+0000] {logging_mixin.py:188} INFO - [2026-01-29T00:53:53.547+0000] {dag.py:3947} INFO - Setting next_dagrun for tutorial_objectstorage to None, run_after=None
[2026-01-29T00:53:53.571+0000] {processor.py:183} INFO - Processing /home/airflow/.local/lib/python3.12/site-packages/airflow/example_dags/tutorial_objectstorage.py took 0.084 seconds
[2026-01-29T00:54:24.431+0000] {processor.py:161} INFO - Started process (PID=68947) to work on /home/airflow/.local/lib/python3.12/site-packages/airflow/example_dags/tutorial_objectstorage.py
[2026-01-29T00:54:24.432+0000] {processor.py:830} INFO - Processing file /home/airflow/.local/lib/python3.12/site-packages/airflow/example_dags/tutorial_objectstorage.py for tasks to queue
[2026-01-29T00:54:24.434+0000] {logging_mixin.py:188} INFO - [2026-01-29T00:54:24.434+0000] {dagbag.py:545} INFO - Filling up the DagBag from /home/airflow/.local/lib/python3.12/site-packages/airflow/example_dags/tutorial_objectstorage.py
[2026-01-29T00:54:24.442+0000] {processor.py:840} INFO - DAG(s) 'tutorial_objectstorage' retrieved from /home/airflow/.local/lib/python3.12/site-packages/airflow/example_dags/tutorial_objectstorage.py
[2026-01-29T00:54:24.462+0000] {logging_mixin.py:188} INFO - [2026-01-29T00:54:24.462+0000] {dag.py:3089} INFO - Sync 1 DAGs
[2026-01-29T00:54:24.476+0000] {logging_mixin.py:188} INFO - [2026-01-29T00:54:24.476+0000] {dag.py:3947} INFO - Setting next_dagrun for tutorial_objectstorage to None, run_after=None
[2026-01-29T00:54:24.497+0000] {processor.py:183} INFO - Processing /home/airflow/.local/lib/python3.12/site-packages/airflow/example_dags/tutorial_objectstorage.py took 0.074 seconds
[2026-01-29T00:54:55.192+0000] {processor.py:161} INFO - Started process (PID=69006) to work on /home/airflow/.local/lib/python3.12/site-packages/airflow/example_dags/tutorial_objectstorage.py
[2026-01-29T00:54:55.193+0000] {processor.py:830} INFO - Processing file /home/airflow/.local/lib/python3.12/site-packages/airflow/example_dags/tutorial_objectstorage.py for tasks to queue
[2026-01-29T00:54:55.195+0000] {logging_mixin.py:188} INFO - [2026-01-29T00:54:55.195+0000] {dagbag.py:545} INFO - Filling up the DagBag from /home/airflow/.local/lib/python3.12/site-packages/airflow/example_dags/tutorial_objectstorage.py
[2026-01-29T00:54:55.204+0000] {processor.py:840} INFO - DAG(s) 'tutorial_objectstorage' retrieved from /home/airflow/.local/lib/python3.12/site-packages/airflow/example_dags/tutorial_objectstorage.py
[2026-01-29T00:54:55.224+0000] {logging_mixin.py:188} INFO - [2026-01-29T00:54:55.224+0000] {dag.py:3089} INFO - Sync 1 DAGs
[2026-01-29T00:54:55.238+0000] {logging_mixin.py:188} INFO - [2026-01-29T00:54:55.238+0000] {dag.py:3947} INFO - Setting next_dagrun for tutorial_objectstorage to None, run_after=None
[2026-01-29T00:54:55.259+0000] {processor.py:183} INFO - Processing /home/airflow/.local/lib/python3.12/site-packages/airflow/example_dags/tutorial_objectstorage.py took 0.074 seconds
[2026-01-29T00:55:25.841+0000] {processor.py:161} INFO - Started process (PID=69070) to work on /home/airflow/.local/lib/python3.12/site-packages/airflow/example_dags/tutorial_objectstorage.py
[2026-01-29T00:55:25.841+0000] {processor.py:830} INFO - Processing file /home/airflow/.local/lib/python3.12/site-packages/airflow/example_dags/tutorial_objectstorage.py for tasks to queue
[2026-01-29T00:55:25.843+0000] {logging_mixin.py:188} INFO - [2026-01-29T00:55:25.843+0000] {dagbag.py:545} INFO - Filling up the DagBag from /home/airflow/.local/lib/python3.12/site-packages/airflow/example_dags/tutorial_objectstorage.py
[2026-01-29T00:55:25.851+0000] {processor.py:840} INFO - DAG(s) 'tutorial_objectstorage' retrieved from /home/airflow/.local/lib/python3.12/site-packages/airflow/example_dags/tutorial_objectstorage.py
[2026-01-29T00:55:25.870+0000] {logging_mixin.py:188} INFO - [2026-01-29T00:55:25.870+0000] {dag.py:3089} INFO - Sync 1 DAGs
[2026-01-29T00:55:25.884+0000] {logging_mixin.py:188} INFO - [2026-01-29T00:55:25.884+0000] {dag.py:3947} INFO - Setting next_dagrun for tutorial_objectstorage to None, run_after=None
[2026-01-29T00:55:25.905+0000] {processor.py:183} INFO - Processing /home/airflow/.local/lib/python3.12/site-packages/airflow/example_dags/tutorial_objectstorage.py took 0.070 seconds
[2026-01-29T00:55:56.444+0000] {processor.py:161} INFO - Started process (PID=69129) to work on /home/airflow/.local/lib/python3.12/site-packages/airflow/example_dags/tutorial_objectstorage.py
[2026-01-29T00:55:56.446+0000] {processor.py:830} INFO - Processing file /home/airflow/.local/lib/python3.12/site-packages/airflow/example_dags/tutorial_objectstorage.py for tasks to queue
[2026-01-29T00:55:56.447+0000] {logging_mixin.py:188} INFO - [2026-01-29T00:55:56.447+0000] {dagbag.py:545} INFO - Filling up the DagBag from /home/airflow/.local/lib/python3.12/site-packages/airflow/example_dags/tutorial_objectstorage.py
[2026-01-29T00:55:56.455+0000] {processor.py:840} INFO - DAG(s) 'tutorial_objectstorage' retrieved from /home/airflow/.local/lib/python3.12/site-packages/airflow/example_dags/tutorial_objectstorage.py
[2026-01-29T00:55:56.474+0000] {logging_mixin.py:188} INFO - [2026-01-29T00:55:56.474+0000] {dag.py:3089} INFO - Sync 1 DAGs
[2026-01-29T00:55:56.487+0000] {logging_mixin.py:188} INFO - [2026-01-29T00:55:56.487+0000] {dag.py:3947} INFO - Setting next_dagrun for tutorial_objectstorage to None, run_after=None
[2026-01-29T00:55:56.508+0000] {processor.py:183} INFO - Processing /home/airflow/.local/lib/python3.12/site-packages/airflow/example_dags/tutorial_objectstorage.py took 0.071 seconds
[2026-01-29T00:56:27.300+0000] {processor.py:161} INFO - Started process (PID=69193) to work on /home/airflow/.local/lib/python3.12/site-packages/airflow/example_dags/tutorial_objectstorage.py
[2026-01-29T00:56:27.301+0000] {processor.py:830} INFO - Processing file /home/airflow/.local/lib/python3.12/site-packages/airflow/example_dags/tutorial_objectstorage.py for tasks to queue
[2026-01-29T00:56:27.302+0000] {logging_mixin.py:188} INFO - [2026-01-29T00:56:27.302+0000] {dagbag.py:545} INFO - Filling up the DagBag from /home/airflow/.local/lib/python3.12/site-packages/airflow/example_dags/tutorial_objectstorage.py
[2026-01-29T00:56:27.311+0000] {processor.py:840} INFO - DAG(s) 'tutorial_objectstorage' retrieved from /home/airflow/.local/lib/python3.12/site-packages/airflow/example_dags/tutorial_objectstorage.py
[2026-01-29T00:56:27.331+0000] {logging_mixin.py:188} INFO - [2026-01-29T00:56:27.331+0000] {dag.py:3089} INFO - Sync 1 DAGs
[2026-01-29T00:56:27.345+0000] {logging_mixin.py:188} INFO - [2026-01-29T00:56:27.345+0000] {dag.py:3947} INFO - Setting next_dagrun for tutorial_objectstorage to None, run_after=None
[2026-01-29T00:56:27.366+0000] {processor.py:183} INFO - Processing /home/airflow/.local/lib/python3.12/site-packages/airflow/example_dags/tutorial_objectstorage.py took 0.073 seconds
[2026-01-29T00:56:58.061+0000] {processor.py:161} INFO - Started process (PID=69252) to work on /home/airflow/.local/lib/python3.12/site-packages/airflow/example_dags/tutorial_objectstorage.py
[2026-01-29T00:56:58.063+0000] {processor.py:830} INFO - Processing file /home/airflow/.local/lib/python3.12/site-packages/airflow/example_dags/tutorial_objectstorage.py for tasks to queue
[2026-01-29T00:56:58.066+0000] {logging_mixin.py:188} INFO - [2026-01-29T00:56:58.065+0000] {dagbag.py:545} INFO - Filling up the DagBag from /home/airflow/.local/lib/python3.12/site-packages/airflow/example_dags/tutorial_objectstorage.py
[2026-01-29T00:56:58.077+0000] {processor.py:840} INFO - DAG(s) 'tutorial_objectstorage' retrieved from /home/airflow/.local/lib/python3.12/site-packages/airflow/example_dags/tutorial_objectstorage.py
[2026-01-29T00:56:58.100+0000] {logging_mixin.py:188} INFO - [2026-01-29T00:56:58.100+0000] {dag.py:3089} INFO - Sync 1 DAGs
[2026-01-29T00:56:58.114+0000] {logging_mixin.py:188} INFO - [2026-01-29T00:56:58.114+0000] {dag.py:3947} INFO - Setting next_dagrun for tutorial_objectstorage to None, run_after=None
[2026-01-29T00:56:58.135+0000] {processor.py:183} INFO - Processing /home/airflow/.local/lib/python3.12/site-packages/airflow/example_dags/tutorial_objectstorage.py took 0.084 seconds
[2026-01-29T00:57:28.774+0000] {processor.py:161} INFO - Started process (PID=69316) to work on /home/airflow/.local/lib/python3.12/site-packages/airflow/example_dags/tutorial_objectstorage.py
[2026-01-29T00:57:28.775+0000] {processor.py:830} INFO - Processing file /home/airflow/.local/lib/python3.12/site-packages/airflow/example_dags/tutorial_objectstorage.py for tasks to queue
[2026-01-29T00:57:28.777+0000] {logging_mixin.py:188} INFO - [2026-01-29T00:57:28.777+0000] {dagbag.py:545} INFO - Filling up the DagBag from /home/airflow/.local/lib/python3.12/site-packages/airflow/example_dags/tutorial_objectstorage.py
[2026-01-29T00:57:28.785+0000] {processor.py:840} INFO - DAG(s) 'tutorial_objectstorage' retrieved from /home/airflow/.local/lib/python3.12/site-packages/airflow/example_dags/tutorial_objectstorage.py
[2026-01-29T00:57:28.805+0000] {logging_mixin.py:188} INFO - [2026-01-29T00:57:28.805+0000] {dag.py:3089} INFO - Sync 1 DAGs
[2026-01-29T00:57:28.818+0000] {logging_mixin.py:188} INFO - [2026-01-29T00:57:28.818+0000] {dag.py:3947} INFO - Setting next_dagrun for tutorial_objectstorage to None, run_after=None
[2026-01-29T00:57:28.838+0000] {processor.py:183} INFO - Processing /home/airflow/.local/lib/python3.12/site-packages/airflow/example_dags/tutorial_objectstorage.py took 0.071 seconds
[2026-01-29T00:57:59.374+0000] {processor.py:161} INFO - Started process (PID=69375) to work on /home/airflow/.local/lib/python3.12/site-packages/airflow/example_dags/tutorial_objectstorage.py
[2026-01-29T00:57:59.375+0000] {processor.py:830} INFO - Processing file /home/airflow/.local/lib/python3.12/site-packages/airflow/example_dags/tutorial_objectstorage.py for tasks to queue
[2026-01-29T00:57:59.377+0000] {logging_mixin.py:188} INFO - [2026-01-29T00:57:59.377+0000] {dagbag.py:545} INFO - Filling up the DagBag from /home/airflow/.local/lib/python3.12/site-packages/airflow/example_dags/tutorial_objectstorage.py
[2026-01-29T00:57:59.386+0000] {processor.py:840} INFO - DAG(s) 'tutorial_objectstorage' retrieved from /home/airflow/.local/lib/python3.12/site-packages/airflow/example_dags/tutorial_objectstorage.py
[2026-01-29T00:57:59.405+0000] {logging_mixin.py:188} INFO - [2026-01-29T00:57:59.405+0000] {dag.py:3089} INFO - Sync 1 DAGs
[2026-01-29T00:57:59.418+0000] {logging_mixin.py:188} INFO - [2026-01-29T00:57:59.418+0000] {dag.py:3947} INFO - Setting next_dagrun for tutorial_objectstorage to None, run_after=None
[2026-01-29T00:57:59.437+0000] {processor.py:183} INFO - Processing /home/airflow/.local/lib/python3.12/site-packages/airflow/example_dags/tutorial_objectstorage.py took 0.070 seconds
[2026-01-29T00:58:30.093+0000] {processor.py:161} INFO - Started process (PID=69445) to work on /home/airflow/.local/lib/python3.12/site-packages/airflow/example_dags/tutorial_objectstorage.py
[2026-01-29T00:58:30.093+0000] {processor.py:830} INFO - Processing file /home/airflow/.local/lib/python3.12/site-packages/airflow/example_dags/tutorial_objectstorage.py for tasks to queue
[2026-01-29T00:58:30.095+0000] {logging_mixin.py:188} INFO - [2026-01-29T00:58:30.095+0000] {dagbag.py:545} INFO - Filling up the DagBag from /home/airflow/.local/lib/python3.12/site-packages/airflow/example_dags/tutorial_objectstorage.py
[2026-01-29T00:58:30.102+0000] {processor.py:840} INFO - DAG(s) 'tutorial_objectstorage' retrieved from /home/airflow/.local/lib/python3.12/site-packages/airflow/example_dags/tutorial_objectstorage.py
[2026-01-29T00:58:30.127+0000] {logging_mixin.py:188} INFO - [2026-01-29T00:58:30.126+0000] {dag.py:3089} INFO - Sync 1 DAGs
[2026-01-29T00:58:30.142+0000] {logging_mixin.py:188} INFO - [2026-01-29T00:58:30.141+0000] {dag.py:3947} INFO - Setting next_dagrun for tutorial_objectstorage to None, run_after=None
[2026-01-29T00:58:30.162+0000] {processor.py:183} INFO - Processing /home/airflow/.local/lib/python3.12/site-packages/airflow/example_dags/tutorial_objectstorage.py took 0.075 seconds
[2026-01-29T00:59:00.760+0000] {processor.py:161} INFO - Started process (PID=69504) to work on /home/airflow/.local/lib/python3.12/site-packages/airflow/example_dags/tutorial_objectstorage.py
[2026-01-29T00:59:00.761+0000] {processor.py:830} INFO - Processing file /home/airflow/.local/lib/python3.12/site-packages/airflow/example_dags/tutorial_objectstorage.py for tasks to queue
[2026-01-29T00:59:00.763+0000] {logging_mixin.py:188} INFO - [2026-01-29T00:59:00.763+0000] {dagbag.py:545} INFO - Filling up the DagBag from /home/airflow/.local/lib/python3.12/site-packages/airflow/example_dags/tutorial_objectstorage.py
[2026-01-29T00:59:00.772+0000] {processor.py:840} INFO - DAG(s) 'tutorial_objectstorage' retrieved from /home/airflow/.local/lib/python3.12/site-packages/airflow/example_dags/tutorial_objectstorage.py
[2026-01-29T00:59:00.794+0000] {logging_mixin.py:188} INFO - [2026-01-29T00:59:00.793+0000] {dag.py:3089} INFO - Sync 1 DAGs
[2026-01-29T00:59:00.809+0000] {logging_mixin.py:188} INFO - [2026-01-29T00:59:00.808+0000] {dag.py:3947} INFO - Setting next_dagrun for tutorial_objectstorage to None, run_after=None
[2026-01-29T00:59:00.829+0000] {processor.py:183} INFO - Processing /home/airflow/.local/lib/python3.12/site-packages/airflow/example_dags/tutorial_objectstorage.py took 0.076 seconds
[2026-01-29T00:59:31.449+0000] {processor.py:161} INFO - Started process (PID=69569) to work on /home/airflow/.local/lib/python3.12/site-packages/airflow/example_dags/tutorial_objectstorage.py
[2026-01-29T00:59:31.450+0000] {processor.py:830} INFO - Processing file /home/airflow/.local/lib/python3.12/site-packages/airflow/example_dags/tutorial_objectstorage.py for tasks to queue
[2026-01-29T00:59:31.451+0000] {logging_mixin.py:188} INFO - [2026-01-29T00:59:31.451+0000] {dagbag.py:545} INFO - Filling up the DagBag from /home/airflow/.local/lib/python3.12/site-packages/airflow/example_dags/tutorial_objectstorage.py
[2026-01-29T00:59:31.459+0000] {processor.py:840} INFO - DAG(s) 'tutorial_objectstorage' retrieved from /home/airflow/.local/lib/python3.12/site-packages/airflow/example_dags/tutorial_objectstorage.py
[2026-01-29T00:59:31.483+0000] {logging_mixin.py:188} INFO - [2026-01-29T00:59:31.483+0000] {dag.py:3089} INFO - Sync 1 DAGs
[2026-01-29T00:59:31.501+0000] {logging_mixin.py:188} INFO - [2026-01-29T00:59:31.501+0000] {dag.py:3947} INFO - Setting next_dagrun for tutorial_objectstorage to None, run_after=None
[2026-01-29T00:59:31.522+0000] {processor.py:183} INFO - Processing /home/airflow/.local/lib/python3.12/site-packages/airflow/example_dags/tutorial_objectstorage.py took 0.081 seconds
[2026-01-29T01:00:02.173+0000] {processor.py:161} INFO - Started process (PID=69633) to work on /home/airflow/.local/lib/python3.12/site-packages/airflow/example_dags/tutorial_objectstorage.py
[2026-01-29T01:00:02.174+0000] {processor.py:830} INFO - Processing file /home/airflow/.local/lib/python3.12/site-packages/airflow/example_dags/tutorial_objectstorage.py for tasks to queue
[2026-01-29T01:00:02.176+0000] {logging_mixin.py:188} INFO - [2026-01-29T01:00:02.175+0000] {dagbag.py:545} INFO - Filling up the DagBag from /home/airflow/.local/lib/python3.12/site-packages/airflow/example_dags/tutorial_objectstorage.py
[2026-01-29T01:00:02.183+0000] {processor.py:840} INFO - DAG(s) 'tutorial_objectstorage' retrieved from /home/airflow/.local/lib/python3.12/site-packages/airflow/example_dags/tutorial_objectstorage.py
[2026-01-29T01:00:02.202+0000] {logging_mixin.py:188} INFO - [2026-01-29T01:00:02.201+0000] {dag.py:3089} INFO - Sync 1 DAGs
[2026-01-29T01:00:02.215+0000] {logging_mixin.py:188} INFO - [2026-01-29T01:00:02.214+0000] {dag.py:3947} INFO - Setting next_dagrun for tutorial_objectstorage to None, run_after=None
[2026-01-29T01:00:02.236+0000] {processor.py:183} INFO - Processing /home/airflow/.local/lib/python3.12/site-packages/airflow/example_dags/tutorial_objectstorage.py took 0.069 seconds
[2026-01-29T01:00:32.800+0000] {processor.py:161} INFO - Started process (PID=69692) to work on /home/airflow/.local/lib/python3.12/site-packages/airflow/example_dags/tutorial_objectstorage.py
[2026-01-29T01:00:32.801+0000] {processor.py:830} INFO - Processing file /home/airflow/.local/lib/python3.12/site-packages/airflow/example_dags/tutorial_objectstorage.py for tasks to queue
[2026-01-29T01:00:32.803+0000] {logging_mixin.py:188} INFO - [2026-01-29T01:00:32.802+0000] {dagbag.py:545} INFO - Filling up the DagBag from /home/airflow/.local/lib/python3.12/site-packages/airflow/example_dags/tutorial_objectstorage.py
[2026-01-29T01:00:32.811+0000] {processor.py:840} INFO - DAG(s) 'tutorial_objectstorage' retrieved from /home/airflow/.local/lib/python3.12/site-packages/airflow/example_dags/tutorial_objectstorage.py
[2026-01-29T01:00:32.830+0000] {logging_mixin.py:188} INFO - [2026-01-29T01:00:32.830+0000] {dag.py:3089} INFO - Sync 1 DAGs
[2026-01-29T01:00:32.843+0000] {logging_mixin.py:188} INFO - [2026-01-29T01:00:32.843+0000] {dag.py:3947} INFO - Setting next_dagrun for tutorial_objectstorage to None, run_after=None
[2026-01-29T01:00:32.862+0000] {processor.py:183} INFO - Processing /home/airflow/.local/lib/python3.12/site-packages/airflow/example_dags/tutorial_objectstorage.py took 0.069 seconds
[2026-01-29T01:01:03.579+0000] {processor.py:161} INFO - Started process (PID=69756) to work on /home/airflow/.local/lib/python3.12/site-packages/airflow/example_dags/tutorial_objectstorage.py
[2026-01-29T01:01:03.581+0000] {processor.py:830} INFO - Processing file /home/airflow/.local/lib/python3.12/site-packages/airflow/example_dags/tutorial_objectstorage.py for tasks to queue
[2026-01-29T01:01:03.582+0000] {logging_mixin.py:188} INFO - [2026-01-29T01:01:03.582+0000] {dagbag.py:545} INFO - Filling up the DagBag from /home/airflow/.local/lib/python3.12/site-packages/airflow/example_dags/tutorial_objectstorage.py
[2026-01-29T01:01:03.589+0000] {processor.py:840} INFO - DAG(s) 'tutorial_objectstorage' retrieved from /home/airflow/.local/lib/python3.12/site-packages/airflow/example_dags/tutorial_objectstorage.py
[2026-01-29T01:01:03.608+0000] {logging_mixin.py:188} INFO - [2026-01-29T01:01:03.608+0000] {dag.py:3089} INFO - Sync 1 DAGs
[2026-01-29T01:01:03.622+0000] {logging_mixin.py:188} INFO - [2026-01-29T01:01:03.622+0000] {dag.py:3947} INFO - Setting next_dagrun for tutorial_objectstorage to None, run_after=None
[2026-01-29T01:01:03.643+0000] {processor.py:183} INFO - Processing /home/airflow/.local/lib/python3.12/site-packages/airflow/example_dags/tutorial_objectstorage.py took 0.070 seconds
[2026-01-29T01:01:34.364+0000] {processor.py:161} INFO - Started process (PID=69815) to work on /home/airflow/.local/lib/python3.12/site-packages/airflow/example_dags/tutorial_objectstorage.py
[2026-01-29T01:01:34.365+0000] {processor.py:830} INFO - Processing file /home/airflow/.local/lib/python3.12/site-packages/airflow/example_dags/tutorial_objectstorage.py for tasks to queue
[2026-01-29T01:01:34.366+0000] {logging_mixin.py:188} INFO - [2026-01-29T01:01:34.366+0000] {dagbag.py:545} INFO - Filling up the DagBag from /home/airflow/.local/lib/python3.12/site-packages/airflow/example_dags/tutorial_objectstorage.py
[2026-01-29T01:01:34.374+0000] {processor.py:840} INFO - DAG(s) 'tutorial_objectstorage' retrieved from /home/airflow/.local/lib/python3.12/site-packages/airflow/example_dags/tutorial_objectstorage.py
[2026-01-29T01:01:34.399+0000] {logging_mixin.py:188} INFO - [2026-01-29T01:01:34.398+0000] {dag.py:3089} INFO - Sync 1 DAGs
[2026-01-29T01:01:34.413+0000] {logging_mixin.py:188} INFO - [2026-01-29T01:01:34.413+0000] {dag.py:3947} INFO - Setting next_dagrun for tutorial_objectstorage to None, run_after=None
[2026-01-29T01:01:34.435+0000] {processor.py:183} INFO - Processing /home/airflow/.local/lib/python3.12/site-packages/airflow/example_dags/tutorial_objectstorage.py took 0.077 seconds
[2026-01-29T01:02:04.907+0000] {processor.py:161} INFO - Started process (PID=69879) to work on /home/airflow/.local/lib/python3.12/site-packages/airflow/example_dags/tutorial_objectstorage.py
[2026-01-29T01:02:04.908+0000] {processor.py:830} INFO - Processing file /home/airflow/.local/lib/python3.12/site-packages/airflow/example_dags/tutorial_objectstorage.py for tasks to queue
[2026-01-29T01:02:04.911+0000] {logging_mixin.py:188} INFO - [2026-01-29T01:02:04.910+0000] {dagbag.py:545} INFO - Filling up the DagBag from /home/airflow/.local/lib/python3.12/site-packages/airflow/example_dags/tutorial_objectstorage.py
[2026-01-29T01:02:04.919+0000] {processor.py:840} INFO - DAG(s) 'tutorial_objectstorage' retrieved from /home/airflow/.local/lib/python3.12/site-packages/airflow/example_dags/tutorial_objectstorage.py
[2026-01-29T01:02:04.938+0000] {logging_mixin.py:188} INFO - [2026-01-29T01:02:04.937+0000] {dag.py:3089} INFO - Sync 1 DAGs
[2026-01-29T01:02:04.952+0000] {logging_mixin.py:188} INFO - [2026-01-29T01:02:04.951+0000] {dag.py:3947} INFO - Setting next_dagrun for tutorial_objectstorage to None, run_after=None
[2026-01-29T01:02:04.972+0000] {processor.py:183} INFO - Processing /home/airflow/.local/lib/python3.12/site-packages/airflow/example_dags/tutorial_objectstorage.py took 0.071 seconds
[2026-01-29T01:02:35.607+0000] {processor.py:161} INFO - Started process (PID=69938) to work on /home/airflow/.local/lib/python3.12/site-packages/airflow/example_dags/tutorial_objectstorage.py
[2026-01-29T01:02:35.607+0000] {processor.py:830} INFO - Processing file /home/airflow/.local/lib/python3.12/site-packages/airflow/example_dags/tutorial_objectstorage.py for tasks to queue
[2026-01-29T01:02:35.609+0000] {logging_mixin.py:188} INFO - [2026-01-29T01:02:35.609+0000] {dagbag.py:545} INFO - Filling up the DagBag from /home/airflow/.local/lib/python3.12/site-packages/airflow/example_dags/tutorial_objectstorage.py
[2026-01-29T01:02:35.618+0000] {processor.py:840} INFO - DAG(s) 'tutorial_objectstorage' retrieved from /home/airflow/.local/lib/python3.12/site-packages/airflow/example_dags/tutorial_objectstorage.py
[2026-01-29T01:02:35.637+0000] {logging_mixin.py:188} INFO - [2026-01-29T01:02:35.637+0000] {dag.py:3089} INFO - Sync 1 DAGs
[2026-01-29T01:02:35.650+0000] {logging_mixin.py:188} INFO - [2026-01-29T01:02:35.650+0000] {dag.py:3947} INFO - Setting next_dagrun for tutorial_objectstorage to None, run_after=None
[2026-01-29T01:02:35.670+0000] {processor.py:183} INFO - Processing /home/airflow/.local/lib/python3.12/site-packages/airflow/example_dags/tutorial_objectstorage.py took 0.070 seconds
[2026-01-29T01:03:06.249+0000] {processor.py:161} INFO - Started process (PID=70002) to work on /home/airflow/.local/lib/python3.12/site-packages/airflow/example_dags/tutorial_objectstorage.py
[2026-01-29T01:03:06.250+0000] {processor.py:830} INFO - Processing file /home/airflow/.local/lib/python3.12/site-packages/airflow/example_dags/tutorial_objectstorage.py for tasks to queue
[2026-01-29T01:03:06.251+0000] {logging_mixin.py:188} INFO - [2026-01-29T01:03:06.251+0000] {dagbag.py:545} INFO - Filling up the DagBag from /home/airflow/.local/lib/python3.12/site-packages/airflow/example_dags/tutorial_objectstorage.py
[2026-01-29T01:03:06.259+0000] {processor.py:840} INFO - DAG(s) 'tutorial_objectstorage' retrieved from /home/airflow/.local/lib/python3.12/site-packages/airflow/example_dags/tutorial_objectstorage.py
[2026-01-29T01:03:06.278+0000] {logging_mixin.py:188} INFO - [2026-01-29T01:03:06.278+0000] {dag.py:3089} INFO - Sync 1 DAGs
[2026-01-29T01:03:06.292+0000] {logging_mixin.py:188} INFO - [2026-01-29T01:03:06.292+0000] {dag.py:3947} INFO - Setting next_dagrun for tutorial_objectstorage to None, run_after=None
[2026-01-29T01:03:06.313+0000] {processor.py:183} INFO - Processing /home/airflow/.local/lib/python3.12/site-packages/airflow/example_dags/tutorial_objectstorage.py took 0.070 seconds
[2026-01-29T01:03:36.920+0000] {processor.py:161} INFO - Started process (PID=70061) to work on /home/airflow/.local/lib/python3.12/site-packages/airflow/example_dags/tutorial_objectstorage.py
[2026-01-29T01:03:36.920+0000] {processor.py:830} INFO - Processing file /home/airflow/.local/lib/python3.12/site-packages/airflow/example_dags/tutorial_objectstorage.py for tasks to queue
[2026-01-29T01:03:36.922+0000] {logging_mixin.py:188} INFO - [2026-01-29T01:03:36.922+0000] {dagbag.py:545} INFO - Filling up the DagBag from /home/airflow/.local/lib/python3.12/site-packages/airflow/example_dags/tutorial_objectstorage.py
[2026-01-29T01:03:36.930+0000] {processor.py:840} INFO - DAG(s) 'tutorial_objectstorage' retrieved from /home/airflow/.local/lib/python3.12/site-packages/airflow/example_dags/tutorial_objectstorage.py
[2026-01-29T01:03:36.951+0000] {logging_mixin.py:188} INFO - [2026-01-29T01:03:36.951+0000] {dag.py:3089} INFO - Sync 1 DAGs
[2026-01-29T01:03:36.965+0000] {logging_mixin.py:188} INFO - [2026-01-29T01:03:36.965+0000] {dag.py:3947} INFO - Setting next_dagrun for tutorial_objectstorage to None, run_after=None
[2026-01-29T01:03:36.985+0000] {processor.py:183} INFO - Processing /home/airflow/.local/lib/python3.12/site-packages/airflow/example_dags/tutorial_objectstorage.py took 0.073 seconds
[2026-01-29T01:04:07.620+0000] {processor.py:161} INFO - Started process (PID=70125) to work on /home/airflow/.local/lib/python3.12/site-packages/airflow/example_dags/tutorial_objectstorage.py
[2026-01-29T01:04:07.622+0000] {processor.py:830} INFO - Processing file /home/airflow/.local/lib/python3.12/site-packages/airflow/example_dags/tutorial_objectstorage.py for tasks to queue
[2026-01-29T01:04:07.624+0000] {logging_mixin.py:188} INFO - [2026-01-29T01:04:07.623+0000] {dagbag.py:545} INFO - Filling up the DagBag from /home/airflow/.local/lib/python3.12/site-packages/airflow/example_dags/tutorial_objectstorage.py
[2026-01-29T01:04:07.632+0000] {processor.py:840} INFO - DAG(s) 'tutorial_objectstorage' retrieved from /home/airflow/.local/lib/python3.12/site-packages/airflow/example_dags/tutorial_objectstorage.py
[2026-01-29T01:04:07.651+0000] {logging_mixin.py:188} INFO - [2026-01-29T01:04:07.651+0000] {dag.py:3089} INFO - Sync 1 DAGs
[2026-01-29T01:04:07.665+0000] {logging_mixin.py:188} INFO - [2026-01-29T01:04:07.665+0000] {dag.py:3947} INFO - Setting next_dagrun for tutorial_objectstorage to None, run_after=None
[2026-01-29T01:04:07.686+0000] {processor.py:183} INFO - Processing /home/airflow/.local/lib/python3.12/site-packages/airflow/example_dags/tutorial_objectstorage.py took 0.073 seconds
[2026-01-29T01:04:38.318+0000] {processor.py:161} INFO - Started process (PID=70184) to work on /home/airflow/.local/lib/python3.12/site-packages/airflow/example_dags/tutorial_objectstorage.py
[2026-01-29T01:04:38.319+0000] {processor.py:830} INFO - Processing file /home/airflow/.local/lib/python3.12/site-packages/airflow/example_dags/tutorial_objectstorage.py for tasks to queue
[2026-01-29T01:04:38.321+0000] {logging_mixin.py:188} INFO - [2026-01-29T01:04:38.320+0000] {dagbag.py:545} INFO - Filling up the DagBag from /home/airflow/.local/lib/python3.12/site-packages/airflow/example_dags/tutorial_objectstorage.py
[2026-01-29T01:04:38.329+0000] {processor.py:840} INFO - DAG(s) 'tutorial_objectstorage' retrieved from /home/airflow/.local/lib/python3.12/site-packages/airflow/example_dags/tutorial_objectstorage.py
[2026-01-29T01:04:38.349+0000] {logging_mixin.py:188} INFO - [2026-01-29T01:04:38.349+0000] {dag.py:3089} INFO - Sync 1 DAGs
[2026-01-29T01:04:38.364+0000] {logging_mixin.py:188} INFO - [2026-01-29T01:04:38.363+0000] {dag.py:3947} INFO - Setting next_dagrun for tutorial_objectstorage to None, run_after=None
[2026-01-29T01:04:38.385+0000] {processor.py:183} INFO - Processing /home/airflow/.local/lib/python3.12/site-packages/airflow/example_dags/tutorial_objectstorage.py took 0.075 seconds
[2026-01-29T01:05:09.128+0000] {processor.py:161} INFO - Started process (PID=70248) to work on /home/airflow/.local/lib/python3.12/site-packages/airflow/example_dags/tutorial_objectstorage.py
[2026-01-29T01:05:09.129+0000] {processor.py:830} INFO - Processing file /home/airflow/.local/lib/python3.12/site-packages/airflow/example_dags/tutorial_objectstorage.py for tasks to queue
[2026-01-29T01:05:09.131+0000] {logging_mixin.py:188} INFO - [2026-01-29T01:05:09.130+0000] {dagbag.py:545} INFO - Filling up the DagBag from /home/airflow/.local/lib/python3.12/site-packages/airflow/example_dags/tutorial_objectstorage.py
[2026-01-29T01:05:09.139+0000] {processor.py:840} INFO - DAG(s) 'tutorial_objectstorage' retrieved from /home/airflow/.local/lib/python3.12/site-packages/airflow/example_dags/tutorial_objectstorage.py
[2026-01-29T01:05:09.161+0000] {logging_mixin.py:188} INFO - [2026-01-29T01:05:09.161+0000] {dag.py:3089} INFO - Sync 1 DAGs
[2026-01-29T01:05:09.176+0000] {logging_mixin.py:188} INFO - [2026-01-29T01:05:09.176+0000] {dag.py:3947} INFO - Setting next_dagrun for tutorial_objectstorage to None, run_after=None
[2026-01-29T01:05:09.198+0000] {processor.py:183} INFO - Processing /home/airflow/.local/lib/python3.12/site-packages/airflow/example_dags/tutorial_objectstorage.py took 0.078 seconds
[2026-01-29T01:05:39.443+0000] {processor.py:161} INFO - Started process (PID=70307) to work on /home/airflow/.local/lib/python3.12/site-packages/airflow/example_dags/tutorial_objectstorage.py
[2026-01-29T01:05:39.444+0000] {processor.py:830} INFO - Processing file /home/airflow/.local/lib/python3.12/site-packages/airflow/example_dags/tutorial_objectstorage.py for tasks to queue
[2026-01-29T01:05:39.446+0000] {logging_mixin.py:188} INFO - [2026-01-29T01:05:39.445+0000] {dagbag.py:545} INFO - Filling up the DagBag from /home/airflow/.local/lib/python3.12/site-packages/airflow/example_dags/tutorial_objectstorage.py
[2026-01-29T01:05:39.454+0000] {processor.py:840} INFO - DAG(s) 'tutorial_objectstorage' retrieved from /home/airflow/.local/lib/python3.12/site-packages/airflow/example_dags/tutorial_objectstorage.py
[2026-01-29T01:05:39.474+0000] {logging_mixin.py:188} INFO - [2026-01-29T01:05:39.474+0000] {dag.py:3089} INFO - Sync 1 DAGs
[2026-01-29T01:05:39.489+0000] {logging_mixin.py:188} INFO - [2026-01-29T01:05:39.489+0000] {dag.py:3947} INFO - Setting next_dagrun for tutorial_objectstorage to None, run_after=None
[2026-01-29T01:05:39.510+0000] {processor.py:183} INFO - Processing /home/airflow/.local/lib/python3.12/site-packages/airflow/example_dags/tutorial_objectstorage.py took 0.074 seconds
[2026-01-29T01:06:10.373+0000] {processor.py:161} INFO - Started process (PID=70371) to work on /home/airflow/.local/lib/python3.12/site-packages/airflow/example_dags/tutorial_objectstorage.py
[2026-01-29T01:06:10.374+0000] {processor.py:830} INFO - Processing file /home/airflow/.local/lib/python3.12/site-packages/airflow/example_dags/tutorial_objectstorage.py for tasks to queue
[2026-01-29T01:06:10.376+0000] {logging_mixin.py:188} INFO - [2026-01-29T01:06:10.376+0000] {dagbag.py:545} INFO - Filling up the DagBag from /home/airflow/.local/lib/python3.12/site-packages/airflow/example_dags/tutorial_objectstorage.py
[2026-01-29T01:06:10.385+0000] {processor.py:840} INFO - DAG(s) 'tutorial_objectstorage' retrieved from /home/airflow/.local/lib/python3.12/site-packages/airflow/example_dags/tutorial_objectstorage.py
[2026-01-29T01:06:10.407+0000] {logging_mixin.py:188} INFO - [2026-01-29T01:06:10.406+0000] {dag.py:3089} INFO - Sync 1 DAGs
[2026-01-29T01:06:10.423+0000] {logging_mixin.py:188} INFO - [2026-01-29T01:06:10.423+0000] {dag.py:3947} INFO - Setting next_dagrun for tutorial_objectstorage to None, run_after=None
[2026-01-29T01:06:10.447+0000] {processor.py:183} INFO - Processing /home/airflow/.local/lib/python3.12/site-packages/airflow/example_dags/tutorial_objectstorage.py took 0.082 seconds
[2026-01-29T01:06:41.127+0000] {processor.py:161} INFO - Started process (PID=70430) to work on /home/airflow/.local/lib/python3.12/site-packages/airflow/example_dags/tutorial_objectstorage.py
[2026-01-29T01:06:41.128+0000] {processor.py:830} INFO - Processing file /home/airflow/.local/lib/python3.12/site-packages/airflow/example_dags/tutorial_objectstorage.py for tasks to queue
[2026-01-29T01:06:41.130+0000] {logging_mixin.py:188} INFO - [2026-01-29T01:06:41.130+0000] {dagbag.py:545} INFO - Filling up the DagBag from /home/airflow/.local/lib/python3.12/site-packages/airflow/example_dags/tutorial_objectstorage.py
[2026-01-29T01:06:41.138+0000] {processor.py:840} INFO - DAG(s) 'tutorial_objectstorage' retrieved from /home/airflow/.local/lib/python3.12/site-packages/airflow/example_dags/tutorial_objectstorage.py
[2026-01-29T01:06:41.158+0000] {logging_mixin.py:188} INFO - [2026-01-29T01:06:41.157+0000] {dag.py:3089} INFO - Sync 1 DAGs
[2026-01-29T01:06:41.171+0000] {logging_mixin.py:188} INFO - [2026-01-29T01:06:41.171+0000] {dag.py:3947} INFO - Setting next_dagrun for tutorial_objectstorage to None, run_after=None
[2026-01-29T01:06:41.191+0000] {processor.py:183} INFO - Processing /home/airflow/.local/lib/python3.12/site-packages/airflow/example_dags/tutorial_objectstorage.py took 0.071 seconds
[2026-01-29T01:07:11.763+0000] {processor.py:161} INFO - Started process (PID=70493) to work on /home/airflow/.local/lib/python3.12/site-packages/airflow/example_dags/tutorial_objectstorage.py
[2026-01-29T01:07:11.764+0000] {processor.py:830} INFO - Processing file /home/airflow/.local/lib/python3.12/site-packages/airflow/example_dags/tutorial_objectstorage.py for tasks to queue
[2026-01-29T01:07:11.766+0000] {logging_mixin.py:188} INFO - [2026-01-29T01:07:11.766+0000] {dagbag.py:545} INFO - Filling up the DagBag from /home/airflow/.local/lib/python3.12/site-packages/airflow/example_dags/tutorial_objectstorage.py
[2026-01-29T01:07:11.775+0000] {processor.py:840} INFO - DAG(s) 'tutorial_objectstorage' retrieved from /home/airflow/.local/lib/python3.12/site-packages/airflow/example_dags/tutorial_objectstorage.py
[2026-01-29T01:07:11.794+0000] {logging_mixin.py:188} INFO - [2026-01-29T01:07:11.793+0000] {dag.py:3089} INFO - Sync 1 DAGs
[2026-01-29T01:07:11.806+0000] {logging_mixin.py:188} INFO - [2026-01-29T01:07:11.806+0000] {dag.py:3947} INFO - Setting next_dagrun for tutorial_objectstorage to None, run_after=None
[2026-01-29T01:07:11.826+0000] {processor.py:183} INFO - Processing /home/airflow/.local/lib/python3.12/site-packages/airflow/example_dags/tutorial_objectstorage.py took 0.070 seconds
[2026-01-29T01:07:42.541+0000] {processor.py:161} INFO - Started process (PID=70552) to work on /home/airflow/.local/lib/python3.12/site-packages/airflow/example_dags/tutorial_objectstorage.py
[2026-01-29T01:07:42.541+0000] {processor.py:830} INFO - Processing file /home/airflow/.local/lib/python3.12/site-packages/airflow/example_dags/tutorial_objectstorage.py for tasks to queue
[2026-01-29T01:07:42.543+0000] {logging_mixin.py:188} INFO - [2026-01-29T01:07:42.543+0000] {dagbag.py:545} INFO - Filling up the DagBag from /home/airflow/.local/lib/python3.12/site-packages/airflow/example_dags/tutorial_objectstorage.py
[2026-01-29T01:07:42.551+0000] {processor.py:840} INFO - DAG(s) 'tutorial_objectstorage' retrieved from /home/airflow/.local/lib/python3.12/site-packages/airflow/example_dags/tutorial_objectstorage.py
[2026-01-29T01:07:42.571+0000] {logging_mixin.py:188} INFO - [2026-01-29T01:07:42.571+0000] {dag.py:3089} INFO - Sync 1 DAGs
[2026-01-29T01:07:42.585+0000] {logging_mixin.py:188} INFO - [2026-01-29T01:07:42.585+0000] {dag.py:3947} INFO - Setting next_dagrun for tutorial_objectstorage to None, run_after=None
[2026-01-29T01:07:42.605+0000] {processor.py:183} INFO - Processing /home/airflow/.local/lib/python3.12/site-packages/airflow/example_dags/tutorial_objectstorage.py took 0.072 seconds
[2026-01-29T01:08:13.123+0000] {processor.py:161} INFO - Started process (PID=70616) to work on /home/airflow/.local/lib/python3.12/site-packages/airflow/example_dags/tutorial_objectstorage.py
[2026-01-29T01:08:13.125+0000] {processor.py:830} INFO - Processing file /home/airflow/.local/lib/python3.12/site-packages/airflow/example_dags/tutorial_objectstorage.py for tasks to queue
[2026-01-29T01:08:13.126+0000] {logging_mixin.py:188} INFO - [2026-01-29T01:08:13.126+0000] {dagbag.py:545} INFO - Filling up the DagBag from /home/airflow/.local/lib/python3.12/site-packages/airflow/example_dags/tutorial_objectstorage.py
[2026-01-29T01:08:13.135+0000] {processor.py:840} INFO - DAG(s) 'tutorial_objectstorage' retrieved from /home/airflow/.local/lib/python3.12/site-packages/airflow/example_dags/tutorial_objectstorage.py
[2026-01-29T01:08:13.158+0000] {logging_mixin.py:188} INFO - [2026-01-29T01:08:13.157+0000] {dag.py:3089} INFO - Sync 1 DAGs
[2026-01-29T01:08:13.173+0000] {logging_mixin.py:188} INFO - [2026-01-29T01:08:13.172+0000] {dag.py:3947} INFO - Setting next_dagrun for tutorial_objectstorage to None, run_after=None
[2026-01-29T01:08:13.195+0000] {processor.py:183} INFO - Processing /home/airflow/.local/lib/python3.12/site-packages/airflow/example_dags/tutorial_objectstorage.py took 0.078 seconds
[2026-01-29T01:08:43.768+0000] {processor.py:161} INFO - Started process (PID=70675) to work on /home/airflow/.local/lib/python3.12/site-packages/airflow/example_dags/tutorial_objectstorage.py
[2026-01-29T01:08:43.769+0000] {processor.py:830} INFO - Processing file /home/airflow/.local/lib/python3.12/site-packages/airflow/example_dags/tutorial_objectstorage.py for tasks to queue
[2026-01-29T01:08:43.770+0000] {logging_mixin.py:188} INFO - [2026-01-29T01:08:43.770+0000] {dagbag.py:545} INFO - Filling up the DagBag from /home/airflow/.local/lib/python3.12/site-packages/airflow/example_dags/tutorial_objectstorage.py
[2026-01-29T01:08:43.778+0000] {processor.py:840} INFO - DAG(s) 'tutorial_objectstorage' retrieved from /home/airflow/.local/lib/python3.12/site-packages/airflow/example_dags/tutorial_objectstorage.py
[2026-01-29T01:08:43.799+0000] {logging_mixin.py:188} INFO - [2026-01-29T01:08:43.799+0000] {dag.py:3089} INFO - Sync 1 DAGs
[2026-01-29T01:08:43.814+0000] {logging_mixin.py:188} INFO - [2026-01-29T01:08:43.813+0000] {dag.py:3947} INFO - Setting next_dagrun for tutorial_objectstorage to None, run_after=None
[2026-01-29T01:08:43.835+0000] {processor.py:183} INFO - Processing /home/airflow/.local/lib/python3.12/site-packages/airflow/example_dags/tutorial_objectstorage.py took 0.073 seconds
[2026-01-29T01:09:14.444+0000] {processor.py:161} INFO - Started process (PID=70739) to work on /home/airflow/.local/lib/python3.12/site-packages/airflow/example_dags/tutorial_objectstorage.py
[2026-01-29T01:09:14.445+0000] {processor.py:830} INFO - Processing file /home/airflow/.local/lib/python3.12/site-packages/airflow/example_dags/tutorial_objectstorage.py for tasks to queue
[2026-01-29T01:09:14.447+0000] {logging_mixin.py:188} INFO - [2026-01-29T01:09:14.446+0000] {dagbag.py:545} INFO - Filling up the DagBag from /home/airflow/.local/lib/python3.12/site-packages/airflow/example_dags/tutorial_objectstorage.py
[2026-01-29T01:09:14.455+0000] {processor.py:840} INFO - DAG(s) 'tutorial_objectstorage' retrieved from /home/airflow/.local/lib/python3.12/site-packages/airflow/example_dags/tutorial_objectstorage.py
[2026-01-29T01:09:14.477+0000] {logging_mixin.py:188} INFO - [2026-01-29T01:09:14.477+0000] {dag.py:3089} INFO - Sync 1 DAGs
[2026-01-29T01:09:14.492+0000] {logging_mixin.py:188} INFO - [2026-01-29T01:09:14.491+0000] {dag.py:3947} INFO - Setting next_dagrun for tutorial_objectstorage to None, run_after=None
[2026-01-29T01:09:14.513+0000] {processor.py:183} INFO - Processing /home/airflow/.local/lib/python3.12/site-packages/airflow/example_dags/tutorial_objectstorage.py took 0.077 seconds
[2026-01-29T01:09:44.979+0000] {processor.py:161} INFO - Started process (PID=70798) to work on /home/airflow/.local/lib/python3.12/site-packages/airflow/example_dags/tutorial_objectstorage.py
[2026-01-29T01:09:44.979+0000] {processor.py:830} INFO - Processing file /home/airflow/.local/lib/python3.12/site-packages/airflow/example_dags/tutorial_objectstorage.py for tasks to queue
[2026-01-29T01:09:44.981+0000] {logging_mixin.py:188} INFO - [2026-01-29T01:09:44.981+0000] {dagbag.py:545} INFO - Filling up the DagBag from /home/airflow/.local/lib/python3.12/site-packages/airflow/example_dags/tutorial_objectstorage.py
[2026-01-29T01:09:44.990+0000] {processor.py:840} INFO - DAG(s) 'tutorial_objectstorage' retrieved from /home/airflow/.local/lib/python3.12/site-packages/airflow/example_dags/tutorial_objectstorage.py
[2026-01-29T01:09:45.011+0000] {logging_mixin.py:188} INFO - [2026-01-29T01:09:45.010+0000] {dag.py:3089} INFO - Sync 1 DAGs
[2026-01-29T01:09:45.025+0000] {logging_mixin.py:188} INFO - [2026-01-29T01:09:45.025+0000] {dag.py:3947} INFO - Setting next_dagrun for tutorial_objectstorage to None, run_after=None
[2026-01-29T01:09:45.046+0000] {processor.py:183} INFO - Processing /home/airflow/.local/lib/python3.12/site-packages/airflow/example_dags/tutorial_objectstorage.py took 0.075 seconds
[2026-01-29T01:10:15.686+0000] {processor.py:161} INFO - Started process (PID=70862) to work on /home/airflow/.local/lib/python3.12/site-packages/airflow/example_dags/tutorial_objectstorage.py
[2026-01-29T01:10:15.687+0000] {processor.py:830} INFO - Processing file /home/airflow/.local/lib/python3.12/site-packages/airflow/example_dags/tutorial_objectstorage.py for tasks to queue
[2026-01-29T01:10:15.689+0000] {logging_mixin.py:188} INFO - [2026-01-29T01:10:15.689+0000] {dagbag.py:545} INFO - Filling up the DagBag from /home/airflow/.local/lib/python3.12/site-packages/airflow/example_dags/tutorial_objectstorage.py
[2026-01-29T01:10:15.696+0000] {processor.py:840} INFO - DAG(s) 'tutorial_objectstorage' retrieved from /home/airflow/.local/lib/python3.12/site-packages/airflow/example_dags/tutorial_objectstorage.py
[2026-01-29T01:10:15.717+0000] {logging_mixin.py:188} INFO - [2026-01-29T01:10:15.716+0000] {dag.py:3089} INFO - Sync 1 DAGs
[2026-01-29T01:10:15.731+0000] {logging_mixin.py:188} INFO - [2026-01-29T01:10:15.731+0000] {dag.py:3947} INFO - Setting next_dagrun for tutorial_objectstorage to None, run_after=None
[2026-01-29T01:10:15.752+0000] {processor.py:183} INFO - Processing /home/airflow/.local/lib/python3.12/site-packages/airflow/example_dags/tutorial_objectstorage.py took 0.072 seconds
[2026-01-29T01:10:46.303+0000] {processor.py:161} INFO - Started process (PID=70921) to work on /home/airflow/.local/lib/python3.12/site-packages/airflow/example_dags/tutorial_objectstorage.py
[2026-01-29T01:10:46.303+0000] {processor.py:830} INFO - Processing file /home/airflow/.local/lib/python3.12/site-packages/airflow/example_dags/tutorial_objectstorage.py for tasks to queue
[2026-01-29T01:10:46.305+0000] {logging_mixin.py:188} INFO - [2026-01-29T01:10:46.305+0000] {dagbag.py:545} INFO - Filling up the DagBag from /home/airflow/.local/lib/python3.12/site-packages/airflow/example_dags/tutorial_objectstorage.py
[2026-01-29T01:10:46.312+0000] {processor.py:840} INFO - DAG(s) 'tutorial_objectstorage' retrieved from /home/airflow/.local/lib/python3.12/site-packages/airflow/example_dags/tutorial_objectstorage.py
[2026-01-29T01:10:46.332+0000] {logging_mixin.py:188} INFO - [2026-01-29T01:10:46.331+0000] {dag.py:3089} INFO - Sync 1 DAGs
[2026-01-29T01:10:46.346+0000] {logging_mixin.py:188} INFO - [2026-01-29T01:10:46.345+0000] {dag.py:3947} INFO - Setting next_dagrun for tutorial_objectstorage to None, run_after=None
[2026-01-29T01:10:46.367+0000] {processor.py:183} INFO - Processing /home/airflow/.local/lib/python3.12/site-packages/airflow/example_dags/tutorial_objectstorage.py took 0.070 seconds
[2026-01-29T01:11:17.051+0000] {processor.py:161} INFO - Started process (PID=70985) to work on /home/airflow/.local/lib/python3.12/site-packages/airflow/example_dags/tutorial_objectstorage.py
[2026-01-29T01:11:17.052+0000] {processor.py:830} INFO - Processing file /home/airflow/.local/lib/python3.12/site-packages/airflow/example_dags/tutorial_objectstorage.py for tasks to queue
[2026-01-29T01:11:17.054+0000] {logging_mixin.py:188} INFO - [2026-01-29T01:11:17.054+0000] {dagbag.py:545} INFO - Filling up the DagBag from /home/airflow/.local/lib/python3.12/site-packages/airflow/example_dags/tutorial_objectstorage.py
[2026-01-29T01:11:17.063+0000] {processor.py:840} INFO - DAG(s) 'tutorial_objectstorage' retrieved from /home/airflow/.local/lib/python3.12/site-packages/airflow/example_dags/tutorial_objectstorage.py
[2026-01-29T01:11:17.085+0000] {logging_mixin.py:188} INFO - [2026-01-29T01:11:17.085+0000] {dag.py:3089} INFO - Sync 1 DAGs
[2026-01-29T01:11:17.100+0000] {logging_mixin.py:188} INFO - [2026-01-29T01:11:17.099+0000] {dag.py:3947} INFO - Setting next_dagrun for tutorial_objectstorage to None, run_after=None
[2026-01-29T01:11:17.121+0000] {processor.py:183} INFO - Processing /home/airflow/.local/lib/python3.12/site-packages/airflow/example_dags/tutorial_objectstorage.py took 0.078 seconds
[2026-01-29T01:11:47.750+0000] {processor.py:161} INFO - Started process (PID=71044) to work on /home/airflow/.local/lib/python3.12/site-packages/airflow/example_dags/tutorial_objectstorage.py
[2026-01-29T01:11:47.751+0000] {processor.py:830} INFO - Processing file /home/airflow/.local/lib/python3.12/site-packages/airflow/example_dags/tutorial_objectstorage.py for tasks to queue
[2026-01-29T01:11:47.753+0000] {logging_mixin.py:188} INFO - [2026-01-29T01:11:47.753+0000] {dagbag.py:545} INFO - Filling up the DagBag from /home/airflow/.local/lib/python3.12/site-packages/airflow/example_dags/tutorial_objectstorage.py
[2026-01-29T01:11:47.761+0000] {processor.py:840} INFO - DAG(s) 'tutorial_objectstorage' retrieved from /home/airflow/.local/lib/python3.12/site-packages/airflow/example_dags/tutorial_objectstorage.py
[2026-01-29T01:11:47.781+0000] {logging_mixin.py:188} INFO - [2026-01-29T01:11:47.781+0000] {dag.py:3089} INFO - Sync 1 DAGs
[2026-01-29T01:11:47.796+0000] {logging_mixin.py:188} INFO - [2026-01-29T01:11:47.795+0000] {dag.py:3947} INFO - Setting next_dagrun for tutorial_objectstorage to None, run_after=None
[2026-01-29T01:11:47.817+0000] {processor.py:183} INFO - Processing /home/airflow/.local/lib/python3.12/site-packages/airflow/example_dags/tutorial_objectstorage.py took 0.074 seconds
[2026-01-29T01:12:18.496+0000] {processor.py:161} INFO - Started process (PID=71108) to work on /home/airflow/.local/lib/python3.12/site-packages/airflow/example_dags/tutorial_objectstorage.py
[2026-01-29T01:12:18.497+0000] {processor.py:830} INFO - Processing file /home/airflow/.local/lib/python3.12/site-packages/airflow/example_dags/tutorial_objectstorage.py for tasks to queue
[2026-01-29T01:12:18.499+0000] {logging_mixin.py:188} INFO - [2026-01-29T01:12:18.499+0000] {dagbag.py:545} INFO - Filling up the DagBag from /home/airflow/.local/lib/python3.12/site-packages/airflow/example_dags/tutorial_objectstorage.py
[2026-01-29T01:12:18.508+0000] {processor.py:840} INFO - DAG(s) 'tutorial_objectstorage' retrieved from /home/airflow/.local/lib/python3.12/site-packages/airflow/example_dags/tutorial_objectstorage.py
[2026-01-29T01:12:18.530+0000] {logging_mixin.py:188} INFO - [2026-01-29T01:12:18.529+0000] {dag.py:3089} INFO - Sync 1 DAGs
[2026-01-29T01:12:18.544+0000] {logging_mixin.py:188} INFO - [2026-01-29T01:12:18.544+0000] {dag.py:3947} INFO - Setting next_dagrun for tutorial_objectstorage to None, run_after=None
[2026-01-29T01:12:18.565+0000] {processor.py:183} INFO - Processing /home/airflow/.local/lib/python3.12/site-packages/airflow/example_dags/tutorial_objectstorage.py took 0.077 seconds
[2026-01-29T01:12:49.240+0000] {processor.py:161} INFO - Started process (PID=71167) to work on /home/airflow/.local/lib/python3.12/site-packages/airflow/example_dags/tutorial_objectstorage.py
[2026-01-29T01:12:49.241+0000] {processor.py:830} INFO - Processing file /home/airflow/.local/lib/python3.12/site-packages/airflow/example_dags/tutorial_objectstorage.py for tasks to queue
[2026-01-29T01:12:49.242+0000] {logging_mixin.py:188} INFO - [2026-01-29T01:12:49.242+0000] {dagbag.py:545} INFO - Filling up the DagBag from /home/airflow/.local/lib/python3.12/site-packages/airflow/example_dags/tutorial_objectstorage.py
[2026-01-29T01:12:49.251+0000] {processor.py:840} INFO - DAG(s) 'tutorial_objectstorage' retrieved from /home/airflow/.local/lib/python3.12/site-packages/airflow/example_dags/tutorial_objectstorage.py
[2026-01-29T01:12:49.271+0000] {logging_mixin.py:188} INFO - [2026-01-29T01:12:49.271+0000] {dag.py:3089} INFO - Sync 1 DAGs
[2026-01-29T01:12:49.291+0000] {logging_mixin.py:188} INFO - [2026-01-29T01:12:49.290+0000] {dag.py:3947} INFO - Setting next_dagrun for tutorial_objectstorage to None, run_after=None
[2026-01-29T01:12:49.319+0000] {processor.py:183} INFO - Processing /home/airflow/.local/lib/python3.12/site-packages/airflow/example_dags/tutorial_objectstorage.py took 0.087 seconds
[2026-01-29T01:13:19.943+0000] {processor.py:161} INFO - Started process (PID=71231) to work on /home/airflow/.local/lib/python3.12/site-packages/airflow/example_dags/tutorial_objectstorage.py
[2026-01-29T01:13:19.944+0000] {processor.py:830} INFO - Processing file /home/airflow/.local/lib/python3.12/site-packages/airflow/example_dags/tutorial_objectstorage.py for tasks to queue
[2026-01-29T01:13:19.947+0000] {logging_mixin.py:188} INFO - [2026-01-29T01:13:19.946+0000] {dagbag.py:545} INFO - Filling up the DagBag from /home/airflow/.local/lib/python3.12/site-packages/airflow/example_dags/tutorial_objectstorage.py
[2026-01-29T01:13:19.955+0000] {processor.py:840} INFO - DAG(s) 'tutorial_objectstorage' retrieved from /home/airflow/.local/lib/python3.12/site-packages/airflow/example_dags/tutorial_objectstorage.py
[2026-01-29T01:13:19.981+0000] {logging_mixin.py:188} INFO - [2026-01-29T01:13:19.981+0000] {dag.py:3089} INFO - Sync 1 DAGs
[2026-01-29T01:13:19.997+0000] {logging_mixin.py:188} INFO - [2026-01-29T01:13:19.997+0000] {dag.py:3947} INFO - Setting next_dagrun for tutorial_objectstorage to None, run_after=None
[2026-01-29T01:13:20.019+0000] {processor.py:183} INFO - Processing /home/airflow/.local/lib/python3.12/site-packages/airflow/example_dags/tutorial_objectstorage.py took 0.083 seconds
[2026-01-29T01:13:50.644+0000] {processor.py:161} INFO - Started process (PID=71290) to work on /home/airflow/.local/lib/python3.12/site-packages/airflow/example_dags/tutorial_objectstorage.py
[2026-01-29T01:13:50.644+0000] {processor.py:830} INFO - Processing file /home/airflow/.local/lib/python3.12/site-packages/airflow/example_dags/tutorial_objectstorage.py for tasks to queue
[2026-01-29T01:13:50.646+0000] {logging_mixin.py:188} INFO - [2026-01-29T01:13:50.646+0000] {dagbag.py:545} INFO - Filling up the DagBag from /home/airflow/.local/lib/python3.12/site-packages/airflow/example_dags/tutorial_objectstorage.py
[2026-01-29T01:13:50.654+0000] {processor.py:840} INFO - DAG(s) 'tutorial_objectstorage' retrieved from /home/airflow/.local/lib/python3.12/site-packages/airflow/example_dags/tutorial_objectstorage.py
[2026-01-29T01:13:50.673+0000] {logging_mixin.py:188} INFO - [2026-01-29T01:13:50.673+0000] {dag.py:3089} INFO - Sync 1 DAGs
[2026-01-29T01:13:50.687+0000] {logging_mixin.py:188} INFO - [2026-01-29T01:13:50.687+0000] {dag.py:3947} INFO - Setting next_dagrun for tutorial_objectstorage to None, run_after=None
[2026-01-29T01:13:50.708+0000] {processor.py:183} INFO - Processing /home/airflow/.local/lib/python3.12/site-packages/airflow/example_dags/tutorial_objectstorage.py took 0.072 seconds
[2026-01-29T01:14:21.354+0000] {processor.py:161} INFO - Started process (PID=71354) to work on /home/airflow/.local/lib/python3.12/site-packages/airflow/example_dags/tutorial_objectstorage.py
[2026-01-29T01:14:21.356+0000] {processor.py:830} INFO - Processing file /home/airflow/.local/lib/python3.12/site-packages/airflow/example_dags/tutorial_objectstorage.py for tasks to queue
[2026-01-29T01:14:21.358+0000] {logging_mixin.py:188} INFO - [2026-01-29T01:14:21.357+0000] {dagbag.py:545} INFO - Filling up the DagBag from /home/airflow/.local/lib/python3.12/site-packages/airflow/example_dags/tutorial_objectstorage.py
[2026-01-29T01:14:21.366+0000] {processor.py:840} INFO - DAG(s) 'tutorial_objectstorage' retrieved from /home/airflow/.local/lib/python3.12/site-packages/airflow/example_dags/tutorial_objectstorage.py
[2026-01-29T01:14:21.387+0000] {logging_mixin.py:188} INFO - [2026-01-29T01:14:21.387+0000] {dag.py:3089} INFO - Sync 1 DAGs
[2026-01-29T01:14:21.401+0000] {logging_mixin.py:188} INFO - [2026-01-29T01:14:21.401+0000] {dag.py:3947} INFO - Setting next_dagrun for tutorial_objectstorage to None, run_after=None
[2026-01-29T01:14:21.422+0000] {processor.py:183} INFO - Processing /home/airflow/.local/lib/python3.12/site-packages/airflow/example_dags/tutorial_objectstorage.py took 0.075 seconds
[2026-01-29T01:14:52.161+0000] {processor.py:161} INFO - Started process (PID=71413) to work on /home/airflow/.local/lib/python3.12/site-packages/airflow/example_dags/tutorial_objectstorage.py
[2026-01-29T01:14:52.162+0000] {processor.py:830} INFO - Processing file /home/airflow/.local/lib/python3.12/site-packages/airflow/example_dags/tutorial_objectstorage.py for tasks to queue
[2026-01-29T01:14:52.163+0000] {logging_mixin.py:188} INFO - [2026-01-29T01:14:52.163+0000] {dagbag.py:545} INFO - Filling up the DagBag from /home/airflow/.local/lib/python3.12/site-packages/airflow/example_dags/tutorial_objectstorage.py
[2026-01-29T01:14:52.172+0000] {processor.py:840} INFO - DAG(s) 'tutorial_objectstorage' retrieved from /home/airflow/.local/lib/python3.12/site-packages/airflow/example_dags/tutorial_objectstorage.py
[2026-01-29T01:14:52.191+0000] {logging_mixin.py:188} INFO - [2026-01-29T01:14:52.191+0000] {dag.py:3089} INFO - Sync 1 DAGs
[2026-01-29T01:14:52.205+0000] {logging_mixin.py:188} INFO - [2026-01-29T01:14:52.205+0000] {dag.py:3947} INFO - Setting next_dagrun for tutorial_objectstorage to None, run_after=None
[2026-01-29T01:14:52.225+0000] {processor.py:183} INFO - Processing /home/airflow/.local/lib/python3.12/site-packages/airflow/example_dags/tutorial_objectstorage.py took 0.072 seconds
[2026-01-29T01:15:22.769+0000] {processor.py:161} INFO - Started process (PID=71477) to work on /home/airflow/.local/lib/python3.12/site-packages/airflow/example_dags/tutorial_objectstorage.py
[2026-01-29T01:15:22.770+0000] {processor.py:830} INFO - Processing file /home/airflow/.local/lib/python3.12/site-packages/airflow/example_dags/tutorial_objectstorage.py for tasks to queue
[2026-01-29T01:15:22.772+0000] {logging_mixin.py:188} INFO - [2026-01-29T01:15:22.771+0000] {dagbag.py:545} INFO - Filling up the DagBag from /home/airflow/.local/lib/python3.12/site-packages/airflow/example_dags/tutorial_objectstorage.py
[2026-01-29T01:15:22.780+0000] {processor.py:840} INFO - DAG(s) 'tutorial_objectstorage' retrieved from /home/airflow/.local/lib/python3.12/site-packages/airflow/example_dags/tutorial_objectstorage.py
[2026-01-29T01:15:22.799+0000] {logging_mixin.py:188} INFO - [2026-01-29T01:15:22.799+0000] {dag.py:3089} INFO - Sync 1 DAGs
[2026-01-29T01:15:22.813+0000] {logging_mixin.py:188} INFO - [2026-01-29T01:15:22.812+0000] {dag.py:3947} INFO - Setting next_dagrun for tutorial_objectstorage to None, run_after=None
[2026-01-29T01:15:22.834+0000] {processor.py:183} INFO - Processing /home/airflow/.local/lib/python3.12/site-packages/airflow/example_dags/tutorial_objectstorage.py took 0.073 seconds
[2026-01-29T01:15:53.478+0000] {processor.py:161} INFO - Started process (PID=71536) to work on /home/airflow/.local/lib/python3.12/site-packages/airflow/example_dags/tutorial_objectstorage.py
[2026-01-29T01:15:53.478+0000] {processor.py:830} INFO - Processing file /home/airflow/.local/lib/python3.12/site-packages/airflow/example_dags/tutorial_objectstorage.py for tasks to queue
[2026-01-29T01:15:53.480+0000] {logging_mixin.py:188} INFO - [2026-01-29T01:15:53.480+0000] {dagbag.py:545} INFO - Filling up the DagBag from /home/airflow/.local/lib/python3.12/site-packages/airflow/example_dags/tutorial_objectstorage.py
[2026-01-29T01:15:53.488+0000] {processor.py:840} INFO - DAG(s) 'tutorial_objectstorage' retrieved from /home/airflow/.local/lib/python3.12/site-packages/airflow/example_dags/tutorial_objectstorage.py
[2026-01-29T01:15:53.513+0000] {logging_mixin.py:188} INFO - [2026-01-29T01:15:53.513+0000] {dag.py:3089} INFO - Sync 1 DAGs
[2026-01-29T01:15:53.527+0000] {logging_mixin.py:188} INFO - [2026-01-29T01:15:53.527+0000] {dag.py:3947} INFO - Setting next_dagrun for tutorial_objectstorage to None, run_after=None
[2026-01-29T01:15:53.546+0000] {processor.py:183} INFO - Processing /home/airflow/.local/lib/python3.12/site-packages/airflow/example_dags/tutorial_objectstorage.py took 0.075 seconds
[2026-01-29T01:16:24.392+0000] {processor.py:161} INFO - Started process (PID=71600) to work on /home/airflow/.local/lib/python3.12/site-packages/airflow/example_dags/tutorial_objectstorage.py
[2026-01-29T01:16:24.393+0000] {processor.py:830} INFO - Processing file /home/airflow/.local/lib/python3.12/site-packages/airflow/example_dags/tutorial_objectstorage.py for tasks to queue
[2026-01-29T01:16:24.394+0000] {logging_mixin.py:188} INFO - [2026-01-29T01:16:24.394+0000] {dagbag.py:545} INFO - Filling up the DagBag from /home/airflow/.local/lib/python3.12/site-packages/airflow/example_dags/tutorial_objectstorage.py
[2026-01-29T01:16:24.402+0000] {processor.py:840} INFO - DAG(s) 'tutorial_objectstorage' retrieved from /home/airflow/.local/lib/python3.12/site-packages/airflow/example_dags/tutorial_objectstorage.py
[2026-01-29T01:16:24.421+0000] {logging_mixin.py:188} INFO - [2026-01-29T01:16:24.421+0000] {dag.py:3089} INFO - Sync 1 DAGs
[2026-01-29T01:16:24.435+0000] {logging_mixin.py:188} INFO - [2026-01-29T01:16:24.435+0000] {dag.py:3947} INFO - Setting next_dagrun for tutorial_objectstorage to None, run_after=None
[2026-01-29T01:16:24.456+0000] {processor.py:183} INFO - Processing /home/airflow/.local/lib/python3.12/site-packages/airflow/example_dags/tutorial_objectstorage.py took 0.071 seconds
[2026-01-29T01:16:55.142+0000] {processor.py:161} INFO - Started process (PID=71659) to work on /home/airflow/.local/lib/python3.12/site-packages/airflow/example_dags/tutorial_objectstorage.py
[2026-01-29T01:16:55.143+0000] {processor.py:830} INFO - Processing file /home/airflow/.local/lib/python3.12/site-packages/airflow/example_dags/tutorial_objectstorage.py for tasks to queue
[2026-01-29T01:16:55.145+0000] {logging_mixin.py:188} INFO - [2026-01-29T01:16:55.145+0000] {dagbag.py:545} INFO - Filling up the DagBag from /home/airflow/.local/lib/python3.12/site-packages/airflow/example_dags/tutorial_objectstorage.py
[2026-01-29T01:16:55.153+0000] {processor.py:840} INFO - DAG(s) 'tutorial_objectstorage' retrieved from /home/airflow/.local/lib/python3.12/site-packages/airflow/example_dags/tutorial_objectstorage.py
[2026-01-29T01:16:55.174+0000] {logging_mixin.py:188} INFO - [2026-01-29T01:16:55.173+0000] {dag.py:3089} INFO - Sync 1 DAGs
[2026-01-29T01:16:55.188+0000] {logging_mixin.py:188} INFO - [2026-01-29T01:16:55.188+0000] {dag.py:3947} INFO - Setting next_dagrun for tutorial_objectstorage to None, run_after=None
[2026-01-29T01:16:55.209+0000] {processor.py:183} INFO - Processing /home/airflow/.local/lib/python3.12/site-packages/airflow/example_dags/tutorial_objectstorage.py took 0.074 seconds
[2026-01-29T01:17:25.924+0000] {processor.py:161} INFO - Started process (PID=71723) to work on /home/airflow/.local/lib/python3.12/site-packages/airflow/example_dags/tutorial_objectstorage.py
[2026-01-29T01:17:25.925+0000] {processor.py:830} INFO - Processing file /home/airflow/.local/lib/python3.12/site-packages/airflow/example_dags/tutorial_objectstorage.py for tasks to queue
[2026-01-29T01:17:25.928+0000] {logging_mixin.py:188} INFO - [2026-01-29T01:17:25.927+0000] {dagbag.py:545} INFO - Filling up the DagBag from /home/airflow/.local/lib/python3.12/site-packages/airflow/example_dags/tutorial_objectstorage.py
[2026-01-29T01:17:25.937+0000] {processor.py:840} INFO - DAG(s) 'tutorial_objectstorage' retrieved from /home/airflow/.local/lib/python3.12/site-packages/airflow/example_dags/tutorial_objectstorage.py
[2026-01-29T01:17:25.959+0000] {logging_mixin.py:188} INFO - [2026-01-29T01:17:25.959+0000] {dag.py:3089} INFO - Sync 1 DAGs
[2026-01-29T01:17:25.974+0000] {logging_mixin.py:188} INFO - [2026-01-29T01:17:25.974+0000] {dag.py:3947} INFO - Setting next_dagrun for tutorial_objectstorage to None, run_after=None
[2026-01-29T01:17:25.995+0000] {processor.py:183} INFO - Processing /home/airflow/.local/lib/python3.12/site-packages/airflow/example_dags/tutorial_objectstorage.py took 0.079 seconds
[2026-01-29T01:17:56.716+0000] {processor.py:161} INFO - Started process (PID=71782) to work on /home/airflow/.local/lib/python3.12/site-packages/airflow/example_dags/tutorial_objectstorage.py
[2026-01-29T01:17:56.717+0000] {processor.py:830} INFO - Processing file /home/airflow/.local/lib/python3.12/site-packages/airflow/example_dags/tutorial_objectstorage.py for tasks to queue
[2026-01-29T01:17:56.719+0000] {logging_mixin.py:188} INFO - [2026-01-29T01:17:56.719+0000] {dagbag.py:545} INFO - Filling up the DagBag from /home/airflow/.local/lib/python3.12/site-packages/airflow/example_dags/tutorial_objectstorage.py
[2026-01-29T01:17:56.728+0000] {processor.py:840} INFO - DAG(s) 'tutorial_objectstorage' retrieved from /home/airflow/.local/lib/python3.12/site-packages/airflow/example_dags/tutorial_objectstorage.py
[2026-01-29T01:17:56.749+0000] {logging_mixin.py:188} INFO - [2026-01-29T01:17:56.749+0000] {dag.py:3089} INFO - Sync 1 DAGs
[2026-01-29T01:17:56.764+0000] {logging_mixin.py:188} INFO - [2026-01-29T01:17:56.764+0000] {dag.py:3947} INFO - Setting next_dagrun for tutorial_objectstorage to None, run_after=None
[2026-01-29T01:17:56.786+0000] {processor.py:183} INFO - Processing /home/airflow/.local/lib/python3.12/site-packages/airflow/example_dags/tutorial_objectstorage.py took 0.077 seconds
[2026-01-29T01:18:27.536+0000] {processor.py:161} INFO - Started process (PID=71846) to work on /home/airflow/.local/lib/python3.12/site-packages/airflow/example_dags/tutorial_objectstorage.py
[2026-01-29T01:18:27.537+0000] {processor.py:830} INFO - Processing file /home/airflow/.local/lib/python3.12/site-packages/airflow/example_dags/tutorial_objectstorage.py for tasks to queue
[2026-01-29T01:18:27.539+0000] {logging_mixin.py:188} INFO - [2026-01-29T01:18:27.538+0000] {dagbag.py:545} INFO - Filling up the DagBag from /home/airflow/.local/lib/python3.12/site-packages/airflow/example_dags/tutorial_objectstorage.py
[2026-01-29T01:18:27.548+0000] {processor.py:840} INFO - DAG(s) 'tutorial_objectstorage' retrieved from /home/airflow/.local/lib/python3.12/site-packages/airflow/example_dags/tutorial_objectstorage.py
[2026-01-29T01:18:27.573+0000] {logging_mixin.py:188} INFO - [2026-01-29T01:18:27.573+0000] {dag.py:3089} INFO - Sync 1 DAGs
[2026-01-29T01:18:27.591+0000] {logging_mixin.py:188} INFO - [2026-01-29T01:18:27.591+0000] {dag.py:3947} INFO - Setting next_dagrun for tutorial_objectstorage to None, run_after=None
[2026-01-29T01:18:27.611+0000] {processor.py:183} INFO - Processing /home/airflow/.local/lib/python3.12/site-packages/airflow/example_dags/tutorial_objectstorage.py took 0.081 seconds
[2026-01-29T01:18:58.439+0000] {processor.py:161} INFO - Started process (PID=71905) to work on /home/airflow/.local/lib/python3.12/site-packages/airflow/example_dags/tutorial_objectstorage.py
[2026-01-29T01:18:58.440+0000] {processor.py:830} INFO - Processing file /home/airflow/.local/lib/python3.12/site-packages/airflow/example_dags/tutorial_objectstorage.py for tasks to queue
[2026-01-29T01:18:58.442+0000] {logging_mixin.py:188} INFO - [2026-01-29T01:18:58.441+0000] {dagbag.py:545} INFO - Filling up the DagBag from /home/airflow/.local/lib/python3.12/site-packages/airflow/example_dags/tutorial_objectstorage.py
[2026-01-29T01:18:58.449+0000] {processor.py:840} INFO - DAG(s) 'tutorial_objectstorage' retrieved from /home/airflow/.local/lib/python3.12/site-packages/airflow/example_dags/tutorial_objectstorage.py
[2026-01-29T01:18:58.469+0000] {logging_mixin.py:188} INFO - [2026-01-29T01:18:58.468+0000] {dag.py:3089} INFO - Sync 1 DAGs
[2026-01-29T01:18:58.483+0000] {logging_mixin.py:188} INFO - [2026-01-29T01:18:58.483+0000] {dag.py:3947} INFO - Setting next_dagrun for tutorial_objectstorage to None, run_after=None
[2026-01-29T01:18:58.505+0000] {processor.py:183} INFO - Processing /home/airflow/.local/lib/python3.12/site-packages/airflow/example_dags/tutorial_objectstorage.py took 0.072 seconds
[2026-01-29T01:19:29.179+0000] {processor.py:161} INFO - Started process (PID=71969) to work on /home/airflow/.local/lib/python3.12/site-packages/airflow/example_dags/tutorial_objectstorage.py
[2026-01-29T01:19:29.180+0000] {processor.py:830} INFO - Processing file /home/airflow/.local/lib/python3.12/site-packages/airflow/example_dags/tutorial_objectstorage.py for tasks to queue
[2026-01-29T01:19:29.182+0000] {logging_mixin.py:188} INFO - [2026-01-29T01:19:29.182+0000] {dagbag.py:545} INFO - Filling up the DagBag from /home/airflow/.local/lib/python3.12/site-packages/airflow/example_dags/tutorial_objectstorage.py
[2026-01-29T01:19:29.191+0000] {processor.py:840} INFO - DAG(s) 'tutorial_objectstorage' retrieved from /home/airflow/.local/lib/python3.12/site-packages/airflow/example_dags/tutorial_objectstorage.py
[2026-01-29T01:19:29.209+0000] {logging_mixin.py:188} INFO - [2026-01-29T01:19:29.209+0000] {dag.py:3089} INFO - Sync 1 DAGs
[2026-01-29T01:19:29.223+0000] {logging_mixin.py:188} INFO - [2026-01-29T01:19:29.223+0000] {dag.py:3947} INFO - Setting next_dagrun for tutorial_objectstorage to None, run_after=None
[2026-01-29T01:19:29.247+0000] {processor.py:183} INFO - Processing /home/airflow/.local/lib/python3.12/site-packages/airflow/example_dags/tutorial_objectstorage.py took 0.075 seconds
[2026-01-29T01:19:59.751+0000] {processor.py:161} INFO - Started process (PID=72028) to work on /home/airflow/.local/lib/python3.12/site-packages/airflow/example_dags/tutorial_objectstorage.py
[2026-01-29T01:19:59.752+0000] {processor.py:830} INFO - Processing file /home/airflow/.local/lib/python3.12/site-packages/airflow/example_dags/tutorial_objectstorage.py for tasks to queue
[2026-01-29T01:19:59.754+0000] {logging_mixin.py:188} INFO - [2026-01-29T01:19:59.754+0000] {dagbag.py:545} INFO - Filling up the DagBag from /home/airflow/.local/lib/python3.12/site-packages/airflow/example_dags/tutorial_objectstorage.py
[2026-01-29T01:19:59.762+0000] {processor.py:840} INFO - DAG(s) 'tutorial_objectstorage' retrieved from /home/airflow/.local/lib/python3.12/site-packages/airflow/example_dags/tutorial_objectstorage.py
[2026-01-29T01:19:59.782+0000] {logging_mixin.py:188} INFO - [2026-01-29T01:19:59.781+0000] {dag.py:3089} INFO - Sync 1 DAGs
[2026-01-29T01:19:59.796+0000] {logging_mixin.py:188} INFO - [2026-01-29T01:19:59.796+0000] {dag.py:3947} INFO - Setting next_dagrun for tutorial_objectstorage to None, run_after=None
[2026-01-29T01:19:59.816+0000] {processor.py:183} INFO - Processing /home/airflow/.local/lib/python3.12/site-packages/airflow/example_dags/tutorial_objectstorage.py took 0.073 seconds
[2026-01-29T01:20:29.879+0000] {processor.py:161} INFO - Started process (PID=72092) to work on /home/airflow/.local/lib/python3.12/site-packages/airflow/example_dags/tutorial_objectstorage.py
[2026-01-29T01:20:29.880+0000] {processor.py:830} INFO - Processing file /home/airflow/.local/lib/python3.12/site-packages/airflow/example_dags/tutorial_objectstorage.py for tasks to queue
[2026-01-29T01:20:29.882+0000] {logging_mixin.py:188} INFO - [2026-01-29T01:20:29.881+0000] {dagbag.py:545} INFO - Filling up the DagBag from /home/airflow/.local/lib/python3.12/site-packages/airflow/example_dags/tutorial_objectstorage.py
[2026-01-29T01:20:29.890+0000] {processor.py:840} INFO - DAG(s) 'tutorial_objectstorage' retrieved from /home/airflow/.local/lib/python3.12/site-packages/airflow/example_dags/tutorial_objectstorage.py
[2026-01-29T01:20:29.909+0000] {logging_mixin.py:188} INFO - [2026-01-29T01:20:29.909+0000] {dag.py:3089} INFO - Sync 1 DAGs
[2026-01-29T01:20:29.923+0000] {logging_mixin.py:188} INFO - [2026-01-29T01:20:29.922+0000] {dag.py:3947} INFO - Setting next_dagrun for tutorial_objectstorage to None, run_after=None
[2026-01-29T01:20:29.943+0000] {processor.py:183} INFO - Processing /home/airflow/.local/lib/python3.12/site-packages/airflow/example_dags/tutorial_objectstorage.py took 0.072 seconds
[2026-01-29T01:21:00.709+0000] {processor.py:161} INFO - Started process (PID=72154) to work on /home/airflow/.local/lib/python3.12/site-packages/airflow/example_dags/tutorial_objectstorage.py
[2026-01-29T01:21:00.710+0000] {processor.py:830} INFO - Processing file /home/airflow/.local/lib/python3.12/site-packages/airflow/example_dags/tutorial_objectstorage.py for tasks to queue
[2026-01-29T01:21:00.712+0000] {logging_mixin.py:188} INFO - [2026-01-29T01:21:00.712+0000] {dagbag.py:545} INFO - Filling up the DagBag from /home/airflow/.local/lib/python3.12/site-packages/airflow/example_dags/tutorial_objectstorage.py
[2026-01-29T01:21:00.723+0000] {processor.py:840} INFO - DAG(s) 'tutorial_objectstorage' retrieved from /home/airflow/.local/lib/python3.12/site-packages/airflow/example_dags/tutorial_objectstorage.py
[2026-01-29T01:21:00.747+0000] {logging_mixin.py:188} INFO - [2026-01-29T01:21:00.746+0000] {dag.py:3089} INFO - Sync 1 DAGs
[2026-01-29T01:21:00.762+0000] {logging_mixin.py:188} INFO - [2026-01-29T01:21:00.762+0000] {dag.py:3947} INFO - Setting next_dagrun for tutorial_objectstorage to None, run_after=None
[2026-01-29T01:21:00.784+0000] {processor.py:183} INFO - Processing /home/airflow/.local/lib/python3.12/site-packages/airflow/example_dags/tutorial_objectstorage.py took 0.085 seconds
[2026-01-29T01:21:30.844+0000] {processor.py:161} INFO - Started process (PID=72212) to work on /home/airflow/.local/lib/python3.12/site-packages/airflow/example_dags/tutorial_objectstorage.py
[2026-01-29T01:21:30.845+0000] {processor.py:830} INFO - Processing file /home/airflow/.local/lib/python3.12/site-packages/airflow/example_dags/tutorial_objectstorage.py for tasks to queue
[2026-01-29T01:21:30.847+0000] {logging_mixin.py:188} INFO - [2026-01-29T01:21:30.846+0000] {dagbag.py:545} INFO - Filling up the DagBag from /home/airflow/.local/lib/python3.12/site-packages/airflow/example_dags/tutorial_objectstorage.py
[2026-01-29T01:21:30.855+0000] {processor.py:840} INFO - DAG(s) 'tutorial_objectstorage' retrieved from /home/airflow/.local/lib/python3.12/site-packages/airflow/example_dags/tutorial_objectstorage.py
[2026-01-29T01:21:30.873+0000] {logging_mixin.py:188} INFO - [2026-01-29T01:21:30.872+0000] {dag.py:3089} INFO - Sync 1 DAGs
[2026-01-29T01:21:30.886+0000] {logging_mixin.py:188} INFO - [2026-01-29T01:21:30.885+0000] {dag.py:3947} INFO - Setting next_dagrun for tutorial_objectstorage to None, run_after=None
[2026-01-29T01:21:30.905+0000] {processor.py:183} INFO - Processing /home/airflow/.local/lib/python3.12/site-packages/airflow/example_dags/tutorial_objectstorage.py took 0.069 seconds
[2026-01-29T01:22:01.032+0000] {processor.py:161} INFO - Started process (PID=72276) to work on /home/airflow/.local/lib/python3.12/site-packages/airflow/example_dags/tutorial_objectstorage.py
[2026-01-29T01:22:01.033+0000] {processor.py:830} INFO - Processing file /home/airflow/.local/lib/python3.12/site-packages/airflow/example_dags/tutorial_objectstorage.py for tasks to queue
[2026-01-29T01:22:01.036+0000] {logging_mixin.py:188} INFO - [2026-01-29T01:22:01.035+0000] {dagbag.py:545} INFO - Filling up the DagBag from /home/airflow/.local/lib/python3.12/site-packages/airflow/example_dags/tutorial_objectstorage.py
[2026-01-29T01:22:01.047+0000] {processor.py:840} INFO - DAG(s) 'tutorial_objectstorage' retrieved from /home/airflow/.local/lib/python3.12/site-packages/airflow/example_dags/tutorial_objectstorage.py
[2026-01-29T01:22:01.075+0000] {logging_mixin.py:188} INFO - [2026-01-29T01:22:01.075+0000] {dag.py:3089} INFO - Sync 1 DAGs
[2026-01-29T01:22:01.098+0000] {logging_mixin.py:188} INFO - [2026-01-29T01:22:01.098+0000] {dag.py:3947} INFO - Setting next_dagrun for tutorial_objectstorage to None, run_after=None
[2026-01-29T01:22:01.127+0000] {processor.py:183} INFO - Processing /home/airflow/.local/lib/python3.12/site-packages/airflow/example_dags/tutorial_objectstorage.py took 0.105 seconds
[2026-01-29T01:22:31.311+0000] {processor.py:161} INFO - Started process (PID=72336) to work on /home/airflow/.local/lib/python3.12/site-packages/airflow/example_dags/tutorial_objectstorage.py
[2026-01-29T01:22:31.312+0000] {processor.py:830} INFO - Processing file /home/airflow/.local/lib/python3.12/site-packages/airflow/example_dags/tutorial_objectstorage.py for tasks to queue
[2026-01-29T01:22:31.314+0000] {logging_mixin.py:188} INFO - [2026-01-29T01:22:31.314+0000] {dagbag.py:545} INFO - Filling up the DagBag from /home/airflow/.local/lib/python3.12/site-packages/airflow/example_dags/tutorial_objectstorage.py
[2026-01-29T01:22:31.323+0000] {processor.py:840} INFO - DAG(s) 'tutorial_objectstorage' retrieved from /home/airflow/.local/lib/python3.12/site-packages/airflow/example_dags/tutorial_objectstorage.py
[2026-01-29T01:22:31.343+0000] {logging_mixin.py:188} INFO - [2026-01-29T01:22:31.343+0000] {dag.py:3089} INFO - Sync 1 DAGs
[2026-01-29T01:22:31.356+0000] {logging_mixin.py:188} INFO - [2026-01-29T01:22:31.356+0000] {dag.py:3947} INFO - Setting next_dagrun for tutorial_objectstorage to None, run_after=None
[2026-01-29T01:22:31.376+0000] {processor.py:183} INFO - Processing /home/airflow/.local/lib/python3.12/site-packages/airflow/example_dags/tutorial_objectstorage.py took 0.073 seconds
[2026-01-29T01:23:01.564+0000] {processor.py:161} INFO - Started process (PID=72400) to work on /home/airflow/.local/lib/python3.12/site-packages/airflow/example_dags/tutorial_objectstorage.py
[2026-01-29T01:23:01.565+0000] {processor.py:830} INFO - Processing file /home/airflow/.local/lib/python3.12/site-packages/airflow/example_dags/tutorial_objectstorage.py for tasks to queue
[2026-01-29T01:23:01.568+0000] {logging_mixin.py:188} INFO - [2026-01-29T01:23:01.567+0000] {dagbag.py:545} INFO - Filling up the DagBag from /home/airflow/.local/lib/python3.12/site-packages/airflow/example_dags/tutorial_objectstorage.py
[2026-01-29T01:23:01.579+0000] {processor.py:840} INFO - DAG(s) 'tutorial_objectstorage' retrieved from /home/airflow/.local/lib/python3.12/site-packages/airflow/example_dags/tutorial_objectstorage.py
[2026-01-29T01:23:01.608+0000] {logging_mixin.py:188} INFO - [2026-01-29T01:23:01.607+0000] {dag.py:3089} INFO - Sync 1 DAGs
[2026-01-29T01:23:01.634+0000] {logging_mixin.py:188} INFO - [2026-01-29T01:23:01.633+0000] {dag.py:3947} INFO - Setting next_dagrun for tutorial_objectstorage to None, run_after=None
[2026-01-29T01:23:01.681+0000] {processor.py:183} INFO - Processing /home/airflow/.local/lib/python3.12/site-packages/airflow/example_dags/tutorial_objectstorage.py took 0.126 seconds
[2026-01-29T01:23:32.024+0000] {processor.py:161} INFO - Started process (PID=72459) to work on /home/airflow/.local/lib/python3.12/site-packages/airflow/example_dags/tutorial_objectstorage.py
[2026-01-29T01:23:32.025+0000] {processor.py:830} INFO - Processing file /home/airflow/.local/lib/python3.12/site-packages/airflow/example_dags/tutorial_objectstorage.py for tasks to queue
[2026-01-29T01:23:32.027+0000] {logging_mixin.py:188} INFO - [2026-01-29T01:23:32.027+0000] {dagbag.py:545} INFO - Filling up the DagBag from /home/airflow/.local/lib/python3.12/site-packages/airflow/example_dags/tutorial_objectstorage.py
[2026-01-29T01:23:32.035+0000] {processor.py:840} INFO - DAG(s) 'tutorial_objectstorage' retrieved from /home/airflow/.local/lib/python3.12/site-packages/airflow/example_dags/tutorial_objectstorage.py
[2026-01-29T01:23:32.053+0000] {logging_mixin.py:188} INFO - [2026-01-29T01:23:32.053+0000] {dag.py:3089} INFO - Sync 1 DAGs
[2026-01-29T01:23:32.066+0000] {logging_mixin.py:188} INFO - [2026-01-29T01:23:32.066+0000] {dag.py:3947} INFO - Setting next_dagrun for tutorial_objectstorage to None, run_after=None
[2026-01-29T01:23:32.085+0000] {processor.py:183} INFO - Processing /home/airflow/.local/lib/python3.12/site-packages/airflow/example_dags/tutorial_objectstorage.py took 0.069 seconds
[2026-01-29T01:24:02.592+0000] {processor.py:161} INFO - Started process (PID=72529) to work on /home/airflow/.local/lib/python3.12/site-packages/airflow/example_dags/tutorial_objectstorage.py
[2026-01-29T01:24:02.593+0000] {processor.py:830} INFO - Processing file /home/airflow/.local/lib/python3.12/site-packages/airflow/example_dags/tutorial_objectstorage.py for tasks to queue
[2026-01-29T01:24:02.595+0000] {logging_mixin.py:188} INFO - [2026-01-29T01:24:02.595+0000] {dagbag.py:545} INFO - Filling up the DagBag from /home/airflow/.local/lib/python3.12/site-packages/airflow/example_dags/tutorial_objectstorage.py
[2026-01-29T01:24:02.603+0000] {processor.py:840} INFO - DAG(s) 'tutorial_objectstorage' retrieved from /home/airflow/.local/lib/python3.12/site-packages/airflow/example_dags/tutorial_objectstorage.py
[2026-01-29T01:24:02.622+0000] {logging_mixin.py:188} INFO - [2026-01-29T01:24:02.622+0000] {dag.py:3089} INFO - Sync 1 DAGs
[2026-01-29T01:24:02.636+0000] {logging_mixin.py:188} INFO - [2026-01-29T01:24:02.635+0000] {dag.py:3947} INFO - Setting next_dagrun for tutorial_objectstorage to None, run_after=None
[2026-01-29T01:24:02.655+0000] {processor.py:183} INFO - Processing /home/airflow/.local/lib/python3.12/site-packages/airflow/example_dags/tutorial_objectstorage.py took 0.069 seconds
[2026-01-29T01:24:32.872+0000] {processor.py:161} INFO - Started process (PID=72588) to work on /home/airflow/.local/lib/python3.12/site-packages/airflow/example_dags/tutorial_objectstorage.py
[2026-01-29T01:24:32.873+0000] {processor.py:830} INFO - Processing file /home/airflow/.local/lib/python3.12/site-packages/airflow/example_dags/tutorial_objectstorage.py for tasks to queue
[2026-01-29T01:24:32.875+0000] {logging_mixin.py:188} INFO - [2026-01-29T01:24:32.875+0000] {dagbag.py:545} INFO - Filling up the DagBag from /home/airflow/.local/lib/python3.12/site-packages/airflow/example_dags/tutorial_objectstorage.py
[2026-01-29T01:24:32.884+0000] {processor.py:840} INFO - DAG(s) 'tutorial_objectstorage' retrieved from /home/airflow/.local/lib/python3.12/site-packages/airflow/example_dags/tutorial_objectstorage.py
[2026-01-29T01:24:32.903+0000] {logging_mixin.py:188} INFO - [2026-01-29T01:24:32.902+0000] {dag.py:3089} INFO - Sync 1 DAGs
[2026-01-29T01:24:32.916+0000] {logging_mixin.py:188} INFO - [2026-01-29T01:24:32.916+0000] {dag.py:3947} INFO - Setting next_dagrun for tutorial_objectstorage to None, run_after=None
[2026-01-29T01:24:32.936+0000] {processor.py:183} INFO - Processing /home/airflow/.local/lib/python3.12/site-packages/airflow/example_dags/tutorial_objectstorage.py took 0.071 seconds
[2026-01-29T01:25:03.755+0000] {processor.py:161} INFO - Started process (PID=72652) to work on /home/airflow/.local/lib/python3.12/site-packages/airflow/example_dags/tutorial_objectstorage.py
[2026-01-29T01:25:03.756+0000] {processor.py:830} INFO - Processing file /home/airflow/.local/lib/python3.12/site-packages/airflow/example_dags/tutorial_objectstorage.py for tasks to queue
[2026-01-29T01:25:03.758+0000] {logging_mixin.py:188} INFO - [2026-01-29T01:25:03.758+0000] {dagbag.py:545} INFO - Filling up the DagBag from /home/airflow/.local/lib/python3.12/site-packages/airflow/example_dags/tutorial_objectstorage.py
[2026-01-29T01:25:03.766+0000] {processor.py:840} INFO - DAG(s) 'tutorial_objectstorage' retrieved from /home/airflow/.local/lib/python3.12/site-packages/airflow/example_dags/tutorial_objectstorage.py
[2026-01-29T01:25:03.785+0000] {logging_mixin.py:188} INFO - [2026-01-29T01:25:03.785+0000] {dag.py:3089} INFO - Sync 1 DAGs
[2026-01-29T01:25:03.800+0000] {logging_mixin.py:188} INFO - [2026-01-29T01:25:03.800+0000] {dag.py:3947} INFO - Setting next_dagrun for tutorial_objectstorage to None, run_after=None
[2026-01-29T01:25:03.823+0000] {processor.py:183} INFO - Processing /home/airflow/.local/lib/python3.12/site-packages/airflow/example_dags/tutorial_objectstorage.py took 0.075 seconds
[2026-01-29T01:25:34.824+0000] {processor.py:161} INFO - Started process (PID=72711) to work on /home/airflow/.local/lib/python3.12/site-packages/airflow/example_dags/tutorial_objectstorage.py
[2026-01-29T01:25:34.825+0000] {processor.py:830} INFO - Processing file /home/airflow/.local/lib/python3.12/site-packages/airflow/example_dags/tutorial_objectstorage.py for tasks to queue
[2026-01-29T01:25:34.827+0000] {logging_mixin.py:188} INFO - [2026-01-29T01:25:34.826+0000] {dagbag.py:545} INFO - Filling up the DagBag from /home/airflow/.local/lib/python3.12/site-packages/airflow/example_dags/tutorial_objectstorage.py
[2026-01-29T01:25:34.835+0000] {processor.py:840} INFO - DAG(s) 'tutorial_objectstorage' retrieved from /home/airflow/.local/lib/python3.12/site-packages/airflow/example_dags/tutorial_objectstorage.py
[2026-01-29T01:25:34.854+0000] {logging_mixin.py:188} INFO - [2026-01-29T01:25:34.854+0000] {dag.py:3089} INFO - Sync 1 DAGs
[2026-01-29T01:25:34.869+0000] {logging_mixin.py:188} INFO - [2026-01-29T01:25:34.869+0000] {dag.py:3947} INFO - Setting next_dagrun for tutorial_objectstorage to None, run_after=None
[2026-01-29T01:25:35.031+0000] {processor.py:183} INFO - Processing /home/airflow/.local/lib/python3.12/site-packages/airflow/example_dags/tutorial_objectstorage.py took 0.213 seconds
[2026-01-29T01:26:05.237+0000] {processor.py:161} INFO - Started process (PID=72775) to work on /home/airflow/.local/lib/python3.12/site-packages/airflow/example_dags/tutorial_objectstorage.py
[2026-01-29T01:26:05.238+0000] {processor.py:830} INFO - Processing file /home/airflow/.local/lib/python3.12/site-packages/airflow/example_dags/tutorial_objectstorage.py for tasks to queue
[2026-01-29T01:26:05.239+0000] {logging_mixin.py:188} INFO - [2026-01-29T01:26:05.239+0000] {dagbag.py:545} INFO - Filling up the DagBag from /home/airflow/.local/lib/python3.12/site-packages/airflow/example_dags/tutorial_objectstorage.py
[2026-01-29T01:26:05.247+0000] {processor.py:840} INFO - DAG(s) 'tutorial_objectstorage' retrieved from /home/airflow/.local/lib/python3.12/site-packages/airflow/example_dags/tutorial_objectstorage.py
[2026-01-29T01:26:05.267+0000] {logging_mixin.py:188} INFO - [2026-01-29T01:26:05.266+0000] {dag.py:3089} INFO - Sync 1 DAGs
[2026-01-29T01:26:05.280+0000] {logging_mixin.py:188} INFO - [2026-01-29T01:26:05.280+0000] {dag.py:3947} INFO - Setting next_dagrun for tutorial_objectstorage to None, run_after=None
[2026-01-29T01:26:05.303+0000] {processor.py:183} INFO - Processing /home/airflow/.local/lib/python3.12/site-packages/airflow/example_dags/tutorial_objectstorage.py took 0.073 seconds
[2026-01-29T01:26:35.980+0000] {processor.py:161} INFO - Started process (PID=72834) to work on /home/airflow/.local/lib/python3.12/site-packages/airflow/example_dags/tutorial_objectstorage.py
[2026-01-29T01:26:35.982+0000] {processor.py:830} INFO - Processing file /home/airflow/.local/lib/python3.12/site-packages/airflow/example_dags/tutorial_objectstorage.py for tasks to queue
[2026-01-29T01:26:35.984+0000] {logging_mixin.py:188} INFO - [2026-01-29T01:26:35.983+0000] {dagbag.py:545} INFO - Filling up the DagBag from /home/airflow/.local/lib/python3.12/site-packages/airflow/example_dags/tutorial_objectstorage.py
[2026-01-29T01:26:35.992+0000] {processor.py:840} INFO - DAG(s) 'tutorial_objectstorage' retrieved from /home/airflow/.local/lib/python3.12/site-packages/airflow/example_dags/tutorial_objectstorage.py
[2026-01-29T01:26:36.013+0000] {logging_mixin.py:188} INFO - [2026-01-29T01:26:36.012+0000] {dag.py:3089} INFO - Sync 1 DAGs
[2026-01-29T01:26:36.027+0000] {logging_mixin.py:188} INFO - [2026-01-29T01:26:36.027+0000] {dag.py:3947} INFO - Setting next_dagrun for tutorial_objectstorage to None, run_after=None
[2026-01-29T01:26:36.050+0000] {processor.py:183} INFO - Processing /home/airflow/.local/lib/python3.12/site-packages/airflow/example_dags/tutorial_objectstorage.py took 0.077 seconds
[2026-01-29T01:27:06.985+0000] {processor.py:161} INFO - Started process (PID=72898) to work on /home/airflow/.local/lib/python3.12/site-packages/airflow/example_dags/tutorial_objectstorage.py
[2026-01-29T01:27:06.986+0000] {processor.py:830} INFO - Processing file /home/airflow/.local/lib/python3.12/site-packages/airflow/example_dags/tutorial_objectstorage.py for tasks to queue
[2026-01-29T01:27:06.988+0000] {logging_mixin.py:188} INFO - [2026-01-29T01:27:06.988+0000] {dagbag.py:545} INFO - Filling up the DagBag from /home/airflow/.local/lib/python3.12/site-packages/airflow/example_dags/tutorial_objectstorage.py
[2026-01-29T01:27:06.997+0000] {processor.py:840} INFO - DAG(s) 'tutorial_objectstorage' retrieved from /home/airflow/.local/lib/python3.12/site-packages/airflow/example_dags/tutorial_objectstorage.py
[2026-01-29T01:27:07.017+0000] {logging_mixin.py:188} INFO - [2026-01-29T01:27:07.016+0000] {dag.py:3089} INFO - Sync 1 DAGs
[2026-01-29T01:27:07.031+0000] {logging_mixin.py:188} INFO - [2026-01-29T01:27:07.031+0000] {dag.py:3947} INFO - Setting next_dagrun for tutorial_objectstorage to None, run_after=None
[2026-01-29T01:27:07.051+0000] {processor.py:183} INFO - Processing /home/airflow/.local/lib/python3.12/site-packages/airflow/example_dags/tutorial_objectstorage.py took 0.074 seconds
[2026-01-29T01:27:37.167+0000] {processor.py:161} INFO - Started process (PID=72957) to work on /home/airflow/.local/lib/python3.12/site-packages/airflow/example_dags/tutorial_objectstorage.py
[2026-01-29T01:27:37.168+0000] {processor.py:830} INFO - Processing file /home/airflow/.local/lib/python3.12/site-packages/airflow/example_dags/tutorial_objectstorage.py for tasks to queue
[2026-01-29T01:27:37.170+0000] {logging_mixin.py:188} INFO - [2026-01-29T01:27:37.170+0000] {dagbag.py:545} INFO - Filling up the DagBag from /home/airflow/.local/lib/python3.12/site-packages/airflow/example_dags/tutorial_objectstorage.py
[2026-01-29T01:27:37.178+0000] {processor.py:840} INFO - DAG(s) 'tutorial_objectstorage' retrieved from /home/airflow/.local/lib/python3.12/site-packages/airflow/example_dags/tutorial_objectstorage.py
[2026-01-29T01:27:37.200+0000] {logging_mixin.py:188} INFO - [2026-01-29T01:27:37.199+0000] {dag.py:3089} INFO - Sync 1 DAGs
[2026-01-29T01:27:37.213+0000] {logging_mixin.py:188} INFO - [2026-01-29T01:27:37.213+0000] {dag.py:3947} INFO - Setting next_dagrun for tutorial_objectstorage to None, run_after=None
[2026-01-29T01:27:37.233+0000] {processor.py:183} INFO - Processing /home/airflow/.local/lib/python3.12/site-packages/airflow/example_dags/tutorial_objectstorage.py took 0.074 seconds
[2026-01-29T01:28:08.104+0000] {processor.py:161} INFO - Started process (PID=73021) to work on /home/airflow/.local/lib/python3.12/site-packages/airflow/example_dags/tutorial_objectstorage.py
[2026-01-29T01:28:08.105+0000] {processor.py:830} INFO - Processing file /home/airflow/.local/lib/python3.12/site-packages/airflow/example_dags/tutorial_objectstorage.py for tasks to queue
[2026-01-29T01:28:08.107+0000] {logging_mixin.py:188} INFO - [2026-01-29T01:28:08.107+0000] {dagbag.py:545} INFO - Filling up the DagBag from /home/airflow/.local/lib/python3.12/site-packages/airflow/example_dags/tutorial_objectstorage.py
[2026-01-29T01:28:08.115+0000] {processor.py:840} INFO - DAG(s) 'tutorial_objectstorage' retrieved from /home/airflow/.local/lib/python3.12/site-packages/airflow/example_dags/tutorial_objectstorage.py
[2026-01-29T01:28:08.134+0000] {logging_mixin.py:188} INFO - [2026-01-29T01:28:08.134+0000] {dag.py:3089} INFO - Sync 1 DAGs
[2026-01-29T01:28:08.148+0000] {logging_mixin.py:188} INFO - [2026-01-29T01:28:08.147+0000] {dag.py:3947} INFO - Setting next_dagrun for tutorial_objectstorage to None, run_after=None
[2026-01-29T01:28:08.167+0000] {processor.py:183} INFO - Processing /home/airflow/.local/lib/python3.12/site-packages/airflow/example_dags/tutorial_objectstorage.py took 0.071 seconds
[2026-01-29T01:28:38.382+0000] {processor.py:161} INFO - Started process (PID=73080) to work on /home/airflow/.local/lib/python3.12/site-packages/airflow/example_dags/tutorial_objectstorage.py
[2026-01-29T01:28:38.382+0000] {processor.py:830} INFO - Processing file /home/airflow/.local/lib/python3.12/site-packages/airflow/example_dags/tutorial_objectstorage.py for tasks to queue
[2026-01-29T01:28:38.384+0000] {logging_mixin.py:188} INFO - [2026-01-29T01:28:38.383+0000] {dagbag.py:545} INFO - Filling up the DagBag from /home/airflow/.local/lib/python3.12/site-packages/airflow/example_dags/tutorial_objectstorage.py
[2026-01-29T01:28:38.391+0000] {processor.py:840} INFO - DAG(s) 'tutorial_objectstorage' retrieved from /home/airflow/.local/lib/python3.12/site-packages/airflow/example_dags/tutorial_objectstorage.py
[2026-01-29T01:28:38.410+0000] {logging_mixin.py:188} INFO - [2026-01-29T01:28:38.410+0000] {dag.py:3089} INFO - Sync 1 DAGs
[2026-01-29T01:28:38.424+0000] {logging_mixin.py:188} INFO - [2026-01-29T01:28:38.424+0000] {dag.py:3947} INFO - Setting next_dagrun for tutorial_objectstorage to None, run_after=None
[2026-01-29T01:28:38.444+0000] {processor.py:183} INFO - Processing /home/airflow/.local/lib/python3.12/site-packages/airflow/example_dags/tutorial_objectstorage.py took 0.069 seconds
[2026-01-29T01:29:08.591+0000] {processor.py:161} INFO - Started process (PID=73144) to work on /home/airflow/.local/lib/python3.12/site-packages/airflow/example_dags/tutorial_objectstorage.py
[2026-01-29T01:29:08.592+0000] {processor.py:830} INFO - Processing file /home/airflow/.local/lib/python3.12/site-packages/airflow/example_dags/tutorial_objectstorage.py for tasks to queue
[2026-01-29T01:29:08.594+0000] {logging_mixin.py:188} INFO - [2026-01-29T01:29:08.594+0000] {dagbag.py:545} INFO - Filling up the DagBag from /home/airflow/.local/lib/python3.12/site-packages/airflow/example_dags/tutorial_objectstorage.py
[2026-01-29T01:29:08.603+0000] {processor.py:840} INFO - DAG(s) 'tutorial_objectstorage' retrieved from /home/airflow/.local/lib/python3.12/site-packages/airflow/example_dags/tutorial_objectstorage.py
[2026-01-29T01:29:08.625+0000] {logging_mixin.py:188} INFO - [2026-01-29T01:29:08.624+0000] {dag.py:3089} INFO - Sync 1 DAGs
[2026-01-29T01:29:08.639+0000] {logging_mixin.py:188} INFO - [2026-01-29T01:29:08.639+0000] {dag.py:3947} INFO - Setting next_dagrun for tutorial_objectstorage to None, run_after=None
[2026-01-29T01:29:08.660+0000] {processor.py:183} INFO - Processing /home/airflow/.local/lib/python3.12/site-packages/airflow/example_dags/tutorial_objectstorage.py took 0.077 seconds
[2026-01-29T01:29:38.834+0000] {processor.py:161} INFO - Started process (PID=73203) to work on /home/airflow/.local/lib/python3.12/site-packages/airflow/example_dags/tutorial_objectstorage.py
[2026-01-29T01:29:38.835+0000] {processor.py:830} INFO - Processing file /home/airflow/.local/lib/python3.12/site-packages/airflow/example_dags/tutorial_objectstorage.py for tasks to queue
[2026-01-29T01:29:38.837+0000] {logging_mixin.py:188} INFO - [2026-01-29T01:29:38.836+0000] {dagbag.py:545} INFO - Filling up the DagBag from /home/airflow/.local/lib/python3.12/site-packages/airflow/example_dags/tutorial_objectstorage.py
[2026-01-29T01:29:38.845+0000] {processor.py:840} INFO - DAG(s) 'tutorial_objectstorage' retrieved from /home/airflow/.local/lib/python3.12/site-packages/airflow/example_dags/tutorial_objectstorage.py
[2026-01-29T01:29:38.864+0000] {logging_mixin.py:188} INFO - [2026-01-29T01:29:38.864+0000] {dag.py:3089} INFO - Sync 1 DAGs
[2026-01-29T01:29:38.878+0000] {logging_mixin.py:188} INFO - [2026-01-29T01:29:38.878+0000] {dag.py:3947} INFO - Setting next_dagrun for tutorial_objectstorage to None, run_after=None
[2026-01-29T01:29:38.900+0000] {processor.py:183} INFO - Processing /home/airflow/.local/lib/python3.12/site-packages/airflow/example_dags/tutorial_objectstorage.py took 0.073 seconds
[2026-01-29T01:30:09.163+0000] {processor.py:161} INFO - Started process (PID=73268) to work on /home/airflow/.local/lib/python3.12/site-packages/airflow/example_dags/tutorial_objectstorage.py
[2026-01-29T01:30:09.164+0000] {processor.py:830} INFO - Processing file /home/airflow/.local/lib/python3.12/site-packages/airflow/example_dags/tutorial_objectstorage.py for tasks to queue
[2026-01-29T01:30:09.165+0000] {logging_mixin.py:188} INFO - [2026-01-29T01:30:09.165+0000] {dagbag.py:545} INFO - Filling up the DagBag from /home/airflow/.local/lib/python3.12/site-packages/airflow/example_dags/tutorial_objectstorage.py
[2026-01-29T01:30:09.173+0000] {processor.py:840} INFO - DAG(s) 'tutorial_objectstorage' retrieved from /home/airflow/.local/lib/python3.12/site-packages/airflow/example_dags/tutorial_objectstorage.py
[2026-01-29T01:30:09.192+0000] {logging_mixin.py:188} INFO - [2026-01-29T01:30:09.192+0000] {dag.py:3089} INFO - Sync 1 DAGs
[2026-01-29T01:30:09.205+0000] {logging_mixin.py:188} INFO - [2026-01-29T01:30:09.205+0000] {dag.py:3947} INFO - Setting next_dagrun for tutorial_objectstorage to None, run_after=None
[2026-01-29T01:30:09.227+0000] {processor.py:183} INFO - Processing /home/airflow/.local/lib/python3.12/site-packages/airflow/example_dags/tutorial_objectstorage.py took 0.070 seconds
[2026-01-29T01:30:39.314+0000] {processor.py:161} INFO - Started process (PID=73327) to work on /home/airflow/.local/lib/python3.12/site-packages/airflow/example_dags/tutorial_objectstorage.py
[2026-01-29T01:30:39.315+0000] {processor.py:830} INFO - Processing file /home/airflow/.local/lib/python3.12/site-packages/airflow/example_dags/tutorial_objectstorage.py for tasks to queue
[2026-01-29T01:30:39.317+0000] {logging_mixin.py:188} INFO - [2026-01-29T01:30:39.316+0000] {dagbag.py:545} INFO - Filling up the DagBag from /home/airflow/.local/lib/python3.12/site-packages/airflow/example_dags/tutorial_objectstorage.py
[2026-01-29T01:30:39.325+0000] {processor.py:840} INFO - DAG(s) 'tutorial_objectstorage' retrieved from /home/airflow/.local/lib/python3.12/site-packages/airflow/example_dags/tutorial_objectstorage.py
[2026-01-29T01:30:39.351+0000] {logging_mixin.py:188} INFO - [2026-01-29T01:30:39.350+0000] {dag.py:3089} INFO - Sync 1 DAGs
[2026-01-29T01:30:39.369+0000] {logging_mixin.py:188} INFO - [2026-01-29T01:30:39.369+0000] {dag.py:3947} INFO - Setting next_dagrun for tutorial_objectstorage to None, run_after=None
[2026-01-29T01:30:39.389+0000] {processor.py:183} INFO - Processing /home/airflow/.local/lib/python3.12/site-packages/airflow/example_dags/tutorial_objectstorage.py took 0.083 seconds
[2026-01-29T01:31:09.531+0000] {processor.py:161} INFO - Started process (PID=73391) to work on /home/airflow/.local/lib/python3.12/site-packages/airflow/example_dags/tutorial_objectstorage.py
[2026-01-29T01:31:09.536+0000] {processor.py:830} INFO - Processing file /home/airflow/.local/lib/python3.12/site-packages/airflow/example_dags/tutorial_objectstorage.py for tasks to queue
[2026-01-29T01:31:09.538+0000] {logging_mixin.py:188} INFO - [2026-01-29T01:31:09.537+0000] {dagbag.py:545} INFO - Filling up the DagBag from /home/airflow/.local/lib/python3.12/site-packages/airflow/example_dags/tutorial_objectstorage.py
[2026-01-29T01:31:09.546+0000] {processor.py:840} INFO - DAG(s) 'tutorial_objectstorage' retrieved from /home/airflow/.local/lib/python3.12/site-packages/airflow/example_dags/tutorial_objectstorage.py
[2026-01-29T01:31:09.570+0000] {logging_mixin.py:188} INFO - [2026-01-29T01:31:09.570+0000] {dag.py:3089} INFO - Sync 1 DAGs
[2026-01-29T01:31:09.587+0000] {logging_mixin.py:188} INFO - [2026-01-29T01:31:09.587+0000] {dag.py:3947} INFO - Setting next_dagrun for tutorial_objectstorage to None, run_after=None
[2026-01-29T01:31:09.610+0000] {processor.py:183} INFO - Processing /home/airflow/.local/lib/python3.12/site-packages/airflow/example_dags/tutorial_objectstorage.py took 0.087 seconds
[2026-01-29T01:31:39.715+0000] {processor.py:161} INFO - Started process (PID=73450) to work on /home/airflow/.local/lib/python3.12/site-packages/airflow/example_dags/tutorial_objectstorage.py
[2026-01-29T01:31:39.716+0000] {processor.py:830} INFO - Processing file /home/airflow/.local/lib/python3.12/site-packages/airflow/example_dags/tutorial_objectstorage.py for tasks to queue
[2026-01-29T01:31:39.718+0000] {logging_mixin.py:188} INFO - [2026-01-29T01:31:39.717+0000] {dagbag.py:545} INFO - Filling up the DagBag from /home/airflow/.local/lib/python3.12/site-packages/airflow/example_dags/tutorial_objectstorage.py
[2026-01-29T01:31:39.728+0000] {processor.py:840} INFO - DAG(s) 'tutorial_objectstorage' retrieved from /home/airflow/.local/lib/python3.12/site-packages/airflow/example_dags/tutorial_objectstorage.py
[2026-01-29T01:31:39.748+0000] {logging_mixin.py:188} INFO - [2026-01-29T01:31:39.747+0000] {dag.py:3089} INFO - Sync 1 DAGs
[2026-01-29T01:31:39.761+0000] {logging_mixin.py:188} INFO - [2026-01-29T01:31:39.761+0000] {dag.py:3947} INFO - Setting next_dagrun for tutorial_objectstorage to None, run_after=None
[2026-01-29T01:31:39.781+0000] {processor.py:183} INFO - Processing /home/airflow/.local/lib/python3.12/site-packages/airflow/example_dags/tutorial_objectstorage.py took 0.077 seconds
[2026-01-29T01:32:10.079+0000] {processor.py:161} INFO - Started process (PID=73514) to work on /home/airflow/.local/lib/python3.12/site-packages/airflow/example_dags/tutorial_objectstorage.py
[2026-01-29T01:32:10.081+0000] {processor.py:830} INFO - Processing file /home/airflow/.local/lib/python3.12/site-packages/airflow/example_dags/tutorial_objectstorage.py for tasks to queue
[2026-01-29T01:32:10.082+0000] {logging_mixin.py:188} INFO - [2026-01-29T01:32:10.082+0000] {dagbag.py:545} INFO - Filling up the DagBag from /home/airflow/.local/lib/python3.12/site-packages/airflow/example_dags/tutorial_objectstorage.py
[2026-01-29T01:32:10.091+0000] {processor.py:840} INFO - DAG(s) 'tutorial_objectstorage' retrieved from /home/airflow/.local/lib/python3.12/site-packages/airflow/example_dags/tutorial_objectstorage.py
[2026-01-29T01:32:10.112+0000] {logging_mixin.py:188} INFO - [2026-01-29T01:32:10.111+0000] {dag.py:3089} INFO - Sync 1 DAGs
[2026-01-29T01:32:10.125+0000] {logging_mixin.py:188} INFO - [2026-01-29T01:32:10.125+0000] {dag.py:3947} INFO - Setting next_dagrun for tutorial_objectstorage to None, run_after=None
[2026-01-29T01:32:10.145+0000] {processor.py:183} INFO - Processing /home/airflow/.local/lib/python3.12/site-packages/airflow/example_dags/tutorial_objectstorage.py took 0.073 seconds
[2026-01-29T01:32:40.253+0000] {processor.py:161} INFO - Started process (PID=73573) to work on /home/airflow/.local/lib/python3.12/site-packages/airflow/example_dags/tutorial_objectstorage.py
[2026-01-29T01:32:40.254+0000] {processor.py:830} INFO - Processing file /home/airflow/.local/lib/python3.12/site-packages/airflow/example_dags/tutorial_objectstorage.py for tasks to queue
[2026-01-29T01:32:40.255+0000] {logging_mixin.py:188} INFO - [2026-01-29T01:32:40.255+0000] {dagbag.py:545} INFO - Filling up the DagBag from /home/airflow/.local/lib/python3.12/site-packages/airflow/example_dags/tutorial_objectstorage.py
[2026-01-29T01:32:40.263+0000] {processor.py:840} INFO - DAG(s) 'tutorial_objectstorage' retrieved from /home/airflow/.local/lib/python3.12/site-packages/airflow/example_dags/tutorial_objectstorage.py
[2026-01-29T01:32:40.282+0000] {logging_mixin.py:188} INFO - [2026-01-29T01:32:40.282+0000] {dag.py:3089} INFO - Sync 1 DAGs
[2026-01-29T01:32:40.297+0000] {logging_mixin.py:188} INFO - [2026-01-29T01:32:40.297+0000] {dag.py:3947} INFO - Setting next_dagrun for tutorial_objectstorage to None, run_after=None
[2026-01-29T01:32:40.319+0000] {processor.py:183} INFO - Processing /home/airflow/.local/lib/python3.12/site-packages/airflow/example_dags/tutorial_objectstorage.py took 0.072 seconds
[2026-01-29T01:33:10.619+0000] {processor.py:161} INFO - Started process (PID=73637) to work on /home/airflow/.local/lib/python3.12/site-packages/airflow/example_dags/tutorial_objectstorage.py
[2026-01-29T01:33:10.620+0000] {processor.py:830} INFO - Processing file /home/airflow/.local/lib/python3.12/site-packages/airflow/example_dags/tutorial_objectstorage.py for tasks to queue
[2026-01-29T01:33:10.622+0000] {logging_mixin.py:188} INFO - [2026-01-29T01:33:10.622+0000] {dagbag.py:545} INFO - Filling up the DagBag from /home/airflow/.local/lib/python3.12/site-packages/airflow/example_dags/tutorial_objectstorage.py
[2026-01-29T01:33:10.631+0000] {processor.py:840} INFO - DAG(s) 'tutorial_objectstorage' retrieved from /home/airflow/.local/lib/python3.12/site-packages/airflow/example_dags/tutorial_objectstorage.py
[2026-01-29T01:33:10.649+0000] {logging_mixin.py:188} INFO - [2026-01-29T01:33:10.649+0000] {dag.py:3089} INFO - Sync 1 DAGs
[2026-01-29T01:33:10.663+0000] {logging_mixin.py:188} INFO - [2026-01-29T01:33:10.663+0000] {dag.py:3947} INFO - Setting next_dagrun for tutorial_objectstorage to None, run_after=None
[2026-01-29T01:33:10.682+0000] {processor.py:183} INFO - Processing /home/airflow/.local/lib/python3.12/site-packages/airflow/example_dags/tutorial_objectstorage.py took 0.070 seconds
[2026-01-29T01:33:40.855+0000] {processor.py:161} INFO - Started process (PID=73696) to work on /home/airflow/.local/lib/python3.12/site-packages/airflow/example_dags/tutorial_objectstorage.py
[2026-01-29T01:33:40.856+0000] {processor.py:830} INFO - Processing file /home/airflow/.local/lib/python3.12/site-packages/airflow/example_dags/tutorial_objectstorage.py for tasks to queue
[2026-01-29T01:33:40.858+0000] {logging_mixin.py:188} INFO - [2026-01-29T01:33:40.857+0000] {dagbag.py:545} INFO - Filling up the DagBag from /home/airflow/.local/lib/python3.12/site-packages/airflow/example_dags/tutorial_objectstorage.py
[2026-01-29T01:33:40.866+0000] {processor.py:840} INFO - DAG(s) 'tutorial_objectstorage' retrieved from /home/airflow/.local/lib/python3.12/site-packages/airflow/example_dags/tutorial_objectstorage.py
[2026-01-29T01:33:40.886+0000] {logging_mixin.py:188} INFO - [2026-01-29T01:33:40.885+0000] {dag.py:3089} INFO - Sync 1 DAGs
[2026-01-29T01:33:40.899+0000] {logging_mixin.py:188} INFO - [2026-01-29T01:33:40.899+0000] {dag.py:3947} INFO - Setting next_dagrun for tutorial_objectstorage to None, run_after=None
[2026-01-29T01:33:40.919+0000] {processor.py:183} INFO - Processing /home/airflow/.local/lib/python3.12/site-packages/airflow/example_dags/tutorial_objectstorage.py took 0.071 seconds
[2026-01-29T01:34:11.106+0000] {processor.py:161} INFO - Started process (PID=73760) to work on /home/airflow/.local/lib/python3.12/site-packages/airflow/example_dags/tutorial_objectstorage.py
[2026-01-29T01:34:11.107+0000] {processor.py:830} INFO - Processing file /home/airflow/.local/lib/python3.12/site-packages/airflow/example_dags/tutorial_objectstorage.py for tasks to queue
[2026-01-29T01:34:11.109+0000] {logging_mixin.py:188} INFO - [2026-01-29T01:34:11.108+0000] {dagbag.py:545} INFO - Filling up the DagBag from /home/airflow/.local/lib/python3.12/site-packages/airflow/example_dags/tutorial_objectstorage.py
[2026-01-29T01:34:11.116+0000] {processor.py:840} INFO - DAG(s) 'tutorial_objectstorage' retrieved from /home/airflow/.local/lib/python3.12/site-packages/airflow/example_dags/tutorial_objectstorage.py
[2026-01-29T01:34:11.134+0000] {logging_mixin.py:188} INFO - [2026-01-29T01:34:11.134+0000] {dag.py:3089} INFO - Sync 1 DAGs
[2026-01-29T01:34:11.147+0000] {logging_mixin.py:188} INFO - [2026-01-29T01:34:11.147+0000] {dag.py:3947} INFO - Setting next_dagrun for tutorial_objectstorage to None, run_after=None
[2026-01-29T01:34:11.168+0000] {processor.py:183} INFO - Processing /home/airflow/.local/lib/python3.12/site-packages/airflow/example_dags/tutorial_objectstorage.py took 0.068 seconds
[2026-01-29T01:34:41.340+0000] {processor.py:161} INFO - Started process (PID=73819) to work on /home/airflow/.local/lib/python3.12/site-packages/airflow/example_dags/tutorial_objectstorage.py
[2026-01-29T01:34:41.340+0000] {processor.py:830} INFO - Processing file /home/airflow/.local/lib/python3.12/site-packages/airflow/example_dags/tutorial_objectstorage.py for tasks to queue
[2026-01-29T01:34:41.342+0000] {logging_mixin.py:188} INFO - [2026-01-29T01:34:41.342+0000] {dagbag.py:545} INFO - Filling up the DagBag from /home/airflow/.local/lib/python3.12/site-packages/airflow/example_dags/tutorial_objectstorage.py
[2026-01-29T01:34:41.350+0000] {processor.py:840} INFO - DAG(s) 'tutorial_objectstorage' retrieved from /home/airflow/.local/lib/python3.12/site-packages/airflow/example_dags/tutorial_objectstorage.py
[2026-01-29T01:34:41.369+0000] {logging_mixin.py:188} INFO - [2026-01-29T01:34:41.369+0000] {dag.py:3089} INFO - Sync 1 DAGs
[2026-01-29T01:34:41.382+0000] {logging_mixin.py:188} INFO - [2026-01-29T01:34:41.382+0000] {dag.py:3947} INFO - Setting next_dagrun for tutorial_objectstorage to None, run_after=None
[2026-01-29T01:34:41.401+0000] {processor.py:183} INFO - Processing /home/airflow/.local/lib/python3.12/site-packages/airflow/example_dags/tutorial_objectstorage.py took 0.067 seconds
[2026-01-29T01:35:12.130+0000] {processor.py:161} INFO - Started process (PID=73883) to work on /home/airflow/.local/lib/python3.12/site-packages/airflow/example_dags/tutorial_objectstorage.py
[2026-01-29T01:35:12.131+0000] {processor.py:830} INFO - Processing file /home/airflow/.local/lib/python3.12/site-packages/airflow/example_dags/tutorial_objectstorage.py for tasks to queue
[2026-01-29T01:35:12.133+0000] {logging_mixin.py:188} INFO - [2026-01-29T01:35:12.133+0000] {dagbag.py:545} INFO - Filling up the DagBag from /home/airflow/.local/lib/python3.12/site-packages/airflow/example_dags/tutorial_objectstorage.py
[2026-01-29T01:35:12.142+0000] {processor.py:840} INFO - DAG(s) 'tutorial_objectstorage' retrieved from /home/airflow/.local/lib/python3.12/site-packages/airflow/example_dags/tutorial_objectstorage.py
[2026-01-29T01:35:12.164+0000] {logging_mixin.py:188} INFO - [2026-01-29T01:35:12.163+0000] {dag.py:3089} INFO - Sync 1 DAGs
[2026-01-29T01:35:12.178+0000] {logging_mixin.py:188} INFO - [2026-01-29T01:35:12.177+0000] {dag.py:3947} INFO - Setting next_dagrun for tutorial_objectstorage to None, run_after=None
[2026-01-29T01:35:12.198+0000] {processor.py:183} INFO - Processing /home/airflow/.local/lib/python3.12/site-packages/airflow/example_dags/tutorial_objectstorage.py took 0.075 seconds
[2026-01-29T01:35:42.984+0000] {processor.py:161} INFO - Started process (PID=73942) to work on /home/airflow/.local/lib/python3.12/site-packages/airflow/example_dags/tutorial_objectstorage.py
[2026-01-29T01:35:42.985+0000] {processor.py:830} INFO - Processing file /home/airflow/.local/lib/python3.12/site-packages/airflow/example_dags/tutorial_objectstorage.py for tasks to queue
[2026-01-29T01:35:42.987+0000] {logging_mixin.py:188} INFO - [2026-01-29T01:35:42.987+0000] {dagbag.py:545} INFO - Filling up the DagBag from /home/airflow/.local/lib/python3.12/site-packages/airflow/example_dags/tutorial_objectstorage.py
[2026-01-29T01:35:42.995+0000] {processor.py:840} INFO - DAG(s) 'tutorial_objectstorage' retrieved from /home/airflow/.local/lib/python3.12/site-packages/airflow/example_dags/tutorial_objectstorage.py
[2026-01-29T01:35:43.015+0000] {logging_mixin.py:188} INFO - [2026-01-29T01:35:43.014+0000] {dag.py:3089} INFO - Sync 1 DAGs
[2026-01-29T01:35:43.029+0000] {logging_mixin.py:188} INFO - [2026-01-29T01:35:43.029+0000] {dag.py:3947} INFO - Setting next_dagrun for tutorial_objectstorage to None, run_after=None
[2026-01-29T01:35:43.049+0000] {processor.py:183} INFO - Processing /home/airflow/.local/lib/python3.12/site-packages/airflow/example_dags/tutorial_objectstorage.py took 0.072 seconds
[2026-01-29T01:36:13.159+0000] {processor.py:161} INFO - Started process (PID=74006) to work on /home/airflow/.local/lib/python3.12/site-packages/airflow/example_dags/tutorial_objectstorage.py
[2026-01-29T01:36:13.160+0000] {processor.py:830} INFO - Processing file /home/airflow/.local/lib/python3.12/site-packages/airflow/example_dags/tutorial_objectstorage.py for tasks to queue
[2026-01-29T01:36:13.162+0000] {logging_mixin.py:188} INFO - [2026-01-29T01:36:13.162+0000] {dagbag.py:545} INFO - Filling up the DagBag from /home/airflow/.local/lib/python3.12/site-packages/airflow/example_dags/tutorial_objectstorage.py
[2026-01-29T01:36:13.171+0000] {processor.py:840} INFO - DAG(s) 'tutorial_objectstorage' retrieved from /home/airflow/.local/lib/python3.12/site-packages/airflow/example_dags/tutorial_objectstorage.py
[2026-01-29T01:36:13.190+0000] {logging_mixin.py:188} INFO - [2026-01-29T01:36:13.189+0000] {dag.py:3089} INFO - Sync 1 DAGs
[2026-01-29T01:36:13.203+0000] {logging_mixin.py:188} INFO - [2026-01-29T01:36:13.203+0000] {dag.py:3947} INFO - Setting next_dagrun for tutorial_objectstorage to None, run_after=None
[2026-01-29T01:36:13.223+0000] {processor.py:183} INFO - Processing /home/airflow/.local/lib/python3.12/site-packages/airflow/example_dags/tutorial_objectstorage.py took 0.072 seconds
[2026-01-29T01:36:43.403+0000] {processor.py:161} INFO - Started process (PID=74065) to work on /home/airflow/.local/lib/python3.12/site-packages/airflow/example_dags/tutorial_objectstorage.py
[2026-01-29T01:36:43.404+0000] {processor.py:830} INFO - Processing file /home/airflow/.local/lib/python3.12/site-packages/airflow/example_dags/tutorial_objectstorage.py for tasks to queue
[2026-01-29T01:36:43.405+0000] {logging_mixin.py:188} INFO - [2026-01-29T01:36:43.405+0000] {dagbag.py:545} INFO - Filling up the DagBag from /home/airflow/.local/lib/python3.12/site-packages/airflow/example_dags/tutorial_objectstorage.py
[2026-01-29T01:36:43.413+0000] {processor.py:840} INFO - DAG(s) 'tutorial_objectstorage' retrieved from /home/airflow/.local/lib/python3.12/site-packages/airflow/example_dags/tutorial_objectstorage.py
[2026-01-29T01:36:43.432+0000] {logging_mixin.py:188} INFO - [2026-01-29T01:36:43.431+0000] {dag.py:3089} INFO - Sync 1 DAGs
[2026-01-29T01:36:43.445+0000] {logging_mixin.py:188} INFO - [2026-01-29T01:36:43.444+0000] {dag.py:3947} INFO - Setting next_dagrun for tutorial_objectstorage to None, run_after=None
[2026-01-29T01:36:43.464+0000] {processor.py:183} INFO - Processing /home/airflow/.local/lib/python3.12/site-packages/airflow/example_dags/tutorial_objectstorage.py took 0.067 seconds
[2026-01-29T01:37:13.777+0000] {processor.py:161} INFO - Started process (PID=74129) to work on /home/airflow/.local/lib/python3.12/site-packages/airflow/example_dags/tutorial_objectstorage.py
[2026-01-29T01:37:13.778+0000] {processor.py:830} INFO - Processing file /home/airflow/.local/lib/python3.12/site-packages/airflow/example_dags/tutorial_objectstorage.py for tasks to queue
[2026-01-29T01:37:13.780+0000] {logging_mixin.py:188} INFO - [2026-01-29T01:37:13.779+0000] {dagbag.py:545} INFO - Filling up the DagBag from /home/airflow/.local/lib/python3.12/site-packages/airflow/example_dags/tutorial_objectstorage.py
[2026-01-29T01:37:13.788+0000] {processor.py:840} INFO - DAG(s) 'tutorial_objectstorage' retrieved from /home/airflow/.local/lib/python3.12/site-packages/airflow/example_dags/tutorial_objectstorage.py
[2026-01-29T01:37:13.808+0000] {logging_mixin.py:188} INFO - [2026-01-29T01:37:13.808+0000] {dag.py:3089} INFO - Sync 1 DAGs
[2026-01-29T01:37:13.822+0000] {logging_mixin.py:188} INFO - [2026-01-29T01:37:13.822+0000] {dag.py:3947} INFO - Setting next_dagrun for tutorial_objectstorage to None, run_after=None
[2026-01-29T01:37:13.842+0000] {processor.py:183} INFO - Processing /home/airflow/.local/lib/python3.12/site-packages/airflow/example_dags/tutorial_objectstorage.py took 0.073 seconds
[2026-01-29T01:37:43.979+0000] {processor.py:161} INFO - Started process (PID=74188) to work on /home/airflow/.local/lib/python3.12/site-packages/airflow/example_dags/tutorial_objectstorage.py
[2026-01-29T01:37:43.979+0000] {processor.py:830} INFO - Processing file /home/airflow/.local/lib/python3.12/site-packages/airflow/example_dags/tutorial_objectstorage.py for tasks to queue
[2026-01-29T01:37:43.981+0000] {logging_mixin.py:188} INFO - [2026-01-29T01:37:43.981+0000] {dagbag.py:545} INFO - Filling up the DagBag from /home/airflow/.local/lib/python3.12/site-packages/airflow/example_dags/tutorial_objectstorage.py
[2026-01-29T01:37:43.989+0000] {processor.py:840} INFO - DAG(s) 'tutorial_objectstorage' retrieved from /home/airflow/.local/lib/python3.12/site-packages/airflow/example_dags/tutorial_objectstorage.py
[2026-01-29T01:37:44.009+0000] {logging_mixin.py:188} INFO - [2026-01-29T01:37:44.008+0000] {dag.py:3089} INFO - Sync 1 DAGs
[2026-01-29T01:37:44.022+0000] {logging_mixin.py:188} INFO - [2026-01-29T01:37:44.021+0000] {dag.py:3947} INFO - Setting next_dagrun for tutorial_objectstorage to None, run_after=None
[2026-01-29T01:37:44.046+0000] {processor.py:183} INFO - Processing /home/airflow/.local/lib/python3.12/site-packages/airflow/example_dags/tutorial_objectstorage.py took 0.075 seconds
[2026-01-29T01:38:14.288+0000] {processor.py:161} INFO - Started process (PID=74252) to work on /home/airflow/.local/lib/python3.12/site-packages/airflow/example_dags/tutorial_objectstorage.py
[2026-01-29T01:38:14.290+0000] {processor.py:830} INFO - Processing file /home/airflow/.local/lib/python3.12/site-packages/airflow/example_dags/tutorial_objectstorage.py for tasks to queue
[2026-01-29T01:38:14.292+0000] {logging_mixin.py:188} INFO - [2026-01-29T01:38:14.291+0000] {dagbag.py:545} INFO - Filling up the DagBag from /home/airflow/.local/lib/python3.12/site-packages/airflow/example_dags/tutorial_objectstorage.py
[2026-01-29T01:38:14.300+0000] {processor.py:840} INFO - DAG(s) 'tutorial_objectstorage' retrieved from /home/airflow/.local/lib/python3.12/site-packages/airflow/example_dags/tutorial_objectstorage.py
[2026-01-29T01:38:14.322+0000] {logging_mixin.py:188} INFO - [2026-01-29T01:38:14.322+0000] {dag.py:3089} INFO - Sync 1 DAGs
[2026-01-29T01:38:14.338+0000] {logging_mixin.py:188} INFO - [2026-01-29T01:38:14.338+0000] {dag.py:3947} INFO - Setting next_dagrun for tutorial_objectstorage to None, run_after=None
[2026-01-29T01:38:14.359+0000] {processor.py:183} INFO - Processing /home/airflow/.local/lib/python3.12/site-packages/airflow/example_dags/tutorial_objectstorage.py took 0.079 seconds
[2026-01-29T01:38:44.491+0000] {processor.py:161} INFO - Started process (PID=74311) to work on /home/airflow/.local/lib/python3.12/site-packages/airflow/example_dags/tutorial_objectstorage.py
[2026-01-29T01:38:44.492+0000] {processor.py:830} INFO - Processing file /home/airflow/.local/lib/python3.12/site-packages/airflow/example_dags/tutorial_objectstorage.py for tasks to queue
[2026-01-29T01:38:44.494+0000] {logging_mixin.py:188} INFO - [2026-01-29T01:38:44.493+0000] {dagbag.py:545} INFO - Filling up the DagBag from /home/airflow/.local/lib/python3.12/site-packages/airflow/example_dags/tutorial_objectstorage.py
[2026-01-29T01:38:44.502+0000] {processor.py:840} INFO - DAG(s) 'tutorial_objectstorage' retrieved from /home/airflow/.local/lib/python3.12/site-packages/airflow/example_dags/tutorial_objectstorage.py
[2026-01-29T01:38:44.523+0000] {logging_mixin.py:188} INFO - [2026-01-29T01:38:44.522+0000] {dag.py:3089} INFO - Sync 1 DAGs
[2026-01-29T01:38:44.537+0000] {logging_mixin.py:188} INFO - [2026-01-29T01:38:44.537+0000] {dag.py:3947} INFO - Setting next_dagrun for tutorial_objectstorage to None, run_after=None
[2026-01-29T01:38:44.559+0000] {processor.py:183} INFO - Processing /home/airflow/.local/lib/python3.12/site-packages/airflow/example_dags/tutorial_objectstorage.py took 0.075 seconds
[2026-01-29T01:39:15.266+0000] {processor.py:161} INFO - Started process (PID=74375) to work on /home/airflow/.local/lib/python3.12/site-packages/airflow/example_dags/tutorial_objectstorage.py
[2026-01-29T01:39:15.267+0000] {processor.py:830} INFO - Processing file /home/airflow/.local/lib/python3.12/site-packages/airflow/example_dags/tutorial_objectstorage.py for tasks to queue
[2026-01-29T01:39:15.269+0000] {logging_mixin.py:188} INFO - [2026-01-29T01:39:15.268+0000] {dagbag.py:545} INFO - Filling up the DagBag from /home/airflow/.local/lib/python3.12/site-packages/airflow/example_dags/tutorial_objectstorage.py
[2026-01-29T01:39:15.276+0000] {processor.py:840} INFO - DAG(s) 'tutorial_objectstorage' retrieved from /home/airflow/.local/lib/python3.12/site-packages/airflow/example_dags/tutorial_objectstorage.py
[2026-01-29T01:39:15.296+0000] {logging_mixin.py:188} INFO - [2026-01-29T01:39:15.295+0000] {dag.py:3089} INFO - Sync 1 DAGs
[2026-01-29T01:39:15.309+0000] {logging_mixin.py:188} INFO - [2026-01-29T01:39:15.309+0000] {dag.py:3947} INFO - Setting next_dagrun for tutorial_objectstorage to None, run_after=None
[2026-01-29T01:39:15.329+0000] {processor.py:183} INFO - Processing /home/airflow/.local/lib/python3.12/site-packages/airflow/example_dags/tutorial_objectstorage.py took 0.069 seconds
[2026-01-29T01:39:45.871+0000] {processor.py:161} INFO - Started process (PID=74434) to work on /home/airflow/.local/lib/python3.12/site-packages/airflow/example_dags/tutorial_objectstorage.py
[2026-01-29T01:39:45.871+0000] {processor.py:830} INFO - Processing file /home/airflow/.local/lib/python3.12/site-packages/airflow/example_dags/tutorial_objectstorage.py for tasks to queue
[2026-01-29T01:39:45.873+0000] {logging_mixin.py:188} INFO - [2026-01-29T01:39:45.873+0000] {dagbag.py:545} INFO - Filling up the DagBag from /home/airflow/.local/lib/python3.12/site-packages/airflow/example_dags/tutorial_objectstorage.py
[2026-01-29T01:39:45.881+0000] {processor.py:840} INFO - DAG(s) 'tutorial_objectstorage' retrieved from /home/airflow/.local/lib/python3.12/site-packages/airflow/example_dags/tutorial_objectstorage.py
[2026-01-29T01:39:45.902+0000] {logging_mixin.py:188} INFO - [2026-01-29T01:39:45.902+0000] {dag.py:3089} INFO - Sync 1 DAGs
[2026-01-29T01:39:45.917+0000] {logging_mixin.py:188} INFO - [2026-01-29T01:39:45.916+0000] {dag.py:3947} INFO - Setting next_dagrun for tutorial_objectstorage to None, run_after=None
[2026-01-29T01:39:45.937+0000] {processor.py:183} INFO - Processing /home/airflow/.local/lib/python3.12/site-packages/airflow/example_dags/tutorial_objectstorage.py took 0.074 seconds
[2026-01-29T01:40:16.128+0000] {processor.py:161} INFO - Started process (PID=74498) to work on /home/airflow/.local/lib/python3.12/site-packages/airflow/example_dags/tutorial_objectstorage.py
[2026-01-29T01:40:16.129+0000] {processor.py:830} INFO - Processing file /home/airflow/.local/lib/python3.12/site-packages/airflow/example_dags/tutorial_objectstorage.py for tasks to queue
[2026-01-29T01:40:16.131+0000] {logging_mixin.py:188} INFO - [2026-01-29T01:40:16.130+0000] {dagbag.py:545} INFO - Filling up the DagBag from /home/airflow/.local/lib/python3.12/site-packages/airflow/example_dags/tutorial_objectstorage.py
[2026-01-29T01:40:16.139+0000] {processor.py:840} INFO - DAG(s) 'tutorial_objectstorage' retrieved from /home/airflow/.local/lib/python3.12/site-packages/airflow/example_dags/tutorial_objectstorage.py
[2026-01-29T01:40:16.161+0000] {logging_mixin.py:188} INFO - [2026-01-29T01:40:16.161+0000] {dag.py:3089} INFO - Sync 1 DAGs
[2026-01-29T01:40:16.176+0000] {logging_mixin.py:188} INFO - [2026-01-29T01:40:16.176+0000] {dag.py:3947} INFO - Setting next_dagrun for tutorial_objectstorage to None, run_after=None
[2026-01-29T01:40:16.198+0000] {processor.py:183} INFO - Processing /home/airflow/.local/lib/python3.12/site-packages/airflow/example_dags/tutorial_objectstorage.py took 0.077 seconds
[2026-01-29T01:40:46.928+0000] {processor.py:161} INFO - Started process (PID=74557) to work on /home/airflow/.local/lib/python3.12/site-packages/airflow/example_dags/tutorial_objectstorage.py
[2026-01-29T01:40:46.929+0000] {processor.py:830} INFO - Processing file /home/airflow/.local/lib/python3.12/site-packages/airflow/example_dags/tutorial_objectstorage.py for tasks to queue
[2026-01-29T01:40:46.931+0000] {logging_mixin.py:188} INFO - [2026-01-29T01:40:46.930+0000] {dagbag.py:545} INFO - Filling up the DagBag from /home/airflow/.local/lib/python3.12/site-packages/airflow/example_dags/tutorial_objectstorage.py
[2026-01-29T01:40:46.939+0000] {processor.py:840} INFO - DAG(s) 'tutorial_objectstorage' retrieved from /home/airflow/.local/lib/python3.12/site-packages/airflow/example_dags/tutorial_objectstorage.py
[2026-01-29T01:40:46.959+0000] {logging_mixin.py:188} INFO - [2026-01-29T01:40:46.959+0000] {dag.py:3089} INFO - Sync 1 DAGs
[2026-01-29T01:40:46.972+0000] {logging_mixin.py:188} INFO - [2026-01-29T01:40:46.972+0000] {dag.py:3947} INFO - Setting next_dagrun for tutorial_objectstorage to None, run_after=None
[2026-01-29T01:40:46.992+0000] {processor.py:183} INFO - Processing /home/airflow/.local/lib/python3.12/site-packages/airflow/example_dags/tutorial_objectstorage.py took 0.071 seconds
[2026-01-29T01:41:17.692+0000] {processor.py:161} INFO - Started process (PID=74621) to work on /home/airflow/.local/lib/python3.12/site-packages/airflow/example_dags/tutorial_objectstorage.py
[2026-01-29T01:41:17.693+0000] {processor.py:830} INFO - Processing file /home/airflow/.local/lib/python3.12/site-packages/airflow/example_dags/tutorial_objectstorage.py for tasks to queue
[2026-01-29T01:41:17.695+0000] {logging_mixin.py:188} INFO - [2026-01-29T01:41:17.695+0000] {dagbag.py:545} INFO - Filling up the DagBag from /home/airflow/.local/lib/python3.12/site-packages/airflow/example_dags/tutorial_objectstorage.py
[2026-01-29T01:41:17.703+0000] {processor.py:840} INFO - DAG(s) 'tutorial_objectstorage' retrieved from /home/airflow/.local/lib/python3.12/site-packages/airflow/example_dags/tutorial_objectstorage.py
[2026-01-29T01:41:17.724+0000] {logging_mixin.py:188} INFO - [2026-01-29T01:41:17.723+0000] {dag.py:3089} INFO - Sync 1 DAGs
[2026-01-29T01:41:17.737+0000] {logging_mixin.py:188} INFO - [2026-01-29T01:41:17.736+0000] {dag.py:3947} INFO - Setting next_dagrun for tutorial_objectstorage to None, run_after=None
[2026-01-29T01:41:17.756+0000] {processor.py:183} INFO - Processing /home/airflow/.local/lib/python3.12/site-packages/airflow/example_dags/tutorial_objectstorage.py took 0.071 seconds
[2026-01-29T01:41:48.463+0000] {processor.py:161} INFO - Started process (PID=74680) to work on /home/airflow/.local/lib/python3.12/site-packages/airflow/example_dags/tutorial_objectstorage.py
[2026-01-29T01:41:48.463+0000] {processor.py:830} INFO - Processing file /home/airflow/.local/lib/python3.12/site-packages/airflow/example_dags/tutorial_objectstorage.py for tasks to queue
[2026-01-29T01:41:48.465+0000] {logging_mixin.py:188} INFO - [2026-01-29T01:41:48.465+0000] {dagbag.py:545} INFO - Filling up the DagBag from /home/airflow/.local/lib/python3.12/site-packages/airflow/example_dags/tutorial_objectstorage.py
[2026-01-29T01:41:48.474+0000] {processor.py:840} INFO - DAG(s) 'tutorial_objectstorage' retrieved from /home/airflow/.local/lib/python3.12/site-packages/airflow/example_dags/tutorial_objectstorage.py
[2026-01-29T01:41:48.493+0000] {logging_mixin.py:188} INFO - [2026-01-29T01:41:48.493+0000] {dag.py:3089} INFO - Sync 1 DAGs
[2026-01-29T01:41:48.507+0000] {logging_mixin.py:188} INFO - [2026-01-29T01:41:48.506+0000] {dag.py:3947} INFO - Setting next_dagrun for tutorial_objectstorage to None, run_after=None
[2026-01-29T01:41:48.527+0000] {processor.py:183} INFO - Processing /home/airflow/.local/lib/python3.12/site-packages/airflow/example_dags/tutorial_objectstorage.py took 0.072 seconds
[2026-01-29T01:42:19.218+0000] {processor.py:161} INFO - Started process (PID=74744) to work on /home/airflow/.local/lib/python3.12/site-packages/airflow/example_dags/tutorial_objectstorage.py
[2026-01-29T01:42:19.219+0000] {processor.py:830} INFO - Processing file /home/airflow/.local/lib/python3.12/site-packages/airflow/example_dags/tutorial_objectstorage.py for tasks to queue
[2026-01-29T01:42:19.221+0000] {logging_mixin.py:188} INFO - [2026-01-29T01:42:19.221+0000] {dagbag.py:545} INFO - Filling up the DagBag from /home/airflow/.local/lib/python3.12/site-packages/airflow/example_dags/tutorial_objectstorage.py
[2026-01-29T01:42:19.230+0000] {processor.py:840} INFO - DAG(s) 'tutorial_objectstorage' retrieved from /home/airflow/.local/lib/python3.12/site-packages/airflow/example_dags/tutorial_objectstorage.py
[2026-01-29T01:42:19.252+0000] {logging_mixin.py:188} INFO - [2026-01-29T01:42:19.251+0000] {dag.py:3089} INFO - Sync 1 DAGs
[2026-01-29T01:42:19.266+0000] {logging_mixin.py:188} INFO - [2026-01-29T01:42:19.266+0000] {dag.py:3947} INFO - Setting next_dagrun for tutorial_objectstorage to None, run_after=None
[2026-01-29T01:42:19.287+0000] {processor.py:183} INFO - Processing /home/airflow/.local/lib/python3.12/site-packages/airflow/example_dags/tutorial_objectstorage.py took 0.076 seconds
[2026-01-29T01:42:49.923+0000] {processor.py:161} INFO - Started process (PID=74803) to work on /home/airflow/.local/lib/python3.12/site-packages/airflow/example_dags/tutorial_objectstorage.py
[2026-01-29T01:42:49.924+0000] {processor.py:830} INFO - Processing file /home/airflow/.local/lib/python3.12/site-packages/airflow/example_dags/tutorial_objectstorage.py for tasks to queue
[2026-01-29T01:42:49.926+0000] {logging_mixin.py:188} INFO - [2026-01-29T01:42:49.926+0000] {dagbag.py:545} INFO - Filling up the DagBag from /home/airflow/.local/lib/python3.12/site-packages/airflow/example_dags/tutorial_objectstorage.py
[2026-01-29T01:42:49.934+0000] {processor.py:840} INFO - DAG(s) 'tutorial_objectstorage' retrieved from /home/airflow/.local/lib/python3.12/site-packages/airflow/example_dags/tutorial_objectstorage.py
[2026-01-29T01:42:49.954+0000] {logging_mixin.py:188} INFO - [2026-01-29T01:42:49.954+0000] {dag.py:3089} INFO - Sync 1 DAGs
[2026-01-29T01:42:49.967+0000] {logging_mixin.py:188} INFO - [2026-01-29T01:42:49.967+0000] {dag.py:3947} INFO - Setting next_dagrun for tutorial_objectstorage to None, run_after=None
[2026-01-29T01:42:49.988+0000] {processor.py:183} INFO - Processing /home/airflow/.local/lib/python3.12/site-packages/airflow/example_dags/tutorial_objectstorage.py took 0.071 seconds
[2026-01-29T01:43:20.743+0000] {processor.py:161} INFO - Started process (PID=74867) to work on /home/airflow/.local/lib/python3.12/site-packages/airflow/example_dags/tutorial_objectstorage.py
[2026-01-29T01:43:20.750+0000] {processor.py:830} INFO - Processing file /home/airflow/.local/lib/python3.12/site-packages/airflow/example_dags/tutorial_objectstorage.py for tasks to queue
[2026-01-29T01:43:20.751+0000] {logging_mixin.py:188} INFO - [2026-01-29T01:43:20.751+0000] {dagbag.py:545} INFO - Filling up the DagBag from /home/airflow/.local/lib/python3.12/site-packages/airflow/example_dags/tutorial_objectstorage.py
[2026-01-29T01:43:20.759+0000] {processor.py:840} INFO - DAG(s) 'tutorial_objectstorage' retrieved from /home/airflow/.local/lib/python3.12/site-packages/airflow/example_dags/tutorial_objectstorage.py
[2026-01-29T01:43:20.778+0000] {logging_mixin.py:188} INFO - [2026-01-29T01:43:20.778+0000] {dag.py:3089} INFO - Sync 1 DAGs
[2026-01-29T01:43:20.793+0000] {logging_mixin.py:188} INFO - [2026-01-29T01:43:20.793+0000] {dag.py:3947} INFO - Setting next_dagrun for tutorial_objectstorage to None, run_after=None
[2026-01-29T01:43:20.819+0000] {processor.py:183} INFO - Processing /home/airflow/.local/lib/python3.12/site-packages/airflow/example_dags/tutorial_objectstorage.py took 0.082 seconds
[2026-01-29T01:43:51.585+0000] {processor.py:161} INFO - Started process (PID=74926) to work on /home/airflow/.local/lib/python3.12/site-packages/airflow/example_dags/tutorial_objectstorage.py
[2026-01-29T01:43:51.586+0000] {processor.py:830} INFO - Processing file /home/airflow/.local/lib/python3.12/site-packages/airflow/example_dags/tutorial_objectstorage.py for tasks to queue
[2026-01-29T01:43:51.588+0000] {logging_mixin.py:188} INFO - [2026-01-29T01:43:51.588+0000] {dagbag.py:545} INFO - Filling up the DagBag from /home/airflow/.local/lib/python3.12/site-packages/airflow/example_dags/tutorial_objectstorage.py
[2026-01-29T01:43:51.596+0000] {processor.py:840} INFO - DAG(s) 'tutorial_objectstorage' retrieved from /home/airflow/.local/lib/python3.12/site-packages/airflow/example_dags/tutorial_objectstorage.py
[2026-01-29T01:43:51.614+0000] {logging_mixin.py:188} INFO - [2026-01-29T01:43:51.614+0000] {dag.py:3089} INFO - Sync 1 DAGs
[2026-01-29T01:43:51.627+0000] {logging_mixin.py:188} INFO - [2026-01-29T01:43:51.627+0000] {dag.py:3947} INFO - Setting next_dagrun for tutorial_objectstorage to None, run_after=None
[2026-01-29T01:43:51.648+0000] {processor.py:183} INFO - Processing /home/airflow/.local/lib/python3.12/site-packages/airflow/example_dags/tutorial_objectstorage.py took 0.070 seconds
[2026-01-29T01:44:22.268+0000] {processor.py:161} INFO - Started process (PID=74990) to work on /home/airflow/.local/lib/python3.12/site-packages/airflow/example_dags/tutorial_objectstorage.py
[2026-01-29T01:44:22.269+0000] {processor.py:830} INFO - Processing file /home/airflow/.local/lib/python3.12/site-packages/airflow/example_dags/tutorial_objectstorage.py for tasks to queue
[2026-01-29T01:44:22.271+0000] {logging_mixin.py:188} INFO - [2026-01-29T01:44:22.270+0000] {dagbag.py:545} INFO - Filling up the DagBag from /home/airflow/.local/lib/python3.12/site-packages/airflow/example_dags/tutorial_objectstorage.py
[2026-01-29T01:44:22.279+0000] {processor.py:840} INFO - DAG(s) 'tutorial_objectstorage' retrieved from /home/airflow/.local/lib/python3.12/site-packages/airflow/example_dags/tutorial_objectstorage.py
[2026-01-29T01:44:22.299+0000] {logging_mixin.py:188} INFO - [2026-01-29T01:44:22.299+0000] {dag.py:3089} INFO - Sync 1 DAGs
[2026-01-29T01:44:22.313+0000] {logging_mixin.py:188} INFO - [2026-01-29T01:44:22.313+0000] {dag.py:3947} INFO - Setting next_dagrun for tutorial_objectstorage to None, run_after=None
[2026-01-29T01:44:22.334+0000] {processor.py:183} INFO - Processing /home/airflow/.local/lib/python3.12/site-packages/airflow/example_dags/tutorial_objectstorage.py took 0.074 seconds
[2026-01-29T01:44:53.040+0000] {processor.py:161} INFO - Started process (PID=75049) to work on /home/airflow/.local/lib/python3.12/site-packages/airflow/example_dags/tutorial_objectstorage.py
[2026-01-29T01:44:53.041+0000] {processor.py:830} INFO - Processing file /home/airflow/.local/lib/python3.12/site-packages/airflow/example_dags/tutorial_objectstorage.py for tasks to queue
[2026-01-29T01:44:53.043+0000] {logging_mixin.py:188} INFO - [2026-01-29T01:44:53.043+0000] {dagbag.py:545} INFO - Filling up the DagBag from /home/airflow/.local/lib/python3.12/site-packages/airflow/example_dags/tutorial_objectstorage.py
[2026-01-29T01:44:53.051+0000] {processor.py:840} INFO - DAG(s) 'tutorial_objectstorage' retrieved from /home/airflow/.local/lib/python3.12/site-packages/airflow/example_dags/tutorial_objectstorage.py
[2026-01-29T01:44:53.072+0000] {logging_mixin.py:188} INFO - [2026-01-29T01:44:53.072+0000] {dag.py:3089} INFO - Sync 1 DAGs
[2026-01-29T01:44:53.087+0000] {logging_mixin.py:188} INFO - [2026-01-29T01:44:53.087+0000] {dag.py:3947} INFO - Setting next_dagrun for tutorial_objectstorage to None, run_after=None
[2026-01-29T01:44:53.108+0000] {processor.py:183} INFO - Processing /home/airflow/.local/lib/python3.12/site-packages/airflow/example_dags/tutorial_objectstorage.py took 0.075 seconds
[2026-01-29T01:45:23.749+0000] {processor.py:161} INFO - Started process (PID=75113) to work on /home/airflow/.local/lib/python3.12/site-packages/airflow/example_dags/tutorial_objectstorage.py
[2026-01-29T01:45:23.750+0000] {processor.py:830} INFO - Processing file /home/airflow/.local/lib/python3.12/site-packages/airflow/example_dags/tutorial_objectstorage.py for tasks to queue
[2026-01-29T01:45:23.752+0000] {logging_mixin.py:188} INFO - [2026-01-29T01:45:23.752+0000] {dagbag.py:545} INFO - Filling up the DagBag from /home/airflow/.local/lib/python3.12/site-packages/airflow/example_dags/tutorial_objectstorage.py
[2026-01-29T01:45:23.759+0000] {processor.py:840} INFO - DAG(s) 'tutorial_objectstorage' retrieved from /home/airflow/.local/lib/python3.12/site-packages/airflow/example_dags/tutorial_objectstorage.py
[2026-01-29T01:45:23.778+0000] {logging_mixin.py:188} INFO - [2026-01-29T01:45:23.778+0000] {dag.py:3089} INFO - Sync 1 DAGs
[2026-01-29T01:45:23.791+0000] {logging_mixin.py:188} INFO - [2026-01-29T01:45:23.791+0000] {dag.py:3947} INFO - Setting next_dagrun for tutorial_objectstorage to None, run_after=None
[2026-01-29T01:45:23.811+0000] {processor.py:183} INFO - Processing /home/airflow/.local/lib/python3.12/site-packages/airflow/example_dags/tutorial_objectstorage.py took 0.067 seconds
[2026-01-29T01:45:54.443+0000] {processor.py:161} INFO - Started process (PID=75172) to work on /home/airflow/.local/lib/python3.12/site-packages/airflow/example_dags/tutorial_objectstorage.py
[2026-01-29T01:45:54.444+0000] {processor.py:830} INFO - Processing file /home/airflow/.local/lib/python3.12/site-packages/airflow/example_dags/tutorial_objectstorage.py for tasks to queue
[2026-01-29T01:45:54.446+0000] {logging_mixin.py:188} INFO - [2026-01-29T01:45:54.445+0000] {dagbag.py:545} INFO - Filling up the DagBag from /home/airflow/.local/lib/python3.12/site-packages/airflow/example_dags/tutorial_objectstorage.py
[2026-01-29T01:45:54.454+0000] {processor.py:840} INFO - DAG(s) 'tutorial_objectstorage' retrieved from /home/airflow/.local/lib/python3.12/site-packages/airflow/example_dags/tutorial_objectstorage.py
[2026-01-29T01:45:54.474+0000] {logging_mixin.py:188} INFO - [2026-01-29T01:45:54.474+0000] {dag.py:3089} INFO - Sync 1 DAGs
[2026-01-29T01:45:54.488+0000] {logging_mixin.py:188} INFO - [2026-01-29T01:45:54.488+0000] {dag.py:3947} INFO - Setting next_dagrun for tutorial_objectstorage to None, run_after=None
[2026-01-29T01:45:54.510+0000] {processor.py:183} INFO - Processing /home/airflow/.local/lib/python3.12/site-packages/airflow/example_dags/tutorial_objectstorage.py took 0.074 seconds
[2026-01-29T01:46:25.220+0000] {processor.py:161} INFO - Started process (PID=75236) to work on /home/airflow/.local/lib/python3.12/site-packages/airflow/example_dags/tutorial_objectstorage.py
[2026-01-29T01:46:25.221+0000] {processor.py:830} INFO - Processing file /home/airflow/.local/lib/python3.12/site-packages/airflow/example_dags/tutorial_objectstorage.py for tasks to queue
[2026-01-29T01:46:25.223+0000] {logging_mixin.py:188} INFO - [2026-01-29T01:46:25.222+0000] {dagbag.py:545} INFO - Filling up the DagBag from /home/airflow/.local/lib/python3.12/site-packages/airflow/example_dags/tutorial_objectstorage.py
[2026-01-29T01:46:25.232+0000] {processor.py:840} INFO - DAG(s) 'tutorial_objectstorage' retrieved from /home/airflow/.local/lib/python3.12/site-packages/airflow/example_dags/tutorial_objectstorage.py
[2026-01-29T01:46:25.251+0000] {logging_mixin.py:188} INFO - [2026-01-29T01:46:25.250+0000] {dag.py:3089} INFO - Sync 1 DAGs
[2026-01-29T01:46:25.264+0000] {logging_mixin.py:188} INFO - [2026-01-29T01:46:25.264+0000] {dag.py:3947} INFO - Setting next_dagrun for tutorial_objectstorage to None, run_after=None
[2026-01-29T01:46:25.283+0000] {processor.py:183} INFO - Processing /home/airflow/.local/lib/python3.12/site-packages/airflow/example_dags/tutorial_objectstorage.py took 0.070 seconds
[2026-01-29T01:46:55.968+0000] {processor.py:161} INFO - Started process (PID=75295) to work on /home/airflow/.local/lib/python3.12/site-packages/airflow/example_dags/tutorial_objectstorage.py
[2026-01-29T01:46:55.969+0000] {processor.py:830} INFO - Processing file /home/airflow/.local/lib/python3.12/site-packages/airflow/example_dags/tutorial_objectstorage.py for tasks to queue
[2026-01-29T01:46:55.971+0000] {logging_mixin.py:188} INFO - [2026-01-29T01:46:55.970+0000] {dagbag.py:545} INFO - Filling up the DagBag from /home/airflow/.local/lib/python3.12/site-packages/airflow/example_dags/tutorial_objectstorage.py
[2026-01-29T01:46:55.978+0000] {processor.py:840} INFO - DAG(s) 'tutorial_objectstorage' retrieved from /home/airflow/.local/lib/python3.12/site-packages/airflow/example_dags/tutorial_objectstorage.py
[2026-01-29T01:46:55.998+0000] {logging_mixin.py:188} INFO - [2026-01-29T01:46:55.997+0000] {dag.py:3089} INFO - Sync 1 DAGs
[2026-01-29T01:46:56.012+0000] {logging_mixin.py:188} INFO - [2026-01-29T01:46:56.011+0000] {dag.py:3947} INFO - Setting next_dagrun for tutorial_objectstorage to None, run_after=None
[2026-01-29T01:46:56.034+0000] {processor.py:183} INFO - Processing /home/airflow/.local/lib/python3.12/site-packages/airflow/example_dags/tutorial_objectstorage.py took 0.071 seconds
[2026-01-29T01:47:26.452+0000] {processor.py:161} INFO - Started process (PID=75359) to work on /home/airflow/.local/lib/python3.12/site-packages/airflow/example_dags/tutorial_objectstorage.py
[2026-01-29T01:47:26.453+0000] {processor.py:830} INFO - Processing file /home/airflow/.local/lib/python3.12/site-packages/airflow/example_dags/tutorial_objectstorage.py for tasks to queue
[2026-01-29T01:47:26.454+0000] {logging_mixin.py:188} INFO - [2026-01-29T01:47:26.454+0000] {dagbag.py:545} INFO - Filling up the DagBag from /home/airflow/.local/lib/python3.12/site-packages/airflow/example_dags/tutorial_objectstorage.py
[2026-01-29T01:47:26.462+0000] {processor.py:840} INFO - DAG(s) 'tutorial_objectstorage' retrieved from /home/airflow/.local/lib/python3.12/site-packages/airflow/example_dags/tutorial_objectstorage.py
[2026-01-29T01:47:26.481+0000] {logging_mixin.py:188} INFO - [2026-01-29T01:47:26.481+0000] {dag.py:3089} INFO - Sync 1 DAGs
[2026-01-29T01:47:26.495+0000] {logging_mixin.py:188} INFO - [2026-01-29T01:47:26.495+0000] {dag.py:3947} INFO - Setting next_dagrun for tutorial_objectstorage to None, run_after=None
[2026-01-29T01:47:26.516+0000] {processor.py:183} INFO - Processing /home/airflow/.local/lib/python3.12/site-packages/airflow/example_dags/tutorial_objectstorage.py took 0.070 seconds
[2026-01-29T01:47:56.785+0000] {processor.py:161} INFO - Started process (PID=75418) to work on /home/airflow/.local/lib/python3.12/site-packages/airflow/example_dags/tutorial_objectstorage.py
[2026-01-29T01:47:56.786+0000] {processor.py:830} INFO - Processing file /home/airflow/.local/lib/python3.12/site-packages/airflow/example_dags/tutorial_objectstorage.py for tasks to queue
[2026-01-29T01:47:56.788+0000] {logging_mixin.py:188} INFO - [2026-01-29T01:47:56.787+0000] {dagbag.py:545} INFO - Filling up the DagBag from /home/airflow/.local/lib/python3.12/site-packages/airflow/example_dags/tutorial_objectstorage.py
[2026-01-29T01:47:56.796+0000] {processor.py:840} INFO - DAG(s) 'tutorial_objectstorage' retrieved from /home/airflow/.local/lib/python3.12/site-packages/airflow/example_dags/tutorial_objectstorage.py
[2026-01-29T01:47:56.816+0000] {logging_mixin.py:188} INFO - [2026-01-29T01:47:56.815+0000] {dag.py:3089} INFO - Sync 1 DAGs
[2026-01-29T01:47:56.831+0000] {logging_mixin.py:188} INFO - [2026-01-29T01:47:56.831+0000] {dag.py:3947} INFO - Setting next_dagrun for tutorial_objectstorage to None, run_after=None
[2026-01-29T01:47:56.852+0000] {processor.py:183} INFO - Processing /home/airflow/.local/lib/python3.12/site-packages/airflow/example_dags/tutorial_objectstorage.py took 0.075 seconds
[2026-01-29T01:48:27.183+0000] {processor.py:161} INFO - Started process (PID=75482) to work on /home/airflow/.local/lib/python3.12/site-packages/airflow/example_dags/tutorial_objectstorage.py
[2026-01-29T01:48:27.185+0000] {processor.py:830} INFO - Processing file /home/airflow/.local/lib/python3.12/site-packages/airflow/example_dags/tutorial_objectstorage.py for tasks to queue
[2026-01-29T01:48:27.187+0000] {logging_mixin.py:188} INFO - [2026-01-29T01:48:27.186+0000] {dagbag.py:545} INFO - Filling up the DagBag from /home/airflow/.local/lib/python3.12/site-packages/airflow/example_dags/tutorial_objectstorage.py
[2026-01-29T01:48:27.195+0000] {processor.py:840} INFO - DAG(s) 'tutorial_objectstorage' retrieved from /home/airflow/.local/lib/python3.12/site-packages/airflow/example_dags/tutorial_objectstorage.py
[2026-01-29T01:48:27.216+0000] {logging_mixin.py:188} INFO - [2026-01-29T01:48:27.216+0000] {dag.py:3089} INFO - Sync 1 DAGs
[2026-01-29T01:48:27.231+0000] {logging_mixin.py:188} INFO - [2026-01-29T01:48:27.230+0000] {dag.py:3947} INFO - Setting next_dagrun for tutorial_objectstorage to None, run_after=None
[2026-01-29T01:48:27.252+0000] {processor.py:183} INFO - Processing /home/airflow/.local/lib/python3.12/site-packages/airflow/example_dags/tutorial_objectstorage.py took 0.076 seconds
[2026-01-29T01:48:57.381+0000] {processor.py:161} INFO - Started process (PID=75541) to work on /home/airflow/.local/lib/python3.12/site-packages/airflow/example_dags/tutorial_objectstorage.py
[2026-01-29T01:48:57.382+0000] {processor.py:830} INFO - Processing file /home/airflow/.local/lib/python3.12/site-packages/airflow/example_dags/tutorial_objectstorage.py for tasks to queue
[2026-01-29T01:48:57.383+0000] {logging_mixin.py:188} INFO - [2026-01-29T01:48:57.383+0000] {dagbag.py:545} INFO - Filling up the DagBag from /home/airflow/.local/lib/python3.12/site-packages/airflow/example_dags/tutorial_objectstorage.py
[2026-01-29T01:48:57.392+0000] {processor.py:840} INFO - DAG(s) 'tutorial_objectstorage' retrieved from /home/airflow/.local/lib/python3.12/site-packages/airflow/example_dags/tutorial_objectstorage.py
[2026-01-29T01:48:57.410+0000] {logging_mixin.py:188} INFO - [2026-01-29T01:48:57.410+0000] {dag.py:3089} INFO - Sync 1 DAGs
[2026-01-29T01:48:57.424+0000] {logging_mixin.py:188} INFO - [2026-01-29T01:48:57.424+0000] {dag.py:3947} INFO - Setting next_dagrun for tutorial_objectstorage to None, run_after=None
[2026-01-29T01:48:57.444+0000] {processor.py:183} INFO - Processing /home/airflow/.local/lib/python3.12/site-packages/airflow/example_dags/tutorial_objectstorage.py took 0.070 seconds
[2026-01-29T01:49:27.552+0000] {processor.py:161} INFO - Started process (PID=75605) to work on /home/airflow/.local/lib/python3.12/site-packages/airflow/example_dags/tutorial_objectstorage.py
[2026-01-29T01:49:27.554+0000] {processor.py:830} INFO - Processing file /home/airflow/.local/lib/python3.12/site-packages/airflow/example_dags/tutorial_objectstorage.py for tasks to queue
[2026-01-29T01:49:27.556+0000] {logging_mixin.py:188} INFO - [2026-01-29T01:49:27.555+0000] {dagbag.py:545} INFO - Filling up the DagBag from /home/airflow/.local/lib/python3.12/site-packages/airflow/example_dags/tutorial_objectstorage.py
[2026-01-29T01:49:27.564+0000] {processor.py:840} INFO - DAG(s) 'tutorial_objectstorage' retrieved from /home/airflow/.local/lib/python3.12/site-packages/airflow/example_dags/tutorial_objectstorage.py
[2026-01-29T01:49:27.587+0000] {logging_mixin.py:188} INFO - [2026-01-29T01:49:27.586+0000] {dag.py:3089} INFO - Sync 1 DAGs
[2026-01-29T01:49:27.606+0000] {logging_mixin.py:188} INFO - [2026-01-29T01:49:27.606+0000] {dag.py:3947} INFO - Setting next_dagrun for tutorial_objectstorage to None, run_after=None
[2026-01-29T01:49:27.630+0000] {processor.py:183} INFO - Processing /home/airflow/.local/lib/python3.12/site-packages/airflow/example_dags/tutorial_objectstorage.py took 0.085 seconds
[2026-01-29T01:49:57.766+0000] {processor.py:161} INFO - Started process (PID=75664) to work on /home/airflow/.local/lib/python3.12/site-packages/airflow/example_dags/tutorial_objectstorage.py
[2026-01-29T01:49:57.767+0000] {processor.py:830} INFO - Processing file /home/airflow/.local/lib/python3.12/site-packages/airflow/example_dags/tutorial_objectstorage.py for tasks to queue
[2026-01-29T01:49:57.769+0000] {logging_mixin.py:188} INFO - [2026-01-29T01:49:57.769+0000] {dagbag.py:545} INFO - Filling up the DagBag from /home/airflow/.local/lib/python3.12/site-packages/airflow/example_dags/tutorial_objectstorage.py
[2026-01-29T01:49:57.777+0000] {processor.py:840} INFO - DAG(s) 'tutorial_objectstorage' retrieved from /home/airflow/.local/lib/python3.12/site-packages/airflow/example_dags/tutorial_objectstorage.py
[2026-01-29T01:49:57.796+0000] {logging_mixin.py:188} INFO - [2026-01-29T01:49:57.796+0000] {dag.py:3089} INFO - Sync 1 DAGs
[2026-01-29T01:49:57.810+0000] {logging_mixin.py:188} INFO - [2026-01-29T01:49:57.809+0000] {dag.py:3947} INFO - Setting next_dagrun for tutorial_objectstorage to None, run_after=None
[2026-01-29T01:49:57.832+0000] {processor.py:183} INFO - Processing /home/airflow/.local/lib/python3.12/site-packages/airflow/example_dags/tutorial_objectstorage.py took 0.071 seconds
[2026-01-29T01:50:27.951+0000] {processor.py:161} INFO - Started process (PID=75728) to work on /home/airflow/.local/lib/python3.12/site-packages/airflow/example_dags/tutorial_objectstorage.py
[2026-01-29T01:50:27.952+0000] {processor.py:830} INFO - Processing file /home/airflow/.local/lib/python3.12/site-packages/airflow/example_dags/tutorial_objectstorage.py for tasks to queue
[2026-01-29T01:50:27.954+0000] {logging_mixin.py:188} INFO - [2026-01-29T01:50:27.954+0000] {dagbag.py:545} INFO - Filling up the DagBag from /home/airflow/.local/lib/python3.12/site-packages/airflow/example_dags/tutorial_objectstorage.py
[2026-01-29T01:50:27.962+0000] {processor.py:840} INFO - DAG(s) 'tutorial_objectstorage' retrieved from /home/airflow/.local/lib/python3.12/site-packages/airflow/example_dags/tutorial_objectstorage.py
[2026-01-29T01:50:27.983+0000] {logging_mixin.py:188} INFO - [2026-01-29T01:50:27.983+0000] {dag.py:3089} INFO - Sync 1 DAGs
[2026-01-29T01:50:27.997+0000] {logging_mixin.py:188} INFO - [2026-01-29T01:50:27.997+0000] {dag.py:3947} INFO - Setting next_dagrun for tutorial_objectstorage to None, run_after=None
[2026-01-29T01:50:28.018+0000] {processor.py:183} INFO - Processing /home/airflow/.local/lib/python3.12/site-packages/airflow/example_dags/tutorial_objectstorage.py took 0.074 seconds
[2026-01-29T01:50:58.202+0000] {processor.py:161} INFO - Started process (PID=75787) to work on /home/airflow/.local/lib/python3.12/site-packages/airflow/example_dags/tutorial_objectstorage.py
[2026-01-29T01:50:58.203+0000] {processor.py:830} INFO - Processing file /home/airflow/.local/lib/python3.12/site-packages/airflow/example_dags/tutorial_objectstorage.py for tasks to queue
[2026-01-29T01:50:58.205+0000] {logging_mixin.py:188} INFO - [2026-01-29T01:50:58.204+0000] {dagbag.py:545} INFO - Filling up the DagBag from /home/airflow/.local/lib/python3.12/site-packages/airflow/example_dags/tutorial_objectstorage.py
[2026-01-29T01:50:58.213+0000] {processor.py:840} INFO - DAG(s) 'tutorial_objectstorage' retrieved from /home/airflow/.local/lib/python3.12/site-packages/airflow/example_dags/tutorial_objectstorage.py
[2026-01-29T01:50:58.233+0000] {logging_mixin.py:188} INFO - [2026-01-29T01:50:58.233+0000] {dag.py:3089} INFO - Sync 1 DAGs
[2026-01-29T01:50:58.246+0000] {logging_mixin.py:188} INFO - [2026-01-29T01:50:58.246+0000] {dag.py:3947} INFO - Setting next_dagrun for tutorial_objectstorage to None, run_after=None
[2026-01-29T01:50:58.266+0000] {processor.py:183} INFO - Processing /home/airflow/.local/lib/python3.12/site-packages/airflow/example_dags/tutorial_objectstorage.py took 0.071 seconds
[2026-01-29T01:51:28.506+0000] {processor.py:161} INFO - Started process (PID=75851) to work on /home/airflow/.local/lib/python3.12/site-packages/airflow/example_dags/tutorial_objectstorage.py
[2026-01-29T01:51:28.507+0000] {processor.py:830} INFO - Processing file /home/airflow/.local/lib/python3.12/site-packages/airflow/example_dags/tutorial_objectstorage.py for tasks to queue
[2026-01-29T01:51:28.509+0000] {logging_mixin.py:188} INFO - [2026-01-29T01:51:28.509+0000] {dagbag.py:545} INFO - Filling up the DagBag from /home/airflow/.local/lib/python3.12/site-packages/airflow/example_dags/tutorial_objectstorage.py
[2026-01-29T01:51:28.518+0000] {processor.py:840} INFO - DAG(s) 'tutorial_objectstorage' retrieved from /home/airflow/.local/lib/python3.12/site-packages/airflow/example_dags/tutorial_objectstorage.py
[2026-01-29T01:51:28.540+0000] {logging_mixin.py:188} INFO - [2026-01-29T01:51:28.540+0000] {dag.py:3089} INFO - Sync 1 DAGs
[2026-01-29T01:51:28.555+0000] {logging_mixin.py:188} INFO - [2026-01-29T01:51:28.555+0000] {dag.py:3947} INFO - Setting next_dagrun for tutorial_objectstorage to None, run_after=None
[2026-01-29T01:51:28.577+0000] {processor.py:183} INFO - Processing /home/airflow/.local/lib/python3.12/site-packages/airflow/example_dags/tutorial_objectstorage.py took 0.078 seconds
[2026-01-29T01:51:58.820+0000] {processor.py:161} INFO - Started process (PID=75910) to work on /home/airflow/.local/lib/python3.12/site-packages/airflow/example_dags/tutorial_objectstorage.py
[2026-01-29T01:51:58.821+0000] {processor.py:830} INFO - Processing file /home/airflow/.local/lib/python3.12/site-packages/airflow/example_dags/tutorial_objectstorage.py for tasks to queue
[2026-01-29T01:51:58.823+0000] {logging_mixin.py:188} INFO - [2026-01-29T01:51:58.823+0000] {dagbag.py:545} INFO - Filling up the DagBag from /home/airflow/.local/lib/python3.12/site-packages/airflow/example_dags/tutorial_objectstorage.py
[2026-01-29T01:51:58.832+0000] {processor.py:840} INFO - DAG(s) 'tutorial_objectstorage' retrieved from /home/airflow/.local/lib/python3.12/site-packages/airflow/example_dags/tutorial_objectstorage.py
[2026-01-29T01:51:58.851+0000] {logging_mixin.py:188} INFO - [2026-01-29T01:51:58.851+0000] {dag.py:3089} INFO - Sync 1 DAGs
[2026-01-29T01:51:58.864+0000] {logging_mixin.py:188} INFO - [2026-01-29T01:51:58.864+0000] {dag.py:3947} INFO - Setting next_dagrun for tutorial_objectstorage to None, run_after=None
[2026-01-29T01:51:58.885+0000] {processor.py:183} INFO - Processing /home/airflow/.local/lib/python3.12/site-packages/airflow/example_dags/tutorial_objectstorage.py took 0.072 seconds
[2026-01-29T01:52:29.036+0000] {processor.py:161} INFO - Started process (PID=75974) to work on /home/airflow/.local/lib/python3.12/site-packages/airflow/example_dags/tutorial_objectstorage.py
[2026-01-29T01:52:29.037+0000] {processor.py:830} INFO - Processing file /home/airflow/.local/lib/python3.12/site-packages/airflow/example_dags/tutorial_objectstorage.py for tasks to queue
[2026-01-29T01:52:29.038+0000] {logging_mixin.py:188} INFO - [2026-01-29T01:52:29.038+0000] {dagbag.py:545} INFO - Filling up the DagBag from /home/airflow/.local/lib/python3.12/site-packages/airflow/example_dags/tutorial_objectstorage.py
[2026-01-29T01:52:29.045+0000] {processor.py:840} INFO - DAG(s) 'tutorial_objectstorage' retrieved from /home/airflow/.local/lib/python3.12/site-packages/airflow/example_dags/tutorial_objectstorage.py
[2026-01-29T01:52:29.064+0000] {logging_mixin.py:188} INFO - [2026-01-29T01:52:29.064+0000] {dag.py:3089} INFO - Sync 1 DAGs
[2026-01-29T01:52:29.077+0000] {logging_mixin.py:188} INFO - [2026-01-29T01:52:29.077+0000] {dag.py:3947} INFO - Setting next_dagrun for tutorial_objectstorage to None, run_after=None
[2026-01-29T01:52:29.097+0000] {processor.py:183} INFO - Processing /home/airflow/.local/lib/python3.12/site-packages/airflow/example_dags/tutorial_objectstorage.py took 0.068 seconds
[2026-01-29T01:52:59.819+0000] {processor.py:161} INFO - Started process (PID=76031) to work on /home/airflow/.local/lib/python3.12/site-packages/airflow/example_dags/tutorial_objectstorage.py
[2026-01-29T01:52:59.819+0000] {processor.py:830} INFO - Processing file /home/airflow/.local/lib/python3.12/site-packages/airflow/example_dags/tutorial_objectstorage.py for tasks to queue
[2026-01-29T01:52:59.821+0000] {logging_mixin.py:188} INFO - [2026-01-29T01:52:59.821+0000] {dagbag.py:545} INFO - Filling up the DagBag from /home/airflow/.local/lib/python3.12/site-packages/airflow/example_dags/tutorial_objectstorage.py
[2026-01-29T01:52:59.829+0000] {processor.py:840} INFO - DAG(s) 'tutorial_objectstorage' retrieved from /home/airflow/.local/lib/python3.12/site-packages/airflow/example_dags/tutorial_objectstorage.py
[2026-01-29T01:52:59.849+0000] {logging_mixin.py:188} INFO - [2026-01-29T01:52:59.848+0000] {dag.py:3089} INFO - Sync 1 DAGs
[2026-01-29T01:52:59.861+0000] {logging_mixin.py:188} INFO - [2026-01-29T01:52:59.861+0000] {dag.py:3947} INFO - Setting next_dagrun for tutorial_objectstorage to None, run_after=None
[2026-01-29T01:52:59.881+0000] {processor.py:183} INFO - Processing /home/airflow/.local/lib/python3.12/site-packages/airflow/example_dags/tutorial_objectstorage.py took 0.070 seconds
[2026-01-29T01:53:30.224+0000] {processor.py:161} INFO - Started process (PID=76095) to work on /home/airflow/.local/lib/python3.12/site-packages/airflow/example_dags/tutorial_objectstorage.py
[2026-01-29T01:53:30.226+0000] {processor.py:830} INFO - Processing file /home/airflow/.local/lib/python3.12/site-packages/airflow/example_dags/tutorial_objectstorage.py for tasks to queue
[2026-01-29T01:53:30.227+0000] {logging_mixin.py:188} INFO - [2026-01-29T01:53:30.227+0000] {dagbag.py:545} INFO - Filling up the DagBag from /home/airflow/.local/lib/python3.12/site-packages/airflow/example_dags/tutorial_objectstorage.py
[2026-01-29T01:53:30.235+0000] {processor.py:840} INFO - DAG(s) 'tutorial_objectstorage' retrieved from /home/airflow/.local/lib/python3.12/site-packages/airflow/example_dags/tutorial_objectstorage.py
[2026-01-29T01:53:30.255+0000] {logging_mixin.py:188} INFO - [2026-01-29T01:53:30.254+0000] {dag.py:3089} INFO - Sync 1 DAGs
[2026-01-29T01:53:30.270+0000] {logging_mixin.py:188} INFO - [2026-01-29T01:53:30.270+0000] {dag.py:3947} INFO - Setting next_dagrun for tutorial_objectstorage to None, run_after=None
[2026-01-29T01:53:30.292+0000] {processor.py:183} INFO - Processing /home/airflow/.local/lib/python3.12/site-packages/airflow/example_dags/tutorial_objectstorage.py took 0.074 seconds
[2026-01-29T01:54:00.649+0000] {processor.py:161} INFO - Started process (PID=76159) to work on /home/airflow/.local/lib/python3.12/site-packages/airflow/example_dags/tutorial_objectstorage.py
[2026-01-29T01:54:00.649+0000] {processor.py:830} INFO - Processing file /home/airflow/.local/lib/python3.12/site-packages/airflow/example_dags/tutorial_objectstorage.py for tasks to queue
[2026-01-29T01:54:00.652+0000] {logging_mixin.py:188} INFO - [2026-01-29T01:54:00.651+0000] {dagbag.py:545} INFO - Filling up the DagBag from /home/airflow/.local/lib/python3.12/site-packages/airflow/example_dags/tutorial_objectstorage.py
[2026-01-29T01:54:00.660+0000] {processor.py:840} INFO - DAG(s) 'tutorial_objectstorage' retrieved from /home/airflow/.local/lib/python3.12/site-packages/airflow/example_dags/tutorial_objectstorage.py
[2026-01-29T01:54:00.680+0000] {logging_mixin.py:188} INFO - [2026-01-29T01:54:00.679+0000] {dag.py:3089} INFO - Sync 1 DAGs
[2026-01-29T01:54:00.698+0000] {logging_mixin.py:188} INFO - [2026-01-29T01:54:00.698+0000] {dag.py:3947} INFO - Setting next_dagrun for tutorial_objectstorage to None, run_after=None
[2026-01-29T01:54:00.727+0000] {processor.py:183} INFO - Processing /home/airflow/.local/lib/python3.12/site-packages/airflow/example_dags/tutorial_objectstorage.py took 0.087 seconds
[2026-01-29T01:54:31.180+0000] {processor.py:161} INFO - Started process (PID=76218) to work on /home/airflow/.local/lib/python3.12/site-packages/airflow/example_dags/tutorial_objectstorage.py
[2026-01-29T01:54:31.181+0000] {processor.py:830} INFO - Processing file /home/airflow/.local/lib/python3.12/site-packages/airflow/example_dags/tutorial_objectstorage.py for tasks to queue
[2026-01-29T01:54:31.183+0000] {logging_mixin.py:188} INFO - [2026-01-29T01:54:31.182+0000] {dagbag.py:545} INFO - Filling up the DagBag from /home/airflow/.local/lib/python3.12/site-packages/airflow/example_dags/tutorial_objectstorage.py
[2026-01-29T01:54:31.191+0000] {processor.py:840} INFO - DAG(s) 'tutorial_objectstorage' retrieved from /home/airflow/.local/lib/python3.12/site-packages/airflow/example_dags/tutorial_objectstorage.py
[2026-01-29T01:54:31.209+0000] {logging_mixin.py:188} INFO - [2026-01-29T01:54:31.209+0000] {dag.py:3089} INFO - Sync 1 DAGs
[2026-01-29T01:54:31.222+0000] {logging_mixin.py:188} INFO - [2026-01-29T01:54:31.222+0000] {dag.py:3947} INFO - Setting next_dagrun for tutorial_objectstorage to None, run_after=None
[2026-01-29T01:54:31.243+0000] {processor.py:183} INFO - Processing /home/airflow/.local/lib/python3.12/site-packages/airflow/example_dags/tutorial_objectstorage.py took 0.070 seconds
[2026-01-29T01:55:01.614+0000] {processor.py:161} INFO - Started process (PID=76282) to work on /home/airflow/.local/lib/python3.12/site-packages/airflow/example_dags/tutorial_objectstorage.py
[2026-01-29T01:55:01.615+0000] {processor.py:830} INFO - Processing file /home/airflow/.local/lib/python3.12/site-packages/airflow/example_dags/tutorial_objectstorage.py for tasks to queue
[2026-01-29T01:55:01.618+0000] {logging_mixin.py:188} INFO - [2026-01-29T01:55:01.618+0000] {dagbag.py:545} INFO - Filling up the DagBag from /home/airflow/.local/lib/python3.12/site-packages/airflow/example_dags/tutorial_objectstorage.py
[2026-01-29T01:55:01.629+0000] {processor.py:840} INFO - DAG(s) 'tutorial_objectstorage' retrieved from /home/airflow/.local/lib/python3.12/site-packages/airflow/example_dags/tutorial_objectstorage.py
[2026-01-29T01:55:01.656+0000] {logging_mixin.py:188} INFO - [2026-01-29T01:55:01.656+0000] {dag.py:3089} INFO - Sync 1 DAGs
[2026-01-29T01:55:01.678+0000] {logging_mixin.py:188} INFO - [2026-01-29T01:55:01.677+0000] {dag.py:3947} INFO - Setting next_dagrun for tutorial_objectstorage to None, run_after=None
[2026-01-29T01:55:01.706+0000] {processor.py:183} INFO - Processing /home/airflow/.local/lib/python3.12/site-packages/airflow/example_dags/tutorial_objectstorage.py took 0.101 seconds
[2026-01-29T01:55:31.924+0000] {processor.py:161} INFO - Started process (PID=76341) to work on /home/airflow/.local/lib/python3.12/site-packages/airflow/example_dags/tutorial_objectstorage.py
[2026-01-29T01:55:31.925+0000] {processor.py:830} INFO - Processing file /home/airflow/.local/lib/python3.12/site-packages/airflow/example_dags/tutorial_objectstorage.py for tasks to queue
[2026-01-29T01:55:31.927+0000] {logging_mixin.py:188} INFO - [2026-01-29T01:55:31.926+0000] {dagbag.py:545} INFO - Filling up the DagBag from /home/airflow/.local/lib/python3.12/site-packages/airflow/example_dags/tutorial_objectstorage.py
[2026-01-29T01:55:31.935+0000] {processor.py:840} INFO - DAG(s) 'tutorial_objectstorage' retrieved from /home/airflow/.local/lib/python3.12/site-packages/airflow/example_dags/tutorial_objectstorage.py
[2026-01-29T01:55:31.955+0000] {logging_mixin.py:188} INFO - [2026-01-29T01:55:31.955+0000] {dag.py:3089} INFO - Sync 1 DAGs
[2026-01-29T01:55:31.968+0000] {logging_mixin.py:188} INFO - [2026-01-29T01:55:31.968+0000] {dag.py:3947} INFO - Setting next_dagrun for tutorial_objectstorage to None, run_after=None
[2026-01-29T01:55:31.989+0000] {processor.py:183} INFO - Processing /home/airflow/.local/lib/python3.12/site-packages/airflow/example_dags/tutorial_objectstorage.py took 0.072 seconds
[2026-01-29T01:56:02.389+0000] {processor.py:161} INFO - Started process (PID=76405) to work on /home/airflow/.local/lib/python3.12/site-packages/airflow/example_dags/tutorial_objectstorage.py
[2026-01-29T01:56:02.391+0000] {processor.py:830} INFO - Processing file /home/airflow/.local/lib/python3.12/site-packages/airflow/example_dags/tutorial_objectstorage.py for tasks to queue
[2026-01-29T01:56:02.393+0000] {logging_mixin.py:188} INFO - [2026-01-29T01:56:02.393+0000] {dagbag.py:545} INFO - Filling up the DagBag from /home/airflow/.local/lib/python3.12/site-packages/airflow/example_dags/tutorial_objectstorage.py
[2026-01-29T01:56:02.402+0000] {processor.py:840} INFO - DAG(s) 'tutorial_objectstorage' retrieved from /home/airflow/.local/lib/python3.12/site-packages/airflow/example_dags/tutorial_objectstorage.py
[2026-01-29T01:56:02.426+0000] {logging_mixin.py:188} INFO - [2026-01-29T01:56:02.426+0000] {dag.py:3089} INFO - Sync 1 DAGs
[2026-01-29T01:56:02.443+0000] {logging_mixin.py:188} INFO - [2026-01-29T01:56:02.443+0000] {dag.py:3947} INFO - Setting next_dagrun for tutorial_objectstorage to None, run_after=None
[2026-01-29T01:56:02.471+0000] {processor.py:183} INFO - Processing /home/airflow/.local/lib/python3.12/site-packages/airflow/example_dags/tutorial_objectstorage.py took 0.088 seconds
[2026-01-29T01:56:32.797+0000] {processor.py:161} INFO - Started process (PID=76464) to work on /home/airflow/.local/lib/python3.12/site-packages/airflow/example_dags/tutorial_objectstorage.py
[2026-01-29T01:56:32.798+0000] {processor.py:830} INFO - Processing file /home/airflow/.local/lib/python3.12/site-packages/airflow/example_dags/tutorial_objectstorage.py for tasks to queue
[2026-01-29T01:56:32.799+0000] {logging_mixin.py:188} INFO - [2026-01-29T01:56:32.799+0000] {dagbag.py:545} INFO - Filling up the DagBag from /home/airflow/.local/lib/python3.12/site-packages/airflow/example_dags/tutorial_objectstorage.py
[2026-01-29T01:56:32.807+0000] {processor.py:840} INFO - DAG(s) 'tutorial_objectstorage' retrieved from /home/airflow/.local/lib/python3.12/site-packages/airflow/example_dags/tutorial_objectstorage.py
[2026-01-29T01:56:32.826+0000] {logging_mixin.py:188} INFO - [2026-01-29T01:56:32.826+0000] {dag.py:3089} INFO - Sync 1 DAGs
[2026-01-29T01:56:32.840+0000] {logging_mixin.py:188} INFO - [2026-01-29T01:56:32.840+0000] {dag.py:3947} INFO - Setting next_dagrun for tutorial_objectstorage to None, run_after=None
[2026-01-29T01:56:32.861+0000] {processor.py:183} INFO - Processing /home/airflow/.local/lib/python3.12/site-packages/airflow/example_dags/tutorial_objectstorage.py took 0.071 seconds
[2026-01-29T01:57:03.215+0000] {processor.py:161} INFO - Started process (PID=76528) to work on /home/airflow/.local/lib/python3.12/site-packages/airflow/example_dags/tutorial_objectstorage.py
[2026-01-29T01:57:03.216+0000] {processor.py:830} INFO - Processing file /home/airflow/.local/lib/python3.12/site-packages/airflow/example_dags/tutorial_objectstorage.py for tasks to queue
[2026-01-29T01:57:03.218+0000] {logging_mixin.py:188} INFO - [2026-01-29T01:57:03.218+0000] {dagbag.py:545} INFO - Filling up the DagBag from /home/airflow/.local/lib/python3.12/site-packages/airflow/example_dags/tutorial_objectstorage.py
[2026-01-29T01:57:03.226+0000] {processor.py:840} INFO - DAG(s) 'tutorial_objectstorage' retrieved from /home/airflow/.local/lib/python3.12/site-packages/airflow/example_dags/tutorial_objectstorage.py
[2026-01-29T01:57:03.248+0000] {logging_mixin.py:188} INFO - [2026-01-29T01:57:03.248+0000] {dag.py:3089} INFO - Sync 1 DAGs
[2026-01-29T01:57:03.264+0000] {logging_mixin.py:188} INFO - [2026-01-29T01:57:03.263+0000] {dag.py:3947} INFO - Setting next_dagrun for tutorial_objectstorage to None, run_after=None
[2026-01-29T01:57:03.283+0000] {processor.py:183} INFO - Processing /home/airflow/.local/lib/python3.12/site-packages/airflow/example_dags/tutorial_objectstorage.py took 0.075 seconds
[2026-01-29T01:57:33.530+0000] {processor.py:161} INFO - Started process (PID=76587) to work on /home/airflow/.local/lib/python3.12/site-packages/airflow/example_dags/tutorial_objectstorage.py
[2026-01-29T01:57:33.532+0000] {processor.py:830} INFO - Processing file /home/airflow/.local/lib/python3.12/site-packages/airflow/example_dags/tutorial_objectstorage.py for tasks to queue
[2026-01-29T01:57:33.534+0000] {logging_mixin.py:188} INFO - [2026-01-29T01:57:33.533+0000] {dagbag.py:545} INFO - Filling up the DagBag from /home/airflow/.local/lib/python3.12/site-packages/airflow/example_dags/tutorial_objectstorage.py
[2026-01-29T01:57:33.542+0000] {processor.py:840} INFO - DAG(s) 'tutorial_objectstorage' retrieved from /home/airflow/.local/lib/python3.12/site-packages/airflow/example_dags/tutorial_objectstorage.py
[2026-01-29T01:57:33.565+0000] {logging_mixin.py:188} INFO - [2026-01-29T01:57:33.564+0000] {dag.py:3089} INFO - Sync 1 DAGs
[2026-01-29T01:57:33.580+0000] {logging_mixin.py:188} INFO - [2026-01-29T01:57:33.579+0000] {dag.py:3947} INFO - Setting next_dagrun for tutorial_objectstorage to None, run_after=None
[2026-01-29T01:57:33.603+0000] {processor.py:183} INFO - Processing /home/airflow/.local/lib/python3.12/site-packages/airflow/example_dags/tutorial_objectstorage.py took 0.080 seconds
[2026-01-29T01:58:03.907+0000] {processor.py:161} INFO - Started process (PID=76651) to work on /home/airflow/.local/lib/python3.12/site-packages/airflow/example_dags/tutorial_objectstorage.py
[2026-01-29T01:58:03.908+0000] {processor.py:830} INFO - Processing file /home/airflow/.local/lib/python3.12/site-packages/airflow/example_dags/tutorial_objectstorage.py for tasks to queue
[2026-01-29T01:58:03.910+0000] {logging_mixin.py:188} INFO - [2026-01-29T01:58:03.909+0000] {dagbag.py:545} INFO - Filling up the DagBag from /home/airflow/.local/lib/python3.12/site-packages/airflow/example_dags/tutorial_objectstorage.py
[2026-01-29T01:58:03.917+0000] {processor.py:840} INFO - DAG(s) 'tutorial_objectstorage' retrieved from /home/airflow/.local/lib/python3.12/site-packages/airflow/example_dags/tutorial_objectstorage.py
[2026-01-29T01:58:03.937+0000] {logging_mixin.py:188} INFO - [2026-01-29T01:58:03.937+0000] {dag.py:3089} INFO - Sync 1 DAGs
[2026-01-29T01:58:03.952+0000] {logging_mixin.py:188} INFO - [2026-01-29T01:58:03.952+0000] {dag.py:3947} INFO - Setting next_dagrun for tutorial_objectstorage to None, run_after=None
[2026-01-29T01:58:03.975+0000] {processor.py:183} INFO - Processing /home/airflow/.local/lib/python3.12/site-packages/airflow/example_dags/tutorial_objectstorage.py took 0.073 seconds
[2026-01-29T01:58:34.362+0000] {processor.py:161} INFO - Started process (PID=76710) to work on /home/airflow/.local/lib/python3.12/site-packages/airflow/example_dags/tutorial_objectstorage.py
[2026-01-29T01:58:34.364+0000] {processor.py:830} INFO - Processing file /home/airflow/.local/lib/python3.12/site-packages/airflow/example_dags/tutorial_objectstorage.py for tasks to queue
[2026-01-29T01:58:34.365+0000] {logging_mixin.py:188} INFO - [2026-01-29T01:58:34.365+0000] {dagbag.py:545} INFO - Filling up the DagBag from /home/airflow/.local/lib/python3.12/site-packages/airflow/example_dags/tutorial_objectstorage.py
[2026-01-29T01:58:34.374+0000] {processor.py:840} INFO - DAG(s) 'tutorial_objectstorage' retrieved from /home/airflow/.local/lib/python3.12/site-packages/airflow/example_dags/tutorial_objectstorage.py
[2026-01-29T01:58:34.396+0000] {logging_mixin.py:188} INFO - [2026-01-29T01:58:34.395+0000] {dag.py:3089} INFO - Sync 1 DAGs
[2026-01-29T01:58:34.410+0000] {logging_mixin.py:188} INFO - [2026-01-29T01:58:34.410+0000] {dag.py:3947} INFO - Setting next_dagrun for tutorial_objectstorage to None, run_after=None
[2026-01-29T01:58:34.431+0000] {processor.py:183} INFO - Processing /home/airflow/.local/lib/python3.12/site-packages/airflow/example_dags/tutorial_objectstorage.py took 0.076 seconds
[2026-01-29T01:59:04.786+0000] {processor.py:161} INFO - Started process (PID=76774) to work on /home/airflow/.local/lib/python3.12/site-packages/airflow/example_dags/tutorial_objectstorage.py
[2026-01-29T01:59:04.787+0000] {processor.py:830} INFO - Processing file /home/airflow/.local/lib/python3.12/site-packages/airflow/example_dags/tutorial_objectstorage.py for tasks to queue
[2026-01-29T01:59:04.789+0000] {logging_mixin.py:188} INFO - [2026-01-29T01:59:04.789+0000] {dagbag.py:545} INFO - Filling up the DagBag from /home/airflow/.local/lib/python3.12/site-packages/airflow/example_dags/tutorial_objectstorage.py
[2026-01-29T01:59:04.797+0000] {processor.py:840} INFO - DAG(s) 'tutorial_objectstorage' retrieved from /home/airflow/.local/lib/python3.12/site-packages/airflow/example_dags/tutorial_objectstorage.py
[2026-01-29T01:59:04.816+0000] {logging_mixin.py:188} INFO - [2026-01-29T01:59:04.816+0000] {dag.py:3089} INFO - Sync 1 DAGs
[2026-01-29T01:59:04.829+0000] {logging_mixin.py:188} INFO - [2026-01-29T01:59:04.829+0000] {dag.py:3947} INFO - Setting next_dagrun for tutorial_objectstorage to None, run_after=None
[2026-01-29T01:59:04.849+0000] {processor.py:183} INFO - Processing /home/airflow/.local/lib/python3.12/site-packages/airflow/example_dags/tutorial_objectstorage.py took 0.071 seconds
[2026-01-29T01:59:35.234+0000] {processor.py:161} INFO - Started process (PID=76833) to work on /home/airflow/.local/lib/python3.12/site-packages/airflow/example_dags/tutorial_objectstorage.py
[2026-01-29T01:59:35.235+0000] {processor.py:830} INFO - Processing file /home/airflow/.local/lib/python3.12/site-packages/airflow/example_dags/tutorial_objectstorage.py for tasks to queue
[2026-01-29T01:59:35.237+0000] {logging_mixin.py:188} INFO - [2026-01-29T01:59:35.237+0000] {dagbag.py:545} INFO - Filling up the DagBag from /home/airflow/.local/lib/python3.12/site-packages/airflow/example_dags/tutorial_objectstorage.py
[2026-01-29T01:59:35.246+0000] {processor.py:840} INFO - DAG(s) 'tutorial_objectstorage' retrieved from /home/airflow/.local/lib/python3.12/site-packages/airflow/example_dags/tutorial_objectstorage.py
[2026-01-29T01:59:35.267+0000] {logging_mixin.py:188} INFO - [2026-01-29T01:59:35.267+0000] {dag.py:3089} INFO - Sync 1 DAGs
[2026-01-29T01:59:35.282+0000] {logging_mixin.py:188} INFO - [2026-01-29T01:59:35.282+0000] {dag.py:3947} INFO - Setting next_dagrun for tutorial_objectstorage to None, run_after=None
[2026-01-29T01:59:35.303+0000] {processor.py:183} INFO - Processing /home/airflow/.local/lib/python3.12/site-packages/airflow/example_dags/tutorial_objectstorage.py took 0.076 seconds
[2026-01-29T02:00:05.546+0000] {processor.py:161} INFO - Started process (PID=76897) to work on /home/airflow/.local/lib/python3.12/site-packages/airflow/example_dags/tutorial_objectstorage.py
[2026-01-29T02:00:05.547+0000] {processor.py:830} INFO - Processing file /home/airflow/.local/lib/python3.12/site-packages/airflow/example_dags/tutorial_objectstorage.py for tasks to queue
[2026-01-29T02:00:05.549+0000] {logging_mixin.py:188} INFO - [2026-01-29T02:00:05.549+0000] {dagbag.py:545} INFO - Filling up the DagBag from /home/airflow/.local/lib/python3.12/site-packages/airflow/example_dags/tutorial_objectstorage.py
[2026-01-29T02:00:05.557+0000] {processor.py:840} INFO - DAG(s) 'tutorial_objectstorage' retrieved from /home/airflow/.local/lib/python3.12/site-packages/airflow/example_dags/tutorial_objectstorage.py
[2026-01-29T02:00:05.580+0000] {logging_mixin.py:188} INFO - [2026-01-29T02:00:05.579+0000] {dag.py:3089} INFO - Sync 1 DAGs
[2026-01-29T02:00:05.596+0000] {logging_mixin.py:188} INFO - [2026-01-29T02:00:05.596+0000] {dag.py:3947} INFO - Setting next_dagrun for tutorial_objectstorage to None, run_after=None
[2026-01-29T02:00:05.617+0000] {processor.py:183} INFO - Processing /home/airflow/.local/lib/python3.12/site-packages/airflow/example_dags/tutorial_objectstorage.py took 0.078 seconds
[2026-01-29T02:00:35.841+0000] {processor.py:161} INFO - Started process (PID=76962) to work on /home/airflow/.local/lib/python3.12/site-packages/airflow/example_dags/tutorial_objectstorage.py
[2026-01-29T02:00:35.842+0000] {processor.py:830} INFO - Processing file /home/airflow/.local/lib/python3.12/site-packages/airflow/example_dags/tutorial_objectstorage.py for tasks to queue
[2026-01-29T02:00:35.844+0000] {logging_mixin.py:188} INFO - [2026-01-29T02:00:35.843+0000] {dagbag.py:545} INFO - Filling up the DagBag from /home/airflow/.local/lib/python3.12/site-packages/airflow/example_dags/tutorial_objectstorage.py
[2026-01-29T02:00:35.853+0000] {processor.py:840} INFO - DAG(s) 'tutorial_objectstorage' retrieved from /home/airflow/.local/lib/python3.12/site-packages/airflow/example_dags/tutorial_objectstorage.py
[2026-01-29T02:00:35.873+0000] {logging_mixin.py:188} INFO - [2026-01-29T02:00:35.873+0000] {dag.py:3089} INFO - Sync 1 DAGs
[2026-01-29T02:00:35.887+0000] {logging_mixin.py:188} INFO - [2026-01-29T02:00:35.886+0000] {dag.py:3947} INFO - Setting next_dagrun for tutorial_objectstorage to None, run_after=None
[2026-01-29T02:00:35.907+0000] {processor.py:183} INFO - Processing /home/airflow/.local/lib/python3.12/site-packages/airflow/example_dags/tutorial_objectstorage.py took 0.072 seconds
[2026-01-29T02:01:06.014+0000] {processor.py:161} INFO - Started process (PID=77026) to work on /home/airflow/.local/lib/python3.12/site-packages/airflow/example_dags/tutorial_objectstorage.py
[2026-01-29T02:01:06.015+0000] {processor.py:830} INFO - Processing file /home/airflow/.local/lib/python3.12/site-packages/airflow/example_dags/tutorial_objectstorage.py for tasks to queue
[2026-01-29T02:01:06.017+0000] {logging_mixin.py:188} INFO - [2026-01-29T02:01:06.017+0000] {dagbag.py:545} INFO - Filling up the DagBag from /home/airflow/.local/lib/python3.12/site-packages/airflow/example_dags/tutorial_objectstorage.py
[2026-01-29T02:01:06.026+0000] {processor.py:840} INFO - DAG(s) 'tutorial_objectstorage' retrieved from /home/airflow/.local/lib/python3.12/site-packages/airflow/example_dags/tutorial_objectstorage.py
[2026-01-29T02:01:06.049+0000] {logging_mixin.py:188} INFO - [2026-01-29T02:01:06.049+0000] {dag.py:3089} INFO - Sync 1 DAGs
[2026-01-29T02:01:06.067+0000] {logging_mixin.py:188} INFO - [2026-01-29T02:01:06.067+0000] {dag.py:3947} INFO - Setting next_dagrun for tutorial_objectstorage to None, run_after=None
[2026-01-29T02:01:06.089+0000] {processor.py:183} INFO - Processing /home/airflow/.local/lib/python3.12/site-packages/airflow/example_dags/tutorial_objectstorage.py took 0.082 seconds
[2026-01-29T02:01:36.346+0000] {processor.py:161} INFO - Started process (PID=77085) to work on /home/airflow/.local/lib/python3.12/site-packages/airflow/example_dags/tutorial_objectstorage.py
[2026-01-29T02:01:36.347+0000] {processor.py:830} INFO - Processing file /home/airflow/.local/lib/python3.12/site-packages/airflow/example_dags/tutorial_objectstorage.py for tasks to queue
[2026-01-29T02:01:36.349+0000] {logging_mixin.py:188} INFO - [2026-01-29T02:01:36.349+0000] {dagbag.py:545} INFO - Filling up the DagBag from /home/airflow/.local/lib/python3.12/site-packages/airflow/example_dags/tutorial_objectstorage.py
[2026-01-29T02:01:36.358+0000] {processor.py:840} INFO - DAG(s) 'tutorial_objectstorage' retrieved from /home/airflow/.local/lib/python3.12/site-packages/airflow/example_dags/tutorial_objectstorage.py
[2026-01-29T02:01:36.378+0000] {logging_mixin.py:188} INFO - [2026-01-29T02:01:36.378+0000] {dag.py:3089} INFO - Sync 1 DAGs
[2026-01-29T02:01:36.391+0000] {logging_mixin.py:188} INFO - [2026-01-29T02:01:36.391+0000] {dag.py:3947} INFO - Setting next_dagrun for tutorial_objectstorage to None, run_after=None
[2026-01-29T02:01:36.411+0000] {processor.py:183} INFO - Processing /home/airflow/.local/lib/python3.12/site-packages/airflow/example_dags/tutorial_objectstorage.py took 0.072 seconds
[2026-01-29T02:02:06.678+0000] {processor.py:161} INFO - Started process (PID=77149) to work on /home/airflow/.local/lib/python3.12/site-packages/airflow/example_dags/tutorial_objectstorage.py
[2026-01-29T02:02:06.679+0000] {processor.py:830} INFO - Processing file /home/airflow/.local/lib/python3.12/site-packages/airflow/example_dags/tutorial_objectstorage.py for tasks to queue
[2026-01-29T02:02:06.681+0000] {logging_mixin.py:188} INFO - [2026-01-29T02:02:06.680+0000] {dagbag.py:545} INFO - Filling up the DagBag from /home/airflow/.local/lib/python3.12/site-packages/airflow/example_dags/tutorial_objectstorage.py
[2026-01-29T02:02:06.689+0000] {processor.py:840} INFO - DAG(s) 'tutorial_objectstorage' retrieved from /home/airflow/.local/lib/python3.12/site-packages/airflow/example_dags/tutorial_objectstorage.py
[2026-01-29T02:02:06.710+0000] {logging_mixin.py:188} INFO - [2026-01-29T02:02:06.709+0000] {dag.py:3089} INFO - Sync 1 DAGs
[2026-01-29T02:02:06.724+0000] {logging_mixin.py:188} INFO - [2026-01-29T02:02:06.723+0000] {dag.py:3947} INFO - Setting next_dagrun for tutorial_objectstorage to None, run_after=None
[2026-01-29T02:02:06.744+0000] {processor.py:183} INFO - Processing /home/airflow/.local/lib/python3.12/site-packages/airflow/example_dags/tutorial_objectstorage.py took 0.074 seconds
[2026-01-29T02:02:36.855+0000] {processor.py:161} INFO - Started process (PID=77208) to work on /home/airflow/.local/lib/python3.12/site-packages/airflow/example_dags/tutorial_objectstorage.py
[2026-01-29T02:02:36.856+0000] {processor.py:830} INFO - Processing file /home/airflow/.local/lib/python3.12/site-packages/airflow/example_dags/tutorial_objectstorage.py for tasks to queue
[2026-01-29T02:02:36.858+0000] {logging_mixin.py:188} INFO - [2026-01-29T02:02:36.857+0000] {dagbag.py:545} INFO - Filling up the DagBag from /home/airflow/.local/lib/python3.12/site-packages/airflow/example_dags/tutorial_objectstorage.py
[2026-01-29T02:02:36.865+0000] {processor.py:840} INFO - DAG(s) 'tutorial_objectstorage' retrieved from /home/airflow/.local/lib/python3.12/site-packages/airflow/example_dags/tutorial_objectstorage.py
[2026-01-29T02:02:36.886+0000] {logging_mixin.py:188} INFO - [2026-01-29T02:02:36.886+0000] {dag.py:3089} INFO - Sync 1 DAGs
[2026-01-29T02:02:36.901+0000] {logging_mixin.py:188} INFO - [2026-01-29T02:02:36.901+0000] {dag.py:3947} INFO - Setting next_dagrun for tutorial_objectstorage to None, run_after=None
[2026-01-29T02:02:36.922+0000] {processor.py:183} INFO - Processing /home/airflow/.local/lib/python3.12/site-packages/airflow/example_dags/tutorial_objectstorage.py took 0.073 seconds
[2026-01-29T02:03:07.259+0000] {processor.py:161} INFO - Started process (PID=77272) to work on /home/airflow/.local/lib/python3.12/site-packages/airflow/example_dags/tutorial_objectstorage.py
[2026-01-29T02:03:07.260+0000] {processor.py:830} INFO - Processing file /home/airflow/.local/lib/python3.12/site-packages/airflow/example_dags/tutorial_objectstorage.py for tasks to queue
[2026-01-29T02:03:07.262+0000] {logging_mixin.py:188} INFO - [2026-01-29T02:03:07.261+0000] {dagbag.py:545} INFO - Filling up the DagBag from /home/airflow/.local/lib/python3.12/site-packages/airflow/example_dags/tutorial_objectstorage.py
[2026-01-29T02:03:07.269+0000] {processor.py:840} INFO - DAG(s) 'tutorial_objectstorage' retrieved from /home/airflow/.local/lib/python3.12/site-packages/airflow/example_dags/tutorial_objectstorage.py
[2026-01-29T02:03:07.288+0000] {logging_mixin.py:188} INFO - [2026-01-29T02:03:07.287+0000] {dag.py:3089} INFO - Sync 1 DAGs
[2026-01-29T02:03:07.301+0000] {logging_mixin.py:188} INFO - [2026-01-29T02:03:07.301+0000] {dag.py:3947} INFO - Setting next_dagrun for tutorial_objectstorage to None, run_after=None
[2026-01-29T02:03:07.322+0000] {processor.py:183} INFO - Processing /home/airflow/.local/lib/python3.12/site-packages/airflow/example_dags/tutorial_objectstorage.py took 0.069 seconds
[2026-01-29T02:03:37.870+0000] {processor.py:161} INFO - Started process (PID=77331) to work on /home/airflow/.local/lib/python3.12/site-packages/airflow/example_dags/tutorial_objectstorage.py
[2026-01-29T02:03:37.872+0000] {processor.py:830} INFO - Processing file /home/airflow/.local/lib/python3.12/site-packages/airflow/example_dags/tutorial_objectstorage.py for tasks to queue
[2026-01-29T02:03:37.874+0000] {logging_mixin.py:188} INFO - [2026-01-29T02:03:37.873+0000] {dagbag.py:545} INFO - Filling up the DagBag from /home/airflow/.local/lib/python3.12/site-packages/airflow/example_dags/tutorial_objectstorage.py
[2026-01-29T02:03:37.882+0000] {processor.py:840} INFO - DAG(s) 'tutorial_objectstorage' retrieved from /home/airflow/.local/lib/python3.12/site-packages/airflow/example_dags/tutorial_objectstorage.py
[2026-01-29T02:03:37.902+0000] {logging_mixin.py:188} INFO - [2026-01-29T02:03:37.902+0000] {dag.py:3089} INFO - Sync 1 DAGs
[2026-01-29T02:03:37.916+0000] {logging_mixin.py:188} INFO - [2026-01-29T02:03:37.916+0000] {dag.py:3947} INFO - Setting next_dagrun for tutorial_objectstorage to None, run_after=None
[2026-01-29T02:03:37.936+0000] {processor.py:183} INFO - Processing /home/airflow/.local/lib/python3.12/site-packages/airflow/example_dags/tutorial_objectstorage.py took 0.073 seconds
[2026-01-29T02:04:08.546+0000] {processor.py:161} INFO - Started process (PID=77395) to work on /home/airflow/.local/lib/python3.12/site-packages/airflow/example_dags/tutorial_objectstorage.py
[2026-01-29T02:04:08.547+0000] {processor.py:830} INFO - Processing file /home/airflow/.local/lib/python3.12/site-packages/airflow/example_dags/tutorial_objectstorage.py for tasks to queue
[2026-01-29T02:04:08.549+0000] {logging_mixin.py:188} INFO - [2026-01-29T02:04:08.548+0000] {dagbag.py:545} INFO - Filling up the DagBag from /home/airflow/.local/lib/python3.12/site-packages/airflow/example_dags/tutorial_objectstorage.py
[2026-01-29T02:04:08.558+0000] {processor.py:840} INFO - DAG(s) 'tutorial_objectstorage' retrieved from /home/airflow/.local/lib/python3.12/site-packages/airflow/example_dags/tutorial_objectstorage.py
[2026-01-29T02:04:08.579+0000] {logging_mixin.py:188} INFO - [2026-01-29T02:04:08.579+0000] {dag.py:3089} INFO - Sync 1 DAGs
[2026-01-29T02:04:08.594+0000] {logging_mixin.py:188} INFO - [2026-01-29T02:04:08.594+0000] {dag.py:3947} INFO - Setting next_dagrun for tutorial_objectstorage to None, run_after=None
[2026-01-29T02:04:08.615+0000] {processor.py:183} INFO - Processing /home/airflow/.local/lib/python3.12/site-packages/airflow/example_dags/tutorial_objectstorage.py took 0.077 seconds
[2026-01-29T02:04:38.734+0000] {processor.py:161} INFO - Started process (PID=77454) to work on /home/airflow/.local/lib/python3.12/site-packages/airflow/example_dags/tutorial_objectstorage.py
[2026-01-29T02:04:38.735+0000] {processor.py:830} INFO - Processing file /home/airflow/.local/lib/python3.12/site-packages/airflow/example_dags/tutorial_objectstorage.py for tasks to queue
[2026-01-29T02:04:38.737+0000] {logging_mixin.py:188} INFO - [2026-01-29T02:04:38.737+0000] {dagbag.py:545} INFO - Filling up the DagBag from /home/airflow/.local/lib/python3.12/site-packages/airflow/example_dags/tutorial_objectstorage.py
[2026-01-29T02:04:38.745+0000] {processor.py:840} INFO - DAG(s) 'tutorial_objectstorage' retrieved from /home/airflow/.local/lib/python3.12/site-packages/airflow/example_dags/tutorial_objectstorage.py
[2026-01-29T02:04:38.765+0000] {logging_mixin.py:188} INFO - [2026-01-29T02:04:38.765+0000] {dag.py:3089} INFO - Sync 1 DAGs
[2026-01-29T02:04:38.779+0000] {logging_mixin.py:188} INFO - [2026-01-29T02:04:38.779+0000] {dag.py:3947} INFO - Setting next_dagrun for tutorial_objectstorage to None, run_after=None
[2026-01-29T02:04:38.801+0000] {processor.py:183} INFO - Processing /home/airflow/.local/lib/python3.12/site-packages/airflow/example_dags/tutorial_objectstorage.py took 0.073 seconds
[2026-01-29T02:05:09.152+0000] {processor.py:161} INFO - Started process (PID=77518) to work on /home/airflow/.local/lib/python3.12/site-packages/airflow/example_dags/tutorial_objectstorage.py
[2026-01-29T02:05:09.153+0000] {processor.py:830} INFO - Processing file /home/airflow/.local/lib/python3.12/site-packages/airflow/example_dags/tutorial_objectstorage.py for tasks to queue
[2026-01-29T02:05:09.155+0000] {logging_mixin.py:188} INFO - [2026-01-29T02:05:09.155+0000] {dagbag.py:545} INFO - Filling up the DagBag from /home/airflow/.local/lib/python3.12/site-packages/airflow/example_dags/tutorial_objectstorage.py
[2026-01-29T02:05:09.164+0000] {processor.py:840} INFO - DAG(s) 'tutorial_objectstorage' retrieved from /home/airflow/.local/lib/python3.12/site-packages/airflow/example_dags/tutorial_objectstorage.py
[2026-01-29T02:05:09.182+0000] {logging_mixin.py:188} INFO - [2026-01-29T02:05:09.182+0000] {dag.py:3089} INFO - Sync 1 DAGs
[2026-01-29T02:05:09.195+0000] {logging_mixin.py:188} INFO - [2026-01-29T02:05:09.195+0000] {dag.py:3947} INFO - Setting next_dagrun for tutorial_objectstorage to None, run_after=None
[2026-01-29T02:05:09.214+0000] {processor.py:183} INFO - Processing /home/airflow/.local/lib/python3.12/site-packages/airflow/example_dags/tutorial_objectstorage.py took 0.070 seconds
[2026-01-29T02:05:39.416+0000] {processor.py:161} INFO - Started process (PID=77577) to work on /home/airflow/.local/lib/python3.12/site-packages/airflow/example_dags/tutorial_objectstorage.py
[2026-01-29T02:05:39.417+0000] {processor.py:830} INFO - Processing file /home/airflow/.local/lib/python3.12/site-packages/airflow/example_dags/tutorial_objectstorage.py for tasks to queue
[2026-01-29T02:05:39.419+0000] {logging_mixin.py:188} INFO - [2026-01-29T02:05:39.419+0000] {dagbag.py:545} INFO - Filling up the DagBag from /home/airflow/.local/lib/python3.12/site-packages/airflow/example_dags/tutorial_objectstorage.py
[2026-01-29T02:05:39.427+0000] {processor.py:840} INFO - DAG(s) 'tutorial_objectstorage' retrieved from /home/airflow/.local/lib/python3.12/site-packages/airflow/example_dags/tutorial_objectstorage.py
[2026-01-29T02:05:39.447+0000] {logging_mixin.py:188} INFO - [2026-01-29T02:05:39.447+0000] {dag.py:3089} INFO - Sync 1 DAGs
[2026-01-29T02:05:39.462+0000] {logging_mixin.py:188} INFO - [2026-01-29T02:05:39.462+0000] {dag.py:3947} INFO - Setting next_dagrun for tutorial_objectstorage to None, run_after=None
[2026-01-29T02:05:39.483+0000] {processor.py:183} INFO - Processing /home/airflow/.local/lib/python3.12/site-packages/airflow/example_dags/tutorial_objectstorage.py took 0.074 seconds
[2026-01-29T02:06:09.811+0000] {processor.py:161} INFO - Started process (PID=77641) to work on /home/airflow/.local/lib/python3.12/site-packages/airflow/example_dags/tutorial_objectstorage.py
[2026-01-29T02:06:09.812+0000] {processor.py:830} INFO - Processing file /home/airflow/.local/lib/python3.12/site-packages/airflow/example_dags/tutorial_objectstorage.py for tasks to queue
[2026-01-29T02:06:09.814+0000] {logging_mixin.py:188} INFO - [2026-01-29T02:06:09.814+0000] {dagbag.py:545} INFO - Filling up the DagBag from /home/airflow/.local/lib/python3.12/site-packages/airflow/example_dags/tutorial_objectstorage.py
[2026-01-29T02:06:09.823+0000] {processor.py:840} INFO - DAG(s) 'tutorial_objectstorage' retrieved from /home/airflow/.local/lib/python3.12/site-packages/airflow/example_dags/tutorial_objectstorage.py
[2026-01-29T02:06:09.844+0000] {logging_mixin.py:188} INFO - [2026-01-29T02:06:09.844+0000] {dag.py:3089} INFO - Sync 1 DAGs
[2026-01-29T02:06:09.858+0000] {logging_mixin.py:188} INFO - [2026-01-29T02:06:09.858+0000] {dag.py:3947} INFO - Setting next_dagrun for tutorial_objectstorage to None, run_after=None
[2026-01-29T02:06:09.880+0000] {processor.py:183} INFO - Processing /home/airflow/.local/lib/python3.12/site-packages/airflow/example_dags/tutorial_objectstorage.py took 0.076 seconds
[2026-01-29T02:06:40.362+0000] {processor.py:161} INFO - Started process (PID=77700) to work on /home/airflow/.local/lib/python3.12/site-packages/airflow/example_dags/tutorial_objectstorage.py
[2026-01-29T02:06:40.363+0000] {processor.py:830} INFO - Processing file /home/airflow/.local/lib/python3.12/site-packages/airflow/example_dags/tutorial_objectstorage.py for tasks to queue
[2026-01-29T02:06:40.365+0000] {logging_mixin.py:188} INFO - [2026-01-29T02:06:40.364+0000] {dagbag.py:545} INFO - Filling up the DagBag from /home/airflow/.local/lib/python3.12/site-packages/airflow/example_dags/tutorial_objectstorage.py
[2026-01-29T02:06:40.372+0000] {processor.py:840} INFO - DAG(s) 'tutorial_objectstorage' retrieved from /home/airflow/.local/lib/python3.12/site-packages/airflow/example_dags/tutorial_objectstorage.py
[2026-01-29T02:06:40.393+0000] {logging_mixin.py:188} INFO - [2026-01-29T02:06:40.392+0000] {dag.py:3089} INFO - Sync 1 DAGs
[2026-01-29T02:06:40.407+0000] {logging_mixin.py:188} INFO - [2026-01-29T02:06:40.407+0000] {dag.py:3947} INFO - Setting next_dagrun for tutorial_objectstorage to None, run_after=None
[2026-01-29T02:06:40.427+0000] {processor.py:183} INFO - Processing /home/airflow/.local/lib/python3.12/site-packages/airflow/example_dags/tutorial_objectstorage.py took 0.072 seconds
[2026-01-29T02:07:10.735+0000] {processor.py:161} INFO - Started process (PID=77764) to work on /home/airflow/.local/lib/python3.12/site-packages/airflow/example_dags/tutorial_objectstorage.py
[2026-01-29T02:07:10.736+0000] {processor.py:830} INFO - Processing file /home/airflow/.local/lib/python3.12/site-packages/airflow/example_dags/tutorial_objectstorage.py for tasks to queue
[2026-01-29T02:07:10.738+0000] {logging_mixin.py:188} INFO - [2026-01-29T02:07:10.737+0000] {dagbag.py:545} INFO - Filling up the DagBag from /home/airflow/.local/lib/python3.12/site-packages/airflow/example_dags/tutorial_objectstorage.py
[2026-01-29T02:07:10.745+0000] {processor.py:840} INFO - DAG(s) 'tutorial_objectstorage' retrieved from /home/airflow/.local/lib/python3.12/site-packages/airflow/example_dags/tutorial_objectstorage.py
[2026-01-29T02:07:10.764+0000] {logging_mixin.py:188} INFO - [2026-01-29T02:07:10.763+0000] {dag.py:3089} INFO - Sync 1 DAGs
[2026-01-29T02:07:10.782+0000] {logging_mixin.py:188} INFO - [2026-01-29T02:07:10.781+0000] {dag.py:3947} INFO - Setting next_dagrun for tutorial_objectstorage to None, run_after=None
[2026-01-29T02:07:10.805+0000] {processor.py:183} INFO - Processing /home/airflow/.local/lib/python3.12/site-packages/airflow/example_dags/tutorial_objectstorage.py took 0.076 seconds
[2026-01-29T02:07:41.206+0000] {processor.py:161} INFO - Started process (PID=77823) to work on /home/airflow/.local/lib/python3.12/site-packages/airflow/example_dags/tutorial_objectstorage.py
[2026-01-29T02:07:41.207+0000] {processor.py:830} INFO - Processing file /home/airflow/.local/lib/python3.12/site-packages/airflow/example_dags/tutorial_objectstorage.py for tasks to queue
[2026-01-29T02:07:41.209+0000] {logging_mixin.py:188} INFO - [2026-01-29T02:07:41.208+0000] {dagbag.py:545} INFO - Filling up the DagBag from /home/airflow/.local/lib/python3.12/site-packages/airflow/example_dags/tutorial_objectstorage.py
[2026-01-29T02:07:41.217+0000] {processor.py:840} INFO - DAG(s) 'tutorial_objectstorage' retrieved from /home/airflow/.local/lib/python3.12/site-packages/airflow/example_dags/tutorial_objectstorage.py
[2026-01-29T02:07:41.240+0000] {logging_mixin.py:188} INFO - [2026-01-29T02:07:41.239+0000] {dag.py:3089} INFO - Sync 1 DAGs
[2026-01-29T02:07:41.255+0000] {logging_mixin.py:188} INFO - [2026-01-29T02:07:41.254+0000] {dag.py:3947} INFO - Setting next_dagrun for tutorial_objectstorage to None, run_after=None
[2026-01-29T02:07:41.276+0000] {processor.py:183} INFO - Processing /home/airflow/.local/lib/python3.12/site-packages/airflow/example_dags/tutorial_objectstorage.py took 0.077 seconds
[2026-01-29T02:08:11.403+0000] {processor.py:161} INFO - Started process (PID=77887) to work on /home/airflow/.local/lib/python3.12/site-packages/airflow/example_dags/tutorial_objectstorage.py
[2026-01-29T02:08:11.404+0000] {processor.py:830} INFO - Processing file /home/airflow/.local/lib/python3.12/site-packages/airflow/example_dags/tutorial_objectstorage.py for tasks to queue
[2026-01-29T02:08:11.406+0000] {logging_mixin.py:188} INFO - [2026-01-29T02:08:11.406+0000] {dagbag.py:545} INFO - Filling up the DagBag from /home/airflow/.local/lib/python3.12/site-packages/airflow/example_dags/tutorial_objectstorage.py
[2026-01-29T02:08:11.414+0000] {processor.py:840} INFO - DAG(s) 'tutorial_objectstorage' retrieved from /home/airflow/.local/lib/python3.12/site-packages/airflow/example_dags/tutorial_objectstorage.py
[2026-01-29T02:08:11.434+0000] {logging_mixin.py:188} INFO - [2026-01-29T02:08:11.433+0000] {dag.py:3089} INFO - Sync 1 DAGs
[2026-01-29T02:08:11.447+0000] {logging_mixin.py:188} INFO - [2026-01-29T02:08:11.447+0000] {dag.py:3947} INFO - Setting next_dagrun for tutorial_objectstorage to None, run_after=None
[2026-01-29T02:08:11.467+0000] {processor.py:183} INFO - Processing /home/airflow/.local/lib/python3.12/site-packages/airflow/example_dags/tutorial_objectstorage.py took 0.072 seconds
[2026-01-29T02:08:42.106+0000] {processor.py:161} INFO - Started process (PID=77946) to work on /home/airflow/.local/lib/python3.12/site-packages/airflow/example_dags/tutorial_objectstorage.py
[2026-01-29T02:08:42.107+0000] {processor.py:830} INFO - Processing file /home/airflow/.local/lib/python3.12/site-packages/airflow/example_dags/tutorial_objectstorage.py for tasks to queue
[2026-01-29T02:08:42.109+0000] {logging_mixin.py:188} INFO - [2026-01-29T02:08:42.109+0000] {dagbag.py:545} INFO - Filling up the DagBag from /home/airflow/.local/lib/python3.12/site-packages/airflow/example_dags/tutorial_objectstorage.py
[2026-01-29T02:08:42.117+0000] {processor.py:840} INFO - DAG(s) 'tutorial_objectstorage' retrieved from /home/airflow/.local/lib/python3.12/site-packages/airflow/example_dags/tutorial_objectstorage.py
[2026-01-29T02:08:42.139+0000] {logging_mixin.py:188} INFO - [2026-01-29T02:08:42.138+0000] {dag.py:3089} INFO - Sync 1 DAGs
[2026-01-29T02:08:42.153+0000] {logging_mixin.py:188} INFO - [2026-01-29T02:08:42.153+0000] {dag.py:3947} INFO - Setting next_dagrun for tutorial_objectstorage to None, run_after=None
[2026-01-29T02:08:42.173+0000] {processor.py:183} INFO - Processing /home/airflow/.local/lib/python3.12/site-packages/airflow/example_dags/tutorial_objectstorage.py took 0.074 seconds
[2026-01-29T02:09:12.618+0000] {processor.py:161} INFO - Started process (PID=78010) to work on /home/airflow/.local/lib/python3.12/site-packages/airflow/example_dags/tutorial_objectstorage.py
[2026-01-29T02:09:12.620+0000] {processor.py:830} INFO - Processing file /home/airflow/.local/lib/python3.12/site-packages/airflow/example_dags/tutorial_objectstorage.py for tasks to queue
[2026-01-29T02:09:12.622+0000] {logging_mixin.py:188} INFO - [2026-01-29T02:09:12.621+0000] {dagbag.py:545} INFO - Filling up the DagBag from /home/airflow/.local/lib/python3.12/site-packages/airflow/example_dags/tutorial_objectstorage.py
[2026-01-29T02:09:12.630+0000] {processor.py:840} INFO - DAG(s) 'tutorial_objectstorage' retrieved from /home/airflow/.local/lib/python3.12/site-packages/airflow/example_dags/tutorial_objectstorage.py
[2026-01-29T02:09:12.650+0000] {logging_mixin.py:188} INFO - [2026-01-29T02:09:12.650+0000] {dag.py:3089} INFO - Sync 1 DAGs
[2026-01-29T02:09:12.664+0000] {logging_mixin.py:188} INFO - [2026-01-29T02:09:12.664+0000] {dag.py:3947} INFO - Setting next_dagrun for tutorial_objectstorage to None, run_after=None
[2026-01-29T02:09:12.813+0000] {processor.py:183} INFO - Processing /home/airflow/.local/lib/python3.12/site-packages/airflow/example_dags/tutorial_objectstorage.py took 0.202 seconds
[2026-01-29T02:09:42.876+0000] {processor.py:161} INFO - Started process (PID=78069) to work on /home/airflow/.local/lib/python3.12/site-packages/airflow/example_dags/tutorial_objectstorage.py
[2026-01-29T02:09:42.877+0000] {processor.py:830} INFO - Processing file /home/airflow/.local/lib/python3.12/site-packages/airflow/example_dags/tutorial_objectstorage.py for tasks to queue
[2026-01-29T02:09:42.878+0000] {logging_mixin.py:188} INFO - [2026-01-29T02:09:42.878+0000] {dagbag.py:545} INFO - Filling up the DagBag from /home/airflow/.local/lib/python3.12/site-packages/airflow/example_dags/tutorial_objectstorage.py
[2026-01-29T02:09:42.886+0000] {processor.py:840} INFO - DAG(s) 'tutorial_objectstorage' retrieved from /home/airflow/.local/lib/python3.12/site-packages/airflow/example_dags/tutorial_objectstorage.py
[2026-01-29T02:09:42.905+0000] {logging_mixin.py:188} INFO - [2026-01-29T02:09:42.905+0000] {dag.py:3089} INFO - Sync 1 DAGs
[2026-01-29T02:09:42.920+0000] {logging_mixin.py:188} INFO - [2026-01-29T02:09:42.920+0000] {dag.py:3947} INFO - Setting next_dagrun for tutorial_objectstorage to None, run_after=None
[2026-01-29T02:09:42.941+0000] {processor.py:183} INFO - Processing /home/airflow/.local/lib/python3.12/site-packages/airflow/example_dags/tutorial_objectstorage.py took 0.071 seconds
[2026-01-29T02:10:13.396+0000] {processor.py:161} INFO - Started process (PID=78133) to work on /home/airflow/.local/lib/python3.12/site-packages/airflow/example_dags/tutorial_objectstorage.py
[2026-01-29T02:10:13.398+0000] {processor.py:830} INFO - Processing file /home/airflow/.local/lib/python3.12/site-packages/airflow/example_dags/tutorial_objectstorage.py for tasks to queue
[2026-01-29T02:10:13.400+0000] {logging_mixin.py:188} INFO - [2026-01-29T02:10:13.399+0000] {dagbag.py:545} INFO - Filling up the DagBag from /home/airflow/.local/lib/python3.12/site-packages/airflow/example_dags/tutorial_objectstorage.py
[2026-01-29T02:10:13.408+0000] {processor.py:840} INFO - DAG(s) 'tutorial_objectstorage' retrieved from /home/airflow/.local/lib/python3.12/site-packages/airflow/example_dags/tutorial_objectstorage.py
[2026-01-29T02:10:13.428+0000] {logging_mixin.py:188} INFO - [2026-01-29T02:10:13.427+0000] {dag.py:3089} INFO - Sync 1 DAGs
[2026-01-29T02:10:13.441+0000] {logging_mixin.py:188} INFO - [2026-01-29T02:10:13.440+0000] {dag.py:3947} INFO - Setting next_dagrun for tutorial_objectstorage to None, run_after=None
[2026-01-29T02:10:13.461+0000] {processor.py:183} INFO - Processing /home/airflow/.local/lib/python3.12/site-packages/airflow/example_dags/tutorial_objectstorage.py took 0.072 seconds
[2026-01-29T02:10:44.275+0000] {processor.py:161} INFO - Started process (PID=78192) to work on /home/airflow/.local/lib/python3.12/site-packages/airflow/example_dags/tutorial_objectstorage.py
[2026-01-29T02:10:44.275+0000] {processor.py:830} INFO - Processing file /home/airflow/.local/lib/python3.12/site-packages/airflow/example_dags/tutorial_objectstorage.py for tasks to queue
[2026-01-29T02:10:44.277+0000] {logging_mixin.py:188} INFO - [2026-01-29T02:10:44.277+0000] {dagbag.py:545} INFO - Filling up the DagBag from /home/airflow/.local/lib/python3.12/site-packages/airflow/example_dags/tutorial_objectstorage.py
[2026-01-29T02:10:44.417+0000] {processor.py:840} INFO - DAG(s) 'tutorial_objectstorage' retrieved from /home/airflow/.local/lib/python3.12/site-packages/airflow/example_dags/tutorial_objectstorage.py
[2026-01-29T02:10:44.433+0000] {logging_mixin.py:188} INFO - [2026-01-29T02:10:44.433+0000] {dag.py:3089} INFO - Sync 1 DAGs
[2026-01-29T02:10:44.445+0000] {logging_mixin.py:188} INFO - [2026-01-29T02:10:44.444+0000] {dag.py:3947} INFO - Setting next_dagrun for tutorial_objectstorage to None, run_after=None
[2026-01-29T02:10:44.463+0000] {processor.py:183} INFO - Processing /home/airflow/.local/lib/python3.12/site-packages/airflow/example_dags/tutorial_objectstorage.py took 0.196 seconds
[2026-01-29T02:11:14.692+0000] {processor.py:161} INFO - Started process (PID=78256) to work on /home/airflow/.local/lib/python3.12/site-packages/airflow/example_dags/tutorial_objectstorage.py
[2026-01-29T02:11:14.693+0000] {processor.py:830} INFO - Processing file /home/airflow/.local/lib/python3.12/site-packages/airflow/example_dags/tutorial_objectstorage.py for tasks to queue
[2026-01-29T02:11:14.695+0000] {logging_mixin.py:188} INFO - [2026-01-29T02:11:14.695+0000] {dagbag.py:545} INFO - Filling up the DagBag from /home/airflow/.local/lib/python3.12/site-packages/airflow/example_dags/tutorial_objectstorage.py
[2026-01-29T02:11:14.704+0000] {processor.py:840} INFO - DAG(s) 'tutorial_objectstorage' retrieved from /home/airflow/.local/lib/python3.12/site-packages/airflow/example_dags/tutorial_objectstorage.py
[2026-01-29T02:11:14.725+0000] {logging_mixin.py:188} INFO - [2026-01-29T02:11:14.724+0000] {dag.py:3089} INFO - Sync 1 DAGs
[2026-01-29T02:11:14.739+0000] {logging_mixin.py:188} INFO - [2026-01-29T02:11:14.739+0000] {dag.py:3947} INFO - Setting next_dagrun for tutorial_objectstorage to None, run_after=None
[2026-01-29T02:11:14.759+0000] {processor.py:183} INFO - Processing /home/airflow/.local/lib/python3.12/site-packages/airflow/example_dags/tutorial_objectstorage.py took 0.074 seconds
[2026-01-29T02:11:44.970+0000] {processor.py:161} INFO - Started process (PID=78315) to work on /home/airflow/.local/lib/python3.12/site-packages/airflow/example_dags/tutorial_objectstorage.py
[2026-01-29T02:11:44.971+0000] {processor.py:830} INFO - Processing file /home/airflow/.local/lib/python3.12/site-packages/airflow/example_dags/tutorial_objectstorage.py for tasks to queue
[2026-01-29T02:11:44.973+0000] {logging_mixin.py:188} INFO - [2026-01-29T02:11:44.973+0000] {dagbag.py:545} INFO - Filling up the DagBag from /home/airflow/.local/lib/python3.12/site-packages/airflow/example_dags/tutorial_objectstorage.py
[2026-01-29T02:11:44.981+0000] {processor.py:840} INFO - DAG(s) 'tutorial_objectstorage' retrieved from /home/airflow/.local/lib/python3.12/site-packages/airflow/example_dags/tutorial_objectstorage.py
[2026-01-29T02:11:45.001+0000] {logging_mixin.py:188} INFO - [2026-01-29T02:11:45.001+0000] {dag.py:3089} INFO - Sync 1 DAGs
[2026-01-29T02:11:45.016+0000] {logging_mixin.py:188} INFO - [2026-01-29T02:11:45.015+0000] {dag.py:3947} INFO - Setting next_dagrun for tutorial_objectstorage to None, run_after=None
[2026-01-29T02:11:45.038+0000] {processor.py:183} INFO - Processing /home/airflow/.local/lib/python3.12/site-packages/airflow/example_dags/tutorial_objectstorage.py took 0.075 seconds
[2026-01-29T02:12:15.327+0000] {processor.py:161} INFO - Started process (PID=78379) to work on /home/airflow/.local/lib/python3.12/site-packages/airflow/example_dags/tutorial_objectstorage.py
[2026-01-29T02:12:15.328+0000] {processor.py:830} INFO - Processing file /home/airflow/.local/lib/python3.12/site-packages/airflow/example_dags/tutorial_objectstorage.py for tasks to queue
[2026-01-29T02:12:15.330+0000] {logging_mixin.py:188} INFO - [2026-01-29T02:12:15.330+0000] {dagbag.py:545} INFO - Filling up the DagBag from /home/airflow/.local/lib/python3.12/site-packages/airflow/example_dags/tutorial_objectstorage.py
[2026-01-29T02:12:15.338+0000] {processor.py:840} INFO - DAG(s) 'tutorial_objectstorage' retrieved from /home/airflow/.local/lib/python3.12/site-packages/airflow/example_dags/tutorial_objectstorage.py
[2026-01-29T02:12:15.357+0000] {logging_mixin.py:188} INFO - [2026-01-29T02:12:15.357+0000] {dag.py:3089} INFO - Sync 1 DAGs
[2026-01-29T02:12:15.371+0000] {logging_mixin.py:188} INFO - [2026-01-29T02:12:15.370+0000] {dag.py:3947} INFO - Setting next_dagrun for tutorial_objectstorage to None, run_after=None
[2026-01-29T02:12:15.390+0000] {processor.py:183} INFO - Processing /home/airflow/.local/lib/python3.12/site-packages/airflow/example_dags/tutorial_objectstorage.py took 0.071 seconds
[2026-01-29T02:12:45.749+0000] {processor.py:161} INFO - Started process (PID=78438) to work on /home/airflow/.local/lib/python3.12/site-packages/airflow/example_dags/tutorial_objectstorage.py
[2026-01-29T02:12:45.750+0000] {processor.py:830} INFO - Processing file /home/airflow/.local/lib/python3.12/site-packages/airflow/example_dags/tutorial_objectstorage.py for tasks to queue
[2026-01-29T02:12:45.752+0000] {logging_mixin.py:188} INFO - [2026-01-29T02:12:45.751+0000] {dagbag.py:545} INFO - Filling up the DagBag from /home/airflow/.local/lib/python3.12/site-packages/airflow/example_dags/tutorial_objectstorage.py
[2026-01-29T02:12:45.760+0000] {processor.py:840} INFO - DAG(s) 'tutorial_objectstorage' retrieved from /home/airflow/.local/lib/python3.12/site-packages/airflow/example_dags/tutorial_objectstorage.py
[2026-01-29T02:12:45.781+0000] {logging_mixin.py:188} INFO - [2026-01-29T02:12:45.781+0000] {dag.py:3089} INFO - Sync 1 DAGs
[2026-01-29T02:12:45.795+0000] {logging_mixin.py:188} INFO - [2026-01-29T02:12:45.795+0000] {dag.py:3947} INFO - Setting next_dagrun for tutorial_objectstorage to None, run_after=None
[2026-01-29T02:12:45.816+0000] {processor.py:183} INFO - Processing /home/airflow/.local/lib/python3.12/site-packages/airflow/example_dags/tutorial_objectstorage.py took 0.076 seconds
[2026-01-29T02:13:15.996+0000] {processor.py:161} INFO - Started process (PID=78502) to work on /home/airflow/.local/lib/python3.12/site-packages/airflow/example_dags/tutorial_objectstorage.py
[2026-01-29T02:13:15.997+0000] {processor.py:830} INFO - Processing file /home/airflow/.local/lib/python3.12/site-packages/airflow/example_dags/tutorial_objectstorage.py for tasks to queue
[2026-01-29T02:13:15.999+0000] {logging_mixin.py:188} INFO - [2026-01-29T02:13:15.999+0000] {dagbag.py:545} INFO - Filling up the DagBag from /home/airflow/.local/lib/python3.12/site-packages/airflow/example_dags/tutorial_objectstorage.py
[2026-01-29T02:13:16.007+0000] {processor.py:840} INFO - DAG(s) 'tutorial_objectstorage' retrieved from /home/airflow/.local/lib/python3.12/site-packages/airflow/example_dags/tutorial_objectstorage.py
[2026-01-29T02:13:16.027+0000] {logging_mixin.py:188} INFO - [2026-01-29T02:13:16.027+0000] {dag.py:3089} INFO - Sync 1 DAGs
[2026-01-29T02:13:16.040+0000] {logging_mixin.py:188} INFO - [2026-01-29T02:13:16.040+0000] {dag.py:3947} INFO - Setting next_dagrun for tutorial_objectstorage to None, run_after=None
[2026-01-29T02:13:16.060+0000] {processor.py:183} INFO - Processing /home/airflow/.local/lib/python3.12/site-packages/airflow/example_dags/tutorial_objectstorage.py took 0.071 seconds
[2026-01-29T02:13:46.171+0000] {processor.py:161} INFO - Started process (PID=78561) to work on /home/airflow/.local/lib/python3.12/site-packages/airflow/example_dags/tutorial_objectstorage.py
[2026-01-29T02:13:46.172+0000] {processor.py:830} INFO - Processing file /home/airflow/.local/lib/python3.12/site-packages/airflow/example_dags/tutorial_objectstorage.py for tasks to queue
[2026-01-29T02:13:46.174+0000] {logging_mixin.py:188} INFO - [2026-01-29T02:13:46.174+0000] {dagbag.py:545} INFO - Filling up the DagBag from /home/airflow/.local/lib/python3.12/site-packages/airflow/example_dags/tutorial_objectstorage.py
[2026-01-29T02:13:46.181+0000] {processor.py:840} INFO - DAG(s) 'tutorial_objectstorage' retrieved from /home/airflow/.local/lib/python3.12/site-packages/airflow/example_dags/tutorial_objectstorage.py
[2026-01-29T02:13:46.201+0000] {logging_mixin.py:188} INFO - [2026-01-29T02:13:46.200+0000] {dag.py:3089} INFO - Sync 1 DAGs
[2026-01-29T02:13:46.214+0000] {logging_mixin.py:188} INFO - [2026-01-29T02:13:46.214+0000] {dag.py:3947} INFO - Setting next_dagrun for tutorial_objectstorage to None, run_after=None
[2026-01-29T02:13:46.235+0000] {processor.py:183} INFO - Processing /home/airflow/.local/lib/python3.12/site-packages/airflow/example_dags/tutorial_objectstorage.py took 0.070 seconds
[2026-01-29T02:14:16.576+0000] {processor.py:161} INFO - Started process (PID=78625) to work on /home/airflow/.local/lib/python3.12/site-packages/airflow/example_dags/tutorial_objectstorage.py
[2026-01-29T02:14:16.577+0000] {processor.py:830} INFO - Processing file /home/airflow/.local/lib/python3.12/site-packages/airflow/example_dags/tutorial_objectstorage.py for tasks to queue
[2026-01-29T02:14:16.579+0000] {logging_mixin.py:188} INFO - [2026-01-29T02:14:16.579+0000] {dagbag.py:545} INFO - Filling up the DagBag from /home/airflow/.local/lib/python3.12/site-packages/airflow/example_dags/tutorial_objectstorage.py
[2026-01-29T02:14:16.586+0000] {processor.py:840} INFO - DAG(s) 'tutorial_objectstorage' retrieved from /home/airflow/.local/lib/python3.12/site-packages/airflow/example_dags/tutorial_objectstorage.py
[2026-01-29T02:14:16.607+0000] {logging_mixin.py:188} INFO - [2026-01-29T02:14:16.606+0000] {dag.py:3089} INFO - Sync 1 DAGs
[2026-01-29T02:14:16.621+0000] {logging_mixin.py:188} INFO - [2026-01-29T02:14:16.621+0000] {dag.py:3947} INFO - Setting next_dagrun for tutorial_objectstorage to None, run_after=None
[2026-01-29T02:14:16.649+0000] {processor.py:183} INFO - Processing /home/airflow/.local/lib/python3.12/site-packages/airflow/example_dags/tutorial_objectstorage.py took 0.079 seconds
[2026-01-29T02:14:46.816+0000] {processor.py:161} INFO - Started process (PID=78684) to work on /home/airflow/.local/lib/python3.12/site-packages/airflow/example_dags/tutorial_objectstorage.py
[2026-01-29T02:14:46.817+0000] {processor.py:830} INFO - Processing file /home/airflow/.local/lib/python3.12/site-packages/airflow/example_dags/tutorial_objectstorage.py for tasks to queue
[2026-01-29T02:14:46.819+0000] {logging_mixin.py:188} INFO - [2026-01-29T02:14:46.819+0000] {dagbag.py:545} INFO - Filling up the DagBag from /home/airflow/.local/lib/python3.12/site-packages/airflow/example_dags/tutorial_objectstorage.py
[2026-01-29T02:14:46.828+0000] {processor.py:840} INFO - DAG(s) 'tutorial_objectstorage' retrieved from /home/airflow/.local/lib/python3.12/site-packages/airflow/example_dags/tutorial_objectstorage.py
[2026-01-29T02:14:46.851+0000] {logging_mixin.py:188} INFO - [2026-01-29T02:14:46.851+0000] {dag.py:3089} INFO - Sync 1 DAGs
[2026-01-29T02:14:46.866+0000] {logging_mixin.py:188} INFO - [2026-01-29T02:14:46.865+0000] {dag.py:3947} INFO - Setting next_dagrun for tutorial_objectstorage to None, run_after=None
[2026-01-29T02:14:46.887+0000] {processor.py:183} INFO - Processing /home/airflow/.local/lib/python3.12/site-packages/airflow/example_dags/tutorial_objectstorage.py took 0.078 seconds
[2026-01-29T02:15:17.132+0000] {processor.py:161} INFO - Started process (PID=78748) to work on /home/airflow/.local/lib/python3.12/site-packages/airflow/example_dags/tutorial_objectstorage.py
[2026-01-29T02:15:17.132+0000] {processor.py:830} INFO - Processing file /home/airflow/.local/lib/python3.12/site-packages/airflow/example_dags/tutorial_objectstorage.py for tasks to queue
[2026-01-29T02:15:17.134+0000] {logging_mixin.py:188} INFO - [2026-01-29T02:15:17.134+0000] {dagbag.py:545} INFO - Filling up the DagBag from /home/airflow/.local/lib/python3.12/site-packages/airflow/example_dags/tutorial_objectstorage.py
[2026-01-29T02:15:17.143+0000] {processor.py:840} INFO - DAG(s) 'tutorial_objectstorage' retrieved from /home/airflow/.local/lib/python3.12/site-packages/airflow/example_dags/tutorial_objectstorage.py
[2026-01-29T02:15:17.162+0000] {logging_mixin.py:188} INFO - [2026-01-29T02:15:17.162+0000] {dag.py:3089} INFO - Sync 1 DAGs
[2026-01-29T02:15:17.176+0000] {logging_mixin.py:188} INFO - [2026-01-29T02:15:17.175+0000] {dag.py:3947} INFO - Setting next_dagrun for tutorial_objectstorage to None, run_after=None
[2026-01-29T02:15:17.195+0000] {processor.py:183} INFO - Processing /home/airflow/.local/lib/python3.12/site-packages/airflow/example_dags/tutorial_objectstorage.py took 0.071 seconds
[2026-01-29T02:15:47.379+0000] {processor.py:161} INFO - Started process (PID=78807) to work on /home/airflow/.local/lib/python3.12/site-packages/airflow/example_dags/tutorial_objectstorage.py
[2026-01-29T02:15:47.380+0000] {processor.py:830} INFO - Processing file /home/airflow/.local/lib/python3.12/site-packages/airflow/example_dags/tutorial_objectstorage.py for tasks to queue
[2026-01-29T02:15:47.382+0000] {logging_mixin.py:188} INFO - [2026-01-29T02:15:47.382+0000] {dagbag.py:545} INFO - Filling up the DagBag from /home/airflow/.local/lib/python3.12/site-packages/airflow/example_dags/tutorial_objectstorage.py
[2026-01-29T02:15:47.389+0000] {processor.py:840} INFO - DAG(s) 'tutorial_objectstorage' retrieved from /home/airflow/.local/lib/python3.12/site-packages/airflow/example_dags/tutorial_objectstorage.py
[2026-01-29T02:15:47.409+0000] {logging_mixin.py:188} INFO - [2026-01-29T02:15:47.408+0000] {dag.py:3089} INFO - Sync 1 DAGs
[2026-01-29T02:15:47.422+0000] {logging_mixin.py:188} INFO - [2026-01-29T02:15:47.422+0000] {dag.py:3947} INFO - Setting next_dagrun for tutorial_objectstorage to None, run_after=None
[2026-01-29T02:15:47.442+0000] {processor.py:183} INFO - Processing /home/airflow/.local/lib/python3.12/site-packages/airflow/example_dags/tutorial_objectstorage.py took 0.069 seconds
[2026-01-29T02:16:17.584+0000] {processor.py:161} INFO - Started process (PID=78871) to work on /home/airflow/.local/lib/python3.12/site-packages/airflow/example_dags/tutorial_objectstorage.py
[2026-01-29T02:16:17.585+0000] {processor.py:830} INFO - Processing file /home/airflow/.local/lib/python3.12/site-packages/airflow/example_dags/tutorial_objectstorage.py for tasks to queue
[2026-01-29T02:16:17.587+0000] {logging_mixin.py:188} INFO - [2026-01-29T02:16:17.586+0000] {dagbag.py:545} INFO - Filling up the DagBag from /home/airflow/.local/lib/python3.12/site-packages/airflow/example_dags/tutorial_objectstorage.py
[2026-01-29T02:16:17.595+0000] {processor.py:840} INFO - DAG(s) 'tutorial_objectstorage' retrieved from /home/airflow/.local/lib/python3.12/site-packages/airflow/example_dags/tutorial_objectstorage.py
[2026-01-29T02:16:17.614+0000] {logging_mixin.py:188} INFO - [2026-01-29T02:16:17.614+0000] {dag.py:3089} INFO - Sync 1 DAGs
[2026-01-29T02:16:17.627+0000] {logging_mixin.py:188} INFO - [2026-01-29T02:16:17.627+0000] {dag.py:3947} INFO - Setting next_dagrun for tutorial_objectstorage to None, run_after=None
[2026-01-29T02:16:17.647+0000] {processor.py:183} INFO - Processing /home/airflow/.local/lib/python3.12/site-packages/airflow/example_dags/tutorial_objectstorage.py took 0.070 seconds
[2026-01-29T02:16:48.022+0000] {processor.py:161} INFO - Started process (PID=78930) to work on /home/airflow/.local/lib/python3.12/site-packages/airflow/example_dags/tutorial_objectstorage.py
[2026-01-29T02:16:48.024+0000] {processor.py:830} INFO - Processing file /home/airflow/.local/lib/python3.12/site-packages/airflow/example_dags/tutorial_objectstorage.py for tasks to queue
[2026-01-29T02:16:48.026+0000] {logging_mixin.py:188} INFO - [2026-01-29T02:16:48.025+0000] {dagbag.py:545} INFO - Filling up the DagBag from /home/airflow/.local/lib/python3.12/site-packages/airflow/example_dags/tutorial_objectstorage.py
[2026-01-29T02:16:48.034+0000] {processor.py:840} INFO - DAG(s) 'tutorial_objectstorage' retrieved from /home/airflow/.local/lib/python3.12/site-packages/airflow/example_dags/tutorial_objectstorage.py
[2026-01-29T02:16:48.055+0000] {logging_mixin.py:188} INFO - [2026-01-29T02:16:48.055+0000] {dag.py:3089} INFO - Sync 1 DAGs
[2026-01-29T02:16:48.070+0000] {logging_mixin.py:188} INFO - [2026-01-29T02:16:48.069+0000] {dag.py:3947} INFO - Setting next_dagrun for tutorial_objectstorage to None, run_after=None
[2026-01-29T02:16:48.091+0000] {processor.py:183} INFO - Processing /home/airflow/.local/lib/python3.12/site-packages/airflow/example_dags/tutorial_objectstorage.py took 0.076 seconds
[2026-01-29T02:17:18.896+0000] {processor.py:161} INFO - Started process (PID=78992) to work on /home/airflow/.local/lib/python3.12/site-packages/airflow/example_dags/tutorial_objectstorage.py
[2026-01-29T02:17:18.897+0000] {processor.py:830} INFO - Processing file /home/airflow/.local/lib/python3.12/site-packages/airflow/example_dags/tutorial_objectstorage.py for tasks to queue
[2026-01-29T02:17:18.899+0000] {logging_mixin.py:188} INFO - [2026-01-29T02:17:18.899+0000] {dagbag.py:545} INFO - Filling up the DagBag from /home/airflow/.local/lib/python3.12/site-packages/airflow/example_dags/tutorial_objectstorage.py
[2026-01-29T02:17:18.907+0000] {processor.py:840} INFO - DAG(s) 'tutorial_objectstorage' retrieved from /home/airflow/.local/lib/python3.12/site-packages/airflow/example_dags/tutorial_objectstorage.py
[2026-01-29T02:17:18.928+0000] {logging_mixin.py:188} INFO - [2026-01-29T02:17:18.927+0000] {dag.py:3089} INFO - Sync 1 DAGs
[2026-01-29T02:17:18.942+0000] {logging_mixin.py:188} INFO - [2026-01-29T02:17:18.941+0000] {dag.py:3947} INFO - Setting next_dagrun for tutorial_objectstorage to None, run_after=None
[2026-01-29T02:17:18.963+0000] {processor.py:183} INFO - Processing /home/airflow/.local/lib/python3.12/site-packages/airflow/example_dags/tutorial_objectstorage.py took 0.074 seconds
[2026-01-29T02:17:49.212+0000] {processor.py:161} INFO - Started process (PID=79051) to work on /home/airflow/.local/lib/python3.12/site-packages/airflow/example_dags/tutorial_objectstorage.py
[2026-01-29T02:17:49.213+0000] {processor.py:830} INFO - Processing file /home/airflow/.local/lib/python3.12/site-packages/airflow/example_dags/tutorial_objectstorage.py for tasks to queue
[2026-01-29T02:17:49.215+0000] {logging_mixin.py:188} INFO - [2026-01-29T02:17:49.214+0000] {dagbag.py:545} INFO - Filling up the DagBag from /home/airflow/.local/lib/python3.12/site-packages/airflow/example_dags/tutorial_objectstorage.py
[2026-01-29T02:17:49.223+0000] {processor.py:840} INFO - DAG(s) 'tutorial_objectstorage' retrieved from /home/airflow/.local/lib/python3.12/site-packages/airflow/example_dags/tutorial_objectstorage.py
[2026-01-29T02:17:49.244+0000] {logging_mixin.py:188} INFO - [2026-01-29T02:17:49.243+0000] {dag.py:3089} INFO - Sync 1 DAGs
[2026-01-29T02:17:49.257+0000] {logging_mixin.py:188} INFO - [2026-01-29T02:17:49.257+0000] {dag.py:3947} INFO - Setting next_dagrun for tutorial_objectstorage to None, run_after=None
[2026-01-29T02:17:49.277+0000] {processor.py:183} INFO - Processing /home/airflow/.local/lib/python3.12/site-packages/airflow/example_dags/tutorial_objectstorage.py took 0.073 seconds
[2026-01-29T02:18:19.378+0000] {processor.py:161} INFO - Started process (PID=79115) to work on /home/airflow/.local/lib/python3.12/site-packages/airflow/example_dags/tutorial_objectstorage.py
[2026-01-29T02:18:19.379+0000] {processor.py:830} INFO - Processing file /home/airflow/.local/lib/python3.12/site-packages/airflow/example_dags/tutorial_objectstorage.py for tasks to queue
[2026-01-29T02:18:19.381+0000] {logging_mixin.py:188} INFO - [2026-01-29T02:18:19.381+0000] {dagbag.py:545} INFO - Filling up the DagBag from /home/airflow/.local/lib/python3.12/site-packages/airflow/example_dags/tutorial_objectstorage.py
[2026-01-29T02:18:19.389+0000] {processor.py:840} INFO - DAG(s) 'tutorial_objectstorage' retrieved from /home/airflow/.local/lib/python3.12/site-packages/airflow/example_dags/tutorial_objectstorage.py
[2026-01-29T02:18:19.408+0000] {logging_mixin.py:188} INFO - [2026-01-29T02:18:19.407+0000] {dag.py:3089} INFO - Sync 1 DAGs
[2026-01-29T02:18:19.421+0000] {logging_mixin.py:188} INFO - [2026-01-29T02:18:19.420+0000] {dag.py:3947} INFO - Setting next_dagrun for tutorial_objectstorage to None, run_after=None
[2026-01-29T02:18:19.441+0000] {processor.py:183} INFO - Processing /home/airflow/.local/lib/python3.12/site-packages/airflow/example_dags/tutorial_objectstorage.py took 0.069 seconds
[2026-01-29T02:18:49.759+0000] {processor.py:161} INFO - Started process (PID=79174) to work on /home/airflow/.local/lib/python3.12/site-packages/airflow/example_dags/tutorial_objectstorage.py
[2026-01-29T02:18:49.760+0000] {processor.py:830} INFO - Processing file /home/airflow/.local/lib/python3.12/site-packages/airflow/example_dags/tutorial_objectstorage.py for tasks to queue
[2026-01-29T02:18:49.762+0000] {logging_mixin.py:188} INFO - [2026-01-29T02:18:49.762+0000] {dagbag.py:545} INFO - Filling up the DagBag from /home/airflow/.local/lib/python3.12/site-packages/airflow/example_dags/tutorial_objectstorage.py
[2026-01-29T02:18:49.771+0000] {processor.py:840} INFO - DAG(s) 'tutorial_objectstorage' retrieved from /home/airflow/.local/lib/python3.12/site-packages/airflow/example_dags/tutorial_objectstorage.py
[2026-01-29T02:18:49.790+0000] {logging_mixin.py:188} INFO - [2026-01-29T02:18:49.790+0000] {dag.py:3089} INFO - Sync 1 DAGs
[2026-01-29T02:18:49.803+0000] {logging_mixin.py:188} INFO - [2026-01-29T02:18:49.803+0000] {dag.py:3947} INFO - Setting next_dagrun for tutorial_objectstorage to None, run_after=None
[2026-01-29T02:18:49.825+0000] {processor.py:183} INFO - Processing /home/airflow/.local/lib/python3.12/site-packages/airflow/example_dags/tutorial_objectstorage.py took 0.073 seconds
[2026-01-29T02:19:20.054+0000] {processor.py:161} INFO - Started process (PID=79238) to work on /home/airflow/.local/lib/python3.12/site-packages/airflow/example_dags/tutorial_objectstorage.py
[2026-01-29T02:19:20.055+0000] {processor.py:830} INFO - Processing file /home/airflow/.local/lib/python3.12/site-packages/airflow/example_dags/tutorial_objectstorage.py for tasks to queue
[2026-01-29T02:19:20.057+0000] {logging_mixin.py:188} INFO - [2026-01-29T02:19:20.056+0000] {dagbag.py:545} INFO - Filling up the DagBag from /home/airflow/.local/lib/python3.12/site-packages/airflow/example_dags/tutorial_objectstorage.py
[2026-01-29T02:19:20.065+0000] {processor.py:840} INFO - DAG(s) 'tutorial_objectstorage' retrieved from /home/airflow/.local/lib/python3.12/site-packages/airflow/example_dags/tutorial_objectstorage.py
[2026-01-29T02:19:20.083+0000] {logging_mixin.py:188} INFO - [2026-01-29T02:19:20.083+0000] {dag.py:3089} INFO - Sync 1 DAGs
[2026-01-29T02:19:20.096+0000] {logging_mixin.py:188} INFO - [2026-01-29T02:19:20.096+0000] {dag.py:3947} INFO - Setting next_dagrun for tutorial_objectstorage to None, run_after=None
[2026-01-29T02:19:20.117+0000] {processor.py:183} INFO - Processing /home/airflow/.local/lib/python3.12/site-packages/airflow/example_dags/tutorial_objectstorage.py took 0.071 seconds
[2026-01-29T02:19:50.276+0000] {processor.py:161} INFO - Started process (PID=79297) to work on /home/airflow/.local/lib/python3.12/site-packages/airflow/example_dags/tutorial_objectstorage.py
[2026-01-29T02:19:50.277+0000] {processor.py:830} INFO - Processing file /home/airflow/.local/lib/python3.12/site-packages/airflow/example_dags/tutorial_objectstorage.py for tasks to queue
[2026-01-29T02:19:50.279+0000] {logging_mixin.py:188} INFO - [2026-01-29T02:19:50.278+0000] {dagbag.py:545} INFO - Filling up the DagBag from /home/airflow/.local/lib/python3.12/site-packages/airflow/example_dags/tutorial_objectstorage.py
[2026-01-29T02:19:50.287+0000] {processor.py:840} INFO - DAG(s) 'tutorial_objectstorage' retrieved from /home/airflow/.local/lib/python3.12/site-packages/airflow/example_dags/tutorial_objectstorage.py
[2026-01-29T02:19:50.308+0000] {logging_mixin.py:188} INFO - [2026-01-29T02:19:50.308+0000] {dag.py:3089} INFO - Sync 1 DAGs
[2026-01-29T02:19:50.322+0000] {logging_mixin.py:188} INFO - [2026-01-29T02:19:50.322+0000] {dag.py:3947} INFO - Setting next_dagrun for tutorial_objectstorage to None, run_after=None
[2026-01-29T02:19:50.343+0000] {processor.py:183} INFO - Processing /home/airflow/.local/lib/python3.12/site-packages/airflow/example_dags/tutorial_objectstorage.py took 0.074 seconds
[2026-01-29T02:20:20.425+0000] {processor.py:161} INFO - Started process (PID=79361) to work on /home/airflow/.local/lib/python3.12/site-packages/airflow/example_dags/tutorial_objectstorage.py
[2026-01-29T02:20:20.426+0000] {processor.py:830} INFO - Processing file /home/airflow/.local/lib/python3.12/site-packages/airflow/example_dags/tutorial_objectstorage.py for tasks to queue
[2026-01-29T02:20:20.427+0000] {logging_mixin.py:188} INFO - [2026-01-29T02:20:20.427+0000] {dagbag.py:545} INFO - Filling up the DagBag from /home/airflow/.local/lib/python3.12/site-packages/airflow/example_dags/tutorial_objectstorage.py
[2026-01-29T02:20:20.435+0000] {processor.py:840} INFO - DAG(s) 'tutorial_objectstorage' retrieved from /home/airflow/.local/lib/python3.12/site-packages/airflow/example_dags/tutorial_objectstorage.py
[2026-01-29T02:20:20.455+0000] {logging_mixin.py:188} INFO - [2026-01-29T02:20:20.454+0000] {dag.py:3089} INFO - Sync 1 DAGs
[2026-01-29T02:20:20.468+0000] {logging_mixin.py:188} INFO - [2026-01-29T02:20:20.468+0000] {dag.py:3947} INFO - Setting next_dagrun for tutorial_objectstorage to None, run_after=None
[2026-01-29T02:20:20.487+0000] {processor.py:183} INFO - Processing /home/airflow/.local/lib/python3.12/site-packages/airflow/example_dags/tutorial_objectstorage.py took 0.068 seconds
[2026-01-29T02:20:50.536+0000] {processor.py:161} INFO - Started process (PID=79420) to work on /home/airflow/.local/lib/python3.12/site-packages/airflow/example_dags/tutorial_objectstorage.py
[2026-01-29T02:20:50.537+0000] {processor.py:830} INFO - Processing file /home/airflow/.local/lib/python3.12/site-packages/airflow/example_dags/tutorial_objectstorage.py for tasks to queue
[2026-01-29T02:20:50.539+0000] {logging_mixin.py:188} INFO - [2026-01-29T02:20:50.538+0000] {dagbag.py:545} INFO - Filling up the DagBag from /home/airflow/.local/lib/python3.12/site-packages/airflow/example_dags/tutorial_objectstorage.py
[2026-01-29T02:20:50.547+0000] {processor.py:840} INFO - DAG(s) 'tutorial_objectstorage' retrieved from /home/airflow/.local/lib/python3.12/site-packages/airflow/example_dags/tutorial_objectstorage.py
[2026-01-29T02:20:50.566+0000] {logging_mixin.py:188} INFO - [2026-01-29T02:20:50.566+0000] {dag.py:3089} INFO - Sync 1 DAGs
[2026-01-29T02:20:50.580+0000] {logging_mixin.py:188} INFO - [2026-01-29T02:20:50.580+0000] {dag.py:3947} INFO - Setting next_dagrun for tutorial_objectstorage to None, run_after=None
[2026-01-29T02:20:50.599+0000] {processor.py:183} INFO - Processing /home/airflow/.local/lib/python3.12/site-packages/airflow/example_dags/tutorial_objectstorage.py took 0.071 seconds
[2026-01-29T02:21:21.445+0000] {processor.py:161} INFO - Started process (PID=79484) to work on /home/airflow/.local/lib/python3.12/site-packages/airflow/example_dags/tutorial_objectstorage.py
[2026-01-29T02:21:21.445+0000] {processor.py:830} INFO - Processing file /home/airflow/.local/lib/python3.12/site-packages/airflow/example_dags/tutorial_objectstorage.py for tasks to queue
[2026-01-29T02:21:21.448+0000] {logging_mixin.py:188} INFO - [2026-01-29T02:21:21.447+0000] {dagbag.py:545} INFO - Filling up the DagBag from /home/airflow/.local/lib/python3.12/site-packages/airflow/example_dags/tutorial_objectstorage.py
[2026-01-29T02:21:21.456+0000] {processor.py:840} INFO - DAG(s) 'tutorial_objectstorage' retrieved from /home/airflow/.local/lib/python3.12/site-packages/airflow/example_dags/tutorial_objectstorage.py
[2026-01-29T02:21:21.480+0000] {logging_mixin.py:188} INFO - [2026-01-29T02:21:21.479+0000] {dag.py:3089} INFO - Sync 1 DAGs
[2026-01-29T02:21:21.495+0000] {logging_mixin.py:188} INFO - [2026-01-29T02:21:21.495+0000] {dag.py:3947} INFO - Setting next_dagrun for tutorial_objectstorage to None, run_after=None
[2026-01-29T02:21:21.519+0000] {processor.py:183} INFO - Processing /home/airflow/.local/lib/python3.12/site-packages/airflow/example_dags/tutorial_objectstorage.py took 0.082 seconds
[2026-01-29T02:21:51.715+0000] {processor.py:161} INFO - Started process (PID=79543) to work on /home/airflow/.local/lib/python3.12/site-packages/airflow/example_dags/tutorial_objectstorage.py
[2026-01-29T02:21:51.716+0000] {processor.py:830} INFO - Processing file /home/airflow/.local/lib/python3.12/site-packages/airflow/example_dags/tutorial_objectstorage.py for tasks to queue
[2026-01-29T02:21:51.718+0000] {logging_mixin.py:188} INFO - [2026-01-29T02:21:51.718+0000] {dagbag.py:545} INFO - Filling up the DagBag from /home/airflow/.local/lib/python3.12/site-packages/airflow/example_dags/tutorial_objectstorage.py
[2026-01-29T02:21:51.726+0000] {processor.py:840} INFO - DAG(s) 'tutorial_objectstorage' retrieved from /home/airflow/.local/lib/python3.12/site-packages/airflow/example_dags/tutorial_objectstorage.py
[2026-01-29T02:21:51.747+0000] {logging_mixin.py:188} INFO - [2026-01-29T02:21:51.747+0000] {dag.py:3089} INFO - Sync 1 DAGs
[2026-01-29T02:21:51.761+0000] {logging_mixin.py:188} INFO - [2026-01-29T02:21:51.761+0000] {dag.py:3947} INFO - Setting next_dagrun for tutorial_objectstorage to None, run_after=None
[2026-01-29T02:21:51.781+0000] {processor.py:183} INFO - Processing /home/airflow/.local/lib/python3.12/site-packages/airflow/example_dags/tutorial_objectstorage.py took 0.073 seconds
[2026-01-29T02:22:21.901+0000] {processor.py:161} INFO - Started process (PID=79607) to work on /home/airflow/.local/lib/python3.12/site-packages/airflow/example_dags/tutorial_objectstorage.py
[2026-01-29T02:22:21.901+0000] {processor.py:830} INFO - Processing file /home/airflow/.local/lib/python3.12/site-packages/airflow/example_dags/tutorial_objectstorage.py for tasks to queue
[2026-01-29T02:22:21.903+0000] {logging_mixin.py:188} INFO - [2026-01-29T02:22:21.903+0000] {dagbag.py:545} INFO - Filling up the DagBag from /home/airflow/.local/lib/python3.12/site-packages/airflow/example_dags/tutorial_objectstorage.py
[2026-01-29T02:22:21.911+0000] {processor.py:840} INFO - DAG(s) 'tutorial_objectstorage' retrieved from /home/airflow/.local/lib/python3.12/site-packages/airflow/example_dags/tutorial_objectstorage.py
[2026-01-29T02:22:21.932+0000] {logging_mixin.py:188} INFO - [2026-01-29T02:22:21.931+0000] {dag.py:3089} INFO - Sync 1 DAGs
[2026-01-29T02:22:21.947+0000] {logging_mixin.py:188} INFO - [2026-01-29T02:22:21.947+0000] {dag.py:3947} INFO - Setting next_dagrun for tutorial_objectstorage to None, run_after=None
[2026-01-29T02:22:21.970+0000] {processor.py:183} INFO - Processing /home/airflow/.local/lib/python3.12/site-packages/airflow/example_dags/tutorial_objectstorage.py took 0.076 seconds
[2026-01-29T02:22:52.545+0000] {processor.py:161} INFO - Started process (PID=79666) to work on /home/airflow/.local/lib/python3.12/site-packages/airflow/example_dags/tutorial_objectstorage.py
[2026-01-29T02:22:52.546+0000] {processor.py:830} INFO - Processing file /home/airflow/.local/lib/python3.12/site-packages/airflow/example_dags/tutorial_objectstorage.py for tasks to queue
[2026-01-29T02:22:52.548+0000] {logging_mixin.py:188} INFO - [2026-01-29T02:22:52.548+0000] {dagbag.py:545} INFO - Filling up the DagBag from /home/airflow/.local/lib/python3.12/site-packages/airflow/example_dags/tutorial_objectstorage.py
[2026-01-29T02:22:52.556+0000] {processor.py:840} INFO - DAG(s) 'tutorial_objectstorage' retrieved from /home/airflow/.local/lib/python3.12/site-packages/airflow/example_dags/tutorial_objectstorage.py
[2026-01-29T02:22:52.576+0000] {logging_mixin.py:188} INFO - [2026-01-29T02:22:52.576+0000] {dag.py:3089} INFO - Sync 1 DAGs
[2026-01-29T02:22:52.590+0000] {logging_mixin.py:188} INFO - [2026-01-29T02:22:52.590+0000] {dag.py:3947} INFO - Setting next_dagrun for tutorial_objectstorage to None, run_after=None
[2026-01-29T02:22:52.610+0000] {processor.py:183} INFO - Processing /home/airflow/.local/lib/python3.12/site-packages/airflow/example_dags/tutorial_objectstorage.py took 0.072 seconds
[2026-01-29T02:23:23.259+0000] {processor.py:161} INFO - Started process (PID=79730) to work on /home/airflow/.local/lib/python3.12/site-packages/airflow/example_dags/tutorial_objectstorage.py
[2026-01-29T02:23:23.260+0000] {processor.py:830} INFO - Processing file /home/airflow/.local/lib/python3.12/site-packages/airflow/example_dags/tutorial_objectstorage.py for tasks to queue
[2026-01-29T02:23:23.262+0000] {logging_mixin.py:188} INFO - [2026-01-29T02:23:23.261+0000] {dagbag.py:545} INFO - Filling up the DagBag from /home/airflow/.local/lib/python3.12/site-packages/airflow/example_dags/tutorial_objectstorage.py
[2026-01-29T02:23:23.269+0000] {processor.py:840} INFO - DAG(s) 'tutorial_objectstorage' retrieved from /home/airflow/.local/lib/python3.12/site-packages/airflow/example_dags/tutorial_objectstorage.py
[2026-01-29T02:23:23.288+0000] {logging_mixin.py:188} INFO - [2026-01-29T02:23:23.288+0000] {dag.py:3089} INFO - Sync 1 DAGs
[2026-01-29T02:23:23.301+0000] {logging_mixin.py:188} INFO - [2026-01-29T02:23:23.301+0000] {dag.py:3947} INFO - Setting next_dagrun for tutorial_objectstorage to None, run_after=None
[2026-01-29T02:23:23.321+0000] {processor.py:183} INFO - Processing /home/airflow/.local/lib/python3.12/site-packages/airflow/example_dags/tutorial_objectstorage.py took 0.069 seconds
[2026-01-29T02:23:53.450+0000] {processor.py:161} INFO - Started process (PID=79789) to work on /home/airflow/.local/lib/python3.12/site-packages/airflow/example_dags/tutorial_objectstorage.py
[2026-01-29T02:23:53.451+0000] {processor.py:830} INFO - Processing file /home/airflow/.local/lib/python3.12/site-packages/airflow/example_dags/tutorial_objectstorage.py for tasks to queue
[2026-01-29T02:23:53.453+0000] {logging_mixin.py:188} INFO - [2026-01-29T02:23:53.452+0000] {dagbag.py:545} INFO - Filling up the DagBag from /home/airflow/.local/lib/python3.12/site-packages/airflow/example_dags/tutorial_objectstorage.py
[2026-01-29T02:23:53.461+0000] {processor.py:840} INFO - DAG(s) 'tutorial_objectstorage' retrieved from /home/airflow/.local/lib/python3.12/site-packages/airflow/example_dags/tutorial_objectstorage.py
[2026-01-29T02:23:53.483+0000] {logging_mixin.py:188} INFO - [2026-01-29T02:23:53.483+0000] {dag.py:3089} INFO - Sync 1 DAGs
[2026-01-29T02:23:53.498+0000] {logging_mixin.py:188} INFO - [2026-01-29T02:23:53.498+0000] {dag.py:3947} INFO - Setting next_dagrun for tutorial_objectstorage to None, run_after=None
[2026-01-29T02:23:53.520+0000] {processor.py:183} INFO - Processing /home/airflow/.local/lib/python3.12/site-packages/airflow/example_dags/tutorial_objectstorage.py took 0.078 seconds
[2026-01-29T02:24:23.955+0000] {processor.py:161} INFO - Started process (PID=79853) to work on /home/airflow/.local/lib/python3.12/site-packages/airflow/example_dags/tutorial_objectstorage.py
[2026-01-29T02:24:23.955+0000] {processor.py:830} INFO - Processing file /home/airflow/.local/lib/python3.12/site-packages/airflow/example_dags/tutorial_objectstorage.py for tasks to queue
[2026-01-29T02:24:23.958+0000] {logging_mixin.py:188} INFO - [2026-01-29T02:24:23.957+0000] {dagbag.py:545} INFO - Filling up the DagBag from /home/airflow/.local/lib/python3.12/site-packages/airflow/example_dags/tutorial_objectstorage.py
[2026-01-29T02:24:23.966+0000] {processor.py:840} INFO - DAG(s) 'tutorial_objectstorage' retrieved from /home/airflow/.local/lib/python3.12/site-packages/airflow/example_dags/tutorial_objectstorage.py
[2026-01-29T02:24:23.983+0000] {logging_mixin.py:188} INFO - [2026-01-29T02:24:23.983+0000] {dag.py:3089} INFO - Sync 1 DAGs
[2026-01-29T02:24:23.996+0000] {logging_mixin.py:188} INFO - [2026-01-29T02:24:23.996+0000] {dag.py:3947} INFO - Setting next_dagrun for tutorial_objectstorage to None, run_after=None
[2026-01-29T02:24:24.019+0000] {processor.py:183} INFO - Processing /home/airflow/.local/lib/python3.12/site-packages/airflow/example_dags/tutorial_objectstorage.py took 0.071 seconds
[2026-01-29T02:24:54.878+0000] {processor.py:161} INFO - Started process (PID=79912) to work on /home/airflow/.local/lib/python3.12/site-packages/airflow/example_dags/tutorial_objectstorage.py
[2026-01-29T02:24:54.879+0000] {processor.py:830} INFO - Processing file /home/airflow/.local/lib/python3.12/site-packages/airflow/example_dags/tutorial_objectstorage.py for tasks to queue
[2026-01-29T02:24:54.881+0000] {logging_mixin.py:188} INFO - [2026-01-29T02:24:54.881+0000] {dagbag.py:545} INFO - Filling up the DagBag from /home/airflow/.local/lib/python3.12/site-packages/airflow/example_dags/tutorial_objectstorage.py
[2026-01-29T02:24:54.889+0000] {processor.py:840} INFO - DAG(s) 'tutorial_objectstorage' retrieved from /home/airflow/.local/lib/python3.12/site-packages/airflow/example_dags/tutorial_objectstorage.py
[2026-01-29T02:24:54.910+0000] {logging_mixin.py:188} INFO - [2026-01-29T02:24:54.910+0000] {dag.py:3089} INFO - Sync 1 DAGs
[2026-01-29T02:24:54.925+0000] {logging_mixin.py:188} INFO - [2026-01-29T02:24:54.925+0000] {dag.py:3947} INFO - Setting next_dagrun for tutorial_objectstorage to None, run_after=None
[2026-01-29T02:24:54.946+0000] {processor.py:183} INFO - Processing /home/airflow/.local/lib/python3.12/site-packages/airflow/example_dags/tutorial_objectstorage.py took 0.075 seconds
[2026-01-29T02:25:25.235+0000] {processor.py:161} INFO - Started process (PID=79976) to work on /home/airflow/.local/lib/python3.12/site-packages/airflow/example_dags/tutorial_objectstorage.py
[2026-01-29T02:25:25.236+0000] {processor.py:830} INFO - Processing file /home/airflow/.local/lib/python3.12/site-packages/airflow/example_dags/tutorial_objectstorage.py for tasks to queue
[2026-01-29T02:25:25.238+0000] {logging_mixin.py:188} INFO - [2026-01-29T02:25:25.238+0000] {dagbag.py:545} INFO - Filling up the DagBag from /home/airflow/.local/lib/python3.12/site-packages/airflow/example_dags/tutorial_objectstorage.py
[2026-01-29T02:25:25.247+0000] {processor.py:840} INFO - DAG(s) 'tutorial_objectstorage' retrieved from /home/airflow/.local/lib/python3.12/site-packages/airflow/example_dags/tutorial_objectstorage.py
[2026-01-29T02:25:25.268+0000] {logging_mixin.py:188} INFO - [2026-01-29T02:25:25.267+0000] {dag.py:3089} INFO - Sync 1 DAGs
[2026-01-29T02:25:25.282+0000] {logging_mixin.py:188} INFO - [2026-01-29T02:25:25.282+0000] {dag.py:3947} INFO - Setting next_dagrun for tutorial_objectstorage to None, run_after=None
[2026-01-29T02:25:25.306+0000] {processor.py:183} INFO - Processing /home/airflow/.local/lib/python3.12/site-packages/airflow/example_dags/tutorial_objectstorage.py took 0.078 seconds
[2026-01-29T02:25:55.431+0000] {processor.py:161} INFO - Started process (PID=80035) to work on /home/airflow/.local/lib/python3.12/site-packages/airflow/example_dags/tutorial_objectstorage.py
[2026-01-29T02:25:55.432+0000] {processor.py:830} INFO - Processing file /home/airflow/.local/lib/python3.12/site-packages/airflow/example_dags/tutorial_objectstorage.py for tasks to queue
[2026-01-29T02:25:55.434+0000] {logging_mixin.py:188} INFO - [2026-01-29T02:25:55.434+0000] {dagbag.py:545} INFO - Filling up the DagBag from /home/airflow/.local/lib/python3.12/site-packages/airflow/example_dags/tutorial_objectstorage.py
[2026-01-29T02:25:55.443+0000] {processor.py:840} INFO - DAG(s) 'tutorial_objectstorage' retrieved from /home/airflow/.local/lib/python3.12/site-packages/airflow/example_dags/tutorial_objectstorage.py
[2026-01-29T02:25:55.462+0000] {logging_mixin.py:188} INFO - [2026-01-29T02:25:55.462+0000] {dag.py:3089} INFO - Sync 1 DAGs
[2026-01-29T02:25:55.475+0000] {logging_mixin.py:188} INFO - [2026-01-29T02:25:55.475+0000] {dag.py:3947} INFO - Setting next_dagrun for tutorial_objectstorage to None, run_after=None
[2026-01-29T02:25:55.495+0000] {processor.py:183} INFO - Processing /home/airflow/.local/lib/python3.12/site-packages/airflow/example_dags/tutorial_objectstorage.py took 0.071 seconds
[2026-01-29T02:26:25.775+0000] {processor.py:161} INFO - Started process (PID=80099) to work on /home/airflow/.local/lib/python3.12/site-packages/airflow/example_dags/tutorial_objectstorage.py
[2026-01-29T02:26:25.776+0000] {processor.py:830} INFO - Processing file /home/airflow/.local/lib/python3.12/site-packages/airflow/example_dags/tutorial_objectstorage.py for tasks to queue
[2026-01-29T02:26:25.778+0000] {logging_mixin.py:188} INFO - [2026-01-29T02:26:25.778+0000] {dagbag.py:545} INFO - Filling up the DagBag from /home/airflow/.local/lib/python3.12/site-packages/airflow/example_dags/tutorial_objectstorage.py
[2026-01-29T02:26:25.786+0000] {processor.py:840} INFO - DAG(s) 'tutorial_objectstorage' retrieved from /home/airflow/.local/lib/python3.12/site-packages/airflow/example_dags/tutorial_objectstorage.py
[2026-01-29T02:26:25.806+0000] {logging_mixin.py:188} INFO - [2026-01-29T02:26:25.806+0000] {dag.py:3089} INFO - Sync 1 DAGs
[2026-01-29T02:26:25.821+0000] {logging_mixin.py:188} INFO - [2026-01-29T02:26:25.821+0000] {dag.py:3947} INFO - Setting next_dagrun for tutorial_objectstorage to None, run_after=None
[2026-01-29T02:26:25.841+0000] {processor.py:183} INFO - Processing /home/airflow/.local/lib/python3.12/site-packages/airflow/example_dags/tutorial_objectstorage.py took 0.074 seconds
[2026-01-29T02:26:55.914+0000] {processor.py:161} INFO - Started process (PID=80157) to work on /home/airflow/.local/lib/python3.12/site-packages/airflow/example_dags/tutorial_objectstorage.py
[2026-01-29T02:26:55.915+0000] {processor.py:830} INFO - Processing file /home/airflow/.local/lib/python3.12/site-packages/airflow/example_dags/tutorial_objectstorage.py for tasks to queue
[2026-01-29T02:26:55.917+0000] {logging_mixin.py:188} INFO - [2026-01-29T02:26:55.917+0000] {dagbag.py:545} INFO - Filling up the DagBag from /home/airflow/.local/lib/python3.12/site-packages/airflow/example_dags/tutorial_objectstorage.py
[2026-01-29T02:26:55.925+0000] {processor.py:840} INFO - DAG(s) 'tutorial_objectstorage' retrieved from /home/airflow/.local/lib/python3.12/site-packages/airflow/example_dags/tutorial_objectstorage.py
[2026-01-29T02:26:55.945+0000] {logging_mixin.py:188} INFO - [2026-01-29T02:26:55.945+0000] {dag.py:3089} INFO - Sync 1 DAGs
[2026-01-29T02:26:55.959+0000] {logging_mixin.py:188} INFO - [2026-01-29T02:26:55.958+0000] {dag.py:3947} INFO - Setting next_dagrun for tutorial_objectstorage to None, run_after=None
[2026-01-29T02:26:55.979+0000] {processor.py:183} INFO - Processing /home/airflow/.local/lib/python3.12/site-packages/airflow/example_dags/tutorial_objectstorage.py took 0.072 seconds
[2026-01-29T02:27:26.347+0000] {processor.py:161} INFO - Started process (PID=80222) to work on /home/airflow/.local/lib/python3.12/site-packages/airflow/example_dags/tutorial_objectstorage.py
[2026-01-29T02:27:26.348+0000] {processor.py:830} INFO - Processing file /home/airflow/.local/lib/python3.12/site-packages/airflow/example_dags/tutorial_objectstorage.py for tasks to queue
[2026-01-29T02:27:26.350+0000] {logging_mixin.py:188} INFO - [2026-01-29T02:27:26.349+0000] {dagbag.py:545} INFO - Filling up the DagBag from /home/airflow/.local/lib/python3.12/site-packages/airflow/example_dags/tutorial_objectstorage.py
[2026-01-29T02:27:26.357+0000] {processor.py:840} INFO - DAG(s) 'tutorial_objectstorage' retrieved from /home/airflow/.local/lib/python3.12/site-packages/airflow/example_dags/tutorial_objectstorage.py
[2026-01-29T02:27:26.377+0000] {logging_mixin.py:188} INFO - [2026-01-29T02:27:26.377+0000] {dag.py:3089} INFO - Sync 1 DAGs
[2026-01-29T02:27:26.394+0000] {logging_mixin.py:188} INFO - [2026-01-29T02:27:26.394+0000] {dag.py:3947} INFO - Setting next_dagrun for tutorial_objectstorage to None, run_after=None
[2026-01-29T02:27:26.416+0000] {processor.py:183} INFO - Processing /home/airflow/.local/lib/python3.12/site-packages/airflow/example_dags/tutorial_objectstorage.py took 0.076 seconds
[2026-01-29T02:27:56.775+0000] {processor.py:161} INFO - Started process (PID=80281) to work on /home/airflow/.local/lib/python3.12/site-packages/airflow/example_dags/tutorial_objectstorage.py
[2026-01-29T02:27:56.776+0000] {processor.py:830} INFO - Processing file /home/airflow/.local/lib/python3.12/site-packages/airflow/example_dags/tutorial_objectstorage.py for tasks to queue
[2026-01-29T02:27:56.777+0000] {logging_mixin.py:188} INFO - [2026-01-29T02:27:56.777+0000] {dagbag.py:545} INFO - Filling up the DagBag from /home/airflow/.local/lib/python3.12/site-packages/airflow/example_dags/tutorial_objectstorage.py
[2026-01-29T02:27:56.784+0000] {processor.py:840} INFO - DAG(s) 'tutorial_objectstorage' retrieved from /home/airflow/.local/lib/python3.12/site-packages/airflow/example_dags/tutorial_objectstorage.py
[2026-01-29T02:27:56.804+0000] {logging_mixin.py:188} INFO - [2026-01-29T02:27:56.803+0000] {dag.py:3089} INFO - Sync 1 DAGs
[2026-01-29T02:27:56.817+0000] {logging_mixin.py:188} INFO - [2026-01-29T02:27:56.817+0000] {dag.py:3947} INFO - Setting next_dagrun for tutorial_objectstorage to None, run_after=None
[2026-01-29T02:27:56.836+0000] {processor.py:183} INFO - Processing /home/airflow/.local/lib/python3.12/site-packages/airflow/example_dags/tutorial_objectstorage.py took 0.068 seconds
[2026-01-29T02:28:26.863+0000] {processor.py:161} INFO - Started process (PID=80344) to work on /home/airflow/.local/lib/python3.12/site-packages/airflow/example_dags/tutorial_objectstorage.py
[2026-01-29T02:28:26.864+0000] {processor.py:830} INFO - Processing file /home/airflow/.local/lib/python3.12/site-packages/airflow/example_dags/tutorial_objectstorage.py for tasks to queue
[2026-01-29T02:28:26.866+0000] {logging_mixin.py:188} INFO - [2026-01-29T02:28:26.866+0000] {dagbag.py:545} INFO - Filling up the DagBag from /home/airflow/.local/lib/python3.12/site-packages/airflow/example_dags/tutorial_objectstorage.py
[2026-01-29T02:28:26.874+0000] {processor.py:840} INFO - DAG(s) 'tutorial_objectstorage' retrieved from /home/airflow/.local/lib/python3.12/site-packages/airflow/example_dags/tutorial_objectstorage.py
[2026-01-29T02:28:26.895+0000] {logging_mixin.py:188} INFO - [2026-01-29T02:28:26.894+0000] {dag.py:3089} INFO - Sync 1 DAGs
[2026-01-29T02:28:26.909+0000] {logging_mixin.py:188} INFO - [2026-01-29T02:28:26.908+0000] {dag.py:3947} INFO - Setting next_dagrun for tutorial_objectstorage to None, run_after=None
[2026-01-29T02:28:26.929+0000] {processor.py:183} INFO - Processing /home/airflow/.local/lib/python3.12/site-packages/airflow/example_dags/tutorial_objectstorage.py took 0.073 seconds
[2026-01-29T02:28:57.026+0000] {processor.py:161} INFO - Started process (PID=80403) to work on /home/airflow/.local/lib/python3.12/site-packages/airflow/example_dags/tutorial_objectstorage.py
[2026-01-29T02:28:57.027+0000] {processor.py:830} INFO - Processing file /home/airflow/.local/lib/python3.12/site-packages/airflow/example_dags/tutorial_objectstorage.py for tasks to queue
[2026-01-29T02:28:57.029+0000] {logging_mixin.py:188} INFO - [2026-01-29T02:28:57.028+0000] {dagbag.py:545} INFO - Filling up the DagBag from /home/airflow/.local/lib/python3.12/site-packages/airflow/example_dags/tutorial_objectstorage.py
[2026-01-29T02:28:57.036+0000] {processor.py:840} INFO - DAG(s) 'tutorial_objectstorage' retrieved from /home/airflow/.local/lib/python3.12/site-packages/airflow/example_dags/tutorial_objectstorage.py
[2026-01-29T02:28:57.060+0000] {logging_mixin.py:188} INFO - [2026-01-29T02:28:57.060+0000] {dag.py:3089} INFO - Sync 1 DAGs
[2026-01-29T02:28:57.080+0000] {logging_mixin.py:188} INFO - [2026-01-29T02:28:57.080+0000] {dag.py:3947} INFO - Setting next_dagrun for tutorial_objectstorage to None, run_after=None
[2026-01-29T02:28:57.106+0000] {processor.py:183} INFO - Processing /home/airflow/.local/lib/python3.12/site-packages/airflow/example_dags/tutorial_objectstorage.py took 0.086 seconds
[2026-01-29T02:29:27.441+0000] {processor.py:161} INFO - Started process (PID=80467) to work on /home/airflow/.local/lib/python3.12/site-packages/airflow/example_dags/tutorial_objectstorage.py
[2026-01-29T02:29:27.442+0000] {processor.py:830} INFO - Processing file /home/airflow/.local/lib/python3.12/site-packages/airflow/example_dags/tutorial_objectstorage.py for tasks to queue
[2026-01-29T02:29:27.444+0000] {logging_mixin.py:188} INFO - [2026-01-29T02:29:27.444+0000] {dagbag.py:545} INFO - Filling up the DagBag from /home/airflow/.local/lib/python3.12/site-packages/airflow/example_dags/tutorial_objectstorage.py
[2026-01-29T02:29:27.453+0000] {processor.py:840} INFO - DAG(s) 'tutorial_objectstorage' retrieved from /home/airflow/.local/lib/python3.12/site-packages/airflow/example_dags/tutorial_objectstorage.py
[2026-01-29T02:29:27.472+0000] {logging_mixin.py:188} INFO - [2026-01-29T02:29:27.472+0000] {dag.py:3089} INFO - Sync 1 DAGs
[2026-01-29T02:29:27.485+0000] {logging_mixin.py:188} INFO - [2026-01-29T02:29:27.485+0000] {dag.py:3947} INFO - Setting next_dagrun for tutorial_objectstorage to None, run_after=None
[2026-01-29T02:29:27.505+0000] {processor.py:183} INFO - Processing /home/airflow/.local/lib/python3.12/site-packages/airflow/example_dags/tutorial_objectstorage.py took 0.071 seconds
[2026-01-29T02:29:57.691+0000] {processor.py:161} INFO - Started process (PID=80526) to work on /home/airflow/.local/lib/python3.12/site-packages/airflow/example_dags/tutorial_objectstorage.py
[2026-01-29T02:29:57.691+0000] {processor.py:830} INFO - Processing file /home/airflow/.local/lib/python3.12/site-packages/airflow/example_dags/tutorial_objectstorage.py for tasks to queue
[2026-01-29T02:29:57.693+0000] {logging_mixin.py:188} INFO - [2026-01-29T02:29:57.693+0000] {dagbag.py:545} INFO - Filling up the DagBag from /home/airflow/.local/lib/python3.12/site-packages/airflow/example_dags/tutorial_objectstorage.py
[2026-01-29T02:29:57.701+0000] {processor.py:840} INFO - DAG(s) 'tutorial_objectstorage' retrieved from /home/airflow/.local/lib/python3.12/site-packages/airflow/example_dags/tutorial_objectstorage.py
[2026-01-29T02:29:57.722+0000] {logging_mixin.py:188} INFO - [2026-01-29T02:29:57.721+0000] {dag.py:3089} INFO - Sync 1 DAGs
[2026-01-29T02:29:57.736+0000] {logging_mixin.py:188} INFO - [2026-01-29T02:29:57.735+0000] {dag.py:3947} INFO - Setting next_dagrun for tutorial_objectstorage to None, run_after=None
[2026-01-29T02:29:57.756+0000] {processor.py:183} INFO - Processing /home/airflow/.local/lib/python3.12/site-packages/airflow/example_dags/tutorial_objectstorage.py took 0.073 seconds
[2026-01-29T02:30:28.547+0000] {processor.py:161} INFO - Started process (PID=80590) to work on /home/airflow/.local/lib/python3.12/site-packages/airflow/example_dags/tutorial_objectstorage.py
[2026-01-29T02:30:28.548+0000] {processor.py:830} INFO - Processing file /home/airflow/.local/lib/python3.12/site-packages/airflow/example_dags/tutorial_objectstorage.py for tasks to queue
[2026-01-29T02:30:28.550+0000] {logging_mixin.py:188} INFO - [2026-01-29T02:30:28.550+0000] {dagbag.py:545} INFO - Filling up the DagBag from /home/airflow/.local/lib/python3.12/site-packages/airflow/example_dags/tutorial_objectstorage.py
[2026-01-29T02:30:28.558+0000] {processor.py:840} INFO - DAG(s) 'tutorial_objectstorage' retrieved from /home/airflow/.local/lib/python3.12/site-packages/airflow/example_dags/tutorial_objectstorage.py
[2026-01-29T02:30:28.576+0000] {logging_mixin.py:188} INFO - [2026-01-29T02:30:28.576+0000] {dag.py:3089} INFO - Sync 1 DAGs
[2026-01-29T02:30:28.589+0000] {logging_mixin.py:188} INFO - [2026-01-29T02:30:28.589+0000] {dag.py:3947} INFO - Setting next_dagrun for tutorial_objectstorage to None, run_after=None
[2026-01-29T02:30:28.609+0000] {processor.py:183} INFO - Processing /home/airflow/.local/lib/python3.12/site-packages/airflow/example_dags/tutorial_objectstorage.py took 0.069 seconds
[2026-01-29T02:30:58.798+0000] {processor.py:161} INFO - Started process (PID=80649) to work on /home/airflow/.local/lib/python3.12/site-packages/airflow/example_dags/tutorial_objectstorage.py
[2026-01-29T02:30:58.799+0000] {processor.py:830} INFO - Processing file /home/airflow/.local/lib/python3.12/site-packages/airflow/example_dags/tutorial_objectstorage.py for tasks to queue
[2026-01-29T02:30:58.801+0000] {logging_mixin.py:188} INFO - [2026-01-29T02:30:58.800+0000] {dagbag.py:545} INFO - Filling up the DagBag from /home/airflow/.local/lib/python3.12/site-packages/airflow/example_dags/tutorial_objectstorage.py
[2026-01-29T02:30:58.809+0000] {processor.py:840} INFO - DAG(s) 'tutorial_objectstorage' retrieved from /home/airflow/.local/lib/python3.12/site-packages/airflow/example_dags/tutorial_objectstorage.py
[2026-01-29T02:30:58.829+0000] {logging_mixin.py:188} INFO - [2026-01-29T02:30:58.829+0000] {dag.py:3089} INFO - Sync 1 DAGs
[2026-01-29T02:30:58.843+0000] {logging_mixin.py:188} INFO - [2026-01-29T02:30:58.843+0000] {dag.py:3947} INFO - Setting next_dagrun for tutorial_objectstorage to None, run_after=None
[2026-01-29T02:30:58.864+0000] {processor.py:183} INFO - Processing /home/airflow/.local/lib/python3.12/site-packages/airflow/example_dags/tutorial_objectstorage.py took 0.073 seconds
[2026-01-29T02:31:29.251+0000] {processor.py:161} INFO - Started process (PID=80713) to work on /home/airflow/.local/lib/python3.12/site-packages/airflow/example_dags/tutorial_objectstorage.py
[2026-01-29T02:31:29.252+0000] {processor.py:830} INFO - Processing file /home/airflow/.local/lib/python3.12/site-packages/airflow/example_dags/tutorial_objectstorage.py for tasks to queue
[2026-01-29T02:31:29.255+0000] {logging_mixin.py:188} INFO - [2026-01-29T02:31:29.254+0000] {dagbag.py:545} INFO - Filling up the DagBag from /home/airflow/.local/lib/python3.12/site-packages/airflow/example_dags/tutorial_objectstorage.py
[2026-01-29T02:31:29.263+0000] {processor.py:840} INFO - DAG(s) 'tutorial_objectstorage' retrieved from /home/airflow/.local/lib/python3.12/site-packages/airflow/example_dags/tutorial_objectstorage.py
[2026-01-29T02:31:29.284+0000] {logging_mixin.py:188} INFO - [2026-01-29T02:31:29.284+0000] {dag.py:3089} INFO - Sync 1 DAGs
[2026-01-29T02:31:29.299+0000] {logging_mixin.py:188} INFO - [2026-01-29T02:31:29.298+0000] {dag.py:3947} INFO - Setting next_dagrun for tutorial_objectstorage to None, run_after=None
[2026-01-29T02:31:29.321+0000] {processor.py:183} INFO - Processing /home/airflow/.local/lib/python3.12/site-packages/airflow/example_dags/tutorial_objectstorage.py took 0.077 seconds
[2026-01-29T02:31:59.517+0000] {processor.py:161} INFO - Started process (PID=80772) to work on /home/airflow/.local/lib/python3.12/site-packages/airflow/example_dags/tutorial_objectstorage.py
[2026-01-29T02:31:59.518+0000] {processor.py:830} INFO - Processing file /home/airflow/.local/lib/python3.12/site-packages/airflow/example_dags/tutorial_objectstorage.py for tasks to queue
[2026-01-29T02:31:59.519+0000] {logging_mixin.py:188} INFO - [2026-01-29T02:31:59.519+0000] {dagbag.py:545} INFO - Filling up the DagBag from /home/airflow/.local/lib/python3.12/site-packages/airflow/example_dags/tutorial_objectstorage.py
[2026-01-29T02:31:59.527+0000] {processor.py:840} INFO - DAG(s) 'tutorial_objectstorage' retrieved from /home/airflow/.local/lib/python3.12/site-packages/airflow/example_dags/tutorial_objectstorage.py
[2026-01-29T02:31:59.546+0000] {logging_mixin.py:188} INFO - [2026-01-29T02:31:59.546+0000] {dag.py:3089} INFO - Sync 1 DAGs
[2026-01-29T02:31:59.559+0000] {logging_mixin.py:188} INFO - [2026-01-29T02:31:59.559+0000] {dag.py:3947} INFO - Setting next_dagrun for tutorial_objectstorage to None, run_after=None
[2026-01-29T02:31:59.579+0000] {processor.py:183} INFO - Processing /home/airflow/.local/lib/python3.12/site-packages/airflow/example_dags/tutorial_objectstorage.py took 0.068 seconds
[2026-01-29T02:32:29.673+0000] {processor.py:161} INFO - Started process (PID=80836) to work on /home/airflow/.local/lib/python3.12/site-packages/airflow/example_dags/tutorial_objectstorage.py
[2026-01-29T02:32:29.674+0000] {processor.py:830} INFO - Processing file /home/airflow/.local/lib/python3.12/site-packages/airflow/example_dags/tutorial_objectstorage.py for tasks to queue
[2026-01-29T02:32:29.676+0000] {logging_mixin.py:188} INFO - [2026-01-29T02:32:29.676+0000] {dagbag.py:545} INFO - Filling up the DagBag from /home/airflow/.local/lib/python3.12/site-packages/airflow/example_dags/tutorial_objectstorage.py
[2026-01-29T02:32:29.684+0000] {processor.py:840} INFO - DAG(s) 'tutorial_objectstorage' retrieved from /home/airflow/.local/lib/python3.12/site-packages/airflow/example_dags/tutorial_objectstorage.py
[2026-01-29T02:32:29.704+0000] {logging_mixin.py:188} INFO - [2026-01-29T02:32:29.704+0000] {dag.py:3089} INFO - Sync 1 DAGs
[2026-01-29T02:32:29.718+0000] {logging_mixin.py:188} INFO - [2026-01-29T02:32:29.717+0000] {dag.py:3947} INFO - Setting next_dagrun for tutorial_objectstorage to None, run_after=None
[2026-01-29T02:32:29.738+0000] {processor.py:183} INFO - Processing /home/airflow/.local/lib/python3.12/site-packages/airflow/example_dags/tutorial_objectstorage.py took 0.072 seconds
[2026-01-29T02:32:59.978+0000] {processor.py:161} INFO - Started process (PID=80895) to work on /home/airflow/.local/lib/python3.12/site-packages/airflow/example_dags/tutorial_objectstorage.py
[2026-01-29T02:32:59.979+0000] {processor.py:830} INFO - Processing file /home/airflow/.local/lib/python3.12/site-packages/airflow/example_dags/tutorial_objectstorage.py for tasks to queue
[2026-01-29T02:32:59.981+0000] {logging_mixin.py:188} INFO - [2026-01-29T02:32:59.981+0000] {dagbag.py:545} INFO - Filling up the DagBag from /home/airflow/.local/lib/python3.12/site-packages/airflow/example_dags/tutorial_objectstorage.py
[2026-01-29T02:32:59.989+0000] {processor.py:840} INFO - DAG(s) 'tutorial_objectstorage' retrieved from /home/airflow/.local/lib/python3.12/site-packages/airflow/example_dags/tutorial_objectstorage.py
[2026-01-29T02:33:00.010+0000] {logging_mixin.py:188} INFO - [2026-01-29T02:33:00.010+0000] {dag.py:3089} INFO - Sync 1 DAGs
[2026-01-29T02:33:00.024+0000] {logging_mixin.py:188} INFO - [2026-01-29T02:33:00.024+0000] {dag.py:3947} INFO - Setting next_dagrun for tutorial_objectstorage to None, run_after=None
[2026-01-29T02:33:00.044+0000] {processor.py:183} INFO - Processing /home/airflow/.local/lib/python3.12/site-packages/airflow/example_dags/tutorial_objectstorage.py took 0.073 seconds
[2026-01-29T02:33:30.402+0000] {processor.py:161} INFO - Started process (PID=80959) to work on /home/airflow/.local/lib/python3.12/site-packages/airflow/example_dags/tutorial_objectstorage.py
[2026-01-29T02:33:30.403+0000] {processor.py:830} INFO - Processing file /home/airflow/.local/lib/python3.12/site-packages/airflow/example_dags/tutorial_objectstorage.py for tasks to queue
[2026-01-29T02:33:30.405+0000] {logging_mixin.py:188} INFO - [2026-01-29T02:33:30.405+0000] {dagbag.py:545} INFO - Filling up the DagBag from /home/airflow/.local/lib/python3.12/site-packages/airflow/example_dags/tutorial_objectstorage.py
[2026-01-29T02:33:30.414+0000] {processor.py:840} INFO - DAG(s) 'tutorial_objectstorage' retrieved from /home/airflow/.local/lib/python3.12/site-packages/airflow/example_dags/tutorial_objectstorage.py
[2026-01-29T02:33:30.433+0000] {logging_mixin.py:188} INFO - [2026-01-29T02:33:30.433+0000] {dag.py:3089} INFO - Sync 1 DAGs
[2026-01-29T02:33:30.450+0000] {logging_mixin.py:188} INFO - [2026-01-29T02:33:30.450+0000] {dag.py:3947} INFO - Setting next_dagrun for tutorial_objectstorage to None, run_after=None
[2026-01-29T02:33:30.471+0000] {processor.py:183} INFO - Processing /home/airflow/.local/lib/python3.12/site-packages/airflow/example_dags/tutorial_objectstorage.py took 0.076 seconds
[2026-01-29T02:34:00.820+0000] {processor.py:161} INFO - Started process (PID=81023) to work on /home/airflow/.local/lib/python3.12/site-packages/airflow/example_dags/tutorial_objectstorage.py
[2026-01-29T02:34:00.821+0000] {processor.py:830} INFO - Processing file /home/airflow/.local/lib/python3.12/site-packages/airflow/example_dags/tutorial_objectstorage.py for tasks to queue
[2026-01-29T02:34:00.823+0000] {logging_mixin.py:188} INFO - [2026-01-29T02:34:00.823+0000] {dagbag.py:545} INFO - Filling up the DagBag from /home/airflow/.local/lib/python3.12/site-packages/airflow/example_dags/tutorial_objectstorage.py
[2026-01-29T02:34:00.834+0000] {processor.py:840} INFO - DAG(s) 'tutorial_objectstorage' retrieved from /home/airflow/.local/lib/python3.12/site-packages/airflow/example_dags/tutorial_objectstorage.py
[2026-01-29T02:34:00.862+0000] {logging_mixin.py:188} INFO - [2026-01-29T02:34:00.862+0000] {dag.py:3089} INFO - Sync 1 DAGs
[2026-01-29T02:34:00.885+0000] {logging_mixin.py:188} INFO - [2026-01-29T02:34:00.884+0000] {dag.py:3947} INFO - Setting next_dagrun for tutorial_objectstorage to None, run_after=None
[2026-01-29T02:34:00.915+0000] {processor.py:183} INFO - Processing /home/airflow/.local/lib/python3.12/site-packages/airflow/example_dags/tutorial_objectstorage.py took 0.105 seconds
[2026-01-29T02:34:31.090+0000] {processor.py:161} INFO - Started process (PID=81082) to work on /home/airflow/.local/lib/python3.12/site-packages/airflow/example_dags/tutorial_objectstorage.py
[2026-01-29T02:34:31.091+0000] {processor.py:830} INFO - Processing file /home/airflow/.local/lib/python3.12/site-packages/airflow/example_dags/tutorial_objectstorage.py for tasks to queue
[2026-01-29T02:34:31.093+0000] {logging_mixin.py:188} INFO - [2026-01-29T02:34:31.093+0000] {dagbag.py:545} INFO - Filling up the DagBag from /home/airflow/.local/lib/python3.12/site-packages/airflow/example_dags/tutorial_objectstorage.py
[2026-01-29T02:34:31.102+0000] {processor.py:840} INFO - DAG(s) 'tutorial_objectstorage' retrieved from /home/airflow/.local/lib/python3.12/site-packages/airflow/example_dags/tutorial_objectstorage.py
[2026-01-29T02:34:31.121+0000] {logging_mixin.py:188} INFO - [2026-01-29T02:34:31.121+0000] {dag.py:3089} INFO - Sync 1 DAGs
[2026-01-29T02:34:31.134+0000] {logging_mixin.py:188} INFO - [2026-01-29T02:34:31.134+0000] {dag.py:3947} INFO - Setting next_dagrun for tutorial_objectstorage to None, run_after=None
[2026-01-29T02:34:31.155+0000] {processor.py:183} INFO - Processing /home/airflow/.local/lib/python3.12/site-packages/airflow/example_dags/tutorial_objectstorage.py took 0.072 seconds
[2026-01-29T02:35:01.934+0000] {processor.py:161} INFO - Started process (PID=81146) to work on /home/airflow/.local/lib/python3.12/site-packages/airflow/example_dags/tutorial_objectstorage.py
[2026-01-29T02:35:01.935+0000] {processor.py:830} INFO - Processing file /home/airflow/.local/lib/python3.12/site-packages/airflow/example_dags/tutorial_objectstorage.py for tasks to queue
[2026-01-29T02:35:01.938+0000] {logging_mixin.py:188} INFO - [2026-01-29T02:35:01.937+0000] {dagbag.py:545} INFO - Filling up the DagBag from /home/airflow/.local/lib/python3.12/site-packages/airflow/example_dags/tutorial_objectstorage.py
[2026-01-29T02:35:01.949+0000] {processor.py:840} INFO - DAG(s) 'tutorial_objectstorage' retrieved from /home/airflow/.local/lib/python3.12/site-packages/airflow/example_dags/tutorial_objectstorage.py
[2026-01-29T02:35:01.978+0000] {logging_mixin.py:188} INFO - [2026-01-29T02:35:01.977+0000] {dag.py:3089} INFO - Sync 1 DAGs
[2026-01-29T02:35:01.999+0000] {logging_mixin.py:188} INFO - [2026-01-29T02:35:01.999+0000] {dag.py:3947} INFO - Setting next_dagrun for tutorial_objectstorage to None, run_after=None
[2026-01-29T02:35:02.028+0000] {processor.py:183} INFO - Processing /home/airflow/.local/lib/python3.12/site-packages/airflow/example_dags/tutorial_objectstorage.py took 0.103 seconds
[2026-01-29T02:35:32.485+0000] {processor.py:161} INFO - Started process (PID=81205) to work on /home/airflow/.local/lib/python3.12/site-packages/airflow/example_dags/tutorial_objectstorage.py
[2026-01-29T02:35:32.486+0000] {processor.py:830} INFO - Processing file /home/airflow/.local/lib/python3.12/site-packages/airflow/example_dags/tutorial_objectstorage.py for tasks to queue
[2026-01-29T02:35:32.487+0000] {logging_mixin.py:188} INFO - [2026-01-29T02:35:32.487+0000] {dagbag.py:545} INFO - Filling up the DagBag from /home/airflow/.local/lib/python3.12/site-packages/airflow/example_dags/tutorial_objectstorage.py
[2026-01-29T02:35:32.495+0000] {processor.py:840} INFO - DAG(s) 'tutorial_objectstorage' retrieved from /home/airflow/.local/lib/python3.12/site-packages/airflow/example_dags/tutorial_objectstorage.py
[2026-01-29T02:35:32.514+0000] {logging_mixin.py:188} INFO - [2026-01-29T02:35:32.514+0000] {dag.py:3089} INFO - Sync 1 DAGs
[2026-01-29T02:35:32.528+0000] {logging_mixin.py:188} INFO - [2026-01-29T02:35:32.528+0000] {dag.py:3947} INFO - Setting next_dagrun for tutorial_objectstorage to None, run_after=None
[2026-01-29T02:35:32.550+0000] {processor.py:183} INFO - Processing /home/airflow/.local/lib/python3.12/site-packages/airflow/example_dags/tutorial_objectstorage.py took 0.071 seconds
[2026-01-29T02:36:02.696+0000] {processor.py:161} INFO - Started process (PID=81269) to work on /home/airflow/.local/lib/python3.12/site-packages/airflow/example_dags/tutorial_objectstorage.py
[2026-01-29T02:36:02.697+0000] {processor.py:830} INFO - Processing file /home/airflow/.local/lib/python3.12/site-packages/airflow/example_dags/tutorial_objectstorage.py for tasks to queue
[2026-01-29T02:36:02.700+0000] {logging_mixin.py:188} INFO - [2026-01-29T02:36:02.699+0000] {dagbag.py:545} INFO - Filling up the DagBag from /home/airflow/.local/lib/python3.12/site-packages/airflow/example_dags/tutorial_objectstorage.py
[2026-01-29T02:36:02.709+0000] {processor.py:840} INFO - DAG(s) 'tutorial_objectstorage' retrieved from /home/airflow/.local/lib/python3.12/site-packages/airflow/example_dags/tutorial_objectstorage.py
[2026-01-29T02:36:02.729+0000] {logging_mixin.py:188} INFO - [2026-01-29T02:36:02.729+0000] {dag.py:3089} INFO - Sync 1 DAGs
[2026-01-29T02:36:02.749+0000] {logging_mixin.py:188} INFO - [2026-01-29T02:36:02.749+0000] {dag.py:3947} INFO - Setting next_dagrun for tutorial_objectstorage to None, run_after=None
[2026-01-29T02:36:02.775+0000] {processor.py:183} INFO - Processing /home/airflow/.local/lib/python3.12/site-packages/airflow/example_dags/tutorial_objectstorage.py took 0.089 seconds
[2026-01-29T02:36:33.110+0000] {processor.py:161} INFO - Started process (PID=81328) to work on /home/airflow/.local/lib/python3.12/site-packages/airflow/example_dags/tutorial_objectstorage.py
[2026-01-29T02:36:33.112+0000] {processor.py:830} INFO - Processing file /home/airflow/.local/lib/python3.12/site-packages/airflow/example_dags/tutorial_objectstorage.py for tasks to queue
[2026-01-29T02:36:33.114+0000] {logging_mixin.py:188} INFO - [2026-01-29T02:36:33.113+0000] {dagbag.py:545} INFO - Filling up the DagBag from /home/airflow/.local/lib/python3.12/site-packages/airflow/example_dags/tutorial_objectstorage.py
[2026-01-29T02:36:33.122+0000] {processor.py:840} INFO - DAG(s) 'tutorial_objectstorage' retrieved from /home/airflow/.local/lib/python3.12/site-packages/airflow/example_dags/tutorial_objectstorage.py
[2026-01-29T02:36:33.142+0000] {logging_mixin.py:188} INFO - [2026-01-29T02:36:33.142+0000] {dag.py:3089} INFO - Sync 1 DAGs
[2026-01-29T02:36:33.155+0000] {logging_mixin.py:188} INFO - [2026-01-29T02:36:33.155+0000] {dag.py:3947} INFO - Setting next_dagrun for tutorial_objectstorage to None, run_after=None
[2026-01-29T02:36:33.175+0000] {processor.py:183} INFO - Processing /home/airflow/.local/lib/python3.12/site-packages/airflow/example_dags/tutorial_objectstorage.py took 0.072 seconds
[2026-01-29T02:37:03.291+0000] {processor.py:161} INFO - Started process (PID=81392) to work on /home/airflow/.local/lib/python3.12/site-packages/airflow/example_dags/tutorial_objectstorage.py
[2026-01-29T02:37:03.292+0000] {processor.py:830} INFO - Processing file /home/airflow/.local/lib/python3.12/site-packages/airflow/example_dags/tutorial_objectstorage.py for tasks to queue
[2026-01-29T02:37:03.293+0000] {logging_mixin.py:188} INFO - [2026-01-29T02:37:03.293+0000] {dagbag.py:545} INFO - Filling up the DagBag from /home/airflow/.local/lib/python3.12/site-packages/airflow/example_dags/tutorial_objectstorage.py
[2026-01-29T02:37:03.301+0000] {processor.py:840} INFO - DAG(s) 'tutorial_objectstorage' retrieved from /home/airflow/.local/lib/python3.12/site-packages/airflow/example_dags/tutorial_objectstorage.py
[2026-01-29T02:37:03.325+0000] {logging_mixin.py:188} INFO - [2026-01-29T02:37:03.324+0000] {dag.py:3089} INFO - Sync 1 DAGs
[2026-01-29T02:37:03.342+0000] {logging_mixin.py:188} INFO - [2026-01-29T02:37:03.341+0000] {dag.py:3947} INFO - Setting next_dagrun for tutorial_objectstorage to None, run_after=None
[2026-01-29T02:37:03.363+0000] {processor.py:183} INFO - Processing /home/airflow/.local/lib/python3.12/site-packages/airflow/example_dags/tutorial_objectstorage.py took 0.078 seconds
[2026-01-29T02:37:33.614+0000] {processor.py:161} INFO - Started process (PID=81451) to work on /home/airflow/.local/lib/python3.12/site-packages/airflow/example_dags/tutorial_objectstorage.py
[2026-01-29T02:37:33.615+0000] {processor.py:830} INFO - Processing file /home/airflow/.local/lib/python3.12/site-packages/airflow/example_dags/tutorial_objectstorage.py for tasks to queue
[2026-01-29T02:37:33.617+0000] {logging_mixin.py:188} INFO - [2026-01-29T02:37:33.617+0000] {dagbag.py:545} INFO - Filling up the DagBag from /home/airflow/.local/lib/python3.12/site-packages/airflow/example_dags/tutorial_objectstorage.py
[2026-01-29T02:37:33.626+0000] {processor.py:840} INFO - DAG(s) 'tutorial_objectstorage' retrieved from /home/airflow/.local/lib/python3.12/site-packages/airflow/example_dags/tutorial_objectstorage.py
[2026-01-29T02:37:33.648+0000] {logging_mixin.py:188} INFO - [2026-01-29T02:37:33.647+0000] {dag.py:3089} INFO - Sync 1 DAGs
[2026-01-29T02:37:33.662+0000] {logging_mixin.py:188} INFO - [2026-01-29T02:37:33.662+0000] {dag.py:3947} INFO - Setting next_dagrun for tutorial_objectstorage to None, run_after=None
[2026-01-29T02:37:33.683+0000] {processor.py:183} INFO - Processing /home/airflow/.local/lib/python3.12/site-packages/airflow/example_dags/tutorial_objectstorage.py took 0.076 seconds
[2026-01-29T02:38:03.993+0000] {processor.py:161} INFO - Started process (PID=81515) to work on /home/airflow/.local/lib/python3.12/site-packages/airflow/example_dags/tutorial_objectstorage.py
[2026-01-29T02:38:03.994+0000] {processor.py:830} INFO - Processing file /home/airflow/.local/lib/python3.12/site-packages/airflow/example_dags/tutorial_objectstorage.py for tasks to queue
[2026-01-29T02:38:03.995+0000] {logging_mixin.py:188} INFO - [2026-01-29T02:38:03.995+0000] {dagbag.py:545} INFO - Filling up the DagBag from /home/airflow/.local/lib/python3.12/site-packages/airflow/example_dags/tutorial_objectstorage.py
[2026-01-29T02:38:04.003+0000] {processor.py:840} INFO - DAG(s) 'tutorial_objectstorage' retrieved from /home/airflow/.local/lib/python3.12/site-packages/airflow/example_dags/tutorial_objectstorage.py
[2026-01-29T02:38:04.023+0000] {logging_mixin.py:188} INFO - [2026-01-29T02:38:04.023+0000] {dag.py:3089} INFO - Sync 1 DAGs
[2026-01-29T02:38:04.037+0000] {logging_mixin.py:188} INFO - [2026-01-29T02:38:04.037+0000] {dag.py:3947} INFO - Setting next_dagrun for tutorial_objectstorage to None, run_after=None
[2026-01-29T02:38:04.059+0000] {processor.py:183} INFO - Processing /home/airflow/.local/lib/python3.12/site-packages/airflow/example_dags/tutorial_objectstorage.py took 0.073 seconds
[2026-01-29T02:38:34.248+0000] {processor.py:161} INFO - Started process (PID=81574) to work on /home/airflow/.local/lib/python3.12/site-packages/airflow/example_dags/tutorial_objectstorage.py
[2026-01-29T02:38:34.249+0000] {processor.py:830} INFO - Processing file /home/airflow/.local/lib/python3.12/site-packages/airflow/example_dags/tutorial_objectstorage.py for tasks to queue
[2026-01-29T02:38:34.251+0000] {logging_mixin.py:188} INFO - [2026-01-29T02:38:34.251+0000] {dagbag.py:545} INFO - Filling up the DagBag from /home/airflow/.local/lib/python3.12/site-packages/airflow/example_dags/tutorial_objectstorage.py
[2026-01-29T02:38:34.260+0000] {processor.py:840} INFO - DAG(s) 'tutorial_objectstorage' retrieved from /home/airflow/.local/lib/python3.12/site-packages/airflow/example_dags/tutorial_objectstorage.py
[2026-01-29T02:38:34.279+0000] {logging_mixin.py:188} INFO - [2026-01-29T02:38:34.279+0000] {dag.py:3089} INFO - Sync 1 DAGs
[2026-01-29T02:38:34.293+0000] {logging_mixin.py:188} INFO - [2026-01-29T02:38:34.293+0000] {dag.py:3947} INFO - Setting next_dagrun for tutorial_objectstorage to None, run_after=None
[2026-01-29T02:38:34.313+0000] {processor.py:183} INFO - Processing /home/airflow/.local/lib/python3.12/site-packages/airflow/example_dags/tutorial_objectstorage.py took 0.072 seconds
[2026-01-29T02:39:05.026+0000] {processor.py:161} INFO - Started process (PID=81636) to work on /home/airflow/.local/lib/python3.12/site-packages/airflow/example_dags/tutorial_objectstorage.py
[2026-01-29T02:39:05.027+0000] {processor.py:830} INFO - Processing file /home/airflow/.local/lib/python3.12/site-packages/airflow/example_dags/tutorial_objectstorage.py for tasks to queue
[2026-01-29T02:39:05.029+0000] {logging_mixin.py:188} INFO - [2026-01-29T02:39:05.028+0000] {dagbag.py:545} INFO - Filling up the DagBag from /home/airflow/.local/lib/python3.12/site-packages/airflow/example_dags/tutorial_objectstorage.py
[2026-01-29T02:39:05.037+0000] {processor.py:840} INFO - DAG(s) 'tutorial_objectstorage' retrieved from /home/airflow/.local/lib/python3.12/site-packages/airflow/example_dags/tutorial_objectstorage.py
[2026-01-29T02:39:05.056+0000] {logging_mixin.py:188} INFO - [2026-01-29T02:39:05.056+0000] {dag.py:3089} INFO - Sync 1 DAGs
[2026-01-29T02:39:05.070+0000] {logging_mixin.py:188} INFO - [2026-01-29T02:39:05.070+0000] {dag.py:3947} INFO - Setting next_dagrun for tutorial_objectstorage to None, run_after=None
[2026-01-29T02:39:05.091+0000] {processor.py:183} INFO - Processing /home/airflow/.local/lib/python3.12/site-packages/airflow/example_dags/tutorial_objectstorage.py took 0.072 seconds
[2026-01-29T02:39:35.407+0000] {processor.py:161} INFO - Started process (PID=81695) to work on /home/airflow/.local/lib/python3.12/site-packages/airflow/example_dags/tutorial_objectstorage.py
[2026-01-29T02:39:35.408+0000] {processor.py:830} INFO - Processing file /home/airflow/.local/lib/python3.12/site-packages/airflow/example_dags/tutorial_objectstorage.py for tasks to queue
[2026-01-29T02:39:35.410+0000] {logging_mixin.py:188} INFO - [2026-01-29T02:39:35.410+0000] {dagbag.py:545} INFO - Filling up the DagBag from /home/airflow/.local/lib/python3.12/site-packages/airflow/example_dags/tutorial_objectstorage.py
[2026-01-29T02:39:35.418+0000] {processor.py:840} INFO - DAG(s) 'tutorial_objectstorage' retrieved from /home/airflow/.local/lib/python3.12/site-packages/airflow/example_dags/tutorial_objectstorage.py
[2026-01-29T02:39:35.440+0000] {logging_mixin.py:188} INFO - [2026-01-29T02:39:35.439+0000] {dag.py:3089} INFO - Sync 1 DAGs
[2026-01-29T02:39:35.454+0000] {logging_mixin.py:188} INFO - [2026-01-29T02:39:35.454+0000] {dag.py:3947} INFO - Setting next_dagrun for tutorial_objectstorage to None, run_after=None
[2026-01-29T02:39:35.476+0000] {processor.py:183} INFO - Processing /home/airflow/.local/lib/python3.12/site-packages/airflow/example_dags/tutorial_objectstorage.py took 0.077 seconds
[2026-01-29T02:40:05.712+0000] {processor.py:161} INFO - Started process (PID=81759) to work on /home/airflow/.local/lib/python3.12/site-packages/airflow/example_dags/tutorial_objectstorage.py
[2026-01-29T02:40:05.712+0000] {processor.py:830} INFO - Processing file /home/airflow/.local/lib/python3.12/site-packages/airflow/example_dags/tutorial_objectstorage.py for tasks to queue
[2026-01-29T02:40:05.714+0000] {logging_mixin.py:188} INFO - [2026-01-29T02:40:05.714+0000] {dagbag.py:545} INFO - Filling up the DagBag from /home/airflow/.local/lib/python3.12/site-packages/airflow/example_dags/tutorial_objectstorage.py
[2026-01-29T02:40:05.723+0000] {processor.py:840} INFO - DAG(s) 'tutorial_objectstorage' retrieved from /home/airflow/.local/lib/python3.12/site-packages/airflow/example_dags/tutorial_objectstorage.py
[2026-01-29T02:40:05.743+0000] {logging_mixin.py:188} INFO - [2026-01-29T02:40:05.742+0000] {dag.py:3089} INFO - Sync 1 DAGs
[2026-01-29T02:40:05.756+0000] {logging_mixin.py:188} INFO - [2026-01-29T02:40:05.756+0000] {dag.py:3947} INFO - Setting next_dagrun for tutorial_objectstorage to None, run_after=None
[2026-01-29T02:40:05.776+0000] {processor.py:183} INFO - Processing /home/airflow/.local/lib/python3.12/site-packages/airflow/example_dags/tutorial_objectstorage.py took 0.072 seconds
[2026-01-29T02:40:35.967+0000] {processor.py:161} INFO - Started process (PID=81818) to work on /home/airflow/.local/lib/python3.12/site-packages/airflow/example_dags/tutorial_objectstorage.py
[2026-01-29T02:40:35.968+0000] {processor.py:830} INFO - Processing file /home/airflow/.local/lib/python3.12/site-packages/airflow/example_dags/tutorial_objectstorage.py for tasks to queue
[2026-01-29T02:40:35.970+0000] {logging_mixin.py:188} INFO - [2026-01-29T02:40:35.970+0000] {dagbag.py:545} INFO - Filling up the DagBag from /home/airflow/.local/lib/python3.12/site-packages/airflow/example_dags/tutorial_objectstorage.py
[2026-01-29T02:40:35.978+0000] {processor.py:840} INFO - DAG(s) 'tutorial_objectstorage' retrieved from /home/airflow/.local/lib/python3.12/site-packages/airflow/example_dags/tutorial_objectstorage.py
[2026-01-29T02:40:35.997+0000] {logging_mixin.py:188} INFO - [2026-01-29T02:40:35.996+0000] {dag.py:3089} INFO - Sync 1 DAGs
[2026-01-29T02:40:36.011+0000] {logging_mixin.py:188} INFO - [2026-01-29T02:40:36.011+0000] {dag.py:3947} INFO - Setting next_dagrun for tutorial_objectstorage to None, run_after=None
[2026-01-29T02:40:36.033+0000] {processor.py:183} INFO - Processing /home/airflow/.local/lib/python3.12/site-packages/airflow/example_dags/tutorial_objectstorage.py took 0.072 seconds
[2026-01-29T02:41:06.257+0000] {processor.py:161} INFO - Started process (PID=81882) to work on /home/airflow/.local/lib/python3.12/site-packages/airflow/example_dags/tutorial_objectstorage.py
[2026-01-29T02:41:06.258+0000] {processor.py:830} INFO - Processing file /home/airflow/.local/lib/python3.12/site-packages/airflow/example_dags/tutorial_objectstorage.py for tasks to queue
[2026-01-29T02:41:06.260+0000] {logging_mixin.py:188} INFO - [2026-01-29T02:41:06.259+0000] {dagbag.py:545} INFO - Filling up the DagBag from /home/airflow/.local/lib/python3.12/site-packages/airflow/example_dags/tutorial_objectstorage.py
[2026-01-29T02:41:06.268+0000] {processor.py:840} INFO - DAG(s) 'tutorial_objectstorage' retrieved from /home/airflow/.local/lib/python3.12/site-packages/airflow/example_dags/tutorial_objectstorage.py
[2026-01-29T02:41:06.287+0000] {logging_mixin.py:188} INFO - [2026-01-29T02:41:06.287+0000] {dag.py:3089} INFO - Sync 1 DAGs
[2026-01-29T02:41:06.301+0000] {logging_mixin.py:188} INFO - [2026-01-29T02:41:06.301+0000] {dag.py:3947} INFO - Setting next_dagrun for tutorial_objectstorage to None, run_after=None
[2026-01-29T02:41:06.320+0000] {processor.py:183} INFO - Processing /home/airflow/.local/lib/python3.12/site-packages/airflow/example_dags/tutorial_objectstorage.py took 0.071 seconds
[2026-01-29T02:41:36.582+0000] {processor.py:161} INFO - Started process (PID=81941) to work on /home/airflow/.local/lib/python3.12/site-packages/airflow/example_dags/tutorial_objectstorage.py
[2026-01-29T02:41:36.583+0000] {processor.py:830} INFO - Processing file /home/airflow/.local/lib/python3.12/site-packages/airflow/example_dags/tutorial_objectstorage.py for tasks to queue
[2026-01-29T02:41:36.585+0000] {logging_mixin.py:188} INFO - [2026-01-29T02:41:36.585+0000] {dagbag.py:545} INFO - Filling up the DagBag from /home/airflow/.local/lib/python3.12/site-packages/airflow/example_dags/tutorial_objectstorage.py
[2026-01-29T02:41:36.593+0000] {processor.py:840} INFO - DAG(s) 'tutorial_objectstorage' retrieved from /home/airflow/.local/lib/python3.12/site-packages/airflow/example_dags/tutorial_objectstorage.py
[2026-01-29T02:41:36.613+0000] {logging_mixin.py:188} INFO - [2026-01-29T02:41:36.612+0000] {dag.py:3089} INFO - Sync 1 DAGs
[2026-01-29T02:41:36.627+0000] {logging_mixin.py:188} INFO - [2026-01-29T02:41:36.627+0000] {dag.py:3947} INFO - Setting next_dagrun for tutorial_objectstorage to None, run_after=None
[2026-01-29T02:41:36.648+0000] {processor.py:183} INFO - Processing /home/airflow/.local/lib/python3.12/site-packages/airflow/example_dags/tutorial_objectstorage.py took 0.072 seconds
[2026-01-29T02:42:07.019+0000] {processor.py:161} INFO - Started process (PID=82005) to work on /home/airflow/.local/lib/python3.12/site-packages/airflow/example_dags/tutorial_objectstorage.py
[2026-01-29T02:42:07.020+0000] {processor.py:830} INFO - Processing file /home/airflow/.local/lib/python3.12/site-packages/airflow/example_dags/tutorial_objectstorage.py for tasks to queue
[2026-01-29T02:42:07.022+0000] {logging_mixin.py:188} INFO - [2026-01-29T02:42:07.022+0000] {dagbag.py:545} INFO - Filling up the DagBag from /home/airflow/.local/lib/python3.12/site-packages/airflow/example_dags/tutorial_objectstorage.py
[2026-01-29T02:42:07.031+0000] {processor.py:840} INFO - DAG(s) 'tutorial_objectstorage' retrieved from /home/airflow/.local/lib/python3.12/site-packages/airflow/example_dags/tutorial_objectstorage.py
[2026-01-29T02:42:07.052+0000] {logging_mixin.py:188} INFO - [2026-01-29T02:42:07.051+0000] {dag.py:3089} INFO - Sync 1 DAGs
[2026-01-29T02:42:07.066+0000] {logging_mixin.py:188} INFO - [2026-01-29T02:42:07.066+0000] {dag.py:3947} INFO - Setting next_dagrun for tutorial_objectstorage to None, run_after=None
[2026-01-29T02:42:07.087+0000] {processor.py:183} INFO - Processing /home/airflow/.local/lib/python3.12/site-packages/airflow/example_dags/tutorial_objectstorage.py took 0.075 seconds
[2026-01-29T02:42:37.476+0000] {processor.py:161} INFO - Started process (PID=82064) to work on /home/airflow/.local/lib/python3.12/site-packages/airflow/example_dags/tutorial_objectstorage.py
[2026-01-29T02:42:37.476+0000] {processor.py:830} INFO - Processing file /home/airflow/.local/lib/python3.12/site-packages/airflow/example_dags/tutorial_objectstorage.py for tasks to queue
[2026-01-29T02:42:37.478+0000] {logging_mixin.py:188} INFO - [2026-01-29T02:42:37.478+0000] {dagbag.py:545} INFO - Filling up the DagBag from /home/airflow/.local/lib/python3.12/site-packages/airflow/example_dags/tutorial_objectstorage.py
[2026-01-29T02:42:37.487+0000] {processor.py:840} INFO - DAG(s) 'tutorial_objectstorage' retrieved from /home/airflow/.local/lib/python3.12/site-packages/airflow/example_dags/tutorial_objectstorage.py
[2026-01-29T02:42:37.507+0000] {logging_mixin.py:188} INFO - [2026-01-29T02:42:37.507+0000] {dag.py:3089} INFO - Sync 1 DAGs
[2026-01-29T02:42:37.521+0000] {logging_mixin.py:188} INFO - [2026-01-29T02:42:37.521+0000] {dag.py:3947} INFO - Setting next_dagrun for tutorial_objectstorage to None, run_after=None
[2026-01-29T02:42:37.542+0000] {processor.py:183} INFO - Processing /home/airflow/.local/lib/python3.12/site-packages/airflow/example_dags/tutorial_objectstorage.py took 0.074 seconds
[2026-01-29T02:43:07.692+0000] {processor.py:161} INFO - Started process (PID=82128) to work on /home/airflow/.local/lib/python3.12/site-packages/airflow/example_dags/tutorial_objectstorage.py
[2026-01-29T02:43:07.693+0000] {processor.py:830} INFO - Processing file /home/airflow/.local/lib/python3.12/site-packages/airflow/example_dags/tutorial_objectstorage.py for tasks to queue
[2026-01-29T02:43:07.695+0000] {logging_mixin.py:188} INFO - [2026-01-29T02:43:07.695+0000] {dagbag.py:545} INFO - Filling up the DagBag from /home/airflow/.local/lib/python3.12/site-packages/airflow/example_dags/tutorial_objectstorage.py
[2026-01-29T02:43:07.703+0000] {processor.py:840} INFO - DAG(s) 'tutorial_objectstorage' retrieved from /home/airflow/.local/lib/python3.12/site-packages/airflow/example_dags/tutorial_objectstorage.py
[2026-01-29T02:43:07.721+0000] {logging_mixin.py:188} INFO - [2026-01-29T02:43:07.721+0000] {dag.py:3089} INFO - Sync 1 DAGs
[2026-01-29T02:43:07.734+0000] {logging_mixin.py:188} INFO - [2026-01-29T02:43:07.734+0000] {dag.py:3947} INFO - Setting next_dagrun for tutorial_objectstorage to None, run_after=None
[2026-01-29T02:43:07.755+0000] {processor.py:183} INFO - Processing /home/airflow/.local/lib/python3.12/site-packages/airflow/example_dags/tutorial_objectstorage.py took 0.070 seconds
[2026-01-29T02:43:37.959+0000] {processor.py:161} INFO - Started process (PID=82187) to work on /home/airflow/.local/lib/python3.12/site-packages/airflow/example_dags/tutorial_objectstorage.py
[2026-01-29T02:43:37.960+0000] {processor.py:830} INFO - Processing file /home/airflow/.local/lib/python3.12/site-packages/airflow/example_dags/tutorial_objectstorage.py for tasks to queue
[2026-01-29T02:43:37.962+0000] {logging_mixin.py:188} INFO - [2026-01-29T02:43:37.962+0000] {dagbag.py:545} INFO - Filling up the DagBag from /home/airflow/.local/lib/python3.12/site-packages/airflow/example_dags/tutorial_objectstorage.py
[2026-01-29T02:43:37.970+0000] {processor.py:840} INFO - DAG(s) 'tutorial_objectstorage' retrieved from /home/airflow/.local/lib/python3.12/site-packages/airflow/example_dags/tutorial_objectstorage.py
[2026-01-29T02:43:37.990+0000] {logging_mixin.py:188} INFO - [2026-01-29T02:43:37.990+0000] {dag.py:3089} INFO - Sync 1 DAGs
[2026-01-29T02:43:38.004+0000] {logging_mixin.py:188} INFO - [2026-01-29T02:43:38.003+0000] {dag.py:3947} INFO - Setting next_dagrun for tutorial_objectstorage to None, run_after=None
[2026-01-29T02:43:38.024+0000] {processor.py:183} INFO - Processing /home/airflow/.local/lib/python3.12/site-packages/airflow/example_dags/tutorial_objectstorage.py took 0.071 seconds
[2026-01-29T02:44:08.221+0000] {processor.py:161} INFO - Started process (PID=82251) to work on /home/airflow/.local/lib/python3.12/site-packages/airflow/example_dags/tutorial_objectstorage.py
[2026-01-29T02:44:08.221+0000] {processor.py:830} INFO - Processing file /home/airflow/.local/lib/python3.12/site-packages/airflow/example_dags/tutorial_objectstorage.py for tasks to queue
[2026-01-29T02:44:08.223+0000] {logging_mixin.py:188} INFO - [2026-01-29T02:44:08.223+0000] {dagbag.py:545} INFO - Filling up the DagBag from /home/airflow/.local/lib/python3.12/site-packages/airflow/example_dags/tutorial_objectstorage.py
[2026-01-29T02:44:08.230+0000] {processor.py:840} INFO - DAG(s) 'tutorial_objectstorage' retrieved from /home/airflow/.local/lib/python3.12/site-packages/airflow/example_dags/tutorial_objectstorage.py
[2026-01-29T02:44:08.250+0000] {logging_mixin.py:188} INFO - [2026-01-29T02:44:08.249+0000] {dag.py:3089} INFO - Sync 1 DAGs
[2026-01-29T02:44:08.264+0000] {logging_mixin.py:188} INFO - [2026-01-29T02:44:08.264+0000] {dag.py:3947} INFO - Setting next_dagrun for tutorial_objectstorage to None, run_after=None
[2026-01-29T02:44:08.283+0000] {processor.py:183} INFO - Processing /home/airflow/.local/lib/python3.12/site-packages/airflow/example_dags/tutorial_objectstorage.py took 0.068 seconds
[2026-01-29T02:44:38.443+0000] {processor.py:161} INFO - Started process (PID=82310) to work on /home/airflow/.local/lib/python3.12/site-packages/airflow/example_dags/tutorial_objectstorage.py
[2026-01-29T02:44:38.444+0000] {processor.py:830} INFO - Processing file /home/airflow/.local/lib/python3.12/site-packages/airflow/example_dags/tutorial_objectstorage.py for tasks to queue
[2026-01-29T02:44:38.446+0000] {logging_mixin.py:188} INFO - [2026-01-29T02:44:38.446+0000] {dagbag.py:545} INFO - Filling up the DagBag from /home/airflow/.local/lib/python3.12/site-packages/airflow/example_dags/tutorial_objectstorage.py
[2026-01-29T02:44:38.453+0000] {processor.py:840} INFO - DAG(s) 'tutorial_objectstorage' retrieved from /home/airflow/.local/lib/python3.12/site-packages/airflow/example_dags/tutorial_objectstorage.py
[2026-01-29T02:44:38.472+0000] {logging_mixin.py:188} INFO - [2026-01-29T02:44:38.472+0000] {dag.py:3089} INFO - Sync 1 DAGs
[2026-01-29T02:44:38.485+0000] {logging_mixin.py:188} INFO - [2026-01-29T02:44:38.485+0000] {dag.py:3947} INFO - Setting next_dagrun for tutorial_objectstorage to None, run_after=None
[2026-01-29T02:44:38.506+0000] {processor.py:183} INFO - Processing /home/airflow/.local/lib/python3.12/site-packages/airflow/example_dags/tutorial_objectstorage.py took 0.068 seconds
[2026-01-29T02:45:09.556+0000] {processor.py:161} INFO - Started process (PID=82374) to work on /home/airflow/.local/lib/python3.12/site-packages/airflow/example_dags/tutorial_objectstorage.py
[2026-01-29T02:45:09.557+0000] {processor.py:830} INFO - Processing file /home/airflow/.local/lib/python3.12/site-packages/airflow/example_dags/tutorial_objectstorage.py for tasks to queue
[2026-01-29T02:45:09.558+0000] {logging_mixin.py:188} INFO - [2026-01-29T02:45:09.558+0000] {dagbag.py:545} INFO - Filling up the DagBag from /home/airflow/.local/lib/python3.12/site-packages/airflow/example_dags/tutorial_objectstorage.py
[2026-01-29T02:45:09.565+0000] {processor.py:840} INFO - DAG(s) 'tutorial_objectstorage' retrieved from /home/airflow/.local/lib/python3.12/site-packages/airflow/example_dags/tutorial_objectstorage.py
[2026-01-29T02:45:09.587+0000] {logging_mixin.py:188} INFO - [2026-01-29T02:45:09.586+0000] {dag.py:3089} INFO - Sync 1 DAGs
[2026-01-29T02:45:09.600+0000] {logging_mixin.py:188} INFO - [2026-01-29T02:45:09.600+0000] {dag.py:3947} INFO - Setting next_dagrun for tutorial_objectstorage to None, run_after=None
[2026-01-29T02:45:09.621+0000] {processor.py:183} INFO - Processing /home/airflow/.local/lib/python3.12/site-packages/airflow/example_dags/tutorial_objectstorage.py took 0.071 seconds
[2026-01-29T02:45:39.845+0000] {processor.py:161} INFO - Started process (PID=82433) to work on /home/airflow/.local/lib/python3.12/site-packages/airflow/example_dags/tutorial_objectstorage.py
[2026-01-29T02:45:39.846+0000] {processor.py:830} INFO - Processing file /home/airflow/.local/lib/python3.12/site-packages/airflow/example_dags/tutorial_objectstorage.py for tasks to queue
[2026-01-29T02:45:39.848+0000] {logging_mixin.py:188} INFO - [2026-01-29T02:45:39.848+0000] {dagbag.py:545} INFO - Filling up the DagBag from /home/airflow/.local/lib/python3.12/site-packages/airflow/example_dags/tutorial_objectstorage.py
[2026-01-29T02:45:39.855+0000] {processor.py:840} INFO - DAG(s) 'tutorial_objectstorage' retrieved from /home/airflow/.local/lib/python3.12/site-packages/airflow/example_dags/tutorial_objectstorage.py
[2026-01-29T02:45:39.876+0000] {logging_mixin.py:188} INFO - [2026-01-29T02:45:39.875+0000] {dag.py:3089} INFO - Sync 1 DAGs
[2026-01-29T02:45:39.891+0000] {logging_mixin.py:188} INFO - [2026-01-29T02:45:39.891+0000] {dag.py:3947} INFO - Setting next_dagrun for tutorial_objectstorage to None, run_after=None
[2026-01-29T02:45:39.912+0000] {processor.py:183} INFO - Processing /home/airflow/.local/lib/python3.12/site-packages/airflow/example_dags/tutorial_objectstorage.py took 0.073 seconds
[2026-01-29T02:46:10.274+0000] {processor.py:161} INFO - Started process (PID=82503) to work on /home/airflow/.local/lib/python3.12/site-packages/airflow/example_dags/tutorial_objectstorage.py
[2026-01-29T02:46:10.274+0000] {processor.py:830} INFO - Processing file /home/airflow/.local/lib/python3.12/site-packages/airflow/example_dags/tutorial_objectstorage.py for tasks to queue
[2026-01-29T02:46:10.276+0000] {logging_mixin.py:188} INFO - [2026-01-29T02:46:10.275+0000] {dagbag.py:545} INFO - Filling up the DagBag from /home/airflow/.local/lib/python3.12/site-packages/airflow/example_dags/tutorial_objectstorage.py
[2026-01-29T02:46:10.282+0000] {processor.py:840} INFO - DAG(s) 'tutorial_objectstorage' retrieved from /home/airflow/.local/lib/python3.12/site-packages/airflow/example_dags/tutorial_objectstorage.py
[2026-01-29T02:46:10.302+0000] {logging_mixin.py:188} INFO - [2026-01-29T02:46:10.302+0000] {dag.py:3089} INFO - Sync 1 DAGs
[2026-01-29T02:46:10.316+0000] {logging_mixin.py:188} INFO - [2026-01-29T02:46:10.316+0000] {dag.py:3947} INFO - Setting next_dagrun for tutorial_objectstorage to None, run_after=None
[2026-01-29T02:46:10.336+0000] {processor.py:183} INFO - Processing /home/airflow/.local/lib/python3.12/site-packages/airflow/example_dags/tutorial_objectstorage.py took 0.068 seconds
[2026-01-29T02:46:40.819+0000] {processor.py:161} INFO - Started process (PID=82562) to work on /home/airflow/.local/lib/python3.12/site-packages/airflow/example_dags/tutorial_objectstorage.py
[2026-01-29T02:46:40.820+0000] {processor.py:830} INFO - Processing file /home/airflow/.local/lib/python3.12/site-packages/airflow/example_dags/tutorial_objectstorage.py for tasks to queue
[2026-01-29T02:46:40.822+0000] {logging_mixin.py:188} INFO - [2026-01-29T02:46:40.822+0000] {dagbag.py:545} INFO - Filling up the DagBag from /home/airflow/.local/lib/python3.12/site-packages/airflow/example_dags/tutorial_objectstorage.py
[2026-01-29T02:46:40.830+0000] {processor.py:840} INFO - DAG(s) 'tutorial_objectstorage' retrieved from /home/airflow/.local/lib/python3.12/site-packages/airflow/example_dags/tutorial_objectstorage.py
[2026-01-29T02:46:40.851+0000] {logging_mixin.py:188} INFO - [2026-01-29T02:46:40.851+0000] {dag.py:3089} INFO - Sync 1 DAGs
[2026-01-29T02:46:40.866+0000] {logging_mixin.py:188} INFO - [2026-01-29T02:46:40.866+0000] {dag.py:3947} INFO - Setting next_dagrun for tutorial_objectstorage to None, run_after=None
[2026-01-29T02:46:40.889+0000] {processor.py:183} INFO - Processing /home/airflow/.local/lib/python3.12/site-packages/airflow/example_dags/tutorial_objectstorage.py took 0.077 seconds
[2026-01-29T02:47:11.617+0000] {processor.py:161} INFO - Started process (PID=82626) to work on /home/airflow/.local/lib/python3.12/site-packages/airflow/example_dags/tutorial_objectstorage.py
[2026-01-29T02:47:11.618+0000] {processor.py:830} INFO - Processing file /home/airflow/.local/lib/python3.12/site-packages/airflow/example_dags/tutorial_objectstorage.py for tasks to queue
[2026-01-29T02:47:11.619+0000] {logging_mixin.py:188} INFO - [2026-01-29T02:47:11.619+0000] {dagbag.py:545} INFO - Filling up the DagBag from /home/airflow/.local/lib/python3.12/site-packages/airflow/example_dags/tutorial_objectstorage.py
[2026-01-29T02:47:11.627+0000] {processor.py:840} INFO - DAG(s) 'tutorial_objectstorage' retrieved from /home/airflow/.local/lib/python3.12/site-packages/airflow/example_dags/tutorial_objectstorage.py
[2026-01-29T02:47:11.647+0000] {logging_mixin.py:188} INFO - [2026-01-29T02:47:11.646+0000] {dag.py:3089} INFO - Sync 1 DAGs
[2026-01-29T02:47:11.661+0000] {logging_mixin.py:188} INFO - [2026-01-29T02:47:11.661+0000] {dag.py:3947} INFO - Setting next_dagrun for tutorial_objectstorage to None, run_after=None
[2026-01-29T02:47:11.680+0000] {processor.py:183} INFO - Processing /home/airflow/.local/lib/python3.12/site-packages/airflow/example_dags/tutorial_objectstorage.py took 0.071 seconds
[2026-01-29T02:47:41.960+0000] {processor.py:161} INFO - Started process (PID=82685) to work on /home/airflow/.local/lib/python3.12/site-packages/airflow/example_dags/tutorial_objectstorage.py
[2026-01-29T02:47:41.961+0000] {processor.py:830} INFO - Processing file /home/airflow/.local/lib/python3.12/site-packages/airflow/example_dags/tutorial_objectstorage.py for tasks to queue
[2026-01-29T02:47:41.963+0000] {logging_mixin.py:188} INFO - [2026-01-29T02:47:41.962+0000] {dagbag.py:545} INFO - Filling up the DagBag from /home/airflow/.local/lib/python3.12/site-packages/airflow/example_dags/tutorial_objectstorage.py
[2026-01-29T02:47:41.970+0000] {processor.py:840} INFO - DAG(s) 'tutorial_objectstorage' retrieved from /home/airflow/.local/lib/python3.12/site-packages/airflow/example_dags/tutorial_objectstorage.py
[2026-01-29T02:47:41.988+0000] {logging_mixin.py:188} INFO - [2026-01-29T02:47:41.988+0000] {dag.py:3089} INFO - Sync 1 DAGs
[2026-01-29T02:47:42.001+0000] {logging_mixin.py:188} INFO - [2026-01-29T02:47:42.001+0000] {dag.py:3947} INFO - Setting next_dagrun for tutorial_objectstorage to None, run_after=None
[2026-01-29T02:47:42.020+0000] {processor.py:183} INFO - Processing /home/airflow/.local/lib/python3.12/site-packages/airflow/example_dags/tutorial_objectstorage.py took 0.066 seconds
[2026-01-29T02:48:12.524+0000] {processor.py:161} INFO - Started process (PID=82749) to work on /home/airflow/.local/lib/python3.12/site-packages/airflow/example_dags/tutorial_objectstorage.py
[2026-01-29T02:48:12.525+0000] {processor.py:830} INFO - Processing file /home/airflow/.local/lib/python3.12/site-packages/airflow/example_dags/tutorial_objectstorage.py for tasks to queue
[2026-01-29T02:48:12.527+0000] {logging_mixin.py:188} INFO - [2026-01-29T02:48:12.526+0000] {dagbag.py:545} INFO - Filling up the DagBag from /home/airflow/.local/lib/python3.12/site-packages/airflow/example_dags/tutorial_objectstorage.py
[2026-01-29T02:48:12.534+0000] {processor.py:840} INFO - DAG(s) 'tutorial_objectstorage' retrieved from /home/airflow/.local/lib/python3.12/site-packages/airflow/example_dags/tutorial_objectstorage.py
[2026-01-29T02:48:12.553+0000] {logging_mixin.py:188} INFO - [2026-01-29T02:48:12.553+0000] {dag.py:3089} INFO - Sync 1 DAGs
[2026-01-29T02:48:12.567+0000] {logging_mixin.py:188} INFO - [2026-01-29T02:48:12.567+0000] {dag.py:3947} INFO - Setting next_dagrun for tutorial_objectstorage to None, run_after=None
[2026-01-29T02:48:12.587+0000] {processor.py:183} INFO - Processing /home/airflow/.local/lib/python3.12/site-packages/airflow/example_dags/tutorial_objectstorage.py took 0.069 seconds
[2026-01-29T02:48:42.859+0000] {processor.py:161} INFO - Started process (PID=82808) to work on /home/airflow/.local/lib/python3.12/site-packages/airflow/example_dags/tutorial_objectstorage.py
[2026-01-29T02:48:42.860+0000] {processor.py:830} INFO - Processing file /home/airflow/.local/lib/python3.12/site-packages/airflow/example_dags/tutorial_objectstorage.py for tasks to queue
[2026-01-29T02:48:42.862+0000] {logging_mixin.py:188} INFO - [2026-01-29T02:48:42.862+0000] {dagbag.py:545} INFO - Filling up the DagBag from /home/airflow/.local/lib/python3.12/site-packages/airflow/example_dags/tutorial_objectstorage.py
[2026-01-29T02:48:42.870+0000] {processor.py:840} INFO - DAG(s) 'tutorial_objectstorage' retrieved from /home/airflow/.local/lib/python3.12/site-packages/airflow/example_dags/tutorial_objectstorage.py
[2026-01-29T02:48:42.890+0000] {logging_mixin.py:188} INFO - [2026-01-29T02:48:42.890+0000] {dag.py:3089} INFO - Sync 1 DAGs
[2026-01-29T02:48:42.903+0000] {logging_mixin.py:188} INFO - [2026-01-29T02:48:42.903+0000] {dag.py:3947} INFO - Setting next_dagrun for tutorial_objectstorage to None, run_after=None
[2026-01-29T02:48:42.924+0000] {processor.py:183} INFO - Processing /home/airflow/.local/lib/python3.12/site-packages/airflow/example_dags/tutorial_objectstorage.py took 0.071 seconds
[2026-01-29T02:49:13.357+0000] {processor.py:161} INFO - Started process (PID=82872) to work on /home/airflow/.local/lib/python3.12/site-packages/airflow/example_dags/tutorial_objectstorage.py
[2026-01-29T02:49:13.358+0000] {processor.py:830} INFO - Processing file /home/airflow/.local/lib/python3.12/site-packages/airflow/example_dags/tutorial_objectstorage.py for tasks to queue
[2026-01-29T02:49:13.360+0000] {logging_mixin.py:188} INFO - [2026-01-29T02:49:13.359+0000] {dagbag.py:545} INFO - Filling up the DagBag from /home/airflow/.local/lib/python3.12/site-packages/airflow/example_dags/tutorial_objectstorage.py
[2026-01-29T02:49:13.368+0000] {processor.py:840} INFO - DAG(s) 'tutorial_objectstorage' retrieved from /home/airflow/.local/lib/python3.12/site-packages/airflow/example_dags/tutorial_objectstorage.py
[2026-01-29T02:49:13.389+0000] {logging_mixin.py:188} INFO - [2026-01-29T02:49:13.389+0000] {dag.py:3089} INFO - Sync 1 DAGs
[2026-01-29T02:49:13.404+0000] {logging_mixin.py:188} INFO - [2026-01-29T02:49:13.404+0000] {dag.py:3947} INFO - Setting next_dagrun for tutorial_objectstorage to None, run_after=None
[2026-01-29T02:49:13.427+0000] {processor.py:183} INFO - Processing /home/airflow/.local/lib/python3.12/site-packages/airflow/example_dags/tutorial_objectstorage.py took 0.078 seconds
[2026-01-29T02:49:43.580+0000] {processor.py:161} INFO - Started process (PID=82931) to work on /home/airflow/.local/lib/python3.12/site-packages/airflow/example_dags/tutorial_objectstorage.py
[2026-01-29T02:49:43.582+0000] {processor.py:830} INFO - Processing file /home/airflow/.local/lib/python3.12/site-packages/airflow/example_dags/tutorial_objectstorage.py for tasks to queue
[2026-01-29T02:49:43.584+0000] {logging_mixin.py:188} INFO - [2026-01-29T02:49:43.583+0000] {dagbag.py:545} INFO - Filling up the DagBag from /home/airflow/.local/lib/python3.12/site-packages/airflow/example_dags/tutorial_objectstorage.py
[2026-01-29T02:49:43.591+0000] {processor.py:840} INFO - DAG(s) 'tutorial_objectstorage' retrieved from /home/airflow/.local/lib/python3.12/site-packages/airflow/example_dags/tutorial_objectstorage.py
[2026-01-29T02:49:43.610+0000] {logging_mixin.py:188} INFO - [2026-01-29T02:49:43.610+0000] {dag.py:3089} INFO - Sync 1 DAGs
[2026-01-29T02:49:43.624+0000] {logging_mixin.py:188} INFO - [2026-01-29T02:49:43.624+0000] {dag.py:3947} INFO - Setting next_dagrun for tutorial_objectstorage to None, run_after=None
[2026-01-29T02:49:43.643+0000] {processor.py:183} INFO - Processing /home/airflow/.local/lib/python3.12/site-packages/airflow/example_dags/tutorial_objectstorage.py took 0.070 seconds
[2026-01-29T02:50:13.868+0000] {processor.py:161} INFO - Started process (PID=82995) to work on /home/airflow/.local/lib/python3.12/site-packages/airflow/example_dags/tutorial_objectstorage.py
[2026-01-29T02:50:13.869+0000] {processor.py:830} INFO - Processing file /home/airflow/.local/lib/python3.12/site-packages/airflow/example_dags/tutorial_objectstorage.py for tasks to queue
[2026-01-29T02:50:13.871+0000] {logging_mixin.py:188} INFO - [2026-01-29T02:50:13.870+0000] {dagbag.py:545} INFO - Filling up the DagBag from /home/airflow/.local/lib/python3.12/site-packages/airflow/example_dags/tutorial_objectstorage.py
[2026-01-29T02:50:13.879+0000] {processor.py:840} INFO - DAG(s) 'tutorial_objectstorage' retrieved from /home/airflow/.local/lib/python3.12/site-packages/airflow/example_dags/tutorial_objectstorage.py
[2026-01-29T02:50:13.900+0000] {logging_mixin.py:188} INFO - [2026-01-29T02:50:13.900+0000] {dag.py:3089} INFO - Sync 1 DAGs
[2026-01-29T02:50:13.915+0000] {logging_mixin.py:188} INFO - [2026-01-29T02:50:13.915+0000] {dag.py:3947} INFO - Setting next_dagrun for tutorial_objectstorage to None, run_after=None
[2026-01-29T02:50:13.937+0000] {processor.py:183} INFO - Processing /home/airflow/.local/lib/python3.12/site-packages/airflow/example_dags/tutorial_objectstorage.py took 0.077 seconds
[2026-01-29T02:50:44.070+0000] {processor.py:161} INFO - Started process (PID=83054) to work on /home/airflow/.local/lib/python3.12/site-packages/airflow/example_dags/tutorial_objectstorage.py
[2026-01-29T02:50:44.073+0000] {processor.py:830} INFO - Processing file /home/airflow/.local/lib/python3.12/site-packages/airflow/example_dags/tutorial_objectstorage.py for tasks to queue
[2026-01-29T02:50:44.074+0000] {logging_mixin.py:188} INFO - [2026-01-29T02:50:44.074+0000] {dagbag.py:545} INFO - Filling up the DagBag from /home/airflow/.local/lib/python3.12/site-packages/airflow/example_dags/tutorial_objectstorage.py
[2026-01-29T02:50:44.081+0000] {processor.py:840} INFO - DAG(s) 'tutorial_objectstorage' retrieved from /home/airflow/.local/lib/python3.12/site-packages/airflow/example_dags/tutorial_objectstorage.py
[2026-01-29T02:50:44.101+0000] {logging_mixin.py:188} INFO - [2026-01-29T02:50:44.100+0000] {dag.py:3089} INFO - Sync 1 DAGs
[2026-01-29T02:50:44.114+0000] {logging_mixin.py:188} INFO - [2026-01-29T02:50:44.114+0000] {dag.py:3947} INFO - Setting next_dagrun for tutorial_objectstorage to None, run_after=None
[2026-01-29T02:50:44.134+0000] {processor.py:183} INFO - Processing /home/airflow/.local/lib/python3.12/site-packages/airflow/example_dags/tutorial_objectstorage.py took 0.070 seconds
[2026-01-29T02:51:14.877+0000] {processor.py:161} INFO - Started process (PID=83118) to work on /home/airflow/.local/lib/python3.12/site-packages/airflow/example_dags/tutorial_objectstorage.py
[2026-01-29T02:51:14.878+0000] {processor.py:830} INFO - Processing file /home/airflow/.local/lib/python3.12/site-packages/airflow/example_dags/tutorial_objectstorage.py for tasks to queue
[2026-01-29T02:51:14.880+0000] {logging_mixin.py:188} INFO - [2026-01-29T02:51:14.880+0000] {dagbag.py:545} INFO - Filling up the DagBag from /home/airflow/.local/lib/python3.12/site-packages/airflow/example_dags/tutorial_objectstorage.py
[2026-01-29T02:51:14.887+0000] {processor.py:840} INFO - DAG(s) 'tutorial_objectstorage' retrieved from /home/airflow/.local/lib/python3.12/site-packages/airflow/example_dags/tutorial_objectstorage.py
[2026-01-29T02:51:14.908+0000] {logging_mixin.py:188} INFO - [2026-01-29T02:51:14.908+0000] {dag.py:3089} INFO - Sync 1 DAGs
[2026-01-29T02:51:14.922+0000] {logging_mixin.py:188} INFO - [2026-01-29T02:51:14.922+0000] {dag.py:3947} INFO - Setting next_dagrun for tutorial_objectstorage to None, run_after=None
[2026-01-29T02:51:14.943+0000] {processor.py:183} INFO - Processing /home/airflow/.local/lib/python3.12/site-packages/airflow/example_dags/tutorial_objectstorage.py took 0.072 seconds
[2026-01-29T02:51:45.042+0000] {processor.py:161} INFO - Started process (PID=83177) to work on /home/airflow/.local/lib/python3.12/site-packages/airflow/example_dags/tutorial_objectstorage.py
[2026-01-29T02:51:45.042+0000] {processor.py:830} INFO - Processing file /home/airflow/.local/lib/python3.12/site-packages/airflow/example_dags/tutorial_objectstorage.py for tasks to queue
[2026-01-29T02:51:45.044+0000] {logging_mixin.py:188} INFO - [2026-01-29T02:51:45.044+0000] {dagbag.py:545} INFO - Filling up the DagBag from /home/airflow/.local/lib/python3.12/site-packages/airflow/example_dags/tutorial_objectstorage.py
[2026-01-29T02:51:45.051+0000] {processor.py:840} INFO - DAG(s) 'tutorial_objectstorage' retrieved from /home/airflow/.local/lib/python3.12/site-packages/airflow/example_dags/tutorial_objectstorage.py
[2026-01-29T02:51:45.074+0000] {logging_mixin.py:188} INFO - [2026-01-29T02:51:45.073+0000] {dag.py:3089} INFO - Sync 1 DAGs
[2026-01-29T02:51:45.089+0000] {logging_mixin.py:188} INFO - [2026-01-29T02:51:45.089+0000] {dag.py:3947} INFO - Setting next_dagrun for tutorial_objectstorage to None, run_after=None
[2026-01-29T02:51:45.109+0000] {processor.py:183} INFO - Processing /home/airflow/.local/lib/python3.12/site-packages/airflow/example_dags/tutorial_objectstorage.py took 0.073 seconds
[2026-01-29T02:52:15.700+0000] {processor.py:161} INFO - Started process (PID=83241) to work on /home/airflow/.local/lib/python3.12/site-packages/airflow/example_dags/tutorial_objectstorage.py
[2026-01-29T02:52:15.701+0000] {processor.py:830} INFO - Processing file /home/airflow/.local/lib/python3.12/site-packages/airflow/example_dags/tutorial_objectstorage.py for tasks to queue
[2026-01-29T02:52:15.703+0000] {logging_mixin.py:188} INFO - [2026-01-29T02:52:15.702+0000] {dagbag.py:545} INFO - Filling up the DagBag from /home/airflow/.local/lib/python3.12/site-packages/airflow/example_dags/tutorial_objectstorage.py
[2026-01-29T02:52:15.711+0000] {processor.py:840} INFO - DAG(s) 'tutorial_objectstorage' retrieved from /home/airflow/.local/lib/python3.12/site-packages/airflow/example_dags/tutorial_objectstorage.py
[2026-01-29T02:52:15.732+0000] {logging_mixin.py:188} INFO - [2026-01-29T02:52:15.732+0000] {dag.py:3089} INFO - Sync 1 DAGs
[2026-01-29T02:52:15.746+0000] {logging_mixin.py:188} INFO - [2026-01-29T02:52:15.746+0000] {dag.py:3947} INFO - Setting next_dagrun for tutorial_objectstorage to None, run_after=None
[2026-01-29T02:52:15.767+0000] {processor.py:183} INFO - Processing /home/airflow/.local/lib/python3.12/site-packages/airflow/example_dags/tutorial_objectstorage.py took 0.075 seconds
[2026-01-29T02:52:47.047+0000] {processor.py:161} INFO - Started process (PID=83300) to work on /home/airflow/.local/lib/python3.12/site-packages/airflow/example_dags/tutorial_objectstorage.py
[2026-01-29T02:52:47.048+0000] {processor.py:830} INFO - Processing file /home/airflow/.local/lib/python3.12/site-packages/airflow/example_dags/tutorial_objectstorage.py for tasks to queue
[2026-01-29T02:52:47.049+0000] {logging_mixin.py:188} INFO - [2026-01-29T02:52:47.049+0000] {dagbag.py:545} INFO - Filling up the DagBag from /home/airflow/.local/lib/python3.12/site-packages/airflow/example_dags/tutorial_objectstorage.py
[2026-01-29T02:52:47.056+0000] {processor.py:840} INFO - DAG(s) 'tutorial_objectstorage' retrieved from /home/airflow/.local/lib/python3.12/site-packages/airflow/example_dags/tutorial_objectstorage.py
[2026-01-29T02:52:47.076+0000] {logging_mixin.py:188} INFO - [2026-01-29T02:52:47.076+0000] {dag.py:3089} INFO - Sync 1 DAGs
[2026-01-29T02:52:47.207+0000] {logging_mixin.py:188} INFO - [2026-01-29T02:52:47.207+0000] {dag.py:3947} INFO - Setting next_dagrun for tutorial_objectstorage to None, run_after=None
[2026-01-29T02:52:47.228+0000] {processor.py:183} INFO - Processing /home/airflow/.local/lib/python3.12/site-packages/airflow/example_dags/tutorial_objectstorage.py took 0.186 seconds
[2026-01-29T02:53:17.386+0000] {processor.py:161} INFO - Started process (PID=83364) to work on /home/airflow/.local/lib/python3.12/site-packages/airflow/example_dags/tutorial_objectstorage.py
[2026-01-29T02:53:17.387+0000] {processor.py:830} INFO - Processing file /home/airflow/.local/lib/python3.12/site-packages/airflow/example_dags/tutorial_objectstorage.py for tasks to queue
[2026-01-29T02:53:17.389+0000] {logging_mixin.py:188} INFO - [2026-01-29T02:53:17.389+0000] {dagbag.py:545} INFO - Filling up the DagBag from /home/airflow/.local/lib/python3.12/site-packages/airflow/example_dags/tutorial_objectstorage.py
[2026-01-29T02:53:17.396+0000] {processor.py:840} INFO - DAG(s) 'tutorial_objectstorage' retrieved from /home/airflow/.local/lib/python3.12/site-packages/airflow/example_dags/tutorial_objectstorage.py
[2026-01-29T02:53:17.417+0000] {logging_mixin.py:188} INFO - [2026-01-29T02:53:17.416+0000] {dag.py:3089} INFO - Sync 1 DAGs
[2026-01-29T02:53:17.431+0000] {logging_mixin.py:188} INFO - [2026-01-29T02:53:17.430+0000] {dag.py:3947} INFO - Setting next_dagrun for tutorial_objectstorage to None, run_after=None
[2026-01-29T02:53:17.453+0000] {processor.py:183} INFO - Processing /home/airflow/.local/lib/python3.12/site-packages/airflow/example_dags/tutorial_objectstorage.py took 0.073 seconds
[2026-01-29T02:53:48.066+0000] {processor.py:161} INFO - Started process (PID=83423) to work on /home/airflow/.local/lib/python3.12/site-packages/airflow/example_dags/tutorial_objectstorage.py
[2026-01-29T02:53:48.067+0000] {processor.py:830} INFO - Processing file /home/airflow/.local/lib/python3.12/site-packages/airflow/example_dags/tutorial_objectstorage.py for tasks to queue
[2026-01-29T02:53:48.069+0000] {logging_mixin.py:188} INFO - [2026-01-29T02:53:48.068+0000] {dagbag.py:545} INFO - Filling up the DagBag from /home/airflow/.local/lib/python3.12/site-packages/airflow/example_dags/tutorial_objectstorage.py
[2026-01-29T02:53:48.076+0000] {processor.py:840} INFO - DAG(s) 'tutorial_objectstorage' retrieved from /home/airflow/.local/lib/python3.12/site-packages/airflow/example_dags/tutorial_objectstorage.py
[2026-01-29T02:53:48.094+0000] {logging_mixin.py:188} INFO - [2026-01-29T02:53:48.094+0000] {dag.py:3089} INFO - Sync 1 DAGs
[2026-01-29T02:53:48.108+0000] {logging_mixin.py:188} INFO - [2026-01-29T02:53:48.108+0000] {dag.py:3947} INFO - Setting next_dagrun for tutorial_objectstorage to None, run_after=None
[2026-01-29T02:53:48.126+0000] {processor.py:183} INFO - Processing /home/airflow/.local/lib/python3.12/site-packages/airflow/example_dags/tutorial_objectstorage.py took 0.066 seconds
[2026-01-29T02:54:18.287+0000] {processor.py:161} INFO - Started process (PID=83487) to work on /home/airflow/.local/lib/python3.12/site-packages/airflow/example_dags/tutorial_objectstorage.py
[2026-01-29T02:54:18.288+0000] {processor.py:830} INFO - Processing file /home/airflow/.local/lib/python3.12/site-packages/airflow/example_dags/tutorial_objectstorage.py for tasks to queue
[2026-01-29T02:54:18.290+0000] {logging_mixin.py:188} INFO - [2026-01-29T02:54:18.290+0000] {dagbag.py:545} INFO - Filling up the DagBag from /home/airflow/.local/lib/python3.12/site-packages/airflow/example_dags/tutorial_objectstorage.py
[2026-01-29T02:54:18.297+0000] {processor.py:840} INFO - DAG(s) 'tutorial_objectstorage' retrieved from /home/airflow/.local/lib/python3.12/site-packages/airflow/example_dags/tutorial_objectstorage.py
[2026-01-29T02:54:18.316+0000] {logging_mixin.py:188} INFO - [2026-01-29T02:54:18.316+0000] {dag.py:3089} INFO - Sync 1 DAGs
[2026-01-29T02:54:18.331+0000] {logging_mixin.py:188} INFO - [2026-01-29T02:54:18.330+0000] {dag.py:3947} INFO - Setting next_dagrun for tutorial_objectstorage to None, run_after=None
[2026-01-29T02:54:18.352+0000] {processor.py:183} INFO - Processing /home/airflow/.local/lib/python3.12/site-packages/airflow/example_dags/tutorial_objectstorage.py took 0.071 seconds
[2026-01-29T02:54:48.423+0000] {processor.py:161} INFO - Started process (PID=83546) to work on /home/airflow/.local/lib/python3.12/site-packages/airflow/example_dags/tutorial_objectstorage.py
[2026-01-29T02:54:48.424+0000] {processor.py:830} INFO - Processing file /home/airflow/.local/lib/python3.12/site-packages/airflow/example_dags/tutorial_objectstorage.py for tasks to queue
[2026-01-29T02:54:48.426+0000] {logging_mixin.py:188} INFO - [2026-01-29T02:54:48.425+0000] {dagbag.py:545} INFO - Filling up the DagBag from /home/airflow/.local/lib/python3.12/site-packages/airflow/example_dags/tutorial_objectstorage.py
[2026-01-29T02:54:48.433+0000] {processor.py:840} INFO - DAG(s) 'tutorial_objectstorage' retrieved from /home/airflow/.local/lib/python3.12/site-packages/airflow/example_dags/tutorial_objectstorage.py
[2026-01-29T02:54:48.457+0000] {logging_mixin.py:188} INFO - [2026-01-29T02:54:48.456+0000] {dag.py:3089} INFO - Sync 1 DAGs
[2026-01-29T02:54:48.471+0000] {logging_mixin.py:188} INFO - [2026-01-29T02:54:48.471+0000] {dag.py:3947} INFO - Setting next_dagrun for tutorial_objectstorage to None, run_after=None
[2026-01-29T02:54:48.499+0000] {processor.py:183} INFO - Processing /home/airflow/.local/lib/python3.12/site-packages/airflow/example_dags/tutorial_objectstorage.py took 0.082 seconds
[2026-01-29T02:55:18.630+0000] {processor.py:161} INFO - Started process (PID=83610) to work on /home/airflow/.local/lib/python3.12/site-packages/airflow/example_dags/tutorial_objectstorage.py
[2026-01-29T02:55:18.631+0000] {processor.py:830} INFO - Processing file /home/airflow/.local/lib/python3.12/site-packages/airflow/example_dags/tutorial_objectstorage.py for tasks to queue
[2026-01-29T02:55:18.633+0000] {logging_mixin.py:188} INFO - [2026-01-29T02:55:18.632+0000] {dagbag.py:545} INFO - Filling up the DagBag from /home/airflow/.local/lib/python3.12/site-packages/airflow/example_dags/tutorial_objectstorage.py
[2026-01-29T02:55:18.639+0000] {processor.py:840} INFO - DAG(s) 'tutorial_objectstorage' retrieved from /home/airflow/.local/lib/python3.12/site-packages/airflow/example_dags/tutorial_objectstorage.py
[2026-01-29T02:55:18.658+0000] {logging_mixin.py:188} INFO - [2026-01-29T02:55:18.658+0000] {dag.py:3089} INFO - Sync 1 DAGs
[2026-01-29T02:55:18.673+0000] {logging_mixin.py:188} INFO - [2026-01-29T02:55:18.673+0000] {dag.py:3947} INFO - Setting next_dagrun for tutorial_objectstorage to None, run_after=None
[2026-01-29T02:55:18.693+0000] {processor.py:183} INFO - Processing /home/airflow/.local/lib/python3.12/site-packages/airflow/example_dags/tutorial_objectstorage.py took 0.069 seconds
[2026-01-29T02:55:49.411+0000] {processor.py:161} INFO - Started process (PID=83669) to work on /home/airflow/.local/lib/python3.12/site-packages/airflow/example_dags/tutorial_objectstorage.py
[2026-01-29T02:55:49.412+0000] {processor.py:830} INFO - Processing file /home/airflow/.local/lib/python3.12/site-packages/airflow/example_dags/tutorial_objectstorage.py for tasks to queue
[2026-01-29T02:55:49.414+0000] {logging_mixin.py:188} INFO - [2026-01-29T02:55:49.414+0000] {dagbag.py:545} INFO - Filling up the DagBag from /home/airflow/.local/lib/python3.12/site-packages/airflow/example_dags/tutorial_objectstorage.py
[2026-01-29T02:55:49.421+0000] {processor.py:840} INFO - DAG(s) 'tutorial_objectstorage' retrieved from /home/airflow/.local/lib/python3.12/site-packages/airflow/example_dags/tutorial_objectstorage.py
[2026-01-29T02:55:49.440+0000] {logging_mixin.py:188} INFO - [2026-01-29T02:55:49.440+0000] {dag.py:3089} INFO - Sync 1 DAGs
[2026-01-29T02:55:49.454+0000] {logging_mixin.py:188} INFO - [2026-01-29T02:55:49.453+0000] {dag.py:3947} INFO - Setting next_dagrun for tutorial_objectstorage to None, run_after=None
[2026-01-29T02:55:49.472+0000] {processor.py:183} INFO - Processing /home/airflow/.local/lib/python3.12/site-packages/airflow/example_dags/tutorial_objectstorage.py took 0.067 seconds
[2026-01-29T02:56:19.655+0000] {processor.py:161} INFO - Started process (PID=83733) to work on /home/airflow/.local/lib/python3.12/site-packages/airflow/example_dags/tutorial_objectstorage.py
[2026-01-29T02:56:19.655+0000] {processor.py:830} INFO - Processing file /home/airflow/.local/lib/python3.12/site-packages/airflow/example_dags/tutorial_objectstorage.py for tasks to queue
[2026-01-29T02:56:19.657+0000] {logging_mixin.py:188} INFO - [2026-01-29T02:56:19.657+0000] {dagbag.py:545} INFO - Filling up the DagBag from /home/airflow/.local/lib/python3.12/site-packages/airflow/example_dags/tutorial_objectstorage.py
[2026-01-29T02:56:19.665+0000] {processor.py:840} INFO - DAG(s) 'tutorial_objectstorage' retrieved from /home/airflow/.local/lib/python3.12/site-packages/airflow/example_dags/tutorial_objectstorage.py
[2026-01-29T02:56:19.685+0000] {logging_mixin.py:188} INFO - [2026-01-29T02:56:19.685+0000] {dag.py:3089} INFO - Sync 1 DAGs
[2026-01-29T02:56:19.700+0000] {logging_mixin.py:188} INFO - [2026-01-29T02:56:19.699+0000] {dag.py:3947} INFO - Setting next_dagrun for tutorial_objectstorage to None, run_after=None
[2026-01-29T02:56:19.718+0000] {processor.py:183} INFO - Processing /home/airflow/.local/lib/python3.12/site-packages/airflow/example_dags/tutorial_objectstorage.py took 0.070 seconds
[2026-01-29T02:56:49.915+0000] {processor.py:161} INFO - Started process (PID=83792) to work on /home/airflow/.local/lib/python3.12/site-packages/airflow/example_dags/tutorial_objectstorage.py
[2026-01-29T02:56:49.916+0000] {processor.py:830} INFO - Processing file /home/airflow/.local/lib/python3.12/site-packages/airflow/example_dags/tutorial_objectstorage.py for tasks to queue
[2026-01-29T02:56:49.918+0000] {logging_mixin.py:188} INFO - [2026-01-29T02:56:49.917+0000] {dagbag.py:545} INFO - Filling up the DagBag from /home/airflow/.local/lib/python3.12/site-packages/airflow/example_dags/tutorial_objectstorage.py
[2026-01-29T02:56:49.925+0000] {processor.py:840} INFO - DAG(s) 'tutorial_objectstorage' retrieved from /home/airflow/.local/lib/python3.12/site-packages/airflow/example_dags/tutorial_objectstorage.py
[2026-01-29T02:56:49.943+0000] {logging_mixin.py:188} INFO - [2026-01-29T02:56:49.943+0000] {dag.py:3089} INFO - Sync 1 DAGs
[2026-01-29T02:56:49.957+0000] {logging_mixin.py:188} INFO - [2026-01-29T02:56:49.957+0000] {dag.py:3947} INFO - Setting next_dagrun for tutorial_objectstorage to None, run_after=None
[2026-01-29T02:56:49.975+0000] {processor.py:183} INFO - Processing /home/airflow/.local/lib/python3.12/site-packages/airflow/example_dags/tutorial_objectstorage.py took 0.066 seconds
[2026-01-29T02:57:20.206+0000] {processor.py:161} INFO - Started process (PID=83856) to work on /home/airflow/.local/lib/python3.12/site-packages/airflow/example_dags/tutorial_objectstorage.py
[2026-01-29T02:57:20.206+0000] {processor.py:830} INFO - Processing file /home/airflow/.local/lib/python3.12/site-packages/airflow/example_dags/tutorial_objectstorage.py for tasks to queue
[2026-01-29T02:57:20.208+0000] {logging_mixin.py:188} INFO - [2026-01-29T02:57:20.208+0000] {dagbag.py:545} INFO - Filling up the DagBag from /home/airflow/.local/lib/python3.12/site-packages/airflow/example_dags/tutorial_objectstorage.py
[2026-01-29T02:57:20.215+0000] {processor.py:840} INFO - DAG(s) 'tutorial_objectstorage' retrieved from /home/airflow/.local/lib/python3.12/site-packages/airflow/example_dags/tutorial_objectstorage.py
[2026-01-29T02:57:20.234+0000] {logging_mixin.py:188} INFO - [2026-01-29T02:57:20.233+0000] {dag.py:3089} INFO - Sync 1 DAGs
[2026-01-29T02:57:20.247+0000] {logging_mixin.py:188} INFO - [2026-01-29T02:57:20.247+0000] {dag.py:3947} INFO - Setting next_dagrun for tutorial_objectstorage to None, run_after=None
[2026-01-29T02:57:20.266+0000] {processor.py:183} INFO - Processing /home/airflow/.local/lib/python3.12/site-packages/airflow/example_dags/tutorial_objectstorage.py took 0.066 seconds
[2026-01-29T02:57:50.376+0000] {processor.py:161} INFO - Started process (PID=83915) to work on /home/airflow/.local/lib/python3.12/site-packages/airflow/example_dags/tutorial_objectstorage.py
[2026-01-29T02:57:50.377+0000] {processor.py:830} INFO - Processing file /home/airflow/.local/lib/python3.12/site-packages/airflow/example_dags/tutorial_objectstorage.py for tasks to queue
[2026-01-29T02:57:50.379+0000] {logging_mixin.py:188} INFO - [2026-01-29T02:57:50.378+0000] {dagbag.py:545} INFO - Filling up the DagBag from /home/airflow/.local/lib/python3.12/site-packages/airflow/example_dags/tutorial_objectstorage.py
[2026-01-29T02:57:50.387+0000] {processor.py:840} INFO - DAG(s) 'tutorial_objectstorage' retrieved from /home/airflow/.local/lib/python3.12/site-packages/airflow/example_dags/tutorial_objectstorage.py
[2026-01-29T02:57:50.409+0000] {logging_mixin.py:188} INFO - [2026-01-29T02:57:50.409+0000] {dag.py:3089} INFO - Sync 1 DAGs
[2026-01-29T02:57:50.425+0000] {logging_mixin.py:188} INFO - [2026-01-29T02:57:50.425+0000] {dag.py:3947} INFO - Setting next_dagrun for tutorial_objectstorage to None, run_after=None
[2026-01-29T02:57:50.446+0000] {processor.py:183} INFO - Processing /home/airflow/.local/lib/python3.12/site-packages/airflow/example_dags/tutorial_objectstorage.py took 0.078 seconds
[2026-01-29T02:58:20.704+0000] {processor.py:161} INFO - Started process (PID=83979) to work on /home/airflow/.local/lib/python3.12/site-packages/airflow/example_dags/tutorial_objectstorage.py
[2026-01-29T02:58:20.704+0000] {processor.py:830} INFO - Processing file /home/airflow/.local/lib/python3.12/site-packages/airflow/example_dags/tutorial_objectstorage.py for tasks to queue
[2026-01-29T02:58:20.706+0000] {logging_mixin.py:188} INFO - [2026-01-29T02:58:20.705+0000] {dagbag.py:545} INFO - Filling up the DagBag from /home/airflow/.local/lib/python3.12/site-packages/airflow/example_dags/tutorial_objectstorage.py
[2026-01-29T02:58:20.712+0000] {processor.py:840} INFO - DAG(s) 'tutorial_objectstorage' retrieved from /home/airflow/.local/lib/python3.12/site-packages/airflow/example_dags/tutorial_objectstorage.py
[2026-01-29T02:58:20.733+0000] {logging_mixin.py:188} INFO - [2026-01-29T02:58:20.733+0000] {dag.py:3089} INFO - Sync 1 DAGs
[2026-01-29T02:58:20.746+0000] {logging_mixin.py:188} INFO - [2026-01-29T02:58:20.746+0000] {dag.py:3947} INFO - Setting next_dagrun for tutorial_objectstorage to None, run_after=None
[2026-01-29T02:58:20.767+0000] {processor.py:183} INFO - Processing /home/airflow/.local/lib/python3.12/site-packages/airflow/example_dags/tutorial_objectstorage.py took 0.069 seconds
[2026-01-29T02:58:51.059+0000] {processor.py:161} INFO - Started process (PID=84038) to work on /home/airflow/.local/lib/python3.12/site-packages/airflow/example_dags/tutorial_objectstorage.py
[2026-01-29T02:58:51.060+0000] {processor.py:830} INFO - Processing file /home/airflow/.local/lib/python3.12/site-packages/airflow/example_dags/tutorial_objectstorage.py for tasks to queue
[2026-01-29T02:58:51.062+0000] {logging_mixin.py:188} INFO - [2026-01-29T02:58:51.062+0000] {dagbag.py:545} INFO - Filling up the DagBag from /home/airflow/.local/lib/python3.12/site-packages/airflow/example_dags/tutorial_objectstorage.py
[2026-01-29T02:58:51.070+0000] {processor.py:840} INFO - DAG(s) 'tutorial_objectstorage' retrieved from /home/airflow/.local/lib/python3.12/site-packages/airflow/example_dags/tutorial_objectstorage.py
[2026-01-29T02:58:51.093+0000] {logging_mixin.py:188} INFO - [2026-01-29T02:58:51.093+0000] {dag.py:3089} INFO - Sync 1 DAGs
[2026-01-29T02:58:51.108+0000] {logging_mixin.py:188} INFO - [2026-01-29T02:58:51.108+0000] {dag.py:3947} INFO - Setting next_dagrun for tutorial_objectstorage to None, run_after=None
[2026-01-29T02:58:51.132+0000] {processor.py:183} INFO - Processing /home/airflow/.local/lib/python3.12/site-packages/airflow/example_dags/tutorial_objectstorage.py took 0.080 seconds
[2026-01-29T02:59:21.408+0000] {processor.py:161} INFO - Started process (PID=84102) to work on /home/airflow/.local/lib/python3.12/site-packages/airflow/example_dags/tutorial_objectstorage.py
[2026-01-29T02:59:21.409+0000] {processor.py:830} INFO - Processing file /home/airflow/.local/lib/python3.12/site-packages/airflow/example_dags/tutorial_objectstorage.py for tasks to queue
[2026-01-29T02:59:21.410+0000] {logging_mixin.py:188} INFO - [2026-01-29T02:59:21.410+0000] {dagbag.py:545} INFO - Filling up the DagBag from /home/airflow/.local/lib/python3.12/site-packages/airflow/example_dags/tutorial_objectstorage.py
[2026-01-29T02:59:21.417+0000] {processor.py:840} INFO - DAG(s) 'tutorial_objectstorage' retrieved from /home/airflow/.local/lib/python3.12/site-packages/airflow/example_dags/tutorial_objectstorage.py
[2026-01-29T02:59:21.437+0000] {logging_mixin.py:188} INFO - [2026-01-29T02:59:21.436+0000] {dag.py:3089} INFO - Sync 1 DAGs
[2026-01-29T02:59:21.450+0000] {logging_mixin.py:188} INFO - [2026-01-29T02:59:21.450+0000] {dag.py:3947} INFO - Setting next_dagrun for tutorial_objectstorage to None, run_after=None
[2026-01-29T02:59:21.471+0000] {processor.py:183} INFO - Processing /home/airflow/.local/lib/python3.12/site-packages/airflow/example_dags/tutorial_objectstorage.py took 0.069 seconds
[2026-01-29T02:59:51.810+0000] {processor.py:161} INFO - Started process (PID=84161) to work on /home/airflow/.local/lib/python3.12/site-packages/airflow/example_dags/tutorial_objectstorage.py
[2026-01-29T02:59:51.812+0000] {processor.py:830} INFO - Processing file /home/airflow/.local/lib/python3.12/site-packages/airflow/example_dags/tutorial_objectstorage.py for tasks to queue
[2026-01-29T02:59:51.813+0000] {logging_mixin.py:188} INFO - [2026-01-29T02:59:51.813+0000] {dagbag.py:545} INFO - Filling up the DagBag from /home/airflow/.local/lib/python3.12/site-packages/airflow/example_dags/tutorial_objectstorage.py
[2026-01-29T02:59:51.822+0000] {processor.py:840} INFO - DAG(s) 'tutorial_objectstorage' retrieved from /home/airflow/.local/lib/python3.12/site-packages/airflow/example_dags/tutorial_objectstorage.py
[2026-01-29T02:59:51.843+0000] {logging_mixin.py:188} INFO - [2026-01-29T02:59:51.842+0000] {dag.py:3089} INFO - Sync 1 DAGs
[2026-01-29T02:59:51.857+0000] {logging_mixin.py:188} INFO - [2026-01-29T02:59:51.857+0000] {dag.py:3947} INFO - Setting next_dagrun for tutorial_objectstorage to None, run_after=None
[2026-01-29T02:59:51.878+0000] {processor.py:183} INFO - Processing /home/airflow/.local/lib/python3.12/site-packages/airflow/example_dags/tutorial_objectstorage.py took 0.075 seconds
[2026-01-29T03:00:22.167+0000] {processor.py:161} INFO - Started process (PID=84225) to work on /home/airflow/.local/lib/python3.12/site-packages/airflow/example_dags/tutorial_objectstorage.py
[2026-01-29T03:00:22.168+0000] {processor.py:830} INFO - Processing file /home/airflow/.local/lib/python3.12/site-packages/airflow/example_dags/tutorial_objectstorage.py for tasks to queue
[2026-01-29T03:00:22.170+0000] {logging_mixin.py:188} INFO - [2026-01-29T03:00:22.169+0000] {dagbag.py:545} INFO - Filling up the DagBag from /home/airflow/.local/lib/python3.12/site-packages/airflow/example_dags/tutorial_objectstorage.py
[2026-01-29T03:00:22.177+0000] {processor.py:840} INFO - DAG(s) 'tutorial_objectstorage' retrieved from /home/airflow/.local/lib/python3.12/site-packages/airflow/example_dags/tutorial_objectstorage.py
[2026-01-29T03:00:22.196+0000] {logging_mixin.py:188} INFO - [2026-01-29T03:00:22.196+0000] {dag.py:3089} INFO - Sync 1 DAGs
[2026-01-29T03:00:22.210+0000] {logging_mixin.py:188} INFO - [2026-01-29T03:00:22.209+0000] {dag.py:3947} INFO - Setting next_dagrun for tutorial_objectstorage to None, run_after=None
[2026-01-29T03:00:22.229+0000] {processor.py:183} INFO - Processing /home/airflow/.local/lib/python3.12/site-packages/airflow/example_dags/tutorial_objectstorage.py took 0.068 seconds
[2026-01-29T03:00:52.483+0000] {processor.py:161} INFO - Started process (PID=84284) to work on /home/airflow/.local/lib/python3.12/site-packages/airflow/example_dags/tutorial_objectstorage.py
[2026-01-29T03:00:52.484+0000] {processor.py:830} INFO - Processing file /home/airflow/.local/lib/python3.12/site-packages/airflow/example_dags/tutorial_objectstorage.py for tasks to queue
[2026-01-29T03:00:52.486+0000] {logging_mixin.py:188} INFO - [2026-01-29T03:00:52.485+0000] {dagbag.py:545} INFO - Filling up the DagBag from /home/airflow/.local/lib/python3.12/site-packages/airflow/example_dags/tutorial_objectstorage.py
[2026-01-29T03:00:52.493+0000] {processor.py:840} INFO - DAG(s) 'tutorial_objectstorage' retrieved from /home/airflow/.local/lib/python3.12/site-packages/airflow/example_dags/tutorial_objectstorage.py
[2026-01-29T03:00:52.512+0000] {logging_mixin.py:188} INFO - [2026-01-29T03:00:52.512+0000] {dag.py:3089} INFO - Sync 1 DAGs
[2026-01-29T03:00:52.528+0000] {logging_mixin.py:188} INFO - [2026-01-29T03:00:52.528+0000] {dag.py:3947} INFO - Setting next_dagrun for tutorial_objectstorage to None, run_after=None
[2026-01-29T03:00:52.552+0000] {processor.py:183} INFO - Processing /home/airflow/.local/lib/python3.12/site-packages/airflow/example_dags/tutorial_objectstorage.py took 0.076 seconds
[2026-01-29T03:01:22.710+0000] {processor.py:161} INFO - Started process (PID=84348) to work on /home/airflow/.local/lib/python3.12/site-packages/airflow/example_dags/tutorial_objectstorage.py
[2026-01-29T03:01:22.711+0000] {processor.py:830} INFO - Processing file /home/airflow/.local/lib/python3.12/site-packages/airflow/example_dags/tutorial_objectstorage.py for tasks to queue
[2026-01-29T03:01:22.712+0000] {logging_mixin.py:188} INFO - [2026-01-29T03:01:22.712+0000] {dagbag.py:545} INFO - Filling up the DagBag from /home/airflow/.local/lib/python3.12/site-packages/airflow/example_dags/tutorial_objectstorage.py
[2026-01-29T03:01:22.719+0000] {processor.py:840} INFO - DAG(s) 'tutorial_objectstorage' retrieved from /home/airflow/.local/lib/python3.12/site-packages/airflow/example_dags/tutorial_objectstorage.py
[2026-01-29T03:01:22.738+0000] {logging_mixin.py:188} INFO - [2026-01-29T03:01:22.738+0000] {dag.py:3089} INFO - Sync 1 DAGs
[2026-01-29T03:01:22.753+0000] {logging_mixin.py:188} INFO - [2026-01-29T03:01:22.752+0000] {dag.py:3947} INFO - Setting next_dagrun for tutorial_objectstorage to None, run_after=None
[2026-01-29T03:01:22.774+0000] {processor.py:183} INFO - Processing /home/airflow/.local/lib/python3.12/site-packages/airflow/example_dags/tutorial_objectstorage.py took 0.070 seconds
[2026-01-29T03:01:53.023+0000] {processor.py:161} INFO - Started process (PID=84407) to work on /home/airflow/.local/lib/python3.12/site-packages/airflow/example_dags/tutorial_objectstorage.py
[2026-01-29T03:01:53.024+0000] {processor.py:830} INFO - Processing file /home/airflow/.local/lib/python3.12/site-packages/airflow/example_dags/tutorial_objectstorage.py for tasks to queue
[2026-01-29T03:01:53.026+0000] {logging_mixin.py:188} INFO - [2026-01-29T03:01:53.025+0000] {dagbag.py:545} INFO - Filling up the DagBag from /home/airflow/.local/lib/python3.12/site-packages/airflow/example_dags/tutorial_objectstorage.py
[2026-01-29T03:01:53.033+0000] {processor.py:840} INFO - DAG(s) 'tutorial_objectstorage' retrieved from /home/airflow/.local/lib/python3.12/site-packages/airflow/example_dags/tutorial_objectstorage.py
[2026-01-29T03:01:53.052+0000] {logging_mixin.py:188} INFO - [2026-01-29T03:01:53.052+0000] {dag.py:3089} INFO - Sync 1 DAGs
[2026-01-29T03:01:53.066+0000] {logging_mixin.py:188} INFO - [2026-01-29T03:01:53.065+0000] {dag.py:3947} INFO - Setting next_dagrun for tutorial_objectstorage to None, run_after=None
[2026-01-29T03:01:53.089+0000] {processor.py:183} INFO - Processing /home/airflow/.local/lib/python3.12/site-packages/airflow/example_dags/tutorial_objectstorage.py took 0.073 seconds
[2026-01-29T03:02:23.568+0000] {processor.py:161} INFO - Started process (PID=84471) to work on /home/airflow/.local/lib/python3.12/site-packages/airflow/example_dags/tutorial_objectstorage.py
[2026-01-29T03:02:23.568+0000] {processor.py:830} INFO - Processing file /home/airflow/.local/lib/python3.12/site-packages/airflow/example_dags/tutorial_objectstorage.py for tasks to queue
[2026-01-29T03:02:23.570+0000] {logging_mixin.py:188} INFO - [2026-01-29T03:02:23.570+0000] {dagbag.py:545} INFO - Filling up the DagBag from /home/airflow/.local/lib/python3.12/site-packages/airflow/example_dags/tutorial_objectstorage.py
[2026-01-29T03:02:23.577+0000] {processor.py:840} INFO - DAG(s) 'tutorial_objectstorage' retrieved from /home/airflow/.local/lib/python3.12/site-packages/airflow/example_dags/tutorial_objectstorage.py
[2026-01-29T03:02:23.597+0000] {logging_mixin.py:188} INFO - [2026-01-29T03:02:23.597+0000] {dag.py:3089} INFO - Sync 1 DAGs
[2026-01-29T03:02:23.611+0000] {logging_mixin.py:188} INFO - [2026-01-29T03:02:23.611+0000] {dag.py:3947} INFO - Setting next_dagrun for tutorial_objectstorage to None, run_after=None
[2026-01-29T03:02:23.629+0000] {processor.py:183} INFO - Processing /home/airflow/.local/lib/python3.12/site-packages/airflow/example_dags/tutorial_objectstorage.py took 0.068 seconds
[2026-01-29T03:02:54.541+0000] {processor.py:161} INFO - Started process (PID=84529) to work on /home/airflow/.local/lib/python3.12/site-packages/airflow/example_dags/tutorial_objectstorage.py
[2026-01-29T03:02:54.542+0000] {processor.py:830} INFO - Processing file /home/airflow/.local/lib/python3.12/site-packages/airflow/example_dags/tutorial_objectstorage.py for tasks to queue
[2026-01-29T03:02:54.545+0000] {logging_mixin.py:188} INFO - [2026-01-29T03:02:54.544+0000] {dagbag.py:545} INFO - Filling up the DagBag from /home/airflow/.local/lib/python3.12/site-packages/airflow/example_dags/tutorial_objectstorage.py
[2026-01-29T03:02:54.552+0000] {processor.py:840} INFO - DAG(s) 'tutorial_objectstorage' retrieved from /home/airflow/.local/lib/python3.12/site-packages/airflow/example_dags/tutorial_objectstorage.py
[2026-01-29T03:02:54.571+0000] {logging_mixin.py:188} INFO - [2026-01-29T03:02:54.571+0000] {dag.py:3089} INFO - Sync 1 DAGs
[2026-01-29T03:02:54.585+0000] {logging_mixin.py:188} INFO - [2026-01-29T03:02:54.585+0000] {dag.py:3947} INFO - Setting next_dagrun for tutorial_objectstorage to None, run_after=None
[2026-01-29T03:02:54.606+0000] {processor.py:183} INFO - Processing /home/airflow/.local/lib/python3.12/site-packages/airflow/example_dags/tutorial_objectstorage.py took 0.073 seconds
[2026-01-29T03:03:24.923+0000] {processor.py:161} INFO - Started process (PID=84593) to work on /home/airflow/.local/lib/python3.12/site-packages/airflow/example_dags/tutorial_objectstorage.py
[2026-01-29T03:03:24.924+0000] {processor.py:830} INFO - Processing file /home/airflow/.local/lib/python3.12/site-packages/airflow/example_dags/tutorial_objectstorage.py for tasks to queue
[2026-01-29T03:03:24.926+0000] {logging_mixin.py:188} INFO - [2026-01-29T03:03:24.925+0000] {dagbag.py:545} INFO - Filling up the DagBag from /home/airflow/.local/lib/python3.12/site-packages/airflow/example_dags/tutorial_objectstorage.py
[2026-01-29T03:03:24.933+0000] {processor.py:840} INFO - DAG(s) 'tutorial_objectstorage' retrieved from /home/airflow/.local/lib/python3.12/site-packages/airflow/example_dags/tutorial_objectstorage.py
[2026-01-29T03:03:24.954+0000] {logging_mixin.py:188} INFO - [2026-01-29T03:03:24.954+0000] {dag.py:3089} INFO - Sync 1 DAGs
[2026-01-29T03:03:24.968+0000] {logging_mixin.py:188} INFO - [2026-01-29T03:03:24.968+0000] {dag.py:3947} INFO - Setting next_dagrun for tutorial_objectstorage to None, run_after=None
[2026-01-29T03:03:24.988+0000] {processor.py:183} INFO - Processing /home/airflow/.local/lib/python3.12/site-packages/airflow/example_dags/tutorial_objectstorage.py took 0.071 seconds
[2026-01-29T03:03:55.104+0000] {processor.py:161} INFO - Started process (PID=84652) to work on /home/airflow/.local/lib/python3.12/site-packages/airflow/example_dags/tutorial_objectstorage.py
[2026-01-29T03:03:55.105+0000] {processor.py:830} INFO - Processing file /home/airflow/.local/lib/python3.12/site-packages/airflow/example_dags/tutorial_objectstorage.py for tasks to queue
[2026-01-29T03:03:55.108+0000] {logging_mixin.py:188} INFO - [2026-01-29T03:03:55.107+0000] {dagbag.py:545} INFO - Filling up the DagBag from /home/airflow/.local/lib/python3.12/site-packages/airflow/example_dags/tutorial_objectstorage.py
[2026-01-29T03:03:55.116+0000] {processor.py:840} INFO - DAG(s) 'tutorial_objectstorage' retrieved from /home/airflow/.local/lib/python3.12/site-packages/airflow/example_dags/tutorial_objectstorage.py
[2026-01-29T03:03:55.135+0000] {logging_mixin.py:188} INFO - [2026-01-29T03:03:55.135+0000] {dag.py:3089} INFO - Sync 1 DAGs
[2026-01-29T03:03:55.149+0000] {logging_mixin.py:188} INFO - [2026-01-29T03:03:55.148+0000] {dag.py:3947} INFO - Setting next_dagrun for tutorial_objectstorage to None, run_after=None
[2026-01-29T03:03:55.170+0000] {processor.py:183} INFO - Processing /home/airflow/.local/lib/python3.12/site-packages/airflow/example_dags/tutorial_objectstorage.py took 0.073 seconds
[2026-01-29T03:04:25.614+0000] {processor.py:161} INFO - Started process (PID=84716) to work on /home/airflow/.local/lib/python3.12/site-packages/airflow/example_dags/tutorial_objectstorage.py
[2026-01-29T03:04:25.614+0000] {processor.py:830} INFO - Processing file /home/airflow/.local/lib/python3.12/site-packages/airflow/example_dags/tutorial_objectstorage.py for tasks to queue
[2026-01-29T03:04:25.616+0000] {logging_mixin.py:188} INFO - [2026-01-29T03:04:25.616+0000] {dagbag.py:545} INFO - Filling up the DagBag from /home/airflow/.local/lib/python3.12/site-packages/airflow/example_dags/tutorial_objectstorage.py
[2026-01-29T03:04:25.625+0000] {processor.py:840} INFO - DAG(s) 'tutorial_objectstorage' retrieved from /home/airflow/.local/lib/python3.12/site-packages/airflow/example_dags/tutorial_objectstorage.py
[2026-01-29T03:04:25.645+0000] {logging_mixin.py:188} INFO - [2026-01-29T03:04:25.645+0000] {dag.py:3089} INFO - Sync 1 DAGs
[2026-01-29T03:04:25.660+0000] {logging_mixin.py:188} INFO - [2026-01-29T03:04:25.659+0000] {dag.py:3947} INFO - Setting next_dagrun for tutorial_objectstorage to None, run_after=None
[2026-01-29T03:04:25.680+0000] {processor.py:183} INFO - Processing /home/airflow/.local/lib/python3.12/site-packages/airflow/example_dags/tutorial_objectstorage.py took 0.073 seconds
[2026-01-29T03:04:55.839+0000] {processor.py:161} INFO - Started process (PID=84775) to work on /home/airflow/.local/lib/python3.12/site-packages/airflow/example_dags/tutorial_objectstorage.py
[2026-01-29T03:04:55.841+0000] {processor.py:830} INFO - Processing file /home/airflow/.local/lib/python3.12/site-packages/airflow/example_dags/tutorial_objectstorage.py for tasks to queue
[2026-01-29T03:04:55.843+0000] {logging_mixin.py:188} INFO - [2026-01-29T03:04:55.842+0000] {dagbag.py:545} INFO - Filling up the DagBag from /home/airflow/.local/lib/python3.12/site-packages/airflow/example_dags/tutorial_objectstorage.py
[2026-01-29T03:04:55.851+0000] {processor.py:840} INFO - DAG(s) 'tutorial_objectstorage' retrieved from /home/airflow/.local/lib/python3.12/site-packages/airflow/example_dags/tutorial_objectstorage.py
[2026-01-29T03:04:55.875+0000] {logging_mixin.py:188} INFO - [2026-01-29T03:04:55.875+0000] {dag.py:3089} INFO - Sync 1 DAGs
[2026-01-29T03:04:55.890+0000] {logging_mixin.py:188} INFO - [2026-01-29T03:04:55.890+0000] {dag.py:3947} INFO - Setting next_dagrun for tutorial_objectstorage to None, run_after=None
[2026-01-29T03:04:55.913+0000] {processor.py:183} INFO - Processing /home/airflow/.local/lib/python3.12/site-packages/airflow/example_dags/tutorial_objectstorage.py took 0.081 seconds
[2026-01-29T03:05:26.163+0000] {processor.py:161} INFO - Started process (PID=84839) to work on /home/airflow/.local/lib/python3.12/site-packages/airflow/example_dags/tutorial_objectstorage.py
[2026-01-29T03:05:26.164+0000] {processor.py:830} INFO - Processing file /home/airflow/.local/lib/python3.12/site-packages/airflow/example_dags/tutorial_objectstorage.py for tasks to queue
[2026-01-29T03:05:26.166+0000] {logging_mixin.py:188} INFO - [2026-01-29T03:05:26.165+0000] {dagbag.py:545} INFO - Filling up the DagBag from /home/airflow/.local/lib/python3.12/site-packages/airflow/example_dags/tutorial_objectstorage.py
[2026-01-29T03:05:26.174+0000] {processor.py:840} INFO - DAG(s) 'tutorial_objectstorage' retrieved from /home/airflow/.local/lib/python3.12/site-packages/airflow/example_dags/tutorial_objectstorage.py
[2026-01-29T03:05:26.195+0000] {logging_mixin.py:188} INFO - [2026-01-29T03:05:26.195+0000] {dag.py:3089} INFO - Sync 1 DAGs
[2026-01-29T03:05:26.209+0000] {logging_mixin.py:188} INFO - [2026-01-29T03:05:26.208+0000] {dag.py:3947} INFO - Setting next_dagrun for tutorial_objectstorage to None, run_after=None
[2026-01-29T03:05:26.231+0000] {processor.py:183} INFO - Processing /home/airflow/.local/lib/python3.12/site-packages/airflow/example_dags/tutorial_objectstorage.py took 0.075 seconds
[2026-01-29T03:05:56.386+0000] {processor.py:161} INFO - Started process (PID=84898) to work on /home/airflow/.local/lib/python3.12/site-packages/airflow/example_dags/tutorial_objectstorage.py
[2026-01-29T03:05:56.387+0000] {processor.py:830} INFO - Processing file /home/airflow/.local/lib/python3.12/site-packages/airflow/example_dags/tutorial_objectstorage.py for tasks to queue
[2026-01-29T03:05:56.388+0000] {logging_mixin.py:188} INFO - [2026-01-29T03:05:56.388+0000] {dagbag.py:545} INFO - Filling up the DagBag from /home/airflow/.local/lib/python3.12/site-packages/airflow/example_dags/tutorial_objectstorage.py
[2026-01-29T03:05:56.395+0000] {processor.py:840} INFO - DAG(s) 'tutorial_objectstorage' retrieved from /home/airflow/.local/lib/python3.12/site-packages/airflow/example_dags/tutorial_objectstorage.py
[2026-01-29T03:05:56.414+0000] {logging_mixin.py:188} INFO - [2026-01-29T03:05:56.413+0000] {dag.py:3089} INFO - Sync 1 DAGs
[2026-01-29T03:05:56.427+0000] {logging_mixin.py:188} INFO - [2026-01-29T03:05:56.427+0000] {dag.py:3947} INFO - Setting next_dagrun for tutorial_objectstorage to None, run_after=None
[2026-01-29T03:05:56.445+0000] {processor.py:183} INFO - Processing /home/airflow/.local/lib/python3.12/site-packages/airflow/example_dags/tutorial_objectstorage.py took 0.066 seconds
[2026-01-29T03:06:27.376+0000] {processor.py:161} INFO - Started process (PID=84962) to work on /home/airflow/.local/lib/python3.12/site-packages/airflow/example_dags/tutorial_objectstorage.py
[2026-01-29T03:06:27.377+0000] {processor.py:830} INFO - Processing file /home/airflow/.local/lib/python3.12/site-packages/airflow/example_dags/tutorial_objectstorage.py for tasks to queue
[2026-01-29T03:06:27.379+0000] {logging_mixin.py:188} INFO - [2026-01-29T03:06:27.378+0000] {dagbag.py:545} INFO - Filling up the DagBag from /home/airflow/.local/lib/python3.12/site-packages/airflow/example_dags/tutorial_objectstorage.py
[2026-01-29T03:06:27.387+0000] {processor.py:840} INFO - DAG(s) 'tutorial_objectstorage' retrieved from /home/airflow/.local/lib/python3.12/site-packages/airflow/example_dags/tutorial_objectstorage.py
[2026-01-29T03:06:27.408+0000] {logging_mixin.py:188} INFO - [2026-01-29T03:06:27.408+0000] {dag.py:3089} INFO - Sync 1 DAGs
[2026-01-29T03:06:27.423+0000] {logging_mixin.py:188} INFO - [2026-01-29T03:06:27.423+0000] {dag.py:3947} INFO - Setting next_dagrun for tutorial_objectstorage to None, run_after=None
[2026-01-29T03:06:27.458+0000] {processor.py:183} INFO - Processing /home/airflow/.local/lib/python3.12/site-packages/airflow/example_dags/tutorial_objectstorage.py took 0.089 seconds
[2026-01-29T03:06:57.566+0000] {processor.py:161} INFO - Started process (PID=85021) to work on /home/airflow/.local/lib/python3.12/site-packages/airflow/example_dags/tutorial_objectstorage.py
[2026-01-29T03:06:57.567+0000] {processor.py:830} INFO - Processing file /home/airflow/.local/lib/python3.12/site-packages/airflow/example_dags/tutorial_objectstorage.py for tasks to queue
[2026-01-29T03:06:57.569+0000] {logging_mixin.py:188} INFO - [2026-01-29T03:06:57.569+0000] {dagbag.py:545} INFO - Filling up the DagBag from /home/airflow/.local/lib/python3.12/site-packages/airflow/example_dags/tutorial_objectstorage.py
[2026-01-29T03:06:57.576+0000] {processor.py:840} INFO - DAG(s) 'tutorial_objectstorage' retrieved from /home/airflow/.local/lib/python3.12/site-packages/airflow/example_dags/tutorial_objectstorage.py
[2026-01-29T03:06:57.596+0000] {logging_mixin.py:188} INFO - [2026-01-29T03:06:57.595+0000] {dag.py:3089} INFO - Sync 1 DAGs
[2026-01-29T03:06:57.609+0000] {logging_mixin.py:188} INFO - [2026-01-29T03:06:57.609+0000] {dag.py:3947} INFO - Setting next_dagrun for tutorial_objectstorage to None, run_after=None
[2026-01-29T03:06:57.631+0000] {processor.py:183} INFO - Processing /home/airflow/.local/lib/python3.12/site-packages/airflow/example_dags/tutorial_objectstorage.py took 0.071 seconds
[2026-01-29T03:07:27.797+0000] {processor.py:161} INFO - Started process (PID=85085) to work on /home/airflow/.local/lib/python3.12/site-packages/airflow/example_dags/tutorial_objectstorage.py
[2026-01-29T03:07:27.797+0000] {processor.py:830} INFO - Processing file /home/airflow/.local/lib/python3.12/site-packages/airflow/example_dags/tutorial_objectstorage.py for tasks to queue
[2026-01-29T03:07:27.799+0000] {logging_mixin.py:188} INFO - [2026-01-29T03:07:27.799+0000] {dagbag.py:545} INFO - Filling up the DagBag from /home/airflow/.local/lib/python3.12/site-packages/airflow/example_dags/tutorial_objectstorage.py
[2026-01-29T03:07:27.806+0000] {processor.py:840} INFO - DAG(s) 'tutorial_objectstorage' retrieved from /home/airflow/.local/lib/python3.12/site-packages/airflow/example_dags/tutorial_objectstorage.py
[2026-01-29T03:07:27.826+0000] {logging_mixin.py:188} INFO - [2026-01-29T03:07:27.826+0000] {dag.py:3089} INFO - Sync 1 DAGs
[2026-01-29T03:07:27.840+0000] {logging_mixin.py:188} INFO - [2026-01-29T03:07:27.840+0000] {dag.py:3947} INFO - Setting next_dagrun for tutorial_objectstorage to None, run_after=None
[2026-01-29T03:07:27.860+0000] {processor.py:183} INFO - Processing /home/airflow/.local/lib/python3.12/site-packages/airflow/example_dags/tutorial_objectstorage.py took 0.070 seconds
[2026-01-29T03:07:58.095+0000] {processor.py:161} INFO - Started process (PID=85144) to work on /home/airflow/.local/lib/python3.12/site-packages/airflow/example_dags/tutorial_objectstorage.py
[2026-01-29T03:07:58.096+0000] {processor.py:830} INFO - Processing file /home/airflow/.local/lib/python3.12/site-packages/airflow/example_dags/tutorial_objectstorage.py for tasks to queue
[2026-01-29T03:07:58.098+0000] {logging_mixin.py:188} INFO - [2026-01-29T03:07:58.097+0000] {dagbag.py:545} INFO - Filling up the DagBag from /home/airflow/.local/lib/python3.12/site-packages/airflow/example_dags/tutorial_objectstorage.py
[2026-01-29T03:07:58.105+0000] {processor.py:840} INFO - DAG(s) 'tutorial_objectstorage' retrieved from /home/airflow/.local/lib/python3.12/site-packages/airflow/example_dags/tutorial_objectstorage.py
[2026-01-29T03:07:58.125+0000] {logging_mixin.py:188} INFO - [2026-01-29T03:07:58.125+0000] {dag.py:3089} INFO - Sync 1 DAGs
[2026-01-29T03:07:58.140+0000] {logging_mixin.py:188} INFO - [2026-01-29T03:07:58.139+0000] {dag.py:3947} INFO - Setting next_dagrun for tutorial_objectstorage to None, run_after=None
[2026-01-29T03:07:58.159+0000] {processor.py:183} INFO - Processing /home/airflow/.local/lib/python3.12/site-packages/airflow/example_dags/tutorial_objectstorage.py took 0.071 seconds
[2026-01-29T03:08:28.319+0000] {processor.py:161} INFO - Started process (PID=85208) to work on /home/airflow/.local/lib/python3.12/site-packages/airflow/example_dags/tutorial_objectstorage.py
[2026-01-29T03:08:28.320+0000] {processor.py:830} INFO - Processing file /home/airflow/.local/lib/python3.12/site-packages/airflow/example_dags/tutorial_objectstorage.py for tasks to queue
[2026-01-29T03:08:28.321+0000] {logging_mixin.py:188} INFO - [2026-01-29T03:08:28.321+0000] {dagbag.py:545} INFO - Filling up the DagBag from /home/airflow/.local/lib/python3.12/site-packages/airflow/example_dags/tutorial_objectstorage.py
[2026-01-29T03:08:28.329+0000] {processor.py:840} INFO - DAG(s) 'tutorial_objectstorage' retrieved from /home/airflow/.local/lib/python3.12/site-packages/airflow/example_dags/tutorial_objectstorage.py
[2026-01-29T03:08:28.348+0000] {logging_mixin.py:188} INFO - [2026-01-29T03:08:28.348+0000] {dag.py:3089} INFO - Sync 1 DAGs
[2026-01-29T03:08:28.362+0000] {logging_mixin.py:188} INFO - [2026-01-29T03:08:28.361+0000] {dag.py:3947} INFO - Setting next_dagrun for tutorial_objectstorage to None, run_after=None
[2026-01-29T03:08:28.381+0000] {processor.py:183} INFO - Processing /home/airflow/.local/lib/python3.12/site-packages/airflow/example_dags/tutorial_objectstorage.py took 0.069 seconds
[2026-01-29T03:08:58.714+0000] {processor.py:161} INFO - Started process (PID=85267) to work on /home/airflow/.local/lib/python3.12/site-packages/airflow/example_dags/tutorial_objectstorage.py
[2026-01-29T03:08:58.715+0000] {processor.py:830} INFO - Processing file /home/airflow/.local/lib/python3.12/site-packages/airflow/example_dags/tutorial_objectstorage.py for tasks to queue
[2026-01-29T03:08:58.717+0000] {logging_mixin.py:188} INFO - [2026-01-29T03:08:58.717+0000] {dagbag.py:545} INFO - Filling up the DagBag from /home/airflow/.local/lib/python3.12/site-packages/airflow/example_dags/tutorial_objectstorage.py
[2026-01-29T03:08:58.725+0000] {processor.py:840} INFO - DAG(s) 'tutorial_objectstorage' retrieved from /home/airflow/.local/lib/python3.12/site-packages/airflow/example_dags/tutorial_objectstorage.py
[2026-01-29T03:08:58.743+0000] {logging_mixin.py:188} INFO - [2026-01-29T03:08:58.743+0000] {dag.py:3089} INFO - Sync 1 DAGs
[2026-01-29T03:08:58.757+0000] {logging_mixin.py:188} INFO - [2026-01-29T03:08:58.756+0000] {dag.py:3947} INFO - Setting next_dagrun for tutorial_objectstorage to None, run_after=None
[2026-01-29T03:08:58.776+0000] {processor.py:183} INFO - Processing /home/airflow/.local/lib/python3.12/site-packages/airflow/example_dags/tutorial_objectstorage.py took 0.068 seconds
[2026-01-29T03:09:29.073+0000] {processor.py:161} INFO - Started process (PID=85331) to work on /home/airflow/.local/lib/python3.12/site-packages/airflow/example_dags/tutorial_objectstorage.py
[2026-01-29T03:09:29.074+0000] {processor.py:830} INFO - Processing file /home/airflow/.local/lib/python3.12/site-packages/airflow/example_dags/tutorial_objectstorage.py for tasks to queue
[2026-01-29T03:09:29.076+0000] {logging_mixin.py:188} INFO - [2026-01-29T03:09:29.076+0000] {dagbag.py:545} INFO - Filling up the DagBag from /home/airflow/.local/lib/python3.12/site-packages/airflow/example_dags/tutorial_objectstorage.py
[2026-01-29T03:09:29.085+0000] {processor.py:840} INFO - DAG(s) 'tutorial_objectstorage' retrieved from /home/airflow/.local/lib/python3.12/site-packages/airflow/example_dags/tutorial_objectstorage.py
[2026-01-29T03:09:29.107+0000] {logging_mixin.py:188} INFO - [2026-01-29T03:09:29.106+0000] {dag.py:3089} INFO - Sync 1 DAGs
[2026-01-29T03:09:29.121+0000] {logging_mixin.py:188} INFO - [2026-01-29T03:09:29.120+0000] {dag.py:3947} INFO - Setting next_dagrun for tutorial_objectstorage to None, run_after=None
[2026-01-29T03:09:29.142+0000] {processor.py:183} INFO - Processing /home/airflow/.local/lib/python3.12/site-packages/airflow/example_dags/tutorial_objectstorage.py took 0.077 seconds
[2026-01-29T03:09:59.364+0000] {processor.py:161} INFO - Started process (PID=85390) to work on /home/airflow/.local/lib/python3.12/site-packages/airflow/example_dags/tutorial_objectstorage.py
[2026-01-29T03:09:59.365+0000] {processor.py:830} INFO - Processing file /home/airflow/.local/lib/python3.12/site-packages/airflow/example_dags/tutorial_objectstorage.py for tasks to queue
[2026-01-29T03:09:59.367+0000] {logging_mixin.py:188} INFO - [2026-01-29T03:09:59.366+0000] {dagbag.py:545} INFO - Filling up the DagBag from /home/airflow/.local/lib/python3.12/site-packages/airflow/example_dags/tutorial_objectstorage.py
[2026-01-29T03:09:59.375+0000] {processor.py:840} INFO - DAG(s) 'tutorial_objectstorage' retrieved from /home/airflow/.local/lib/python3.12/site-packages/airflow/example_dags/tutorial_objectstorage.py
[2026-01-29T03:09:59.394+0000] {logging_mixin.py:188} INFO - [2026-01-29T03:09:59.394+0000] {dag.py:3089} INFO - Sync 1 DAGs
[2026-01-29T03:09:59.407+0000] {logging_mixin.py:188} INFO - [2026-01-29T03:09:59.407+0000] {dag.py:3947} INFO - Setting next_dagrun for tutorial_objectstorage to None, run_after=None
[2026-01-29T03:09:59.427+0000] {processor.py:183} INFO - Processing /home/airflow/.local/lib/python3.12/site-packages/airflow/example_dags/tutorial_objectstorage.py took 0.070 seconds
[2026-01-29T03:10:29.854+0000] {processor.py:161} INFO - Started process (PID=85454) to work on /home/airflow/.local/lib/python3.12/site-packages/airflow/example_dags/tutorial_objectstorage.py
[2026-01-29T03:10:29.855+0000] {processor.py:830} INFO - Processing file /home/airflow/.local/lib/python3.12/site-packages/airflow/example_dags/tutorial_objectstorage.py for tasks to queue
[2026-01-29T03:10:29.857+0000] {logging_mixin.py:188} INFO - [2026-01-29T03:10:29.856+0000] {dagbag.py:545} INFO - Filling up the DagBag from /home/airflow/.local/lib/python3.12/site-packages/airflow/example_dags/tutorial_objectstorage.py
[2026-01-29T03:10:29.864+0000] {processor.py:840} INFO - DAG(s) 'tutorial_objectstorage' retrieved from /home/airflow/.local/lib/python3.12/site-packages/airflow/example_dags/tutorial_objectstorage.py
[2026-01-29T03:10:29.882+0000] {logging_mixin.py:188} INFO - [2026-01-29T03:10:29.882+0000] {dag.py:3089} INFO - Sync 1 DAGs
[2026-01-29T03:10:29.896+0000] {logging_mixin.py:188} INFO - [2026-01-29T03:10:29.896+0000] {dag.py:3947} INFO - Setting next_dagrun for tutorial_objectstorage to None, run_after=None
[2026-01-29T03:10:29.915+0000] {processor.py:183} INFO - Processing /home/airflow/.local/lib/python3.12/site-packages/airflow/example_dags/tutorial_objectstorage.py took 0.067 seconds
[2026-01-29T03:11:00.126+0000] {processor.py:161} INFO - Started process (PID=85513) to work on /home/airflow/.local/lib/python3.12/site-packages/airflow/example_dags/tutorial_objectstorage.py
[2026-01-29T03:11:00.127+0000] {processor.py:830} INFO - Processing file /home/airflow/.local/lib/python3.12/site-packages/airflow/example_dags/tutorial_objectstorage.py for tasks to queue
[2026-01-29T03:11:00.129+0000] {logging_mixin.py:188} INFO - [2026-01-29T03:11:00.128+0000] {dagbag.py:545} INFO - Filling up the DagBag from /home/airflow/.local/lib/python3.12/site-packages/airflow/example_dags/tutorial_objectstorage.py
[2026-01-29T03:11:00.136+0000] {processor.py:840} INFO - DAG(s) 'tutorial_objectstorage' retrieved from /home/airflow/.local/lib/python3.12/site-packages/airflow/example_dags/tutorial_objectstorage.py
[2026-01-29T03:11:00.163+0000] {logging_mixin.py:188} INFO - [2026-01-29T03:11:00.162+0000] {dag.py:3089} INFO - Sync 1 DAGs
[2026-01-29T03:11:00.182+0000] {logging_mixin.py:188} INFO - [2026-01-29T03:11:00.182+0000] {dag.py:3947} INFO - Setting next_dagrun for tutorial_objectstorage to None, run_after=None
[2026-01-29T03:11:00.210+0000] {processor.py:183} INFO - Processing /home/airflow/.local/lib/python3.12/site-packages/airflow/example_dags/tutorial_objectstorage.py took 0.090 seconds
[2026-01-29T03:11:30.341+0000] {processor.py:161} INFO - Started process (PID=85577) to work on /home/airflow/.local/lib/python3.12/site-packages/airflow/example_dags/tutorial_objectstorage.py
[2026-01-29T03:11:30.342+0000] {processor.py:830} INFO - Processing file /home/airflow/.local/lib/python3.12/site-packages/airflow/example_dags/tutorial_objectstorage.py for tasks to queue
[2026-01-29T03:11:30.344+0000] {logging_mixin.py:188} INFO - [2026-01-29T03:11:30.344+0000] {dagbag.py:545} INFO - Filling up the DagBag from /home/airflow/.local/lib/python3.12/site-packages/airflow/example_dags/tutorial_objectstorage.py
[2026-01-29T03:11:30.352+0000] {processor.py:840} INFO - DAG(s) 'tutorial_objectstorage' retrieved from /home/airflow/.local/lib/python3.12/site-packages/airflow/example_dags/tutorial_objectstorage.py
[2026-01-29T03:11:30.375+0000] {logging_mixin.py:188} INFO - [2026-01-29T03:11:30.374+0000] {dag.py:3089} INFO - Sync 1 DAGs
[2026-01-29T03:11:30.389+0000] {logging_mixin.py:188} INFO - [2026-01-29T03:11:30.389+0000] {dag.py:3947} INFO - Setting next_dagrun for tutorial_objectstorage to None, run_after=None
[2026-01-29T03:11:30.409+0000] {processor.py:183} INFO - Processing /home/airflow/.local/lib/python3.12/site-packages/airflow/example_dags/tutorial_objectstorage.py took 0.076 seconds
[2026-01-29T03:12:00.499+0000] {processor.py:161} INFO - Started process (PID=85636) to work on /home/airflow/.local/lib/python3.12/site-packages/airflow/example_dags/tutorial_objectstorage.py
[2026-01-29T03:12:00.500+0000] {processor.py:830} INFO - Processing file /home/airflow/.local/lib/python3.12/site-packages/airflow/example_dags/tutorial_objectstorage.py for tasks to queue
[2026-01-29T03:12:00.502+0000] {logging_mixin.py:188} INFO - [2026-01-29T03:12:00.502+0000] {dagbag.py:545} INFO - Filling up the DagBag from /home/airflow/.local/lib/python3.12/site-packages/airflow/example_dags/tutorial_objectstorage.py
[2026-01-29T03:12:00.510+0000] {processor.py:840} INFO - DAG(s) 'tutorial_objectstorage' retrieved from /home/airflow/.local/lib/python3.12/site-packages/airflow/example_dags/tutorial_objectstorage.py
[2026-01-29T03:12:00.531+0000] {logging_mixin.py:188} INFO - [2026-01-29T03:12:00.531+0000] {dag.py:3089} INFO - Sync 1 DAGs
[2026-01-29T03:12:00.546+0000] {logging_mixin.py:188} INFO - [2026-01-29T03:12:00.545+0000] {dag.py:3947} INFO - Setting next_dagrun for tutorial_objectstorage to None, run_after=None
[2026-01-29T03:12:00.566+0000] {processor.py:183} INFO - Processing /home/airflow/.local/lib/python3.12/site-packages/airflow/example_dags/tutorial_objectstorage.py took 0.075 seconds
[2026-01-29T03:12:30.671+0000] {processor.py:161} INFO - Started process (PID=85700) to work on /home/airflow/.local/lib/python3.12/site-packages/airflow/example_dags/tutorial_objectstorage.py
[2026-01-29T03:12:30.672+0000] {processor.py:830} INFO - Processing file /home/airflow/.local/lib/python3.12/site-packages/airflow/example_dags/tutorial_objectstorage.py for tasks to queue
[2026-01-29T03:12:30.674+0000] {logging_mixin.py:188} INFO - [2026-01-29T03:12:30.674+0000] {dagbag.py:545} INFO - Filling up the DagBag from /home/airflow/.local/lib/python3.12/site-packages/airflow/example_dags/tutorial_objectstorage.py
[2026-01-29T03:12:30.682+0000] {processor.py:840} INFO - DAG(s) 'tutorial_objectstorage' retrieved from /home/airflow/.local/lib/python3.12/site-packages/airflow/example_dags/tutorial_objectstorage.py
[2026-01-29T03:12:30.704+0000] {logging_mixin.py:188} INFO - [2026-01-29T03:12:30.704+0000] {dag.py:3089} INFO - Sync 1 DAGs
[2026-01-29T03:12:30.718+0000] {logging_mixin.py:188} INFO - [2026-01-29T03:12:30.718+0000] {dag.py:3947} INFO - Setting next_dagrun for tutorial_objectstorage to None, run_after=None
[2026-01-29T03:12:30.739+0000] {processor.py:183} INFO - Processing /home/airflow/.local/lib/python3.12/site-packages/airflow/example_dags/tutorial_objectstorage.py took 0.075 seconds
[2026-01-29T03:13:00.941+0000] {processor.py:161} INFO - Started process (PID=85764) to work on /home/airflow/.local/lib/python3.12/site-packages/airflow/example_dags/tutorial_objectstorage.py
[2026-01-29T03:13:00.942+0000] {processor.py:830} INFO - Processing file /home/airflow/.local/lib/python3.12/site-packages/airflow/example_dags/tutorial_objectstorage.py for tasks to queue
[2026-01-29T03:13:00.945+0000] {logging_mixin.py:188} INFO - [2026-01-29T03:13:00.944+0000] {dagbag.py:545} INFO - Filling up the DagBag from /home/airflow/.local/lib/python3.12/site-packages/airflow/example_dags/tutorial_objectstorage.py
[2026-01-29T03:13:00.955+0000] {processor.py:840} INFO - DAG(s) 'tutorial_objectstorage' retrieved from /home/airflow/.local/lib/python3.12/site-packages/airflow/example_dags/tutorial_objectstorage.py
[2026-01-29T03:13:00.984+0000] {logging_mixin.py:188} INFO - [2026-01-29T03:13:00.984+0000] {dag.py:3089} INFO - Sync 1 DAGs
[2026-01-29T03:13:01.007+0000] {logging_mixin.py:188} INFO - [2026-01-29T03:13:01.007+0000] {dag.py:3947} INFO - Setting next_dagrun for tutorial_objectstorage to None, run_after=None
[2026-01-29T03:13:01.029+0000] {processor.py:183} INFO - Processing /home/airflow/.local/lib/python3.12/site-packages/airflow/example_dags/tutorial_objectstorage.py took 0.098 seconds
[2026-01-29T03:13:31.214+0000] {processor.py:161} INFO - Started process (PID=85823) to work on /home/airflow/.local/lib/python3.12/site-packages/airflow/example_dags/tutorial_objectstorage.py
[2026-01-29T03:13:31.215+0000] {processor.py:830} INFO - Processing file /home/airflow/.local/lib/python3.12/site-packages/airflow/example_dags/tutorial_objectstorage.py for tasks to queue
[2026-01-29T03:13:31.217+0000] {logging_mixin.py:188} INFO - [2026-01-29T03:13:31.217+0000] {dagbag.py:545} INFO - Filling up the DagBag from /home/airflow/.local/lib/python3.12/site-packages/airflow/example_dags/tutorial_objectstorage.py
[2026-01-29T03:13:31.224+0000] {processor.py:840} INFO - DAG(s) 'tutorial_objectstorage' retrieved from /home/airflow/.local/lib/python3.12/site-packages/airflow/example_dags/tutorial_objectstorage.py
[2026-01-29T03:13:31.249+0000] {logging_mixin.py:188} INFO - [2026-01-29T03:13:31.248+0000] {dag.py:3089} INFO - Sync 1 DAGs
[2026-01-29T03:13:31.269+0000] {logging_mixin.py:188} INFO - [2026-01-29T03:13:31.268+0000] {dag.py:3947} INFO - Setting next_dagrun for tutorial_objectstorage to None, run_after=None
[2026-01-29T03:13:31.295+0000] {processor.py:183} INFO - Processing /home/airflow/.local/lib/python3.12/site-packages/airflow/example_dags/tutorial_objectstorage.py took 0.087 seconds
[2026-01-29T03:14:01.406+0000] {processor.py:161} INFO - Started process (PID=85887) to work on /home/airflow/.local/lib/python3.12/site-packages/airflow/example_dags/tutorial_objectstorage.py
[2026-01-29T03:14:01.407+0000] {processor.py:830} INFO - Processing file /home/airflow/.local/lib/python3.12/site-packages/airflow/example_dags/tutorial_objectstorage.py for tasks to queue
[2026-01-29T03:14:01.410+0000] {logging_mixin.py:188} INFO - [2026-01-29T03:14:01.409+0000] {dagbag.py:545} INFO - Filling up the DagBag from /home/airflow/.local/lib/python3.12/site-packages/airflow/example_dags/tutorial_objectstorage.py
[2026-01-29T03:14:01.420+0000] {processor.py:840} INFO - DAG(s) 'tutorial_objectstorage' retrieved from /home/airflow/.local/lib/python3.12/site-packages/airflow/example_dags/tutorial_objectstorage.py
[2026-01-29T03:14:01.445+0000] {logging_mixin.py:188} INFO - [2026-01-29T03:14:01.445+0000] {dag.py:3089} INFO - Sync 1 DAGs
[2026-01-29T03:14:01.465+0000] {logging_mixin.py:188} INFO - [2026-01-29T03:14:01.465+0000] {dag.py:3947} INFO - Setting next_dagrun for tutorial_objectstorage to None, run_after=None
[2026-01-29T03:14:01.490+0000] {processor.py:183} INFO - Processing /home/airflow/.local/lib/python3.12/site-packages/airflow/example_dags/tutorial_objectstorage.py took 0.093 seconds
[2026-01-29T03:14:32.396+0000] {processor.py:161} INFO - Started process (PID=85946) to work on /home/airflow/.local/lib/python3.12/site-packages/airflow/example_dags/tutorial_objectstorage.py
[2026-01-29T03:14:32.397+0000] {processor.py:830} INFO - Processing file /home/airflow/.local/lib/python3.12/site-packages/airflow/example_dags/tutorial_objectstorage.py for tasks to queue
[2026-01-29T03:14:32.399+0000] {logging_mixin.py:188} INFO - [2026-01-29T03:14:32.399+0000] {dagbag.py:545} INFO - Filling up the DagBag from /home/airflow/.local/lib/python3.12/site-packages/airflow/example_dags/tutorial_objectstorage.py
[2026-01-29T03:14:32.406+0000] {processor.py:840} INFO - DAG(s) 'tutorial_objectstorage' retrieved from /home/airflow/.local/lib/python3.12/site-packages/airflow/example_dags/tutorial_objectstorage.py
[2026-01-29T03:14:32.426+0000] {logging_mixin.py:188} INFO - [2026-01-29T03:14:32.426+0000] {dag.py:3089} INFO - Sync 1 DAGs
[2026-01-29T03:14:32.440+0000] {logging_mixin.py:188} INFO - [2026-01-29T03:14:32.440+0000] {dag.py:3947} INFO - Setting next_dagrun for tutorial_objectstorage to None, run_after=None
[2026-01-29T03:14:32.461+0000] {processor.py:183} INFO - Processing /home/airflow/.local/lib/python3.12/site-packages/airflow/example_dags/tutorial_objectstorage.py took 0.070 seconds
[2026-01-29T03:15:02.596+0000] {processor.py:161} INFO - Started process (PID=86010) to work on /home/airflow/.local/lib/python3.12/site-packages/airflow/example_dags/tutorial_objectstorage.py
[2026-01-29T03:15:02.597+0000] {processor.py:830} INFO - Processing file /home/airflow/.local/lib/python3.12/site-packages/airflow/example_dags/tutorial_objectstorage.py for tasks to queue
[2026-01-29T03:15:02.598+0000] {logging_mixin.py:188} INFO - [2026-01-29T03:15:02.598+0000] {dagbag.py:545} INFO - Filling up the DagBag from /home/airflow/.local/lib/python3.12/site-packages/airflow/example_dags/tutorial_objectstorage.py
[2026-01-29T03:15:02.606+0000] {processor.py:840} INFO - DAG(s) 'tutorial_objectstorage' retrieved from /home/airflow/.local/lib/python3.12/site-packages/airflow/example_dags/tutorial_objectstorage.py
[2026-01-29T03:15:02.630+0000] {logging_mixin.py:188} INFO - [2026-01-29T03:15:02.629+0000] {dag.py:3089} INFO - Sync 1 DAGs
[2026-01-29T03:15:02.649+0000] {logging_mixin.py:188} INFO - [2026-01-29T03:15:02.649+0000] {dag.py:3947} INFO - Setting next_dagrun for tutorial_objectstorage to None, run_after=None
[2026-01-29T03:15:02.673+0000] {processor.py:183} INFO - Processing /home/airflow/.local/lib/python3.12/site-packages/airflow/example_dags/tutorial_objectstorage.py took 0.084 seconds
[2026-01-29T03:15:32.943+0000] {processor.py:161} INFO - Started process (PID=86069) to work on /home/airflow/.local/lib/python3.12/site-packages/airflow/example_dags/tutorial_objectstorage.py
[2026-01-29T03:15:32.944+0000] {processor.py:830} INFO - Processing file /home/airflow/.local/lib/python3.12/site-packages/airflow/example_dags/tutorial_objectstorage.py for tasks to queue
[2026-01-29T03:15:32.946+0000] {logging_mixin.py:188} INFO - [2026-01-29T03:15:32.946+0000] {dagbag.py:545} INFO - Filling up the DagBag from /home/airflow/.local/lib/python3.12/site-packages/airflow/example_dags/tutorial_objectstorage.py
[2026-01-29T03:15:32.954+0000] {processor.py:840} INFO - DAG(s) 'tutorial_objectstorage' retrieved from /home/airflow/.local/lib/python3.12/site-packages/airflow/example_dags/tutorial_objectstorage.py
[2026-01-29T03:15:32.972+0000] {logging_mixin.py:188} INFO - [2026-01-29T03:15:32.972+0000] {dag.py:3089} INFO - Sync 1 DAGs
[2026-01-29T03:15:32.985+0000] {logging_mixin.py:188} INFO - [2026-01-29T03:15:32.985+0000] {dag.py:3947} INFO - Setting next_dagrun for tutorial_objectstorage to None, run_after=None
[2026-01-29T03:15:33.005+0000] {processor.py:183} INFO - Processing /home/airflow/.local/lib/python3.12/site-packages/airflow/example_dags/tutorial_objectstorage.py took 0.067 seconds
[2026-01-29T03:16:03.193+0000] {processor.py:161} INFO - Started process (PID=86133) to work on /home/airflow/.local/lib/python3.12/site-packages/airflow/example_dags/tutorial_objectstorage.py
[2026-01-29T03:16:03.193+0000] {processor.py:830} INFO - Processing file /home/airflow/.local/lib/python3.12/site-packages/airflow/example_dags/tutorial_objectstorage.py for tasks to queue
[2026-01-29T03:16:03.195+0000] {logging_mixin.py:188} INFO - [2026-01-29T03:16:03.195+0000] {dagbag.py:545} INFO - Filling up the DagBag from /home/airflow/.local/lib/python3.12/site-packages/airflow/example_dags/tutorial_objectstorage.py
[2026-01-29T03:16:03.203+0000] {processor.py:840} INFO - DAG(s) 'tutorial_objectstorage' retrieved from /home/airflow/.local/lib/python3.12/site-packages/airflow/example_dags/tutorial_objectstorage.py
[2026-01-29T03:16:03.222+0000] {logging_mixin.py:188} INFO - [2026-01-29T03:16:03.222+0000] {dag.py:3089} INFO - Sync 1 DAGs
[2026-01-29T03:16:03.240+0000] {logging_mixin.py:188} INFO - [2026-01-29T03:16:03.240+0000] {dag.py:3947} INFO - Setting next_dagrun for tutorial_objectstorage to None, run_after=None
[2026-01-29T03:16:03.260+0000] {processor.py:183} INFO - Processing /home/airflow/.local/lib/python3.12/site-packages/airflow/example_dags/tutorial_objectstorage.py took 0.074 seconds
[2026-01-29T03:16:33.470+0000] {processor.py:161} INFO - Started process (PID=86192) to work on /home/airflow/.local/lib/python3.12/site-packages/airflow/example_dags/tutorial_objectstorage.py
[2026-01-29T03:16:33.471+0000] {processor.py:830} INFO - Processing file /home/airflow/.local/lib/python3.12/site-packages/airflow/example_dags/tutorial_objectstorage.py for tasks to queue
[2026-01-29T03:16:33.473+0000] {logging_mixin.py:188} INFO - [2026-01-29T03:16:33.473+0000] {dagbag.py:545} INFO - Filling up the DagBag from /home/airflow/.local/lib/python3.12/site-packages/airflow/example_dags/tutorial_objectstorage.py
[2026-01-29T03:16:33.480+0000] {processor.py:840} INFO - DAG(s) 'tutorial_objectstorage' retrieved from /home/airflow/.local/lib/python3.12/site-packages/airflow/example_dags/tutorial_objectstorage.py
[2026-01-29T03:16:33.500+0000] {logging_mixin.py:188} INFO - [2026-01-29T03:16:33.500+0000] {dag.py:3089} INFO - Sync 1 DAGs
[2026-01-29T03:16:33.514+0000] {logging_mixin.py:188} INFO - [2026-01-29T03:16:33.514+0000] {dag.py:3947} INFO - Setting next_dagrun for tutorial_objectstorage to None, run_after=None
[2026-01-29T03:16:33.533+0000] {processor.py:183} INFO - Processing /home/airflow/.local/lib/python3.12/site-packages/airflow/example_dags/tutorial_objectstorage.py took 0.069 seconds
[2026-01-29T03:17:03.702+0000] {processor.py:161} INFO - Started process (PID=86256) to work on /home/airflow/.local/lib/python3.12/site-packages/airflow/example_dags/tutorial_objectstorage.py
[2026-01-29T03:17:03.703+0000] {processor.py:830} INFO - Processing file /home/airflow/.local/lib/python3.12/site-packages/airflow/example_dags/tutorial_objectstorage.py for tasks to queue
[2026-01-29T03:17:03.705+0000] {logging_mixin.py:188} INFO - [2026-01-29T03:17:03.704+0000] {dagbag.py:545} INFO - Filling up the DagBag from /home/airflow/.local/lib/python3.12/site-packages/airflow/example_dags/tutorial_objectstorage.py
[2026-01-29T03:17:03.713+0000] {processor.py:840} INFO - DAG(s) 'tutorial_objectstorage' retrieved from /home/airflow/.local/lib/python3.12/site-packages/airflow/example_dags/tutorial_objectstorage.py
[2026-01-29T03:17:03.732+0000] {logging_mixin.py:188} INFO - [2026-01-29T03:17:03.732+0000] {dag.py:3089} INFO - Sync 1 DAGs
[2026-01-29T03:17:03.745+0000] {logging_mixin.py:188} INFO - [2026-01-29T03:17:03.745+0000] {dag.py:3947} INFO - Setting next_dagrun for tutorial_objectstorage to None, run_after=None
[2026-01-29T03:17:03.764+0000] {processor.py:183} INFO - Processing /home/airflow/.local/lib/python3.12/site-packages/airflow/example_dags/tutorial_objectstorage.py took 0.068 seconds
[2026-01-29T03:17:33.944+0000] {processor.py:161} INFO - Started process (PID=86315) to work on /home/airflow/.local/lib/python3.12/site-packages/airflow/example_dags/tutorial_objectstorage.py
[2026-01-29T03:17:33.945+0000] {processor.py:830} INFO - Processing file /home/airflow/.local/lib/python3.12/site-packages/airflow/example_dags/tutorial_objectstorage.py for tasks to queue
[2026-01-29T03:17:33.947+0000] {logging_mixin.py:188} INFO - [2026-01-29T03:17:33.946+0000] {dagbag.py:545} INFO - Filling up the DagBag from /home/airflow/.local/lib/python3.12/site-packages/airflow/example_dags/tutorial_objectstorage.py
[2026-01-29T03:17:33.953+0000] {processor.py:840} INFO - DAG(s) 'tutorial_objectstorage' retrieved from /home/airflow/.local/lib/python3.12/site-packages/airflow/example_dags/tutorial_objectstorage.py
[2026-01-29T03:17:33.973+0000] {logging_mixin.py:188} INFO - [2026-01-29T03:17:33.973+0000] {dag.py:3089} INFO - Sync 1 DAGs
[2026-01-29T03:17:33.987+0000] {logging_mixin.py:188} INFO - [2026-01-29T03:17:33.987+0000] {dag.py:3947} INFO - Setting next_dagrun for tutorial_objectstorage to None, run_after=None
[2026-01-29T03:17:34.007+0000] {processor.py:183} INFO - Processing /home/airflow/.local/lib/python3.12/site-packages/airflow/example_dags/tutorial_objectstorage.py took 0.069 seconds
[2026-01-29T03:18:04.704+0000] {processor.py:161} INFO - Started process (PID=86379) to work on /home/airflow/.local/lib/python3.12/site-packages/airflow/example_dags/tutorial_objectstorage.py
[2026-01-29T03:18:04.705+0000] {processor.py:830} INFO - Processing file /home/airflow/.local/lib/python3.12/site-packages/airflow/example_dags/tutorial_objectstorage.py for tasks to queue
[2026-01-29T03:18:04.706+0000] {logging_mixin.py:188} INFO - [2026-01-29T03:18:04.706+0000] {dagbag.py:545} INFO - Filling up the DagBag from /home/airflow/.local/lib/python3.12/site-packages/airflow/example_dags/tutorial_objectstorage.py
[2026-01-29T03:18:04.715+0000] {processor.py:840} INFO - DAG(s) 'tutorial_objectstorage' retrieved from /home/airflow/.local/lib/python3.12/site-packages/airflow/example_dags/tutorial_objectstorage.py
[2026-01-29T03:18:04.739+0000] {logging_mixin.py:188} INFO - [2026-01-29T03:18:04.739+0000] {dag.py:3089} INFO - Sync 1 DAGs
[2026-01-29T03:18:04.755+0000] {logging_mixin.py:188} INFO - [2026-01-29T03:18:04.755+0000] {dag.py:3947} INFO - Setting next_dagrun for tutorial_objectstorage to None, run_after=None
[2026-01-29T03:18:04.775+0000] {processor.py:183} INFO - Processing /home/airflow/.local/lib/python3.12/site-packages/airflow/example_dags/tutorial_objectstorage.py took 0.077 seconds
[2026-01-29T03:18:34.865+0000] {processor.py:161} INFO - Started process (PID=86438) to work on /home/airflow/.local/lib/python3.12/site-packages/airflow/example_dags/tutorial_objectstorage.py
[2026-01-29T03:18:34.866+0000] {processor.py:830} INFO - Processing file /home/airflow/.local/lib/python3.12/site-packages/airflow/example_dags/tutorial_objectstorage.py for tasks to queue
[2026-01-29T03:18:34.867+0000] {logging_mixin.py:188} INFO - [2026-01-29T03:18:34.867+0000] {dagbag.py:545} INFO - Filling up the DagBag from /home/airflow/.local/lib/python3.12/site-packages/airflow/example_dags/tutorial_objectstorage.py
[2026-01-29T03:18:34.875+0000] {processor.py:840} INFO - DAG(s) 'tutorial_objectstorage' retrieved from /home/airflow/.local/lib/python3.12/site-packages/airflow/example_dags/tutorial_objectstorage.py
[2026-01-29T03:18:34.893+0000] {logging_mixin.py:188} INFO - [2026-01-29T03:18:34.893+0000] {dag.py:3089} INFO - Sync 1 DAGs
[2026-01-29T03:18:34.906+0000] {logging_mixin.py:188} INFO - [2026-01-29T03:18:34.906+0000] {dag.py:3947} INFO - Setting next_dagrun for tutorial_objectstorage to None, run_after=None
[2026-01-29T03:18:34.924+0000] {processor.py:183} INFO - Processing /home/airflow/.local/lib/python3.12/site-packages/airflow/example_dags/tutorial_objectstorage.py took 0.067 seconds
[2026-01-29T03:19:05.145+0000] {processor.py:161} INFO - Started process (PID=86502) to work on /home/airflow/.local/lib/python3.12/site-packages/airflow/example_dags/tutorial_objectstorage.py
[2026-01-29T03:19:05.146+0000] {processor.py:830} INFO - Processing file /home/airflow/.local/lib/python3.12/site-packages/airflow/example_dags/tutorial_objectstorage.py for tasks to queue
[2026-01-29T03:19:05.148+0000] {logging_mixin.py:188} INFO - [2026-01-29T03:19:05.148+0000] {dagbag.py:545} INFO - Filling up the DagBag from /home/airflow/.local/lib/python3.12/site-packages/airflow/example_dags/tutorial_objectstorage.py
[2026-01-29T03:19:05.155+0000] {processor.py:840} INFO - DAG(s) 'tutorial_objectstorage' retrieved from /home/airflow/.local/lib/python3.12/site-packages/airflow/example_dags/tutorial_objectstorage.py
[2026-01-29T03:19:05.174+0000] {logging_mixin.py:188} INFO - [2026-01-29T03:19:05.174+0000] {dag.py:3089} INFO - Sync 1 DAGs
[2026-01-29T03:19:05.187+0000] {logging_mixin.py:188} INFO - [2026-01-29T03:19:05.187+0000] {dag.py:3947} INFO - Setting next_dagrun for tutorial_objectstorage to None, run_after=None
[2026-01-29T03:19:05.213+0000] {processor.py:183} INFO - Processing /home/airflow/.local/lib/python3.12/site-packages/airflow/example_dags/tutorial_objectstorage.py took 0.074 seconds
[2026-01-29T03:19:35.376+0000] {processor.py:161} INFO - Started process (PID=86561) to work on /home/airflow/.local/lib/python3.12/site-packages/airflow/example_dags/tutorial_objectstorage.py
[2026-01-29T03:19:35.377+0000] {processor.py:830} INFO - Processing file /home/airflow/.local/lib/python3.12/site-packages/airflow/example_dags/tutorial_objectstorage.py for tasks to queue
[2026-01-29T03:19:35.379+0000] {logging_mixin.py:188} INFO - [2026-01-29T03:19:35.378+0000] {dagbag.py:545} INFO - Filling up the DagBag from /home/airflow/.local/lib/python3.12/site-packages/airflow/example_dags/tutorial_objectstorage.py
[2026-01-29T03:19:35.388+0000] {processor.py:840} INFO - DAG(s) 'tutorial_objectstorage' retrieved from /home/airflow/.local/lib/python3.12/site-packages/airflow/example_dags/tutorial_objectstorage.py
[2026-01-29T03:19:35.407+0000] {logging_mixin.py:188} INFO - [2026-01-29T03:19:35.407+0000] {dag.py:3089} INFO - Sync 1 DAGs
[2026-01-29T03:19:35.421+0000] {logging_mixin.py:188} INFO - [2026-01-29T03:19:35.421+0000] {dag.py:3947} INFO - Setting next_dagrun for tutorial_objectstorage to None, run_after=None
[2026-01-29T03:19:35.440+0000] {processor.py:183} INFO - Processing /home/airflow/.local/lib/python3.12/site-packages/airflow/example_dags/tutorial_objectstorage.py took 0.071 seconds
[2026-01-29T03:20:05.552+0000] {processor.py:161} INFO - Started process (PID=86625) to work on /home/airflow/.local/lib/python3.12/site-packages/airflow/example_dags/tutorial_objectstorage.py
[2026-01-29T03:20:05.553+0000] {processor.py:830} INFO - Processing file /home/airflow/.local/lib/python3.12/site-packages/airflow/example_dags/tutorial_objectstorage.py for tasks to queue
[2026-01-29T03:20:05.555+0000] {logging_mixin.py:188} INFO - [2026-01-29T03:20:05.554+0000] {dagbag.py:545} INFO - Filling up the DagBag from /home/airflow/.local/lib/python3.12/site-packages/airflow/example_dags/tutorial_objectstorage.py
[2026-01-29T03:20:05.562+0000] {processor.py:840} INFO - DAG(s) 'tutorial_objectstorage' retrieved from /home/airflow/.local/lib/python3.12/site-packages/airflow/example_dags/tutorial_objectstorage.py
[2026-01-29T03:20:05.581+0000] {logging_mixin.py:188} INFO - [2026-01-29T03:20:05.580+0000] {dag.py:3089} INFO - Sync 1 DAGs
[2026-01-29T03:20:05.594+0000] {logging_mixin.py:188} INFO - [2026-01-29T03:20:05.594+0000] {dag.py:3947} INFO - Setting next_dagrun for tutorial_objectstorage to None, run_after=None
[2026-01-29T03:20:05.614+0000] {processor.py:183} INFO - Processing /home/airflow/.local/lib/python3.12/site-packages/airflow/example_dags/tutorial_objectstorage.py took 0.067 seconds
[2026-01-29T03:20:35.808+0000] {processor.py:161} INFO - Started process (PID=86684) to work on /home/airflow/.local/lib/python3.12/site-packages/airflow/example_dags/tutorial_objectstorage.py
[2026-01-29T03:20:35.809+0000] {processor.py:830} INFO - Processing file /home/airflow/.local/lib/python3.12/site-packages/airflow/example_dags/tutorial_objectstorage.py for tasks to queue
[2026-01-29T03:20:35.811+0000] {logging_mixin.py:188} INFO - [2026-01-29T03:20:35.811+0000] {dagbag.py:545} INFO - Filling up the DagBag from /home/airflow/.local/lib/python3.12/site-packages/airflow/example_dags/tutorial_objectstorage.py
[2026-01-29T03:20:35.819+0000] {processor.py:840} INFO - DAG(s) 'tutorial_objectstorage' retrieved from /home/airflow/.local/lib/python3.12/site-packages/airflow/example_dags/tutorial_objectstorage.py
[2026-01-29T03:20:35.840+0000] {logging_mixin.py:188} INFO - [2026-01-29T03:20:35.840+0000] {dag.py:3089} INFO - Sync 1 DAGs
[2026-01-29T03:20:35.854+0000] {logging_mixin.py:188} INFO - [2026-01-29T03:20:35.854+0000] {dag.py:3947} INFO - Setting next_dagrun for tutorial_objectstorage to None, run_after=None
[2026-01-29T03:20:35.874+0000] {processor.py:183} INFO - Processing /home/airflow/.local/lib/python3.12/site-packages/airflow/example_dags/tutorial_objectstorage.py took 0.072 seconds
[2026-01-29T03:21:06.171+0000] {processor.py:161} INFO - Started process (PID=86748) to work on /home/airflow/.local/lib/python3.12/site-packages/airflow/example_dags/tutorial_objectstorage.py
[2026-01-29T03:21:06.172+0000] {processor.py:830} INFO - Processing file /home/airflow/.local/lib/python3.12/site-packages/airflow/example_dags/tutorial_objectstorage.py for tasks to queue
[2026-01-29T03:21:06.174+0000] {logging_mixin.py:188} INFO - [2026-01-29T03:21:06.173+0000] {dagbag.py:545} INFO - Filling up the DagBag from /home/airflow/.local/lib/python3.12/site-packages/airflow/example_dags/tutorial_objectstorage.py
[2026-01-29T03:21:06.182+0000] {processor.py:840} INFO - DAG(s) 'tutorial_objectstorage' retrieved from /home/airflow/.local/lib/python3.12/site-packages/airflow/example_dags/tutorial_objectstorage.py
[2026-01-29T03:21:06.203+0000] {logging_mixin.py:188} INFO - [2026-01-29T03:21:06.203+0000] {dag.py:3089} INFO - Sync 1 DAGs
[2026-01-29T03:21:06.218+0000] {logging_mixin.py:188} INFO - [2026-01-29T03:21:06.218+0000] {dag.py:3947} INFO - Setting next_dagrun for tutorial_objectstorage to None, run_after=None
[2026-01-29T03:21:06.239+0000] {processor.py:183} INFO - Processing /home/airflow/.local/lib/python3.12/site-packages/airflow/example_dags/tutorial_objectstorage.py took 0.076 seconds
[2026-01-29T03:21:36.553+0000] {processor.py:161} INFO - Started process (PID=86807) to work on /home/airflow/.local/lib/python3.12/site-packages/airflow/example_dags/tutorial_objectstorage.py
[2026-01-29T03:21:36.554+0000] {processor.py:830} INFO - Processing file /home/airflow/.local/lib/python3.12/site-packages/airflow/example_dags/tutorial_objectstorage.py for tasks to queue
[2026-01-29T03:21:36.556+0000] {logging_mixin.py:188} INFO - [2026-01-29T03:21:36.556+0000] {dagbag.py:545} INFO - Filling up the DagBag from /home/airflow/.local/lib/python3.12/site-packages/airflow/example_dags/tutorial_objectstorage.py
[2026-01-29T03:21:36.564+0000] {processor.py:840} INFO - DAG(s) 'tutorial_objectstorage' retrieved from /home/airflow/.local/lib/python3.12/site-packages/airflow/example_dags/tutorial_objectstorage.py
[2026-01-29T03:21:36.585+0000] {logging_mixin.py:188} INFO - [2026-01-29T03:21:36.584+0000] {dag.py:3089} INFO - Sync 1 DAGs
[2026-01-29T03:21:36.599+0000] {logging_mixin.py:188} INFO - [2026-01-29T03:21:36.599+0000] {dag.py:3947} INFO - Setting next_dagrun for tutorial_objectstorage to None, run_after=None
[2026-01-29T03:21:36.619+0000] {processor.py:183} INFO - Processing /home/airflow/.local/lib/python3.12/site-packages/airflow/example_dags/tutorial_objectstorage.py took 0.074 seconds
[2026-01-29T03:22:06.883+0000] {processor.py:161} INFO - Started process (PID=86871) to work on /home/airflow/.local/lib/python3.12/site-packages/airflow/example_dags/tutorial_objectstorage.py
[2026-01-29T03:22:06.884+0000] {processor.py:830} INFO - Processing file /home/airflow/.local/lib/python3.12/site-packages/airflow/example_dags/tutorial_objectstorage.py for tasks to queue
[2026-01-29T03:22:06.886+0000] {logging_mixin.py:188} INFO - [2026-01-29T03:22:06.886+0000] {dagbag.py:545} INFO - Filling up the DagBag from /home/airflow/.local/lib/python3.12/site-packages/airflow/example_dags/tutorial_objectstorage.py
[2026-01-29T03:22:06.895+0000] {processor.py:840} INFO - DAG(s) 'tutorial_objectstorage' retrieved from /home/airflow/.local/lib/python3.12/site-packages/airflow/example_dags/tutorial_objectstorage.py
[2026-01-29T03:22:06.914+0000] {logging_mixin.py:188} INFO - [2026-01-29T03:22:06.914+0000] {dag.py:3089} INFO - Sync 1 DAGs
[2026-01-29T03:22:06.928+0000] {logging_mixin.py:188} INFO - [2026-01-29T03:22:06.928+0000] {dag.py:3947} INFO - Setting next_dagrun for tutorial_objectstorage to None, run_after=None
[2026-01-29T03:22:06.953+0000] {processor.py:183} INFO - Processing /home/airflow/.local/lib/python3.12/site-packages/airflow/example_dags/tutorial_objectstorage.py took 0.077 seconds
[2026-01-29T03:22:37.213+0000] {processor.py:161} INFO - Started process (PID=86929) to work on /home/airflow/.local/lib/python3.12/site-packages/airflow/example_dags/tutorial_objectstorage.py
[2026-01-29T03:22:37.214+0000] {processor.py:830} INFO - Processing file /home/airflow/.local/lib/python3.12/site-packages/airflow/example_dags/tutorial_objectstorage.py for tasks to queue
[2026-01-29T03:22:37.216+0000] {logging_mixin.py:188} INFO - [2026-01-29T03:22:37.215+0000] {dagbag.py:545} INFO - Filling up the DagBag from /home/airflow/.local/lib/python3.12/site-packages/airflow/example_dags/tutorial_objectstorage.py
[2026-01-29T03:22:37.223+0000] {processor.py:840} INFO - DAG(s) 'tutorial_objectstorage' retrieved from /home/airflow/.local/lib/python3.12/site-packages/airflow/example_dags/tutorial_objectstorage.py
[2026-01-29T03:22:37.246+0000] {logging_mixin.py:188} INFO - [2026-01-29T03:22:37.246+0000] {dag.py:3089} INFO - Sync 1 DAGs
[2026-01-29T03:22:37.264+0000] {logging_mixin.py:188} INFO - [2026-01-29T03:22:37.264+0000] {dag.py:3947} INFO - Setting next_dagrun for tutorial_objectstorage to None, run_after=None
[2026-01-29T03:22:37.285+0000] {processor.py:183} INFO - Processing /home/airflow/.local/lib/python3.12/site-packages/airflow/example_dags/tutorial_objectstorage.py took 0.077 seconds
[2026-01-29T03:23:08.027+0000] {processor.py:161} INFO - Started process (PID=86992) to work on /home/airflow/.local/lib/python3.12/site-packages/airflow/example_dags/tutorial_objectstorage.py
[2026-01-29T03:23:08.028+0000] {processor.py:830} INFO - Processing file /home/airflow/.local/lib/python3.12/site-packages/airflow/example_dags/tutorial_objectstorage.py for tasks to queue
[2026-01-29T03:23:08.030+0000] {logging_mixin.py:188} INFO - [2026-01-29T03:23:08.029+0000] {dagbag.py:545} INFO - Filling up the DagBag from /home/airflow/.local/lib/python3.12/site-packages/airflow/example_dags/tutorial_objectstorage.py
[2026-01-29T03:23:08.037+0000] {processor.py:840} INFO - DAG(s) 'tutorial_objectstorage' retrieved from /home/airflow/.local/lib/python3.12/site-packages/airflow/example_dags/tutorial_objectstorage.py
[2026-01-29T03:23:08.055+0000] {logging_mixin.py:188} INFO - [2026-01-29T03:23:08.055+0000] {dag.py:3089} INFO - Sync 1 DAGs
[2026-01-29T03:23:08.068+0000] {logging_mixin.py:188} INFO - [2026-01-29T03:23:08.068+0000] {dag.py:3947} INFO - Setting next_dagrun for tutorial_objectstorage to None, run_after=None
[2026-01-29T03:23:08.087+0000] {processor.py:183} INFO - Processing /home/airflow/.local/lib/python3.12/site-packages/airflow/example_dags/tutorial_objectstorage.py took 0.065 seconds
[2026-01-29T03:23:38.890+0000] {processor.py:161} INFO - Started process (PID=87051) to work on /home/airflow/.local/lib/python3.12/site-packages/airflow/example_dags/tutorial_objectstorage.py
[2026-01-29T03:23:38.892+0000] {processor.py:830} INFO - Processing file /home/airflow/.local/lib/python3.12/site-packages/airflow/example_dags/tutorial_objectstorage.py for tasks to queue
[2026-01-29T03:23:38.894+0000] {logging_mixin.py:188} INFO - [2026-01-29T03:23:38.893+0000] {dagbag.py:545} INFO - Filling up the DagBag from /home/airflow/.local/lib/python3.12/site-packages/airflow/example_dags/tutorial_objectstorage.py
[2026-01-29T03:23:38.902+0000] {processor.py:840} INFO - DAG(s) 'tutorial_objectstorage' retrieved from /home/airflow/.local/lib/python3.12/site-packages/airflow/example_dags/tutorial_objectstorage.py
[2026-01-29T03:23:38.923+0000] {logging_mixin.py:188} INFO - [2026-01-29T03:23:38.923+0000] {dag.py:3089} INFO - Sync 1 DAGs
[2026-01-29T03:23:38.938+0000] {logging_mixin.py:188} INFO - [2026-01-29T03:23:38.937+0000] {dag.py:3947} INFO - Setting next_dagrun for tutorial_objectstorage to None, run_after=None
[2026-01-29T03:23:38.957+0000] {processor.py:183} INFO - Processing /home/airflow/.local/lib/python3.12/site-packages/airflow/example_dags/tutorial_objectstorage.py took 0.075 seconds
[2026-01-29T03:24:09.145+0000] {processor.py:161} INFO - Started process (PID=87115) to work on /home/airflow/.local/lib/python3.12/site-packages/airflow/example_dags/tutorial_objectstorage.py
[2026-01-29T03:24:09.146+0000] {processor.py:830} INFO - Processing file /home/airflow/.local/lib/python3.12/site-packages/airflow/example_dags/tutorial_objectstorage.py for tasks to queue
[2026-01-29T03:24:09.148+0000] {logging_mixin.py:188} INFO - [2026-01-29T03:24:09.148+0000] {dagbag.py:545} INFO - Filling up the DagBag from /home/airflow/.local/lib/python3.12/site-packages/airflow/example_dags/tutorial_objectstorage.py
[2026-01-29T03:24:09.156+0000] {processor.py:840} INFO - DAG(s) 'tutorial_objectstorage' retrieved from /home/airflow/.local/lib/python3.12/site-packages/airflow/example_dags/tutorial_objectstorage.py
[2026-01-29T03:24:09.176+0000] {logging_mixin.py:188} INFO - [2026-01-29T03:24:09.176+0000] {dag.py:3089} INFO - Sync 1 DAGs
[2026-01-29T03:24:09.189+0000] {logging_mixin.py:188} INFO - [2026-01-29T03:24:09.189+0000] {dag.py:3947} INFO - Setting next_dagrun for tutorial_objectstorage to None, run_after=None
[2026-01-29T03:24:09.209+0000] {processor.py:183} INFO - Processing /home/airflow/.local/lib/python3.12/site-packages/airflow/example_dags/tutorial_objectstorage.py took 0.072 seconds
[2026-01-29T03:24:39.537+0000] {processor.py:161} INFO - Started process (PID=87174) to work on /home/airflow/.local/lib/python3.12/site-packages/airflow/example_dags/tutorial_objectstorage.py
[2026-01-29T03:24:39.538+0000] {processor.py:830} INFO - Processing file /home/airflow/.local/lib/python3.12/site-packages/airflow/example_dags/tutorial_objectstorage.py for tasks to queue
[2026-01-29T03:24:39.539+0000] {logging_mixin.py:188} INFO - [2026-01-29T03:24:39.539+0000] {dagbag.py:545} INFO - Filling up the DagBag from /home/airflow/.local/lib/python3.12/site-packages/airflow/example_dags/tutorial_objectstorage.py
[2026-01-29T03:24:39.549+0000] {processor.py:840} INFO - DAG(s) 'tutorial_objectstorage' retrieved from /home/airflow/.local/lib/python3.12/site-packages/airflow/example_dags/tutorial_objectstorage.py
[2026-01-29T03:24:39.570+0000] {logging_mixin.py:188} INFO - [2026-01-29T03:24:39.570+0000] {dag.py:3089} INFO - Sync 1 DAGs
[2026-01-29T03:24:39.585+0000] {logging_mixin.py:188} INFO - [2026-01-29T03:24:39.585+0000] {dag.py:3947} INFO - Setting next_dagrun for tutorial_objectstorage to None, run_after=None
[2026-01-29T03:24:39.607+0000] {processor.py:183} INFO - Processing /home/airflow/.local/lib/python3.12/site-packages/airflow/example_dags/tutorial_objectstorage.py took 0.076 seconds
[2026-01-29T03:25:10.129+0000] {processor.py:161} INFO - Started process (PID=87238) to work on /home/airflow/.local/lib/python3.12/site-packages/airflow/example_dags/tutorial_objectstorage.py
[2026-01-29T03:25:10.130+0000] {processor.py:830} INFO - Processing file /home/airflow/.local/lib/python3.12/site-packages/airflow/example_dags/tutorial_objectstorage.py for tasks to queue
[2026-01-29T03:25:10.132+0000] {logging_mixin.py:188} INFO - [2026-01-29T03:25:10.131+0000] {dagbag.py:545} INFO - Filling up the DagBag from /home/airflow/.local/lib/python3.12/site-packages/airflow/example_dags/tutorial_objectstorage.py
[2026-01-29T03:25:10.139+0000] {processor.py:840} INFO - DAG(s) 'tutorial_objectstorage' retrieved from /home/airflow/.local/lib/python3.12/site-packages/airflow/example_dags/tutorial_objectstorage.py
[2026-01-29T03:25:10.158+0000] {logging_mixin.py:188} INFO - [2026-01-29T03:25:10.157+0000] {dag.py:3089} INFO - Sync 1 DAGs
[2026-01-29T03:25:10.172+0000] {logging_mixin.py:188} INFO - [2026-01-29T03:25:10.171+0000] {dag.py:3947} INFO - Setting next_dagrun for tutorial_objectstorage to None, run_after=None
[2026-01-29T03:25:10.191+0000] {processor.py:183} INFO - Processing /home/airflow/.local/lib/python3.12/site-packages/airflow/example_dags/tutorial_objectstorage.py took 0.068 seconds
[2026-01-29T03:25:40.503+0000] {processor.py:161} INFO - Started process (PID=87297) to work on /home/airflow/.local/lib/python3.12/site-packages/airflow/example_dags/tutorial_objectstorage.py
[2026-01-29T03:25:40.504+0000] {processor.py:830} INFO - Processing file /home/airflow/.local/lib/python3.12/site-packages/airflow/example_dags/tutorial_objectstorage.py for tasks to queue
[2026-01-29T03:25:40.506+0000] {logging_mixin.py:188} INFO - [2026-01-29T03:25:40.505+0000] {dagbag.py:545} INFO - Filling up the DagBag from /home/airflow/.local/lib/python3.12/site-packages/airflow/example_dags/tutorial_objectstorage.py
[2026-01-29T03:25:40.514+0000] {processor.py:840} INFO - DAG(s) 'tutorial_objectstorage' retrieved from /home/airflow/.local/lib/python3.12/site-packages/airflow/example_dags/tutorial_objectstorage.py
[2026-01-29T03:25:40.535+0000] {logging_mixin.py:188} INFO - [2026-01-29T03:25:40.534+0000] {dag.py:3089} INFO - Sync 1 DAGs
[2026-01-29T03:25:40.548+0000] {logging_mixin.py:188} INFO - [2026-01-29T03:25:40.548+0000] {dag.py:3947} INFO - Setting next_dagrun for tutorial_objectstorage to None, run_after=None
[2026-01-29T03:25:40.571+0000] {processor.py:183} INFO - Processing /home/airflow/.local/lib/python3.12/site-packages/airflow/example_dags/tutorial_objectstorage.py took 0.076 seconds
[2026-01-29T03:26:10.965+0000] {processor.py:161} INFO - Started process (PID=87361) to work on /home/airflow/.local/lib/python3.12/site-packages/airflow/example_dags/tutorial_objectstorage.py
[2026-01-29T03:26:10.966+0000] {processor.py:830} INFO - Processing file /home/airflow/.local/lib/python3.12/site-packages/airflow/example_dags/tutorial_objectstorage.py for tasks to queue
[2026-01-29T03:26:10.967+0000] {logging_mixin.py:188} INFO - [2026-01-29T03:26:10.967+0000] {dagbag.py:545} INFO - Filling up the DagBag from /home/airflow/.local/lib/python3.12/site-packages/airflow/example_dags/tutorial_objectstorage.py
[2026-01-29T03:26:10.974+0000] {processor.py:840} INFO - DAG(s) 'tutorial_objectstorage' retrieved from /home/airflow/.local/lib/python3.12/site-packages/airflow/example_dags/tutorial_objectstorage.py
[2026-01-29T03:26:10.994+0000] {logging_mixin.py:188} INFO - [2026-01-29T03:26:10.993+0000] {dag.py:3089} INFO - Sync 1 DAGs
[2026-01-29T03:26:11.008+0000] {logging_mixin.py:188} INFO - [2026-01-29T03:26:11.008+0000] {dag.py:3947} INFO - Setting next_dagrun for tutorial_objectstorage to None, run_after=None
[2026-01-29T03:26:11.028+0000] {processor.py:183} INFO - Processing /home/airflow/.local/lib/python3.12/site-packages/airflow/example_dags/tutorial_objectstorage.py took 0.070 seconds
[2026-01-29T03:26:41.404+0000] {processor.py:161} INFO - Started process (PID=87420) to work on /home/airflow/.local/lib/python3.12/site-packages/airflow/example_dags/tutorial_objectstorage.py
[2026-01-29T03:26:41.405+0000] {processor.py:830} INFO - Processing file /home/airflow/.local/lib/python3.12/site-packages/airflow/example_dags/tutorial_objectstorage.py for tasks to queue
[2026-01-29T03:26:41.407+0000] {logging_mixin.py:188} INFO - [2026-01-29T03:26:41.406+0000] {dagbag.py:545} INFO - Filling up the DagBag from /home/airflow/.local/lib/python3.12/site-packages/airflow/example_dags/tutorial_objectstorage.py
[2026-01-29T03:26:41.415+0000] {processor.py:840} INFO - DAG(s) 'tutorial_objectstorage' retrieved from /home/airflow/.local/lib/python3.12/site-packages/airflow/example_dags/tutorial_objectstorage.py
[2026-01-29T03:26:41.439+0000] {logging_mixin.py:188} INFO - [2026-01-29T03:26:41.439+0000] {dag.py:3089} INFO - Sync 1 DAGs
[2026-01-29T03:26:41.454+0000] {logging_mixin.py:188} INFO - [2026-01-29T03:26:41.454+0000] {dag.py:3947} INFO - Setting next_dagrun for tutorial_objectstorage to None, run_after=None
[2026-01-29T03:26:41.473+0000] {processor.py:183} INFO - Processing /home/airflow/.local/lib/python3.12/site-packages/airflow/example_dags/tutorial_objectstorage.py took 0.076 seconds
[2026-01-29T03:27:11.506+0000] {processor.py:161} INFO - Started process (PID=87484) to work on /home/airflow/.local/lib/python3.12/site-packages/airflow/example_dags/tutorial_objectstorage.py
[2026-01-29T03:27:11.507+0000] {processor.py:830} INFO - Processing file /home/airflow/.local/lib/python3.12/site-packages/airflow/example_dags/tutorial_objectstorage.py for tasks to queue
[2026-01-29T03:27:11.508+0000] {logging_mixin.py:188} INFO - [2026-01-29T03:27:11.508+0000] {dagbag.py:545} INFO - Filling up the DagBag from /home/airflow/.local/lib/python3.12/site-packages/airflow/example_dags/tutorial_objectstorage.py
[2026-01-29T03:27:11.516+0000] {processor.py:840} INFO - DAG(s) 'tutorial_objectstorage' retrieved from /home/airflow/.local/lib/python3.12/site-packages/airflow/example_dags/tutorial_objectstorage.py
[2026-01-29T03:27:11.536+0000] {logging_mixin.py:188} INFO - [2026-01-29T03:27:11.536+0000] {dag.py:3089} INFO - Sync 1 DAGs
[2026-01-29T03:27:11.551+0000] {logging_mixin.py:188} INFO - [2026-01-29T03:27:11.551+0000] {dag.py:3947} INFO - Setting next_dagrun for tutorial_objectstorage to None, run_after=None
[2026-01-29T03:27:11.580+0000] {processor.py:183} INFO - Processing /home/airflow/.local/lib/python3.12/site-packages/airflow/example_dags/tutorial_objectstorage.py took 0.080 seconds
[2026-01-29T03:27:42.185+0000] {processor.py:161} INFO - Started process (PID=87543) to work on /home/airflow/.local/lib/python3.12/site-packages/airflow/example_dags/tutorial_objectstorage.py
[2026-01-29T03:27:42.186+0000] {processor.py:830} INFO - Processing file /home/airflow/.local/lib/python3.12/site-packages/airflow/example_dags/tutorial_objectstorage.py for tasks to queue
[2026-01-29T03:27:42.188+0000] {logging_mixin.py:188} INFO - [2026-01-29T03:27:42.188+0000] {dagbag.py:545} INFO - Filling up the DagBag from /home/airflow/.local/lib/python3.12/site-packages/airflow/example_dags/tutorial_objectstorage.py
[2026-01-29T03:27:42.197+0000] {processor.py:840} INFO - DAG(s) 'tutorial_objectstorage' retrieved from /home/airflow/.local/lib/python3.12/site-packages/airflow/example_dags/tutorial_objectstorage.py
[2026-01-29T03:27:42.218+0000] {logging_mixin.py:188} INFO - [2026-01-29T03:27:42.218+0000] {dag.py:3089} INFO - Sync 1 DAGs
[2026-01-29T03:27:42.233+0000] {logging_mixin.py:188} INFO - [2026-01-29T03:27:42.232+0000] {dag.py:3947} INFO - Setting next_dagrun for tutorial_objectstorage to None, run_after=None
[2026-01-29T03:27:42.253+0000] {processor.py:183} INFO - Processing /home/airflow/.local/lib/python3.12/site-packages/airflow/example_dags/tutorial_objectstorage.py took 0.076 seconds
[2026-01-29T03:28:12.897+0000] {processor.py:161} INFO - Started process (PID=87607) to work on /home/airflow/.local/lib/python3.12/site-packages/airflow/example_dags/tutorial_objectstorage.py
[2026-01-29T03:28:12.898+0000] {processor.py:830} INFO - Processing file /home/airflow/.local/lib/python3.12/site-packages/airflow/example_dags/tutorial_objectstorage.py for tasks to queue
[2026-01-29T03:28:12.900+0000] {logging_mixin.py:188} INFO - [2026-01-29T03:28:12.900+0000] {dagbag.py:545} INFO - Filling up the DagBag from /home/airflow/.local/lib/python3.12/site-packages/airflow/example_dags/tutorial_objectstorage.py
[2026-01-29T03:28:12.908+0000] {processor.py:840} INFO - DAG(s) 'tutorial_objectstorage' retrieved from /home/airflow/.local/lib/python3.12/site-packages/airflow/example_dags/tutorial_objectstorage.py
[2026-01-29T03:28:12.927+0000] {logging_mixin.py:188} INFO - [2026-01-29T03:28:12.927+0000] {dag.py:3089} INFO - Sync 1 DAGs
[2026-01-29T03:28:12.940+0000] {logging_mixin.py:188} INFO - [2026-01-29T03:28:12.939+0000] {dag.py:3947} INFO - Setting next_dagrun for tutorial_objectstorage to None, run_after=None
[2026-01-29T03:28:12.958+0000] {processor.py:183} INFO - Processing /home/airflow/.local/lib/python3.12/site-packages/airflow/example_dags/tutorial_objectstorage.py took 0.068 seconds
[2026-01-29T03:28:43.481+0000] {processor.py:161} INFO - Started process (PID=87666) to work on /home/airflow/.local/lib/python3.12/site-packages/airflow/example_dags/tutorial_objectstorage.py
[2026-01-29T03:28:43.482+0000] {processor.py:830} INFO - Processing file /home/airflow/.local/lib/python3.12/site-packages/airflow/example_dags/tutorial_objectstorage.py for tasks to queue
[2026-01-29T03:28:43.484+0000] {logging_mixin.py:188} INFO - [2026-01-29T03:28:43.484+0000] {dagbag.py:545} INFO - Filling up the DagBag from /home/airflow/.local/lib/python3.12/site-packages/airflow/example_dags/tutorial_objectstorage.py
[2026-01-29T03:28:43.493+0000] {processor.py:840} INFO - DAG(s) 'tutorial_objectstorage' retrieved from /home/airflow/.local/lib/python3.12/site-packages/airflow/example_dags/tutorial_objectstorage.py
[2026-01-29T03:28:43.515+0000] {logging_mixin.py:188} INFO - [2026-01-29T03:28:43.514+0000] {dag.py:3089} INFO - Sync 1 DAGs
[2026-01-29T03:28:43.530+0000] {logging_mixin.py:188} INFO - [2026-01-29T03:28:43.529+0000] {dag.py:3947} INFO - Setting next_dagrun for tutorial_objectstorage to None, run_after=None
[2026-01-29T03:28:43.550+0000] {processor.py:183} INFO - Processing /home/airflow/.local/lib/python3.12/site-packages/airflow/example_dags/tutorial_objectstorage.py took 0.077 seconds
[2026-01-29T03:29:14.036+0000] {processor.py:161} INFO - Started process (PID=87736) to work on /home/airflow/.local/lib/python3.12/site-packages/airflow/example_dags/tutorial_objectstorage.py
[2026-01-29T03:29:14.037+0000] {processor.py:830} INFO - Processing file /home/airflow/.local/lib/python3.12/site-packages/airflow/example_dags/tutorial_objectstorage.py for tasks to queue
[2026-01-29T03:29:14.038+0000] {logging_mixin.py:188} INFO - [2026-01-29T03:29:14.038+0000] {dagbag.py:545} INFO - Filling up the DagBag from /home/airflow/.local/lib/python3.12/site-packages/airflow/example_dags/tutorial_objectstorage.py
[2026-01-29T03:29:14.045+0000] {processor.py:840} INFO - DAG(s) 'tutorial_objectstorage' retrieved from /home/airflow/.local/lib/python3.12/site-packages/airflow/example_dags/tutorial_objectstorage.py
[2026-01-29T03:29:14.063+0000] {logging_mixin.py:188} INFO - [2026-01-29T03:29:14.063+0000] {dag.py:3089} INFO - Sync 1 DAGs
[2026-01-29T03:29:14.077+0000] {logging_mixin.py:188} INFO - [2026-01-29T03:29:14.077+0000] {dag.py:3947} INFO - Setting next_dagrun for tutorial_objectstorage to None, run_after=None
[2026-01-29T03:29:14.097+0000] {processor.py:183} INFO - Processing /home/airflow/.local/lib/python3.12/site-packages/airflow/example_dags/tutorial_objectstorage.py took 0.067 seconds
[2026-01-29T03:29:44.603+0000] {processor.py:161} INFO - Started process (PID=87795) to work on /home/airflow/.local/lib/python3.12/site-packages/airflow/example_dags/tutorial_objectstorage.py
[2026-01-29T03:29:44.604+0000] {processor.py:830} INFO - Processing file /home/airflow/.local/lib/python3.12/site-packages/airflow/example_dags/tutorial_objectstorage.py for tasks to queue
[2026-01-29T03:29:44.606+0000] {logging_mixin.py:188} INFO - [2026-01-29T03:29:44.606+0000] {dagbag.py:545} INFO - Filling up the DagBag from /home/airflow/.local/lib/python3.12/site-packages/airflow/example_dags/tutorial_objectstorage.py
[2026-01-29T03:29:44.615+0000] {processor.py:840} INFO - DAG(s) 'tutorial_objectstorage' retrieved from /home/airflow/.local/lib/python3.12/site-packages/airflow/example_dags/tutorial_objectstorage.py
[2026-01-29T03:29:44.635+0000] {logging_mixin.py:188} INFO - [2026-01-29T03:29:44.635+0000] {dag.py:3089} INFO - Sync 1 DAGs
[2026-01-29T03:29:44.649+0000] {logging_mixin.py:188} INFO - [2026-01-29T03:29:44.649+0000] {dag.py:3947} INFO - Setting next_dagrun for tutorial_objectstorage to None, run_after=None
[2026-01-29T03:29:44.668+0000] {processor.py:183} INFO - Processing /home/airflow/.local/lib/python3.12/site-packages/airflow/example_dags/tutorial_objectstorage.py took 0.072 seconds
[2026-01-29T03:30:15.308+0000] {processor.py:161} INFO - Started process (PID=87859) to work on /home/airflow/.local/lib/python3.12/site-packages/airflow/example_dags/tutorial_objectstorage.py
[2026-01-29T03:30:15.309+0000] {processor.py:830} INFO - Processing file /home/airflow/.local/lib/python3.12/site-packages/airflow/example_dags/tutorial_objectstorage.py for tasks to queue
[2026-01-29T03:30:15.310+0000] {logging_mixin.py:188} INFO - [2026-01-29T03:30:15.310+0000] {dagbag.py:545} INFO - Filling up the DagBag from /home/airflow/.local/lib/python3.12/site-packages/airflow/example_dags/tutorial_objectstorage.py
[2026-01-29T03:30:15.318+0000] {processor.py:840} INFO - DAG(s) 'tutorial_objectstorage' retrieved from /home/airflow/.local/lib/python3.12/site-packages/airflow/example_dags/tutorial_objectstorage.py
[2026-01-29T03:30:15.336+0000] {logging_mixin.py:188} INFO - [2026-01-29T03:30:15.336+0000] {dag.py:3089} INFO - Sync 1 DAGs
[2026-01-29T03:30:15.350+0000] {logging_mixin.py:188} INFO - [2026-01-29T03:30:15.350+0000] {dag.py:3947} INFO - Setting next_dagrun for tutorial_objectstorage to None, run_after=None
[2026-01-29T03:30:15.369+0000] {processor.py:183} INFO - Processing /home/airflow/.local/lib/python3.12/site-packages/airflow/example_dags/tutorial_objectstorage.py took 0.067 seconds
[2026-01-29T03:30:45.482+0000] {processor.py:161} INFO - Started process (PID=87918) to work on /home/airflow/.local/lib/python3.12/site-packages/airflow/example_dags/tutorial_objectstorage.py
[2026-01-29T03:30:45.483+0000] {processor.py:830} INFO - Processing file /home/airflow/.local/lib/python3.12/site-packages/airflow/example_dags/tutorial_objectstorage.py for tasks to queue
[2026-01-29T03:30:45.485+0000] {logging_mixin.py:188} INFO - [2026-01-29T03:30:45.485+0000] {dagbag.py:545} INFO - Filling up the DagBag from /home/airflow/.local/lib/python3.12/site-packages/airflow/example_dags/tutorial_objectstorage.py
[2026-01-29T03:30:45.492+0000] {processor.py:840} INFO - DAG(s) 'tutorial_objectstorage' retrieved from /home/airflow/.local/lib/python3.12/site-packages/airflow/example_dags/tutorial_objectstorage.py
[2026-01-29T03:30:45.511+0000] {logging_mixin.py:188} INFO - [2026-01-29T03:30:45.511+0000] {dag.py:3089} INFO - Sync 1 DAGs
[2026-01-29T03:30:45.525+0000] {logging_mixin.py:188} INFO - [2026-01-29T03:30:45.525+0000] {dag.py:3947} INFO - Setting next_dagrun for tutorial_objectstorage to None, run_after=None
[2026-01-29T03:30:45.544+0000] {processor.py:183} INFO - Processing /home/airflow/.local/lib/python3.12/site-packages/airflow/example_dags/tutorial_objectstorage.py took 0.067 seconds
[2026-01-29T03:31:15.795+0000] {processor.py:161} INFO - Started process (PID=87982) to work on /home/airflow/.local/lib/python3.12/site-packages/airflow/example_dags/tutorial_objectstorage.py
[2026-01-29T03:31:15.795+0000] {processor.py:830} INFO - Processing file /home/airflow/.local/lib/python3.12/site-packages/airflow/example_dags/tutorial_objectstorage.py for tasks to queue
[2026-01-29T03:31:15.797+0000] {logging_mixin.py:188} INFO - [2026-01-29T03:31:15.797+0000] {dagbag.py:545} INFO - Filling up the DagBag from /home/airflow/.local/lib/python3.12/site-packages/airflow/example_dags/tutorial_objectstorage.py
[2026-01-29T03:31:15.804+0000] {processor.py:840} INFO - DAG(s) 'tutorial_objectstorage' retrieved from /home/airflow/.local/lib/python3.12/site-packages/airflow/example_dags/tutorial_objectstorage.py
[2026-01-29T03:31:15.826+0000] {logging_mixin.py:188} INFO - [2026-01-29T03:31:15.825+0000] {dag.py:3089} INFO - Sync 1 DAGs
[2026-01-29T03:31:15.840+0000] {logging_mixin.py:188} INFO - [2026-01-29T03:31:15.839+0000] {dag.py:3947} INFO - Setting next_dagrun for tutorial_objectstorage to None, run_after=None
[2026-01-29T03:31:15.858+0000] {processor.py:183} INFO - Processing /home/airflow/.local/lib/python3.12/site-packages/airflow/example_dags/tutorial_objectstorage.py took 0.069 seconds
[2026-01-29T03:31:46.067+0000] {processor.py:161} INFO - Started process (PID=88041) to work on /home/airflow/.local/lib/python3.12/site-packages/airflow/example_dags/tutorial_objectstorage.py
[2026-01-29T03:31:46.068+0000] {processor.py:830} INFO - Processing file /home/airflow/.local/lib/python3.12/site-packages/airflow/example_dags/tutorial_objectstorage.py for tasks to queue
[2026-01-29T03:31:46.070+0000] {logging_mixin.py:188} INFO - [2026-01-29T03:31:46.070+0000] {dagbag.py:545} INFO - Filling up the DagBag from /home/airflow/.local/lib/python3.12/site-packages/airflow/example_dags/tutorial_objectstorage.py
[2026-01-29T03:31:46.078+0000] {processor.py:840} INFO - DAG(s) 'tutorial_objectstorage' retrieved from /home/airflow/.local/lib/python3.12/site-packages/airflow/example_dags/tutorial_objectstorage.py
[2026-01-29T03:31:46.096+0000] {logging_mixin.py:188} INFO - [2026-01-29T03:31:46.096+0000] {dag.py:3089} INFO - Sync 1 DAGs
[2026-01-29T03:31:46.110+0000] {logging_mixin.py:188} INFO - [2026-01-29T03:31:46.110+0000] {dag.py:3947} INFO - Setting next_dagrun for tutorial_objectstorage to None, run_after=None
[2026-01-29T03:31:46.128+0000] {processor.py:183} INFO - Processing /home/airflow/.local/lib/python3.12/site-packages/airflow/example_dags/tutorial_objectstorage.py took 0.069 seconds
[2026-01-29T03:32:16.214+0000] {processor.py:161} INFO - Started process (PID=88105) to work on /home/airflow/.local/lib/python3.12/site-packages/airflow/example_dags/tutorial_objectstorage.py
[2026-01-29T03:32:16.215+0000] {processor.py:830} INFO - Processing file /home/airflow/.local/lib/python3.12/site-packages/airflow/example_dags/tutorial_objectstorage.py for tasks to queue
[2026-01-29T03:32:16.216+0000] {logging_mixin.py:188} INFO - [2026-01-29T03:32:16.216+0000] {dagbag.py:545} INFO - Filling up the DagBag from /home/airflow/.local/lib/python3.12/site-packages/airflow/example_dags/tutorial_objectstorage.py
[2026-01-29T03:32:16.224+0000] {processor.py:840} INFO - DAG(s) 'tutorial_objectstorage' retrieved from /home/airflow/.local/lib/python3.12/site-packages/airflow/example_dags/tutorial_objectstorage.py
[2026-01-29T03:32:16.244+0000] {logging_mixin.py:188} INFO - [2026-01-29T03:32:16.243+0000] {dag.py:3089} INFO - Sync 1 DAGs
[2026-01-29T03:32:16.257+0000] {logging_mixin.py:188} INFO - [2026-01-29T03:32:16.257+0000] {dag.py:3947} INFO - Setting next_dagrun for tutorial_objectstorage to None, run_after=None
[2026-01-29T03:32:16.276+0000] {processor.py:183} INFO - Processing /home/airflow/.local/lib/python3.12/site-packages/airflow/example_dags/tutorial_objectstorage.py took 0.068 seconds
[2026-01-29T03:32:46.388+0000] {processor.py:161} INFO - Started process (PID=88164) to work on /home/airflow/.local/lib/python3.12/site-packages/airflow/example_dags/tutorial_objectstorage.py
[2026-01-29T03:32:46.389+0000] {processor.py:830} INFO - Processing file /home/airflow/.local/lib/python3.12/site-packages/airflow/example_dags/tutorial_objectstorage.py for tasks to queue
[2026-01-29T03:32:46.391+0000] {logging_mixin.py:188} INFO - [2026-01-29T03:32:46.390+0000] {dagbag.py:545} INFO - Filling up the DagBag from /home/airflow/.local/lib/python3.12/site-packages/airflow/example_dags/tutorial_objectstorage.py
[2026-01-29T03:32:46.397+0000] {processor.py:840} INFO - DAG(s) 'tutorial_objectstorage' retrieved from /home/airflow/.local/lib/python3.12/site-packages/airflow/example_dags/tutorial_objectstorage.py
[2026-01-29T03:32:46.416+0000] {logging_mixin.py:188} INFO - [2026-01-29T03:32:46.416+0000] {dag.py:3089} INFO - Sync 1 DAGs
[2026-01-29T03:32:46.429+0000] {logging_mixin.py:188} INFO - [2026-01-29T03:32:46.429+0000] {dag.py:3947} INFO - Setting next_dagrun for tutorial_objectstorage to None, run_after=None
[2026-01-29T03:32:46.451+0000] {processor.py:183} INFO - Processing /home/airflow/.local/lib/python3.12/site-packages/airflow/example_dags/tutorial_objectstorage.py took 0.069 seconds
[2026-01-29T03:33:17.111+0000] {processor.py:161} INFO - Started process (PID=88228) to work on /home/airflow/.local/lib/python3.12/site-packages/airflow/example_dags/tutorial_objectstorage.py
[2026-01-29T03:33:17.113+0000] {processor.py:830} INFO - Processing file /home/airflow/.local/lib/python3.12/site-packages/airflow/example_dags/tutorial_objectstorage.py for tasks to queue
[2026-01-29T03:33:17.115+0000] {logging_mixin.py:188} INFO - [2026-01-29T03:33:17.114+0000] {dagbag.py:545} INFO - Filling up the DagBag from /home/airflow/.local/lib/python3.12/site-packages/airflow/example_dags/tutorial_objectstorage.py
[2026-01-29T03:33:17.123+0000] {processor.py:840} INFO - DAG(s) 'tutorial_objectstorage' retrieved from /home/airflow/.local/lib/python3.12/site-packages/airflow/example_dags/tutorial_objectstorage.py
[2026-01-29T03:33:17.142+0000] {logging_mixin.py:188} INFO - [2026-01-29T03:33:17.142+0000] {dag.py:3089} INFO - Sync 1 DAGs
[2026-01-29T03:33:17.156+0000] {logging_mixin.py:188} INFO - [2026-01-29T03:33:17.155+0000] {dag.py:3947} INFO - Setting next_dagrun for tutorial_objectstorage to None, run_after=None
[2026-01-29T03:33:17.174+0000] {processor.py:183} INFO - Processing /home/airflow/.local/lib/python3.12/site-packages/airflow/example_dags/tutorial_objectstorage.py took 0.070 seconds
[2026-01-29T03:33:47.932+0000] {processor.py:161} INFO - Started process (PID=88287) to work on /home/airflow/.local/lib/python3.12/site-packages/airflow/example_dags/tutorial_objectstorage.py
[2026-01-29T03:33:47.933+0000] {processor.py:830} INFO - Processing file /home/airflow/.local/lib/python3.12/site-packages/airflow/example_dags/tutorial_objectstorage.py for tasks to queue
[2026-01-29T03:33:47.934+0000] {logging_mixin.py:188} INFO - [2026-01-29T03:33:47.934+0000] {dagbag.py:545} INFO - Filling up the DagBag from /home/airflow/.local/lib/python3.12/site-packages/airflow/example_dags/tutorial_objectstorage.py
[2026-01-29T03:33:47.941+0000] {processor.py:840} INFO - DAG(s) 'tutorial_objectstorage' retrieved from /home/airflow/.local/lib/python3.12/site-packages/airflow/example_dags/tutorial_objectstorage.py
[2026-01-29T03:33:47.960+0000] {logging_mixin.py:188} INFO - [2026-01-29T03:33:47.959+0000] {dag.py:3089} INFO - Sync 1 DAGs
[2026-01-29T03:33:48.098+0000] {logging_mixin.py:188} INFO - [2026-01-29T03:33:48.098+0000] {dag.py:3947} INFO - Setting next_dagrun for tutorial_objectstorage to None, run_after=None
[2026-01-29T03:33:48.128+0000] {processor.py:183} INFO - Processing /home/airflow/.local/lib/python3.12/site-packages/airflow/example_dags/tutorial_objectstorage.py took 0.203 seconds
[2026-01-29T03:34:18.967+0000] {processor.py:161} INFO - Started process (PID=88351) to work on /home/airflow/.local/lib/python3.12/site-packages/airflow/example_dags/tutorial_objectstorage.py
[2026-01-29T03:34:18.969+0000] {processor.py:830} INFO - Processing file /home/airflow/.local/lib/python3.12/site-packages/airflow/example_dags/tutorial_objectstorage.py for tasks to queue
[2026-01-29T03:34:18.971+0000] {logging_mixin.py:188} INFO - [2026-01-29T03:34:18.970+0000] {dagbag.py:545} INFO - Filling up the DagBag from /home/airflow/.local/lib/python3.12/site-packages/airflow/example_dags/tutorial_objectstorage.py
[2026-01-29T03:34:18.978+0000] {processor.py:840} INFO - DAG(s) 'tutorial_objectstorage' retrieved from /home/airflow/.local/lib/python3.12/site-packages/airflow/example_dags/tutorial_objectstorage.py
[2026-01-29T03:34:19.004+0000] {logging_mixin.py:188} INFO - [2026-01-29T03:34:19.003+0000] {dag.py:3089} INFO - Sync 1 DAGs
[2026-01-29T03:34:19.020+0000] {logging_mixin.py:188} INFO - [2026-01-29T03:34:19.020+0000] {dag.py:3947} INFO - Setting next_dagrun for tutorial_objectstorage to None, run_after=None
[2026-01-29T03:34:19.044+0000] {processor.py:183} INFO - Processing /home/airflow/.local/lib/python3.12/site-packages/airflow/example_dags/tutorial_objectstorage.py took 0.083 seconds
[2026-01-29T03:34:49.070+0000] {processor.py:161} INFO - Started process (PID=88409) to work on /home/airflow/.local/lib/python3.12/site-packages/airflow/example_dags/tutorial_objectstorage.py
[2026-01-29T03:34:49.071+0000] {processor.py:830} INFO - Processing file /home/airflow/.local/lib/python3.12/site-packages/airflow/example_dags/tutorial_objectstorage.py for tasks to queue
[2026-01-29T03:34:49.073+0000] {logging_mixin.py:188} INFO - [2026-01-29T03:34:49.072+0000] {dagbag.py:545} INFO - Filling up the DagBag from /home/airflow/.local/lib/python3.12/site-packages/airflow/example_dags/tutorial_objectstorage.py
[2026-01-29T03:34:49.080+0000] {processor.py:840} INFO - DAG(s) 'tutorial_objectstorage' retrieved from /home/airflow/.local/lib/python3.12/site-packages/airflow/example_dags/tutorial_objectstorage.py
[2026-01-29T03:34:49.102+0000] {logging_mixin.py:188} INFO - [2026-01-29T03:34:49.101+0000] {dag.py:3089} INFO - Sync 1 DAGs
[2026-01-29T03:34:49.116+0000] {logging_mixin.py:188} INFO - [2026-01-29T03:34:49.116+0000] {dag.py:3947} INFO - Setting next_dagrun for tutorial_objectstorage to None, run_after=None
[2026-01-29T03:34:49.140+0000] {processor.py:183} INFO - Processing /home/airflow/.local/lib/python3.12/site-packages/airflow/example_dags/tutorial_objectstorage.py took 0.077 seconds
[2026-01-29T03:35:19.584+0000] {processor.py:161} INFO - Started process (PID=88474) to work on /home/airflow/.local/lib/python3.12/site-packages/airflow/example_dags/tutorial_objectstorage.py
[2026-01-29T03:35:19.585+0000] {processor.py:830} INFO - Processing file /home/airflow/.local/lib/python3.12/site-packages/airflow/example_dags/tutorial_objectstorage.py for tasks to queue
[2026-01-29T03:35:19.587+0000] {logging_mixin.py:188} INFO - [2026-01-29T03:35:19.587+0000] {dagbag.py:545} INFO - Filling up the DagBag from /home/airflow/.local/lib/python3.12/site-packages/airflow/example_dags/tutorial_objectstorage.py
[2026-01-29T03:35:19.595+0000] {processor.py:840} INFO - DAG(s) 'tutorial_objectstorage' retrieved from /home/airflow/.local/lib/python3.12/site-packages/airflow/example_dags/tutorial_objectstorage.py
[2026-01-29T03:35:19.738+0000] {logging_mixin.py:188} INFO - [2026-01-29T03:35:19.738+0000] {dag.py:3089} INFO - Sync 1 DAGs
[2026-01-29T03:35:19.749+0000] {logging_mixin.py:188} INFO - [2026-01-29T03:35:19.749+0000] {dag.py:3947} INFO - Setting next_dagrun for tutorial_objectstorage to None, run_after=None
[2026-01-29T03:35:19.766+0000] {processor.py:183} INFO - Processing /home/airflow/.local/lib/python3.12/site-packages/airflow/example_dags/tutorial_objectstorage.py took 0.190 seconds
[2026-01-29T03:35:50.295+0000] {processor.py:161} INFO - Started process (PID=88533) to work on /home/airflow/.local/lib/python3.12/site-packages/airflow/example_dags/tutorial_objectstorage.py
[2026-01-29T03:35:50.295+0000] {processor.py:830} INFO - Processing file /home/airflow/.local/lib/python3.12/site-packages/airflow/example_dags/tutorial_objectstorage.py for tasks to queue
[2026-01-29T03:35:50.297+0000] {logging_mixin.py:188} INFO - [2026-01-29T03:35:50.297+0000] {dagbag.py:545} INFO - Filling up the DagBag from /home/airflow/.local/lib/python3.12/site-packages/airflow/example_dags/tutorial_objectstorage.py
[2026-01-29T03:35:50.304+0000] {processor.py:840} INFO - DAG(s) 'tutorial_objectstorage' retrieved from /home/airflow/.local/lib/python3.12/site-packages/airflow/example_dags/tutorial_objectstorage.py
[2026-01-29T03:35:50.323+0000] {logging_mixin.py:188} INFO - [2026-01-29T03:35:50.323+0000] {dag.py:3089} INFO - Sync 1 DAGs
[2026-01-29T03:35:50.337+0000] {logging_mixin.py:188} INFO - [2026-01-29T03:35:50.336+0000] {dag.py:3947} INFO - Setting next_dagrun for tutorial_objectstorage to None, run_after=None
[2026-01-29T03:35:50.356+0000] {processor.py:183} INFO - Processing /home/airflow/.local/lib/python3.12/site-packages/airflow/example_dags/tutorial_objectstorage.py took 0.067 seconds
[2026-01-29T03:36:20.434+0000] {processor.py:161} INFO - Started process (PID=88597) to work on /home/airflow/.local/lib/python3.12/site-packages/airflow/example_dags/tutorial_objectstorage.py
[2026-01-29T03:36:20.435+0000] {processor.py:830} INFO - Processing file /home/airflow/.local/lib/python3.12/site-packages/airflow/example_dags/tutorial_objectstorage.py for tasks to queue
[2026-01-29T03:36:20.437+0000] {logging_mixin.py:188} INFO - [2026-01-29T03:36:20.437+0000] {dagbag.py:545} INFO - Filling up the DagBag from /home/airflow/.local/lib/python3.12/site-packages/airflow/example_dags/tutorial_objectstorage.py
[2026-01-29T03:36:20.445+0000] {processor.py:840} INFO - DAG(s) 'tutorial_objectstorage' retrieved from /home/airflow/.local/lib/python3.12/site-packages/airflow/example_dags/tutorial_objectstorage.py
[2026-01-29T03:36:20.466+0000] {logging_mixin.py:188} INFO - [2026-01-29T03:36:20.465+0000] {dag.py:3089} INFO - Sync 1 DAGs
[2026-01-29T03:36:20.479+0000] {logging_mixin.py:188} INFO - [2026-01-29T03:36:20.479+0000] {dag.py:3947} INFO - Setting next_dagrun for tutorial_objectstorage to None, run_after=None
[2026-01-29T03:36:20.498+0000] {processor.py:183} INFO - Processing /home/airflow/.local/lib/python3.12/site-packages/airflow/example_dags/tutorial_objectstorage.py took 0.072 seconds
[2026-01-29T03:36:50.532+0000] {processor.py:161} INFO - Started process (PID=88655) to work on /home/airflow/.local/lib/python3.12/site-packages/airflow/example_dags/tutorial_objectstorage.py
[2026-01-29T03:36:50.532+0000] {processor.py:830} INFO - Processing file /home/airflow/.local/lib/python3.12/site-packages/airflow/example_dags/tutorial_objectstorage.py for tasks to queue
[2026-01-29T03:36:50.534+0000] {logging_mixin.py:188} INFO - [2026-01-29T03:36:50.534+0000] {dagbag.py:545} INFO - Filling up the DagBag from /home/airflow/.local/lib/python3.12/site-packages/airflow/example_dags/tutorial_objectstorage.py
[2026-01-29T03:36:50.541+0000] {processor.py:840} INFO - DAG(s) 'tutorial_objectstorage' retrieved from /home/airflow/.local/lib/python3.12/site-packages/airflow/example_dags/tutorial_objectstorage.py
[2026-01-29T03:36:50.561+0000] {logging_mixin.py:188} INFO - [2026-01-29T03:36:50.560+0000] {dag.py:3089} INFO - Sync 1 DAGs
[2026-01-29T03:36:50.574+0000] {logging_mixin.py:188} INFO - [2026-01-29T03:36:50.574+0000] {dag.py:3947} INFO - Setting next_dagrun for tutorial_objectstorage to None, run_after=None
[2026-01-29T03:36:50.595+0000] {processor.py:183} INFO - Processing /home/airflow/.local/lib/python3.12/site-packages/airflow/example_dags/tutorial_objectstorage.py took 0.069 seconds
[2026-01-29T03:37:20.708+0000] {processor.py:161} INFO - Started process (PID=88719) to work on /home/airflow/.local/lib/python3.12/site-packages/airflow/example_dags/tutorial_objectstorage.py
[2026-01-29T03:37:20.709+0000] {processor.py:830} INFO - Processing file /home/airflow/.local/lib/python3.12/site-packages/airflow/example_dags/tutorial_objectstorage.py for tasks to queue
[2026-01-29T03:37:20.711+0000] {logging_mixin.py:188} INFO - [2026-01-29T03:37:20.711+0000] {dagbag.py:545} INFO - Filling up the DagBag from /home/airflow/.local/lib/python3.12/site-packages/airflow/example_dags/tutorial_objectstorage.py
[2026-01-29T03:37:20.719+0000] {processor.py:840} INFO - DAG(s) 'tutorial_objectstorage' retrieved from /home/airflow/.local/lib/python3.12/site-packages/airflow/example_dags/tutorial_objectstorage.py
[2026-01-29T03:37:20.742+0000] {logging_mixin.py:188} INFO - [2026-01-29T03:37:20.741+0000] {dag.py:3089} INFO - Sync 1 DAGs
[2026-01-29T03:37:20.757+0000] {logging_mixin.py:188} INFO - [2026-01-29T03:37:20.757+0000] {dag.py:3947} INFO - Setting next_dagrun for tutorial_objectstorage to None, run_after=None
[2026-01-29T03:37:20.779+0000] {processor.py:183} INFO - Processing /home/airflow/.local/lib/python3.12/site-packages/airflow/example_dags/tutorial_objectstorage.py took 0.078 seconds
[2026-01-29T03:37:50.944+0000] {processor.py:161} INFO - Started process (PID=88778) to work on /home/airflow/.local/lib/python3.12/site-packages/airflow/example_dags/tutorial_objectstorage.py
[2026-01-29T03:37:50.945+0000] {processor.py:830} INFO - Processing file /home/airflow/.local/lib/python3.12/site-packages/airflow/example_dags/tutorial_objectstorage.py for tasks to queue
[2026-01-29T03:37:50.947+0000] {logging_mixin.py:188} INFO - [2026-01-29T03:37:50.947+0000] {dagbag.py:545} INFO - Filling up the DagBag from /home/airflow/.local/lib/python3.12/site-packages/airflow/example_dags/tutorial_objectstorage.py
[2026-01-29T03:37:50.955+0000] {processor.py:840} INFO - DAG(s) 'tutorial_objectstorage' retrieved from /home/airflow/.local/lib/python3.12/site-packages/airflow/example_dags/tutorial_objectstorage.py
[2026-01-29T03:37:50.974+0000] {logging_mixin.py:188} INFO - [2026-01-29T03:37:50.974+0000] {dag.py:3089} INFO - Sync 1 DAGs
[2026-01-29T03:37:50.988+0000] {logging_mixin.py:188} INFO - [2026-01-29T03:37:50.987+0000] {dag.py:3947} INFO - Setting next_dagrun for tutorial_objectstorage to None, run_after=None
[2026-01-29T03:37:51.009+0000] {processor.py:183} INFO - Processing /home/airflow/.local/lib/python3.12/site-packages/airflow/example_dags/tutorial_objectstorage.py took 0.072 seconds
[2026-01-29T03:38:21.139+0000] {processor.py:161} INFO - Started process (PID=88842) to work on /home/airflow/.local/lib/python3.12/site-packages/airflow/example_dags/tutorial_objectstorage.py
[2026-01-29T03:38:21.140+0000] {processor.py:830} INFO - Processing file /home/airflow/.local/lib/python3.12/site-packages/airflow/example_dags/tutorial_objectstorage.py for tasks to queue
[2026-01-29T03:38:21.142+0000] {logging_mixin.py:188} INFO - [2026-01-29T03:38:21.142+0000] {dagbag.py:545} INFO - Filling up the DagBag from /home/airflow/.local/lib/python3.12/site-packages/airflow/example_dags/tutorial_objectstorage.py
[2026-01-29T03:38:21.150+0000] {processor.py:840} INFO - DAG(s) 'tutorial_objectstorage' retrieved from /home/airflow/.local/lib/python3.12/site-packages/airflow/example_dags/tutorial_objectstorage.py
[2026-01-29T03:38:21.169+0000] {logging_mixin.py:188} INFO - [2026-01-29T03:38:21.169+0000] {dag.py:3089} INFO - Sync 1 DAGs
[2026-01-29T03:38:21.182+0000] {logging_mixin.py:188} INFO - [2026-01-29T03:38:21.182+0000] {dag.py:3947} INFO - Setting next_dagrun for tutorial_objectstorage to None, run_after=None
[2026-01-29T03:38:21.203+0000] {processor.py:183} INFO - Processing /home/airflow/.local/lib/python3.12/site-packages/airflow/example_dags/tutorial_objectstorage.py took 0.072 seconds
[2026-01-29T03:38:51.341+0000] {processor.py:161} INFO - Started process (PID=88901) to work on /home/airflow/.local/lib/python3.12/site-packages/airflow/example_dags/tutorial_objectstorage.py
[2026-01-29T03:38:51.342+0000] {processor.py:830} INFO - Processing file /home/airflow/.local/lib/python3.12/site-packages/airflow/example_dags/tutorial_objectstorage.py for tasks to queue
[2026-01-29T03:38:51.344+0000] {logging_mixin.py:188} INFO - [2026-01-29T03:38:51.344+0000] {dagbag.py:545} INFO - Filling up the DagBag from /home/airflow/.local/lib/python3.12/site-packages/airflow/example_dags/tutorial_objectstorage.py
[2026-01-29T03:38:51.351+0000] {processor.py:840} INFO - DAG(s) 'tutorial_objectstorage' retrieved from /home/airflow/.local/lib/python3.12/site-packages/airflow/example_dags/tutorial_objectstorage.py
[2026-01-29T03:38:51.371+0000] {logging_mixin.py:188} INFO - [2026-01-29T03:38:51.371+0000] {dag.py:3089} INFO - Sync 1 DAGs
[2026-01-29T03:38:51.385+0000] {logging_mixin.py:188} INFO - [2026-01-29T03:38:51.385+0000] {dag.py:3947} INFO - Setting next_dagrun for tutorial_objectstorage to None, run_after=None
[2026-01-29T03:38:51.406+0000] {processor.py:183} INFO - Processing /home/airflow/.local/lib/python3.12/site-packages/airflow/example_dags/tutorial_objectstorage.py took 0.070 seconds
[2026-01-29T03:39:21.621+0000] {processor.py:161} INFO - Started process (PID=88965) to work on /home/airflow/.local/lib/python3.12/site-packages/airflow/example_dags/tutorial_objectstorage.py
[2026-01-29T03:39:21.622+0000] {processor.py:830} INFO - Processing file /home/airflow/.local/lib/python3.12/site-packages/airflow/example_dags/tutorial_objectstorage.py for tasks to queue
[2026-01-29T03:39:21.624+0000] {logging_mixin.py:188} INFO - [2026-01-29T03:39:21.624+0000] {dagbag.py:545} INFO - Filling up the DagBag from /home/airflow/.local/lib/python3.12/site-packages/airflow/example_dags/tutorial_objectstorage.py
[2026-01-29T03:39:21.631+0000] {processor.py:840} INFO - DAG(s) 'tutorial_objectstorage' retrieved from /home/airflow/.local/lib/python3.12/site-packages/airflow/example_dags/tutorial_objectstorage.py
[2026-01-29T03:39:21.650+0000] {logging_mixin.py:188} INFO - [2026-01-29T03:39:21.649+0000] {dag.py:3089} INFO - Sync 1 DAGs
[2026-01-29T03:39:21.663+0000] {logging_mixin.py:188} INFO - [2026-01-29T03:39:21.663+0000] {dag.py:3947} INFO - Setting next_dagrun for tutorial_objectstorage to None, run_after=None
[2026-01-29T03:39:21.683+0000] {processor.py:183} INFO - Processing /home/airflow/.local/lib/python3.12/site-packages/airflow/example_dags/tutorial_objectstorage.py took 0.067 seconds
[2026-01-29T03:39:51.812+0000] {processor.py:161} INFO - Started process (PID=89024) to work on /home/airflow/.local/lib/python3.12/site-packages/airflow/example_dags/tutorial_objectstorage.py
[2026-01-29T03:39:51.813+0000] {processor.py:830} INFO - Processing file /home/airflow/.local/lib/python3.12/site-packages/airflow/example_dags/tutorial_objectstorage.py for tasks to queue
[2026-01-29T03:39:51.815+0000] {logging_mixin.py:188} INFO - [2026-01-29T03:39:51.815+0000] {dagbag.py:545} INFO - Filling up the DagBag from /home/airflow/.local/lib/python3.12/site-packages/airflow/example_dags/tutorial_objectstorage.py
[2026-01-29T03:39:51.824+0000] {processor.py:840} INFO - DAG(s) 'tutorial_objectstorage' retrieved from /home/airflow/.local/lib/python3.12/site-packages/airflow/example_dags/tutorial_objectstorage.py
[2026-01-29T03:39:51.844+0000] {logging_mixin.py:188} INFO - [2026-01-29T03:39:51.844+0000] {dag.py:3089} INFO - Sync 1 DAGs
[2026-01-29T03:39:51.859+0000] {logging_mixin.py:188} INFO - [2026-01-29T03:39:51.859+0000] {dag.py:3947} INFO - Setting next_dagrun for tutorial_objectstorage to None, run_after=None
[2026-01-29T03:39:51.879+0000] {processor.py:183} INFO - Processing /home/airflow/.local/lib/python3.12/site-packages/airflow/example_dags/tutorial_objectstorage.py took 0.075 seconds
[2026-01-29T03:40:22.020+0000] {processor.py:161} INFO - Started process (PID=89088) to work on /home/airflow/.local/lib/python3.12/site-packages/airflow/example_dags/tutorial_objectstorage.py
[2026-01-29T03:40:22.022+0000] {processor.py:830} INFO - Processing file /home/airflow/.local/lib/python3.12/site-packages/airflow/example_dags/tutorial_objectstorage.py for tasks to queue
[2026-01-29T03:40:22.023+0000] {logging_mixin.py:188} INFO - [2026-01-29T03:40:22.023+0000] {dagbag.py:545} INFO - Filling up the DagBag from /home/airflow/.local/lib/python3.12/site-packages/airflow/example_dags/tutorial_objectstorage.py
[2026-01-29T03:40:22.030+0000] {processor.py:840} INFO - DAG(s) 'tutorial_objectstorage' retrieved from /home/airflow/.local/lib/python3.12/site-packages/airflow/example_dags/tutorial_objectstorage.py
[2026-01-29T03:40:22.048+0000] {logging_mixin.py:188} INFO - [2026-01-29T03:40:22.048+0000] {dag.py:3089} INFO - Sync 1 DAGs
[2026-01-29T03:40:22.061+0000] {logging_mixin.py:188} INFO - [2026-01-29T03:40:22.061+0000] {dag.py:3947} INFO - Setting next_dagrun for tutorial_objectstorage to None, run_after=None
[2026-01-29T03:40:22.080+0000] {processor.py:183} INFO - Processing /home/airflow/.local/lib/python3.12/site-packages/airflow/example_dags/tutorial_objectstorage.py took 0.066 seconds
[2026-01-29T03:40:52.907+0000] {processor.py:161} INFO - Started process (PID=89147) to work on /home/airflow/.local/lib/python3.12/site-packages/airflow/example_dags/tutorial_objectstorage.py
[2026-01-29T03:40:52.908+0000] {processor.py:830} INFO - Processing file /home/airflow/.local/lib/python3.12/site-packages/airflow/example_dags/tutorial_objectstorage.py for tasks to queue
[2026-01-29T03:40:52.910+0000] {logging_mixin.py:188} INFO - [2026-01-29T03:40:52.909+0000] {dagbag.py:545} INFO - Filling up the DagBag from /home/airflow/.local/lib/python3.12/site-packages/airflow/example_dags/tutorial_objectstorage.py
[2026-01-29T03:40:52.916+0000] {processor.py:840} INFO - DAG(s) 'tutorial_objectstorage' retrieved from /home/airflow/.local/lib/python3.12/site-packages/airflow/example_dags/tutorial_objectstorage.py
[2026-01-29T03:40:52.935+0000] {logging_mixin.py:188} INFO - [2026-01-29T03:40:52.934+0000] {dag.py:3089} INFO - Sync 1 DAGs
[2026-01-29T03:40:52.948+0000] {logging_mixin.py:188} INFO - [2026-01-29T03:40:52.948+0000] {dag.py:3947} INFO - Setting next_dagrun for tutorial_objectstorage to None, run_after=None
[2026-01-29T03:40:52.967+0000] {processor.py:183} INFO - Processing /home/airflow/.local/lib/python3.12/site-packages/airflow/example_dags/tutorial_objectstorage.py took 0.066 seconds
[2026-01-29T03:41:23.628+0000] {processor.py:161} INFO - Started process (PID=89211) to work on /home/airflow/.local/lib/python3.12/site-packages/airflow/example_dags/tutorial_objectstorage.py
[2026-01-29T03:41:23.629+0000] {processor.py:830} INFO - Processing file /home/airflow/.local/lib/python3.12/site-packages/airflow/example_dags/tutorial_objectstorage.py for tasks to queue
[2026-01-29T03:41:23.631+0000] {logging_mixin.py:188} INFO - [2026-01-29T03:41:23.631+0000] {dagbag.py:545} INFO - Filling up the DagBag from /home/airflow/.local/lib/python3.12/site-packages/airflow/example_dags/tutorial_objectstorage.py
[2026-01-29T03:41:23.638+0000] {processor.py:840} INFO - DAG(s) 'tutorial_objectstorage' retrieved from /home/airflow/.local/lib/python3.12/site-packages/airflow/example_dags/tutorial_objectstorage.py
[2026-01-29T03:41:23.657+0000] {logging_mixin.py:188} INFO - [2026-01-29T03:41:23.657+0000] {dag.py:3089} INFO - Sync 1 DAGs
[2026-01-29T03:41:23.670+0000] {logging_mixin.py:188} INFO - [2026-01-29T03:41:23.670+0000] {dag.py:3947} INFO - Setting next_dagrun for tutorial_objectstorage to None, run_after=None
[2026-01-29T03:41:23.690+0000] {processor.py:183} INFO - Processing /home/airflow/.local/lib/python3.12/site-packages/airflow/example_dags/tutorial_objectstorage.py took 0.068 seconds
[2026-01-29T03:41:54.421+0000] {processor.py:161} INFO - Started process (PID=89270) to work on /home/airflow/.local/lib/python3.12/site-packages/airflow/example_dags/tutorial_objectstorage.py
[2026-01-29T03:41:54.422+0000] {processor.py:830} INFO - Processing file /home/airflow/.local/lib/python3.12/site-packages/airflow/example_dags/tutorial_objectstorage.py for tasks to queue
[2026-01-29T03:41:54.424+0000] {logging_mixin.py:188} INFO - [2026-01-29T03:41:54.424+0000] {dagbag.py:545} INFO - Filling up the DagBag from /home/airflow/.local/lib/python3.12/site-packages/airflow/example_dags/tutorial_objectstorage.py
[2026-01-29T03:41:54.432+0000] {processor.py:840} INFO - DAG(s) 'tutorial_objectstorage' retrieved from /home/airflow/.local/lib/python3.12/site-packages/airflow/example_dags/tutorial_objectstorage.py
[2026-01-29T03:41:54.452+0000] {logging_mixin.py:188} INFO - [2026-01-29T03:41:54.452+0000] {dag.py:3089} INFO - Sync 1 DAGs
[2026-01-29T03:41:54.466+0000] {logging_mixin.py:188} INFO - [2026-01-29T03:41:54.466+0000] {dag.py:3947} INFO - Setting next_dagrun for tutorial_objectstorage to None, run_after=None
[2026-01-29T03:41:54.486+0000] {processor.py:183} INFO - Processing /home/airflow/.local/lib/python3.12/site-packages/airflow/example_dags/tutorial_objectstorage.py took 0.072 seconds
[2026-01-29T03:42:25.193+0000] {processor.py:161} INFO - Started process (PID=89334) to work on /home/airflow/.local/lib/python3.12/site-packages/airflow/example_dags/tutorial_objectstorage.py
[2026-01-29T03:42:25.194+0000] {processor.py:830} INFO - Processing file /home/airflow/.local/lib/python3.12/site-packages/airflow/example_dags/tutorial_objectstorage.py for tasks to queue
[2026-01-29T03:42:25.196+0000] {logging_mixin.py:188} INFO - [2026-01-29T03:42:25.195+0000] {dagbag.py:545} INFO - Filling up the DagBag from /home/airflow/.local/lib/python3.12/site-packages/airflow/example_dags/tutorial_objectstorage.py
[2026-01-29T03:42:25.202+0000] {processor.py:840} INFO - DAG(s) 'tutorial_objectstorage' retrieved from /home/airflow/.local/lib/python3.12/site-packages/airflow/example_dags/tutorial_objectstorage.py
[2026-01-29T03:42:25.223+0000] {logging_mixin.py:188} INFO - [2026-01-29T03:42:25.223+0000] {dag.py:3089} INFO - Sync 1 DAGs
[2026-01-29T03:42:25.236+0000] {logging_mixin.py:188} INFO - [2026-01-29T03:42:25.236+0000] {dag.py:3947} INFO - Setting next_dagrun for tutorial_objectstorage to None, run_after=None
[2026-01-29T03:42:25.257+0000] {processor.py:183} INFO - Processing /home/airflow/.local/lib/python3.12/site-packages/airflow/example_dags/tutorial_objectstorage.py took 0.070 seconds
[2026-01-29T03:42:55.886+0000] {processor.py:161} INFO - Started process (PID=89393) to work on /home/airflow/.local/lib/python3.12/site-packages/airflow/example_dags/tutorial_objectstorage.py
[2026-01-29T03:42:55.887+0000] {processor.py:830} INFO - Processing file /home/airflow/.local/lib/python3.12/site-packages/airflow/example_dags/tutorial_objectstorage.py for tasks to queue
[2026-01-29T03:42:55.889+0000] {logging_mixin.py:188} INFO - [2026-01-29T03:42:55.889+0000] {dagbag.py:545} INFO - Filling up the DagBag from /home/airflow/.local/lib/python3.12/site-packages/airflow/example_dags/tutorial_objectstorage.py
[2026-01-29T03:42:55.897+0000] {processor.py:840} INFO - DAG(s) 'tutorial_objectstorage' retrieved from /home/airflow/.local/lib/python3.12/site-packages/airflow/example_dags/tutorial_objectstorage.py
[2026-01-29T03:42:55.919+0000] {logging_mixin.py:188} INFO - [2026-01-29T03:42:55.918+0000] {dag.py:3089} INFO - Sync 1 DAGs
[2026-01-29T03:42:55.934+0000] {logging_mixin.py:188} INFO - [2026-01-29T03:42:55.934+0000] {dag.py:3947} INFO - Setting next_dagrun for tutorial_objectstorage to None, run_after=None
[2026-01-29T03:42:55.954+0000] {processor.py:183} INFO - Processing /home/airflow/.local/lib/python3.12/site-packages/airflow/example_dags/tutorial_objectstorage.py took 0.076 seconds
[2026-01-29T03:43:26.468+0000] {processor.py:161} INFO - Started process (PID=89457) to work on /home/airflow/.local/lib/python3.12/site-packages/airflow/example_dags/tutorial_objectstorage.py
[2026-01-29T03:43:26.469+0000] {processor.py:830} INFO - Processing file /home/airflow/.local/lib/python3.12/site-packages/airflow/example_dags/tutorial_objectstorage.py for tasks to queue
[2026-01-29T03:43:26.470+0000] {logging_mixin.py:188} INFO - [2026-01-29T03:43:26.470+0000] {dagbag.py:545} INFO - Filling up the DagBag from /home/airflow/.local/lib/python3.12/site-packages/airflow/example_dags/tutorial_objectstorage.py
[2026-01-29T03:43:26.478+0000] {processor.py:840} INFO - DAG(s) 'tutorial_objectstorage' retrieved from /home/airflow/.local/lib/python3.12/site-packages/airflow/example_dags/tutorial_objectstorage.py
[2026-01-29T03:43:26.498+0000] {logging_mixin.py:188} INFO - [2026-01-29T03:43:26.498+0000] {dag.py:3089} INFO - Sync 1 DAGs
[2026-01-29T03:43:26.513+0000] {logging_mixin.py:188} INFO - [2026-01-29T03:43:26.512+0000] {dag.py:3947} INFO - Setting next_dagrun for tutorial_objectstorage to None, run_after=None
[2026-01-29T03:43:26.535+0000] {processor.py:183} INFO - Processing /home/airflow/.local/lib/python3.12/site-packages/airflow/example_dags/tutorial_objectstorage.py took 0.073 seconds
[2026-01-29T03:43:57.181+0000] {processor.py:161} INFO - Started process (PID=89516) to work on /home/airflow/.local/lib/python3.12/site-packages/airflow/example_dags/tutorial_objectstorage.py
[2026-01-29T03:43:57.182+0000] {processor.py:830} INFO - Processing file /home/airflow/.local/lib/python3.12/site-packages/airflow/example_dags/tutorial_objectstorage.py for tasks to queue
[2026-01-29T03:43:57.184+0000] {logging_mixin.py:188} INFO - [2026-01-29T03:43:57.183+0000] {dagbag.py:545} INFO - Filling up the DagBag from /home/airflow/.local/lib/python3.12/site-packages/airflow/example_dags/tutorial_objectstorage.py
[2026-01-29T03:43:57.192+0000] {processor.py:840} INFO - DAG(s) 'tutorial_objectstorage' retrieved from /home/airflow/.local/lib/python3.12/site-packages/airflow/example_dags/tutorial_objectstorage.py
[2026-01-29T03:43:57.211+0000] {logging_mixin.py:188} INFO - [2026-01-29T03:43:57.211+0000] {dag.py:3089} INFO - Sync 1 DAGs
[2026-01-29T03:43:57.224+0000] {logging_mixin.py:188} INFO - [2026-01-29T03:43:57.224+0000] {dag.py:3947} INFO - Setting next_dagrun for tutorial_objectstorage to None, run_after=None
[2026-01-29T03:43:57.244+0000] {processor.py:183} INFO - Processing /home/airflow/.local/lib/python3.12/site-packages/airflow/example_dags/tutorial_objectstorage.py took 0.070 seconds
[2026-01-29T03:44:27.860+0000] {processor.py:161} INFO - Started process (PID=89580) to work on /home/airflow/.local/lib/python3.12/site-packages/airflow/example_dags/tutorial_objectstorage.py
[2026-01-29T03:44:27.861+0000] {processor.py:830} INFO - Processing file /home/airflow/.local/lib/python3.12/site-packages/airflow/example_dags/tutorial_objectstorage.py for tasks to queue
[2026-01-29T03:44:27.863+0000] {logging_mixin.py:188} INFO - [2026-01-29T03:44:27.863+0000] {dagbag.py:545} INFO - Filling up the DagBag from /home/airflow/.local/lib/python3.12/site-packages/airflow/example_dags/tutorial_objectstorage.py
[2026-01-29T03:44:27.870+0000] {processor.py:840} INFO - DAG(s) 'tutorial_objectstorage' retrieved from /home/airflow/.local/lib/python3.12/site-packages/airflow/example_dags/tutorial_objectstorage.py
[2026-01-29T03:44:27.889+0000] {logging_mixin.py:188} INFO - [2026-01-29T03:44:27.889+0000] {dag.py:3089} INFO - Sync 1 DAGs
[2026-01-29T03:44:27.902+0000] {logging_mixin.py:188} INFO - [2026-01-29T03:44:27.902+0000] {dag.py:3947} INFO - Setting next_dagrun for tutorial_objectstorage to None, run_after=None
[2026-01-29T03:44:27.924+0000] {processor.py:183} INFO - Processing /home/airflow/.local/lib/python3.12/site-packages/airflow/example_dags/tutorial_objectstorage.py took 0.069 seconds
[2026-01-29T03:44:58.488+0000] {processor.py:161} INFO - Started process (PID=89639) to work on /home/airflow/.local/lib/python3.12/site-packages/airflow/example_dags/tutorial_objectstorage.py
[2026-01-29T03:44:58.489+0000] {processor.py:830} INFO - Processing file /home/airflow/.local/lib/python3.12/site-packages/airflow/example_dags/tutorial_objectstorage.py for tasks to queue
[2026-01-29T03:44:58.491+0000] {logging_mixin.py:188} INFO - [2026-01-29T03:44:58.490+0000] {dagbag.py:545} INFO - Filling up the DagBag from /home/airflow/.local/lib/python3.12/site-packages/airflow/example_dags/tutorial_objectstorage.py
[2026-01-29T03:44:58.498+0000] {processor.py:840} INFO - DAG(s) 'tutorial_objectstorage' retrieved from /home/airflow/.local/lib/python3.12/site-packages/airflow/example_dags/tutorial_objectstorage.py
[2026-01-29T03:44:58.519+0000] {logging_mixin.py:188} INFO - [2026-01-29T03:44:58.519+0000] {dag.py:3089} INFO - Sync 1 DAGs
[2026-01-29T03:44:58.534+0000] {logging_mixin.py:188} INFO - [2026-01-29T03:44:58.533+0000] {dag.py:3947} INFO - Setting next_dagrun for tutorial_objectstorage to None, run_after=None
[2026-01-29T03:44:58.558+0000] {processor.py:183} INFO - Processing /home/airflow/.local/lib/python3.12/site-packages/airflow/example_dags/tutorial_objectstorage.py took 0.076 seconds
[2026-01-29T03:45:29.302+0000] {processor.py:161} INFO - Started process (PID=89703) to work on /home/airflow/.local/lib/python3.12/site-packages/airflow/example_dags/tutorial_objectstorage.py
[2026-01-29T03:45:29.303+0000] {processor.py:830} INFO - Processing file /home/airflow/.local/lib/python3.12/site-packages/airflow/example_dags/tutorial_objectstorage.py for tasks to queue
[2026-01-29T03:45:29.305+0000] {logging_mixin.py:188} INFO - [2026-01-29T03:45:29.304+0000] {dagbag.py:545} INFO - Filling up the DagBag from /home/airflow/.local/lib/python3.12/site-packages/airflow/example_dags/tutorial_objectstorage.py
[2026-01-29T03:45:29.311+0000] {processor.py:840} INFO - DAG(s) 'tutorial_objectstorage' retrieved from /home/airflow/.local/lib/python3.12/site-packages/airflow/example_dags/tutorial_objectstorage.py
[2026-01-29T03:45:29.329+0000] {logging_mixin.py:188} INFO - [2026-01-29T03:45:29.328+0000] {dag.py:3089} INFO - Sync 1 DAGs
[2026-01-29T03:45:29.341+0000] {logging_mixin.py:188} INFO - [2026-01-29T03:45:29.341+0000] {dag.py:3947} INFO - Setting next_dagrun for tutorial_objectstorage to None, run_after=None
[2026-01-29T03:45:29.362+0000] {processor.py:183} INFO - Processing /home/airflow/.local/lib/python3.12/site-packages/airflow/example_dags/tutorial_objectstorage.py took 0.066 seconds
[2026-01-29T03:45:59.944+0000] {processor.py:161} INFO - Started process (PID=89762) to work on /home/airflow/.local/lib/python3.12/site-packages/airflow/example_dags/tutorial_objectstorage.py
[2026-01-29T03:45:59.945+0000] {processor.py:830} INFO - Processing file /home/airflow/.local/lib/python3.12/site-packages/airflow/example_dags/tutorial_objectstorage.py for tasks to queue
[2026-01-29T03:45:59.947+0000] {logging_mixin.py:188} INFO - [2026-01-29T03:45:59.946+0000] {dagbag.py:545} INFO - Filling up the DagBag from /home/airflow/.local/lib/python3.12/site-packages/airflow/example_dags/tutorial_objectstorage.py
[2026-01-29T03:45:59.954+0000] {processor.py:840} INFO - DAG(s) 'tutorial_objectstorage' retrieved from /home/airflow/.local/lib/python3.12/site-packages/airflow/example_dags/tutorial_objectstorage.py
[2026-01-29T03:45:59.974+0000] {logging_mixin.py:188} INFO - [2026-01-29T03:45:59.974+0000] {dag.py:3089} INFO - Sync 1 DAGs
[2026-01-29T03:45:59.987+0000] {logging_mixin.py:188} INFO - [2026-01-29T03:45:59.987+0000] {dag.py:3947} INFO - Setting next_dagrun for tutorial_objectstorage to None, run_after=None
[2026-01-29T03:46:00.008+0000] {processor.py:183} INFO - Processing /home/airflow/.local/lib/python3.12/site-packages/airflow/example_dags/tutorial_objectstorage.py took 0.070 seconds
[2026-01-29T03:46:30.690+0000] {processor.py:161} INFO - Started process (PID=89826) to work on /home/airflow/.local/lib/python3.12/site-packages/airflow/example_dags/tutorial_objectstorage.py
[2026-01-29T03:46:30.691+0000] {processor.py:830} INFO - Processing file /home/airflow/.local/lib/python3.12/site-packages/airflow/example_dags/tutorial_objectstorage.py for tasks to queue
[2026-01-29T03:46:30.693+0000] {logging_mixin.py:188} INFO - [2026-01-29T03:46:30.692+0000] {dagbag.py:545} INFO - Filling up the DagBag from /home/airflow/.local/lib/python3.12/site-packages/airflow/example_dags/tutorial_objectstorage.py
[2026-01-29T03:46:30.699+0000] {processor.py:840} INFO - DAG(s) 'tutorial_objectstorage' retrieved from /home/airflow/.local/lib/python3.12/site-packages/airflow/example_dags/tutorial_objectstorage.py
[2026-01-29T03:46:30.718+0000] {logging_mixin.py:188} INFO - [2026-01-29T03:46:30.718+0000] {dag.py:3089} INFO - Sync 1 DAGs
[2026-01-29T03:46:30.731+0000] {logging_mixin.py:188} INFO - [2026-01-29T03:46:30.731+0000] {dag.py:3947} INFO - Setting next_dagrun for tutorial_objectstorage to None, run_after=None
[2026-01-29T03:46:30.751+0000] {processor.py:183} INFO - Processing /home/airflow/.local/lib/python3.12/site-packages/airflow/example_dags/tutorial_objectstorage.py took 0.067 seconds
[2026-01-29T03:47:01.416+0000] {processor.py:161} INFO - Started process (PID=89890) to work on /home/airflow/.local/lib/python3.12/site-packages/airflow/example_dags/tutorial_objectstorage.py
[2026-01-29T03:47:01.417+0000] {processor.py:830} INFO - Processing file /home/airflow/.local/lib/python3.12/site-packages/airflow/example_dags/tutorial_objectstorage.py for tasks to queue
[2026-01-29T03:47:01.420+0000] {logging_mixin.py:188} INFO - [2026-01-29T03:47:01.419+0000] {dagbag.py:545} INFO - Filling up the DagBag from /home/airflow/.local/lib/python3.12/site-packages/airflow/example_dags/tutorial_objectstorage.py
[2026-01-29T03:47:01.430+0000] {processor.py:840} INFO - DAG(s) 'tutorial_objectstorage' retrieved from /home/airflow/.local/lib/python3.12/site-packages/airflow/example_dags/tutorial_objectstorage.py
[2026-01-29T03:47:01.455+0000] {logging_mixin.py:188} INFO - [2026-01-29T03:47:01.454+0000] {dag.py:3089} INFO - Sync 1 DAGs
[2026-01-29T03:47:01.470+0000] {logging_mixin.py:188} INFO - [2026-01-29T03:47:01.470+0000] {dag.py:3947} INFO - Setting next_dagrun for tutorial_objectstorage to None, run_after=None
[2026-01-29T03:47:01.491+0000] {processor.py:183} INFO - Processing /home/airflow/.local/lib/python3.12/site-packages/airflow/example_dags/tutorial_objectstorage.py took 0.085 seconds
[2026-01-29T03:47:32.258+0000] {processor.py:161} INFO - Started process (PID=89949) to work on /home/airflow/.local/lib/python3.12/site-packages/airflow/example_dags/tutorial_objectstorage.py
[2026-01-29T03:47:32.259+0000] {processor.py:830} INFO - Processing file /home/airflow/.local/lib/python3.12/site-packages/airflow/example_dags/tutorial_objectstorage.py for tasks to queue
[2026-01-29T03:47:32.261+0000] {logging_mixin.py:188} INFO - [2026-01-29T03:47:32.260+0000] {dagbag.py:545} INFO - Filling up the DagBag from /home/airflow/.local/lib/python3.12/site-packages/airflow/example_dags/tutorial_objectstorage.py
[2026-01-29T03:47:32.267+0000] {processor.py:840} INFO - DAG(s) 'tutorial_objectstorage' retrieved from /home/airflow/.local/lib/python3.12/site-packages/airflow/example_dags/tutorial_objectstorage.py
[2026-01-29T03:47:32.287+0000] {logging_mixin.py:188} INFO - [2026-01-29T03:47:32.287+0000] {dag.py:3089} INFO - Sync 1 DAGs
[2026-01-29T03:47:32.301+0000] {logging_mixin.py:188} INFO - [2026-01-29T03:47:32.301+0000] {dag.py:3947} INFO - Setting next_dagrun for tutorial_objectstorage to None, run_after=None
[2026-01-29T03:47:32.321+0000] {processor.py:183} INFO - Processing /home/airflow/.local/lib/python3.12/site-packages/airflow/example_dags/tutorial_objectstorage.py took 0.068 seconds
[2026-01-29T03:48:03.215+0000] {processor.py:161} INFO - Started process (PID=90013) to work on /home/airflow/.local/lib/python3.12/site-packages/airflow/example_dags/tutorial_objectstorage.py
[2026-01-29T03:48:03.216+0000] {processor.py:830} INFO - Processing file /home/airflow/.local/lib/python3.12/site-packages/airflow/example_dags/tutorial_objectstorage.py for tasks to queue
[2026-01-29T03:48:03.218+0000] {logging_mixin.py:188} INFO - [2026-01-29T03:48:03.218+0000] {dagbag.py:545} INFO - Filling up the DagBag from /home/airflow/.local/lib/python3.12/site-packages/airflow/example_dags/tutorial_objectstorage.py
[2026-01-29T03:48:03.225+0000] {processor.py:840} INFO - DAG(s) 'tutorial_objectstorage' retrieved from /home/airflow/.local/lib/python3.12/site-packages/airflow/example_dags/tutorial_objectstorage.py
[2026-01-29T03:48:03.245+0000] {logging_mixin.py:188} INFO - [2026-01-29T03:48:03.244+0000] {dag.py:3089} INFO - Sync 1 DAGs
[2026-01-29T03:48:03.258+0000] {logging_mixin.py:188} INFO - [2026-01-29T03:48:03.258+0000] {dag.py:3947} INFO - Setting next_dagrun for tutorial_objectstorage to None, run_after=None
[2026-01-29T03:48:03.279+0000] {processor.py:183} INFO - Processing /home/airflow/.local/lib/python3.12/site-packages/airflow/example_dags/tutorial_objectstorage.py took 0.070 seconds
[2026-01-29T03:48:34.013+0000] {processor.py:161} INFO - Started process (PID=90072) to work on /home/airflow/.local/lib/python3.12/site-packages/airflow/example_dags/tutorial_objectstorage.py
[2026-01-29T03:48:34.014+0000] {processor.py:830} INFO - Processing file /home/airflow/.local/lib/python3.12/site-packages/airflow/example_dags/tutorial_objectstorage.py for tasks to queue
[2026-01-29T03:48:34.015+0000] {logging_mixin.py:188} INFO - [2026-01-29T03:48:34.015+0000] {dagbag.py:545} INFO - Filling up the DagBag from /home/airflow/.local/lib/python3.12/site-packages/airflow/example_dags/tutorial_objectstorage.py
[2026-01-29T03:48:34.022+0000] {processor.py:840} INFO - DAG(s) 'tutorial_objectstorage' retrieved from /home/airflow/.local/lib/python3.12/site-packages/airflow/example_dags/tutorial_objectstorage.py
[2026-01-29T03:48:34.041+0000] {logging_mixin.py:188} INFO - [2026-01-29T03:48:34.041+0000] {dag.py:3089} INFO - Sync 1 DAGs
[2026-01-29T03:48:34.055+0000] {logging_mixin.py:188} INFO - [2026-01-29T03:48:34.055+0000] {dag.py:3947} INFO - Setting next_dagrun for tutorial_objectstorage to None, run_after=None
[2026-01-29T03:48:34.075+0000] {processor.py:183} INFO - Processing /home/airflow/.local/lib/python3.12/site-packages/airflow/example_dags/tutorial_objectstorage.py took 0.068 seconds
[2026-01-29T03:49:04.744+0000] {processor.py:161} INFO - Started process (PID=90136) to work on /home/airflow/.local/lib/python3.12/site-packages/airflow/example_dags/tutorial_objectstorage.py
[2026-01-29T03:49:04.745+0000] {processor.py:830} INFO - Processing file /home/airflow/.local/lib/python3.12/site-packages/airflow/example_dags/tutorial_objectstorage.py for tasks to queue
[2026-01-29T03:49:04.747+0000] {logging_mixin.py:188} INFO - [2026-01-29T03:49:04.747+0000] {dagbag.py:545} INFO - Filling up the DagBag from /home/airflow/.local/lib/python3.12/site-packages/airflow/example_dags/tutorial_objectstorage.py
[2026-01-29T03:49:04.755+0000] {processor.py:840} INFO - DAG(s) 'tutorial_objectstorage' retrieved from /home/airflow/.local/lib/python3.12/site-packages/airflow/example_dags/tutorial_objectstorage.py
[2026-01-29T03:49:04.776+0000] {logging_mixin.py:188} INFO - [2026-01-29T03:49:04.775+0000] {dag.py:3089} INFO - Sync 1 DAGs
[2026-01-29T03:49:04.790+0000] {logging_mixin.py:188} INFO - [2026-01-29T03:49:04.789+0000] {dag.py:3947} INFO - Setting next_dagrun for tutorial_objectstorage to None, run_after=None
[2026-01-29T03:49:04.810+0000] {processor.py:183} INFO - Processing /home/airflow/.local/lib/python3.12/site-packages/airflow/example_dags/tutorial_objectstorage.py took 0.072 seconds
[2026-01-29T03:49:35.536+0000] {processor.py:161} INFO - Started process (PID=90195) to work on /home/airflow/.local/lib/python3.12/site-packages/airflow/example_dags/tutorial_objectstorage.py
[2026-01-29T03:49:35.537+0000] {processor.py:830} INFO - Processing file /home/airflow/.local/lib/python3.12/site-packages/airflow/example_dags/tutorial_objectstorage.py for tasks to queue
[2026-01-29T03:49:35.539+0000] {logging_mixin.py:188} INFO - [2026-01-29T03:49:35.538+0000] {dagbag.py:545} INFO - Filling up the DagBag from /home/airflow/.local/lib/python3.12/site-packages/airflow/example_dags/tutorial_objectstorage.py
[2026-01-29T03:49:35.547+0000] {processor.py:840} INFO - DAG(s) 'tutorial_objectstorage' retrieved from /home/airflow/.local/lib/python3.12/site-packages/airflow/example_dags/tutorial_objectstorage.py
[2026-01-29T03:49:35.567+0000] {logging_mixin.py:188} INFO - [2026-01-29T03:49:35.566+0000] {dag.py:3089} INFO - Sync 1 DAGs
[2026-01-29T03:49:35.580+0000] {logging_mixin.py:188} INFO - [2026-01-29T03:49:35.580+0000] {dag.py:3947} INFO - Setting next_dagrun for tutorial_objectstorage to None, run_after=None
[2026-01-29T03:49:35.600+0000] {processor.py:183} INFO - Processing /home/airflow/.local/lib/python3.12/site-packages/airflow/example_dags/tutorial_objectstorage.py took 0.071 seconds
[2026-01-29T03:50:06.301+0000] {processor.py:161} INFO - Started process (PID=90259) to work on /home/airflow/.local/lib/python3.12/site-packages/airflow/example_dags/tutorial_objectstorage.py
[2026-01-29T03:50:06.302+0000] {processor.py:830} INFO - Processing file /home/airflow/.local/lib/python3.12/site-packages/airflow/example_dags/tutorial_objectstorage.py for tasks to queue
[2026-01-29T03:50:06.304+0000] {logging_mixin.py:188} INFO - [2026-01-29T03:50:06.304+0000] {dagbag.py:545} INFO - Filling up the DagBag from /home/airflow/.local/lib/python3.12/site-packages/airflow/example_dags/tutorial_objectstorage.py
[2026-01-29T03:50:06.312+0000] {processor.py:840} INFO - DAG(s) 'tutorial_objectstorage' retrieved from /home/airflow/.local/lib/python3.12/site-packages/airflow/example_dags/tutorial_objectstorage.py
[2026-01-29T03:50:06.332+0000] {logging_mixin.py:188} INFO - [2026-01-29T03:50:06.332+0000] {dag.py:3089} INFO - Sync 1 DAGs
[2026-01-29T03:50:06.346+0000] {logging_mixin.py:188} INFO - [2026-01-29T03:50:06.346+0000] {dag.py:3947} INFO - Setting next_dagrun for tutorial_objectstorage to None, run_after=None
[2026-01-29T03:50:06.366+0000] {processor.py:183} INFO - Processing /home/airflow/.local/lib/python3.12/site-packages/airflow/example_dags/tutorial_objectstorage.py took 0.072 seconds
[2026-01-29T03:50:36.547+0000] {processor.py:161} INFO - Started process (PID=90318) to work on /home/airflow/.local/lib/python3.12/site-packages/airflow/example_dags/tutorial_objectstorage.py
[2026-01-29T03:50:36.548+0000] {processor.py:830} INFO - Processing file /home/airflow/.local/lib/python3.12/site-packages/airflow/example_dags/tutorial_objectstorage.py for tasks to queue
[2026-01-29T03:50:36.550+0000] {logging_mixin.py:188} INFO - [2026-01-29T03:50:36.550+0000] {dagbag.py:545} INFO - Filling up the DagBag from /home/airflow/.local/lib/python3.12/site-packages/airflow/example_dags/tutorial_objectstorage.py
[2026-01-29T03:50:36.557+0000] {processor.py:840} INFO - DAG(s) 'tutorial_objectstorage' retrieved from /home/airflow/.local/lib/python3.12/site-packages/airflow/example_dags/tutorial_objectstorage.py
[2026-01-29T03:50:36.576+0000] {logging_mixin.py:188} INFO - [2026-01-29T03:50:36.576+0000] {dag.py:3089} INFO - Sync 1 DAGs
[2026-01-29T03:50:36.590+0000] {logging_mixin.py:188} INFO - [2026-01-29T03:50:36.590+0000] {dag.py:3947} INFO - Setting next_dagrun for tutorial_objectstorage to None, run_after=None
[2026-01-29T03:50:36.611+0000] {processor.py:183} INFO - Processing /home/airflow/.local/lib/python3.12/site-packages/airflow/example_dags/tutorial_objectstorage.py took 0.070 seconds
[2026-01-29T03:51:06.829+0000] {processor.py:161} INFO - Started process (PID=90382) to work on /home/airflow/.local/lib/python3.12/site-packages/airflow/example_dags/tutorial_objectstorage.py
[2026-01-29T03:51:06.830+0000] {processor.py:830} INFO - Processing file /home/airflow/.local/lib/python3.12/site-packages/airflow/example_dags/tutorial_objectstorage.py for tasks to queue
[2026-01-29T03:51:06.832+0000] {logging_mixin.py:188} INFO - [2026-01-29T03:51:06.831+0000] {dagbag.py:545} INFO - Filling up the DagBag from /home/airflow/.local/lib/python3.12/site-packages/airflow/example_dags/tutorial_objectstorage.py
[2026-01-29T03:51:06.840+0000] {processor.py:840} INFO - DAG(s) 'tutorial_objectstorage' retrieved from /home/airflow/.local/lib/python3.12/site-packages/airflow/example_dags/tutorial_objectstorage.py
[2026-01-29T03:51:06.860+0000] {logging_mixin.py:188} INFO - [2026-01-29T03:51:06.859+0000] {dag.py:3089} INFO - Sync 1 DAGs
[2026-01-29T03:51:06.873+0000] {logging_mixin.py:188} INFO - [2026-01-29T03:51:06.873+0000] {dag.py:3947} INFO - Setting next_dagrun for tutorial_objectstorage to None, run_after=None
[2026-01-29T03:51:06.893+0000] {processor.py:183} INFO - Processing /home/airflow/.local/lib/python3.12/site-packages/airflow/example_dags/tutorial_objectstorage.py took 0.070 seconds
[2026-01-29T03:51:37.631+0000] {processor.py:161} INFO - Started process (PID=90441) to work on /home/airflow/.local/lib/python3.12/site-packages/airflow/example_dags/tutorial_objectstorage.py
[2026-01-29T03:51:37.632+0000] {processor.py:830} INFO - Processing file /home/airflow/.local/lib/python3.12/site-packages/airflow/example_dags/tutorial_objectstorage.py for tasks to queue
[2026-01-29T03:51:37.633+0000] {logging_mixin.py:188} INFO - [2026-01-29T03:51:37.633+0000] {dagbag.py:545} INFO - Filling up the DagBag from /home/airflow/.local/lib/python3.12/site-packages/airflow/example_dags/tutorial_objectstorage.py
[2026-01-29T03:51:37.640+0000] {processor.py:840} INFO - DAG(s) 'tutorial_objectstorage' retrieved from /home/airflow/.local/lib/python3.12/site-packages/airflow/example_dags/tutorial_objectstorage.py
[2026-01-29T03:51:37.659+0000] {logging_mixin.py:188} INFO - [2026-01-29T03:51:37.659+0000] {dag.py:3089} INFO - Sync 1 DAGs
[2026-01-29T03:51:37.673+0000] {logging_mixin.py:188} INFO - [2026-01-29T03:51:37.672+0000] {dag.py:3947} INFO - Setting next_dagrun for tutorial_objectstorage to None, run_after=None
[2026-01-29T03:51:37.693+0000] {processor.py:183} INFO - Processing /home/airflow/.local/lib/python3.12/site-packages/airflow/example_dags/tutorial_objectstorage.py took 0.068 seconds
[2026-01-29T03:52:07.960+0000] {processor.py:161} INFO - Started process (PID=90505) to work on /home/airflow/.local/lib/python3.12/site-packages/airflow/example_dags/tutorial_objectstorage.py
[2026-01-29T03:52:07.961+0000] {processor.py:830} INFO - Processing file /home/airflow/.local/lib/python3.12/site-packages/airflow/example_dags/tutorial_objectstorage.py for tasks to queue
[2026-01-29T03:52:07.963+0000] {logging_mixin.py:188} INFO - [2026-01-29T03:52:07.963+0000] {dagbag.py:545} INFO - Filling up the DagBag from /home/airflow/.local/lib/python3.12/site-packages/airflow/example_dags/tutorial_objectstorage.py
[2026-01-29T03:52:07.971+0000] {processor.py:840} INFO - DAG(s) 'tutorial_objectstorage' retrieved from /home/airflow/.local/lib/python3.12/site-packages/airflow/example_dags/tutorial_objectstorage.py
[2026-01-29T03:52:07.991+0000] {logging_mixin.py:188} INFO - [2026-01-29T03:52:07.990+0000] {dag.py:3089} INFO - Sync 1 DAGs
[2026-01-29T03:52:08.004+0000] {logging_mixin.py:188} INFO - [2026-01-29T03:52:08.004+0000] {dag.py:3947} INFO - Setting next_dagrun for tutorial_objectstorage to None, run_after=None
[2026-01-29T03:52:08.024+0000] {processor.py:183} INFO - Processing /home/airflow/.local/lib/python3.12/site-packages/airflow/example_dags/tutorial_objectstorage.py took 0.070 seconds
[2026-01-29T03:52:38.184+0000] {processor.py:161} INFO - Started process (PID=90564) to work on /home/airflow/.local/lib/python3.12/site-packages/airflow/example_dags/tutorial_objectstorage.py
[2026-01-29T03:52:38.185+0000] {processor.py:830} INFO - Processing file /home/airflow/.local/lib/python3.12/site-packages/airflow/example_dags/tutorial_objectstorage.py for tasks to queue
[2026-01-29T03:52:38.187+0000] {logging_mixin.py:188} INFO - [2026-01-29T03:52:38.187+0000] {dagbag.py:545} INFO - Filling up the DagBag from /home/airflow/.local/lib/python3.12/site-packages/airflow/example_dags/tutorial_objectstorage.py
[2026-01-29T03:52:38.195+0000] {processor.py:840} INFO - DAG(s) 'tutorial_objectstorage' retrieved from /home/airflow/.local/lib/python3.12/site-packages/airflow/example_dags/tutorial_objectstorage.py
[2026-01-29T03:52:38.215+0000] {logging_mixin.py:188} INFO - [2026-01-29T03:52:38.215+0000] {dag.py:3089} INFO - Sync 1 DAGs
[2026-01-29T03:52:38.230+0000] {logging_mixin.py:188} INFO - [2026-01-29T03:52:38.230+0000] {dag.py:3947} INFO - Setting next_dagrun for tutorial_objectstorage to None, run_after=None
[2026-01-29T03:52:38.251+0000] {processor.py:183} INFO - Processing /home/airflow/.local/lib/python3.12/site-packages/airflow/example_dags/tutorial_objectstorage.py took 0.073 seconds
[2026-01-29T03:53:08.330+0000] {processor.py:161} INFO - Started process (PID=90628) to work on /home/airflow/.local/lib/python3.12/site-packages/airflow/example_dags/tutorial_objectstorage.py
[2026-01-29T03:53:08.330+0000] {processor.py:830} INFO - Processing file /home/airflow/.local/lib/python3.12/site-packages/airflow/example_dags/tutorial_objectstorage.py for tasks to queue
[2026-01-29T03:53:08.332+0000] {logging_mixin.py:188} INFO - [2026-01-29T03:53:08.332+0000] {dagbag.py:545} INFO - Filling up the DagBag from /home/airflow/.local/lib/python3.12/site-packages/airflow/example_dags/tutorial_objectstorage.py
[2026-01-29T03:53:08.339+0000] {processor.py:840} INFO - DAG(s) 'tutorial_objectstorage' retrieved from /home/airflow/.local/lib/python3.12/site-packages/airflow/example_dags/tutorial_objectstorage.py
[2026-01-29T03:53:08.357+0000] {logging_mixin.py:188} INFO - [2026-01-29T03:53:08.357+0000] {dag.py:3089} INFO - Sync 1 DAGs
[2026-01-29T03:53:08.371+0000] {logging_mixin.py:188} INFO - [2026-01-29T03:53:08.370+0000] {dag.py:3947} INFO - Setting next_dagrun for tutorial_objectstorage to None, run_after=None
[2026-01-29T03:53:08.390+0000] {processor.py:183} INFO - Processing /home/airflow/.local/lib/python3.12/site-packages/airflow/example_dags/tutorial_objectstorage.py took 0.066 seconds
[2026-01-29T03:53:38.589+0000] {processor.py:161} INFO - Started process (PID=90687) to work on /home/airflow/.local/lib/python3.12/site-packages/airflow/example_dags/tutorial_objectstorage.py
[2026-01-29T03:53:38.591+0000] {processor.py:830} INFO - Processing file /home/airflow/.local/lib/python3.12/site-packages/airflow/example_dags/tutorial_objectstorage.py for tasks to queue
[2026-01-29T03:53:38.592+0000] {logging_mixin.py:188} INFO - [2026-01-29T03:53:38.592+0000] {dagbag.py:545} INFO - Filling up the DagBag from /home/airflow/.local/lib/python3.12/site-packages/airflow/example_dags/tutorial_objectstorage.py
[2026-01-29T03:53:38.601+0000] {processor.py:840} INFO - DAG(s) 'tutorial_objectstorage' retrieved from /home/airflow/.local/lib/python3.12/site-packages/airflow/example_dags/tutorial_objectstorage.py
[2026-01-29T03:53:38.623+0000] {logging_mixin.py:188} INFO - [2026-01-29T03:53:38.622+0000] {dag.py:3089} INFO - Sync 1 DAGs
[2026-01-29T03:53:38.638+0000] {logging_mixin.py:188} INFO - [2026-01-29T03:53:38.638+0000] {dag.py:3947} INFO - Setting next_dagrun for tutorial_objectstorage to None, run_after=None
[2026-01-29T03:53:38.659+0000] {processor.py:183} INFO - Processing /home/airflow/.local/lib/python3.12/site-packages/airflow/example_dags/tutorial_objectstorage.py took 0.078 seconds
[2026-01-29T03:54:08.989+0000] {processor.py:161} INFO - Started process (PID=90751) to work on /home/airflow/.local/lib/python3.12/site-packages/airflow/example_dags/tutorial_objectstorage.py
[2026-01-29T03:54:08.989+0000] {processor.py:830} INFO - Processing file /home/airflow/.local/lib/python3.12/site-packages/airflow/example_dags/tutorial_objectstorage.py for tasks to queue
[2026-01-29T03:54:08.991+0000] {logging_mixin.py:188} INFO - [2026-01-29T03:54:08.991+0000] {dagbag.py:545} INFO - Filling up the DagBag from /home/airflow/.local/lib/python3.12/site-packages/airflow/example_dags/tutorial_objectstorage.py
[2026-01-29T03:54:08.998+0000] {processor.py:840} INFO - DAG(s) 'tutorial_objectstorage' retrieved from /home/airflow/.local/lib/python3.12/site-packages/airflow/example_dags/tutorial_objectstorage.py
[2026-01-29T03:54:09.018+0000] {logging_mixin.py:188} INFO - [2026-01-29T03:54:09.018+0000] {dag.py:3089} INFO - Sync 1 DAGs
[2026-01-29T03:54:09.032+0000] {logging_mixin.py:188} INFO - [2026-01-29T03:54:09.032+0000] {dag.py:3947} INFO - Setting next_dagrun for tutorial_objectstorage to None, run_after=None
[2026-01-29T03:54:09.053+0000] {processor.py:183} INFO - Processing /home/airflow/.local/lib/python3.12/site-packages/airflow/example_dags/tutorial_objectstorage.py took 0.070 seconds
[2026-01-29T03:54:39.277+0000] {processor.py:161} INFO - Started process (PID=90810) to work on /home/airflow/.local/lib/python3.12/site-packages/airflow/example_dags/tutorial_objectstorage.py
[2026-01-29T03:54:39.278+0000] {processor.py:830} INFO - Processing file /home/airflow/.local/lib/python3.12/site-packages/airflow/example_dags/tutorial_objectstorage.py for tasks to queue
[2026-01-29T03:54:39.280+0000] {logging_mixin.py:188} INFO - [2026-01-29T03:54:39.279+0000] {dagbag.py:545} INFO - Filling up the DagBag from /home/airflow/.local/lib/python3.12/site-packages/airflow/example_dags/tutorial_objectstorage.py
[2026-01-29T03:54:39.288+0000] {processor.py:840} INFO - DAG(s) 'tutorial_objectstorage' retrieved from /home/airflow/.local/lib/python3.12/site-packages/airflow/example_dags/tutorial_objectstorage.py
[2026-01-29T03:54:39.308+0000] {logging_mixin.py:188} INFO - [2026-01-29T03:54:39.308+0000] {dag.py:3089} INFO - Sync 1 DAGs
[2026-01-29T03:54:39.321+0000] {logging_mixin.py:188} INFO - [2026-01-29T03:54:39.321+0000] {dag.py:3947} INFO - Setting next_dagrun for tutorial_objectstorage to None, run_after=None
[2026-01-29T03:54:39.341+0000] {processor.py:183} INFO - Processing /home/airflow/.local/lib/python3.12/site-packages/airflow/example_dags/tutorial_objectstorage.py took 0.072 seconds
[2026-01-29T03:55:09.502+0000] {processor.py:161} INFO - Started process (PID=90874) to work on /home/airflow/.local/lib/python3.12/site-packages/airflow/example_dags/tutorial_objectstorage.py
[2026-01-29T03:55:09.503+0000] {processor.py:830} INFO - Processing file /home/airflow/.local/lib/python3.12/site-packages/airflow/example_dags/tutorial_objectstorage.py for tasks to queue
[2026-01-29T03:55:09.504+0000] {logging_mixin.py:188} INFO - [2026-01-29T03:55:09.504+0000] {dagbag.py:545} INFO - Filling up the DagBag from /home/airflow/.local/lib/python3.12/site-packages/airflow/example_dags/tutorial_objectstorage.py
[2026-01-29T03:55:09.511+0000] {processor.py:840} INFO - DAG(s) 'tutorial_objectstorage' retrieved from /home/airflow/.local/lib/python3.12/site-packages/airflow/example_dags/tutorial_objectstorage.py
[2026-01-29T03:55:09.529+0000] {logging_mixin.py:188} INFO - [2026-01-29T03:55:09.529+0000] {dag.py:3089} INFO - Sync 1 DAGs
[2026-01-29T03:55:09.542+0000] {logging_mixin.py:188} INFO - [2026-01-29T03:55:09.542+0000] {dag.py:3947} INFO - Setting next_dagrun for tutorial_objectstorage to None, run_after=None
[2026-01-29T03:55:09.562+0000] {processor.py:183} INFO - Processing /home/airflow/.local/lib/python3.12/site-packages/airflow/example_dags/tutorial_objectstorage.py took 0.066 seconds
[2026-01-29T03:55:39.882+0000] {processor.py:161} INFO - Started process (PID=90933) to work on /home/airflow/.local/lib/python3.12/site-packages/airflow/example_dags/tutorial_objectstorage.py
[2026-01-29T03:55:39.883+0000] {processor.py:830} INFO - Processing file /home/airflow/.local/lib/python3.12/site-packages/airflow/example_dags/tutorial_objectstorage.py for tasks to queue
[2026-01-29T03:55:39.884+0000] {logging_mixin.py:188} INFO - [2026-01-29T03:55:39.884+0000] {dagbag.py:545} INFO - Filling up the DagBag from /home/airflow/.local/lib/python3.12/site-packages/airflow/example_dags/tutorial_objectstorage.py
[2026-01-29T03:55:39.891+0000] {processor.py:840} INFO - DAG(s) 'tutorial_objectstorage' retrieved from /home/airflow/.local/lib/python3.12/site-packages/airflow/example_dags/tutorial_objectstorage.py
[2026-01-29T03:55:39.912+0000] {logging_mixin.py:188} INFO - [2026-01-29T03:55:39.912+0000] {dag.py:3089} INFO - Sync 1 DAGs
[2026-01-29T03:55:39.926+0000] {logging_mixin.py:188} INFO - [2026-01-29T03:55:39.926+0000] {dag.py:3947} INFO - Setting next_dagrun for tutorial_objectstorage to None, run_after=None
[2026-01-29T03:55:39.947+0000] {processor.py:183} INFO - Processing /home/airflow/.local/lib/python3.12/site-packages/airflow/example_dags/tutorial_objectstorage.py took 0.071 seconds
[2026-01-29T03:56:10.725+0000] {processor.py:161} INFO - Started process (PID=90995) to work on /home/airflow/.local/lib/python3.12/site-packages/airflow/example_dags/tutorial_objectstorage.py
[2026-01-29T03:56:10.726+0000] {processor.py:830} INFO - Processing file /home/airflow/.local/lib/python3.12/site-packages/airflow/example_dags/tutorial_objectstorage.py for tasks to queue
[2026-01-29T03:56:10.728+0000] {logging_mixin.py:188} INFO - [2026-01-29T03:56:10.727+0000] {dagbag.py:545} INFO - Filling up the DagBag from /home/airflow/.local/lib/python3.12/site-packages/airflow/example_dags/tutorial_objectstorage.py
[2026-01-29T03:56:10.736+0000] {processor.py:840} INFO - DAG(s) 'tutorial_objectstorage' retrieved from /home/airflow/.local/lib/python3.12/site-packages/airflow/example_dags/tutorial_objectstorage.py
[2026-01-29T03:56:10.756+0000] {logging_mixin.py:188} INFO - [2026-01-29T03:56:10.756+0000] {dag.py:3089} INFO - Sync 1 DAGs
[2026-01-29T03:56:10.771+0000] {logging_mixin.py:188} INFO - [2026-01-29T03:56:10.770+0000] {dag.py:3947} INFO - Setting next_dagrun for tutorial_objectstorage to None, run_after=None
[2026-01-29T03:56:10.790+0000] {processor.py:183} INFO - Processing /home/airflow/.local/lib/python3.12/site-packages/airflow/example_dags/tutorial_objectstorage.py took 0.073 seconds
[2026-01-29T03:56:41.142+0000] {processor.py:161} INFO - Started process (PID=91054) to work on /home/airflow/.local/lib/python3.12/site-packages/airflow/example_dags/tutorial_objectstorage.py
[2026-01-29T03:56:41.143+0000] {processor.py:830} INFO - Processing file /home/airflow/.local/lib/python3.12/site-packages/airflow/example_dags/tutorial_objectstorage.py for tasks to queue
[2026-01-29T03:56:41.145+0000] {logging_mixin.py:188} INFO - [2026-01-29T03:56:41.145+0000] {dagbag.py:545} INFO - Filling up the DagBag from /home/airflow/.local/lib/python3.12/site-packages/airflow/example_dags/tutorial_objectstorage.py
[2026-01-29T03:56:41.152+0000] {processor.py:840} INFO - DAG(s) 'tutorial_objectstorage' retrieved from /home/airflow/.local/lib/python3.12/site-packages/airflow/example_dags/tutorial_objectstorage.py
[2026-01-29T03:56:41.173+0000] {logging_mixin.py:188} INFO - [2026-01-29T03:56:41.173+0000] {dag.py:3089} INFO - Sync 1 DAGs
[2026-01-29T03:56:41.186+0000] {logging_mixin.py:188} INFO - [2026-01-29T03:56:41.186+0000] {dag.py:3947} INFO - Setting next_dagrun for tutorial_objectstorage to None, run_after=None
[2026-01-29T03:56:41.207+0000] {processor.py:183} INFO - Processing /home/airflow/.local/lib/python3.12/site-packages/airflow/example_dags/tutorial_objectstorage.py took 0.070 seconds
[2026-01-29T03:57:11.905+0000] {processor.py:161} INFO - Started process (PID=91118) to work on /home/airflow/.local/lib/python3.12/site-packages/airflow/example_dags/tutorial_objectstorage.py
[2026-01-29T03:57:11.906+0000] {processor.py:830} INFO - Processing file /home/airflow/.local/lib/python3.12/site-packages/airflow/example_dags/tutorial_objectstorage.py for tasks to queue
[2026-01-29T03:57:11.908+0000] {logging_mixin.py:188} INFO - [2026-01-29T03:57:11.907+0000] {dagbag.py:545} INFO - Filling up the DagBag from /home/airflow/.local/lib/python3.12/site-packages/airflow/example_dags/tutorial_objectstorage.py
[2026-01-29T03:57:11.916+0000] {processor.py:840} INFO - DAG(s) 'tutorial_objectstorage' retrieved from /home/airflow/.local/lib/python3.12/site-packages/airflow/example_dags/tutorial_objectstorage.py
[2026-01-29T03:57:11.936+0000] {logging_mixin.py:188} INFO - [2026-01-29T03:57:11.936+0000] {dag.py:3089} INFO - Sync 1 DAGs
[2026-01-29T03:57:11.949+0000] {logging_mixin.py:188} INFO - [2026-01-29T03:57:11.949+0000] {dag.py:3947} INFO - Setting next_dagrun for tutorial_objectstorage to None, run_after=None
[2026-01-29T03:57:11.969+0000] {processor.py:183} INFO - Processing /home/airflow/.local/lib/python3.12/site-packages/airflow/example_dags/tutorial_objectstorage.py took 0.072 seconds
[2026-01-29T03:57:42.823+0000] {processor.py:161} INFO - Started process (PID=91177) to work on /home/airflow/.local/lib/python3.12/site-packages/airflow/example_dags/tutorial_objectstorage.py
[2026-01-29T03:57:42.824+0000] {processor.py:830} INFO - Processing file /home/airflow/.local/lib/python3.12/site-packages/airflow/example_dags/tutorial_objectstorage.py for tasks to queue
[2026-01-29T03:57:42.826+0000] {logging_mixin.py:188} INFO - [2026-01-29T03:57:42.826+0000] {dagbag.py:545} INFO - Filling up the DagBag from /home/airflow/.local/lib/python3.12/site-packages/airflow/example_dags/tutorial_objectstorage.py
[2026-01-29T03:57:42.833+0000] {processor.py:840} INFO - DAG(s) 'tutorial_objectstorage' retrieved from /home/airflow/.local/lib/python3.12/site-packages/airflow/example_dags/tutorial_objectstorage.py
[2026-01-29T03:57:42.852+0000] {logging_mixin.py:188} INFO - [2026-01-29T03:57:42.852+0000] {dag.py:3089} INFO - Sync 1 DAGs
[2026-01-29T03:57:42.866+0000] {logging_mixin.py:188} INFO - [2026-01-29T03:57:42.865+0000] {dag.py:3947} INFO - Setting next_dagrun for tutorial_objectstorage to None, run_after=None
[2026-01-29T03:57:42.885+0000] {processor.py:183} INFO - Processing /home/airflow/.local/lib/python3.12/site-packages/airflow/example_dags/tutorial_objectstorage.py took 0.070 seconds
[2026-01-29T03:58:13.014+0000] {processor.py:161} INFO - Started process (PID=91241) to work on /home/airflow/.local/lib/python3.12/site-packages/airflow/example_dags/tutorial_objectstorage.py
[2026-01-29T03:58:13.015+0000] {processor.py:830} INFO - Processing file /home/airflow/.local/lib/python3.12/site-packages/airflow/example_dags/tutorial_objectstorage.py for tasks to queue
[2026-01-29T03:58:13.017+0000] {logging_mixin.py:188} INFO - [2026-01-29T03:58:13.016+0000] {dagbag.py:545} INFO - Filling up the DagBag from /home/airflow/.local/lib/python3.12/site-packages/airflow/example_dags/tutorial_objectstorage.py
[2026-01-29T03:58:13.024+0000] {processor.py:840} INFO - DAG(s) 'tutorial_objectstorage' retrieved from /home/airflow/.local/lib/python3.12/site-packages/airflow/example_dags/tutorial_objectstorage.py
[2026-01-29T03:58:13.046+0000] {logging_mixin.py:188} INFO - [2026-01-29T03:58:13.046+0000] {dag.py:3089} INFO - Sync 1 DAGs
[2026-01-29T03:58:13.061+0000] {logging_mixin.py:188} INFO - [2026-01-29T03:58:13.061+0000] {dag.py:3947} INFO - Setting next_dagrun for tutorial_objectstorage to None, run_after=None
[2026-01-29T03:58:13.083+0000] {processor.py:183} INFO - Processing /home/airflow/.local/lib/python3.12/site-packages/airflow/example_dags/tutorial_objectstorage.py took 0.077 seconds
[2026-01-29T03:58:43.243+0000] {processor.py:161} INFO - Started process (PID=91300) to work on /home/airflow/.local/lib/python3.12/site-packages/airflow/example_dags/tutorial_objectstorage.py
[2026-01-29T03:58:43.244+0000] {processor.py:830} INFO - Processing file /home/airflow/.local/lib/python3.12/site-packages/airflow/example_dags/tutorial_objectstorage.py for tasks to queue
[2026-01-29T03:58:43.246+0000] {logging_mixin.py:188} INFO - [2026-01-29T03:58:43.246+0000] {dagbag.py:545} INFO - Filling up the DagBag from /home/airflow/.local/lib/python3.12/site-packages/airflow/example_dags/tutorial_objectstorage.py
[2026-01-29T03:58:43.255+0000] {processor.py:840} INFO - DAG(s) 'tutorial_objectstorage' retrieved from /home/airflow/.local/lib/python3.12/site-packages/airflow/example_dags/tutorial_objectstorage.py
[2026-01-29T03:58:43.276+0000] {logging_mixin.py:188} INFO - [2026-01-29T03:58:43.275+0000] {dag.py:3089} INFO - Sync 1 DAGs
[2026-01-29T03:58:43.290+0000] {logging_mixin.py:188} INFO - [2026-01-29T03:58:43.290+0000] {dag.py:3947} INFO - Setting next_dagrun for tutorial_objectstorage to None, run_after=None
[2026-01-29T03:58:43.311+0000] {processor.py:183} INFO - Processing /home/airflow/.local/lib/python3.12/site-packages/airflow/example_dags/tutorial_objectstorage.py took 0.074 seconds
[2026-01-29T03:59:13.414+0000] {processor.py:161} INFO - Started process (PID=91364) to work on /home/airflow/.local/lib/python3.12/site-packages/airflow/example_dags/tutorial_objectstorage.py
[2026-01-29T03:59:13.415+0000] {processor.py:830} INFO - Processing file /home/airflow/.local/lib/python3.12/site-packages/airflow/example_dags/tutorial_objectstorage.py for tasks to queue
[2026-01-29T03:59:13.417+0000] {logging_mixin.py:188} INFO - [2026-01-29T03:59:13.417+0000] {dagbag.py:545} INFO - Filling up the DagBag from /home/airflow/.local/lib/python3.12/site-packages/airflow/example_dags/tutorial_objectstorage.py
[2026-01-29T03:59:13.425+0000] {processor.py:840} INFO - DAG(s) 'tutorial_objectstorage' retrieved from /home/airflow/.local/lib/python3.12/site-packages/airflow/example_dags/tutorial_objectstorage.py
[2026-01-29T03:59:13.444+0000] {logging_mixin.py:188} INFO - [2026-01-29T03:59:13.444+0000] {dag.py:3089} INFO - Sync 1 DAGs
[2026-01-29T03:59:13.458+0000] {logging_mixin.py:188} INFO - [2026-01-29T03:59:13.457+0000] {dag.py:3947} INFO - Setting next_dagrun for tutorial_objectstorage to None, run_after=None
[2026-01-29T03:59:13.478+0000] {processor.py:183} INFO - Processing /home/airflow/.local/lib/python3.12/site-packages/airflow/example_dags/tutorial_objectstorage.py took 0.071 seconds
[2026-01-29T03:59:43.604+0000] {processor.py:161} INFO - Started process (PID=91423) to work on /home/airflow/.local/lib/python3.12/site-packages/airflow/example_dags/tutorial_objectstorage.py
[2026-01-29T03:59:43.605+0000] {processor.py:830} INFO - Processing file /home/airflow/.local/lib/python3.12/site-packages/airflow/example_dags/tutorial_objectstorage.py for tasks to queue
[2026-01-29T03:59:43.607+0000] {logging_mixin.py:188} INFO - [2026-01-29T03:59:43.607+0000] {dagbag.py:545} INFO - Filling up the DagBag from /home/airflow/.local/lib/python3.12/site-packages/airflow/example_dags/tutorial_objectstorage.py
[2026-01-29T03:59:43.614+0000] {processor.py:840} INFO - DAG(s) 'tutorial_objectstorage' retrieved from /home/airflow/.local/lib/python3.12/site-packages/airflow/example_dags/tutorial_objectstorage.py
[2026-01-29T03:59:43.632+0000] {logging_mixin.py:188} INFO - [2026-01-29T03:59:43.632+0000] {dag.py:3089} INFO - Sync 1 DAGs
[2026-01-29T03:59:43.646+0000] {logging_mixin.py:188} INFO - [2026-01-29T03:59:43.645+0000] {dag.py:3947} INFO - Setting next_dagrun for tutorial_objectstorage to None, run_after=None
[2026-01-29T03:59:43.665+0000] {processor.py:183} INFO - Processing /home/airflow/.local/lib/python3.12/site-packages/airflow/example_dags/tutorial_objectstorage.py took 0.066 seconds
[2026-01-29T04:00:14.451+0000] {processor.py:161} INFO - Started process (PID=91487) to work on /home/airflow/.local/lib/python3.12/site-packages/airflow/example_dags/tutorial_objectstorage.py
[2026-01-29T04:00:14.452+0000] {processor.py:830} INFO - Processing file /home/airflow/.local/lib/python3.12/site-packages/airflow/example_dags/tutorial_objectstorage.py for tasks to queue
[2026-01-29T04:00:14.453+0000] {logging_mixin.py:188} INFO - [2026-01-29T04:00:14.453+0000] {dagbag.py:545} INFO - Filling up the DagBag from /home/airflow/.local/lib/python3.12/site-packages/airflow/example_dags/tutorial_objectstorage.py
[2026-01-29T04:00:14.460+0000] {processor.py:840} INFO - DAG(s) 'tutorial_objectstorage' retrieved from /home/airflow/.local/lib/python3.12/site-packages/airflow/example_dags/tutorial_objectstorage.py
[2026-01-29T04:00:14.482+0000] {logging_mixin.py:188} INFO - [2026-01-29T04:00:14.482+0000] {dag.py:3089} INFO - Sync 1 DAGs
[2026-01-29T04:00:14.496+0000] {logging_mixin.py:188} INFO - [2026-01-29T04:00:14.496+0000] {dag.py:3947} INFO - Setting next_dagrun for tutorial_objectstorage to None, run_after=None
[2026-01-29T04:00:14.516+0000] {processor.py:183} INFO - Processing /home/airflow/.local/lib/python3.12/site-packages/airflow/example_dags/tutorial_objectstorage.py took 0.071 seconds
[2026-01-29T04:00:44.622+0000] {processor.py:161} INFO - Started process (PID=91546) to work on /home/airflow/.local/lib/python3.12/site-packages/airflow/example_dags/tutorial_objectstorage.py
[2026-01-29T04:00:44.623+0000] {processor.py:830} INFO - Processing file /home/airflow/.local/lib/python3.12/site-packages/airflow/example_dags/tutorial_objectstorage.py for tasks to queue
[2026-01-29T04:00:44.625+0000] {logging_mixin.py:188} INFO - [2026-01-29T04:00:44.625+0000] {dagbag.py:545} INFO - Filling up the DagBag from /home/airflow/.local/lib/python3.12/site-packages/airflow/example_dags/tutorial_objectstorage.py
[2026-01-29T04:00:44.633+0000] {processor.py:840} INFO - DAG(s) 'tutorial_objectstorage' retrieved from /home/airflow/.local/lib/python3.12/site-packages/airflow/example_dags/tutorial_objectstorage.py
[2026-01-29T04:00:44.652+0000] {logging_mixin.py:188} INFO - [2026-01-29T04:00:44.652+0000] {dag.py:3089} INFO - Sync 1 DAGs
[2026-01-29T04:00:44.665+0000] {logging_mixin.py:188} INFO - [2026-01-29T04:00:44.665+0000] {dag.py:3947} INFO - Setting next_dagrun for tutorial_objectstorage to None, run_after=None
[2026-01-29T04:00:44.686+0000] {processor.py:183} INFO - Processing /home/airflow/.local/lib/python3.12/site-packages/airflow/example_dags/tutorial_objectstorage.py took 0.071 seconds
[2026-01-29T04:01:14.787+0000] {processor.py:161} INFO - Started process (PID=91610) to work on /home/airflow/.local/lib/python3.12/site-packages/airflow/example_dags/tutorial_objectstorage.py
[2026-01-29T04:01:14.788+0000] {processor.py:830} INFO - Processing file /home/airflow/.local/lib/python3.12/site-packages/airflow/example_dags/tutorial_objectstorage.py for tasks to queue
[2026-01-29T04:01:14.790+0000] {logging_mixin.py:188} INFO - [2026-01-29T04:01:14.790+0000] {dagbag.py:545} INFO - Filling up the DagBag from /home/airflow/.local/lib/python3.12/site-packages/airflow/example_dags/tutorial_objectstorage.py
[2026-01-29T04:01:14.797+0000] {processor.py:840} INFO - DAG(s) 'tutorial_objectstorage' retrieved from /home/airflow/.local/lib/python3.12/site-packages/airflow/example_dags/tutorial_objectstorage.py
[2026-01-29T04:01:14.816+0000] {logging_mixin.py:188} INFO - [2026-01-29T04:01:14.816+0000] {dag.py:3089} INFO - Sync 1 DAGs
[2026-01-29T04:01:14.829+0000] {logging_mixin.py:188} INFO - [2026-01-29T04:01:14.829+0000] {dag.py:3947} INFO - Setting next_dagrun for tutorial_objectstorage to None, run_after=None
[2026-01-29T04:01:14.848+0000] {processor.py:183} INFO - Processing /home/airflow/.local/lib/python3.12/site-packages/airflow/example_dags/tutorial_objectstorage.py took 0.067 seconds
[2026-01-29T04:01:44.950+0000] {processor.py:161} INFO - Started process (PID=91669) to work on /home/airflow/.local/lib/python3.12/site-packages/airflow/example_dags/tutorial_objectstorage.py
[2026-01-29T04:01:44.951+0000] {processor.py:830} INFO - Processing file /home/airflow/.local/lib/python3.12/site-packages/airflow/example_dags/tutorial_objectstorage.py for tasks to queue
[2026-01-29T04:01:44.953+0000] {logging_mixin.py:188} INFO - [2026-01-29T04:01:44.953+0000] {dagbag.py:545} INFO - Filling up the DagBag from /home/airflow/.local/lib/python3.12/site-packages/airflow/example_dags/tutorial_objectstorage.py
[2026-01-29T04:01:44.960+0000] {processor.py:840} INFO - DAG(s) 'tutorial_objectstorage' retrieved from /home/airflow/.local/lib/python3.12/site-packages/airflow/example_dags/tutorial_objectstorage.py
[2026-01-29T04:01:44.980+0000] {logging_mixin.py:188} INFO - [2026-01-29T04:01:44.980+0000] {dag.py:3089} INFO - Sync 1 DAGs
[2026-01-29T04:01:44.994+0000] {logging_mixin.py:188} INFO - [2026-01-29T04:01:44.994+0000] {dag.py:3947} INFO - Setting next_dagrun for tutorial_objectstorage to None, run_after=None
[2026-01-29T04:01:45.015+0000] {processor.py:183} INFO - Processing /home/airflow/.local/lib/python3.12/site-packages/airflow/example_dags/tutorial_objectstorage.py took 0.071 seconds
[2026-01-29T04:02:15.214+0000] {processor.py:161} INFO - Started process (PID=91733) to work on /home/airflow/.local/lib/python3.12/site-packages/airflow/example_dags/tutorial_objectstorage.py
[2026-01-29T04:02:15.215+0000] {processor.py:830} INFO - Processing file /home/airflow/.local/lib/python3.12/site-packages/airflow/example_dags/tutorial_objectstorage.py for tasks to queue
[2026-01-29T04:02:15.217+0000] {logging_mixin.py:188} INFO - [2026-01-29T04:02:15.217+0000] {dagbag.py:545} INFO - Filling up the DagBag from /home/airflow/.local/lib/python3.12/site-packages/airflow/example_dags/tutorial_objectstorage.py
[2026-01-29T04:02:15.224+0000] {processor.py:840} INFO - DAG(s) 'tutorial_objectstorage' retrieved from /home/airflow/.local/lib/python3.12/site-packages/airflow/example_dags/tutorial_objectstorage.py
[2026-01-29T04:02:15.242+0000] {logging_mixin.py:188} INFO - [2026-01-29T04:02:15.242+0000] {dag.py:3089} INFO - Sync 1 DAGs
[2026-01-29T04:02:15.257+0000] {logging_mixin.py:188} INFO - [2026-01-29T04:02:15.256+0000] {dag.py:3947} INFO - Setting next_dagrun for tutorial_objectstorage to None, run_after=None
[2026-01-29T04:02:15.277+0000] {processor.py:183} INFO - Processing /home/airflow/.local/lib/python3.12/site-packages/airflow/example_dags/tutorial_objectstorage.py took 0.071 seconds
[2026-01-29T04:02:45.427+0000] {processor.py:161} INFO - Started process (PID=91792) to work on /home/airflow/.local/lib/python3.12/site-packages/airflow/example_dags/tutorial_objectstorage.py
[2026-01-29T04:02:45.428+0000] {processor.py:830} INFO - Processing file /home/airflow/.local/lib/python3.12/site-packages/airflow/example_dags/tutorial_objectstorage.py for tasks to queue
[2026-01-29T04:02:45.430+0000] {logging_mixin.py:188} INFO - [2026-01-29T04:02:45.430+0000] {dagbag.py:545} INFO - Filling up the DagBag from /home/airflow/.local/lib/python3.12/site-packages/airflow/example_dags/tutorial_objectstorage.py
[2026-01-29T04:02:45.438+0000] {processor.py:840} INFO - DAG(s) 'tutorial_objectstorage' retrieved from /home/airflow/.local/lib/python3.12/site-packages/airflow/example_dags/tutorial_objectstorage.py
[2026-01-29T04:02:45.459+0000] {logging_mixin.py:188} INFO - [2026-01-29T04:02:45.459+0000] {dag.py:3089} INFO - Sync 1 DAGs
[2026-01-29T04:02:45.474+0000] {logging_mixin.py:188} INFO - [2026-01-29T04:02:45.474+0000] {dag.py:3947} INFO - Setting next_dagrun for tutorial_objectstorage to None, run_after=None
[2026-01-29T04:02:45.494+0000] {processor.py:183} INFO - Processing /home/airflow/.local/lib/python3.12/site-packages/airflow/example_dags/tutorial_objectstorage.py took 0.074 seconds
[2026-01-29T04:03:15.624+0000] {processor.py:161} INFO - Started process (PID=91856) to work on /home/airflow/.local/lib/python3.12/site-packages/airflow/example_dags/tutorial_objectstorage.py
[2026-01-29T04:03:15.625+0000] {processor.py:830} INFO - Processing file /home/airflow/.local/lib/python3.12/site-packages/airflow/example_dags/tutorial_objectstorage.py for tasks to queue
[2026-01-29T04:03:15.627+0000] {logging_mixin.py:188} INFO - [2026-01-29T04:03:15.626+0000] {dagbag.py:545} INFO - Filling up the DagBag from /home/airflow/.local/lib/python3.12/site-packages/airflow/example_dags/tutorial_objectstorage.py
[2026-01-29T04:03:15.634+0000] {processor.py:840} INFO - DAG(s) 'tutorial_objectstorage' retrieved from /home/airflow/.local/lib/python3.12/site-packages/airflow/example_dags/tutorial_objectstorage.py
[2026-01-29T04:03:15.653+0000] {logging_mixin.py:188} INFO - [2026-01-29T04:03:15.653+0000] {dag.py:3089} INFO - Sync 1 DAGs
[2026-01-29T04:03:15.666+0000] {logging_mixin.py:188} INFO - [2026-01-29T04:03:15.666+0000] {dag.py:3947} INFO - Setting next_dagrun for tutorial_objectstorage to None, run_after=None
[2026-01-29T04:03:15.685+0000] {processor.py:183} INFO - Processing /home/airflow/.local/lib/python3.12/site-packages/airflow/example_dags/tutorial_objectstorage.py took 0.066 seconds
[2026-01-29T04:03:45.852+0000] {processor.py:161} INFO - Started process (PID=91915) to work on /home/airflow/.local/lib/python3.12/site-packages/airflow/example_dags/tutorial_objectstorage.py
[2026-01-29T04:03:45.853+0000] {processor.py:830} INFO - Processing file /home/airflow/.local/lib/python3.12/site-packages/airflow/example_dags/tutorial_objectstorage.py for tasks to queue
[2026-01-29T04:03:45.855+0000] {logging_mixin.py:188} INFO - [2026-01-29T04:03:45.855+0000] {dagbag.py:545} INFO - Filling up the DagBag from /home/airflow/.local/lib/python3.12/site-packages/airflow/example_dags/tutorial_objectstorage.py
[2026-01-29T04:03:45.862+0000] {processor.py:840} INFO - DAG(s) 'tutorial_objectstorage' retrieved from /home/airflow/.local/lib/python3.12/site-packages/airflow/example_dags/tutorial_objectstorage.py
[2026-01-29T04:03:45.882+0000] {logging_mixin.py:188} INFO - [2026-01-29T04:03:45.882+0000] {dag.py:3089} INFO - Sync 1 DAGs
[2026-01-29T04:03:45.895+0000] {logging_mixin.py:188} INFO - [2026-01-29T04:03:45.895+0000] {dag.py:3947} INFO - Setting next_dagrun for tutorial_objectstorage to None, run_after=None
[2026-01-29T04:03:45.916+0000] {processor.py:183} INFO - Processing /home/airflow/.local/lib/python3.12/site-packages/airflow/example_dags/tutorial_objectstorage.py took 0.069 seconds
[2026-01-29T04:04:16.024+0000] {processor.py:161} INFO - Started process (PID=91979) to work on /home/airflow/.local/lib/python3.12/site-packages/airflow/example_dags/tutorial_objectstorage.py
[2026-01-29T04:04:16.025+0000] {processor.py:830} INFO - Processing file /home/airflow/.local/lib/python3.12/site-packages/airflow/example_dags/tutorial_objectstorage.py for tasks to queue
[2026-01-29T04:04:16.027+0000] {logging_mixin.py:188} INFO - [2026-01-29T04:04:16.027+0000] {dagbag.py:545} INFO - Filling up the DagBag from /home/airflow/.local/lib/python3.12/site-packages/airflow/example_dags/tutorial_objectstorage.py
[2026-01-29T04:04:16.035+0000] {processor.py:840} INFO - DAG(s) 'tutorial_objectstorage' retrieved from /home/airflow/.local/lib/python3.12/site-packages/airflow/example_dags/tutorial_objectstorage.py
[2026-01-29T04:04:16.055+0000] {logging_mixin.py:188} INFO - [2026-01-29T04:04:16.055+0000] {dag.py:3089} INFO - Sync 1 DAGs
[2026-01-29T04:04:16.068+0000] {logging_mixin.py:188} INFO - [2026-01-29T04:04:16.068+0000] {dag.py:3947} INFO - Setting next_dagrun for tutorial_objectstorage to None, run_after=None
[2026-01-29T04:04:16.088+0000] {processor.py:183} INFO - Processing /home/airflow/.local/lib/python3.12/site-packages/airflow/example_dags/tutorial_objectstorage.py took 0.070 seconds
[2026-01-29T04:04:46.245+0000] {processor.py:161} INFO - Started process (PID=92038) to work on /home/airflow/.local/lib/python3.12/site-packages/airflow/example_dags/tutorial_objectstorage.py
[2026-01-29T04:04:46.246+0000] {processor.py:830} INFO - Processing file /home/airflow/.local/lib/python3.12/site-packages/airflow/example_dags/tutorial_objectstorage.py for tasks to queue
[2026-01-29T04:04:46.248+0000] {logging_mixin.py:188} INFO - [2026-01-29T04:04:46.248+0000] {dagbag.py:545} INFO - Filling up the DagBag from /home/airflow/.local/lib/python3.12/site-packages/airflow/example_dags/tutorial_objectstorage.py
[2026-01-29T04:04:46.256+0000] {processor.py:840} INFO - DAG(s) 'tutorial_objectstorage' retrieved from /home/airflow/.local/lib/python3.12/site-packages/airflow/example_dags/tutorial_objectstorage.py
[2026-01-29T04:04:46.276+0000] {logging_mixin.py:188} INFO - [2026-01-29T04:04:46.276+0000] {dag.py:3089} INFO - Sync 1 DAGs
[2026-01-29T04:04:46.290+0000] {logging_mixin.py:188} INFO - [2026-01-29T04:04:46.289+0000] {dag.py:3947} INFO - Setting next_dagrun for tutorial_objectstorage to None, run_after=None
[2026-01-29T04:04:46.311+0000] {processor.py:183} INFO - Processing /home/airflow/.local/lib/python3.12/site-packages/airflow/example_dags/tutorial_objectstorage.py took 0.074 seconds
[2026-01-29T04:05:16.650+0000] {processor.py:161} INFO - Started process (PID=92102) to work on /home/airflow/.local/lib/python3.12/site-packages/airflow/example_dags/tutorial_objectstorage.py
[2026-01-29T04:05:16.651+0000] {processor.py:830} INFO - Processing file /home/airflow/.local/lib/python3.12/site-packages/airflow/example_dags/tutorial_objectstorage.py for tasks to queue
[2026-01-29T04:05:16.652+0000] {logging_mixin.py:188} INFO - [2026-01-29T04:05:16.652+0000] {dagbag.py:545} INFO - Filling up the DagBag from /home/airflow/.local/lib/python3.12/site-packages/airflow/example_dags/tutorial_objectstorage.py
[2026-01-29T04:05:16.660+0000] {processor.py:840} INFO - DAG(s) 'tutorial_objectstorage' retrieved from /home/airflow/.local/lib/python3.12/site-packages/airflow/example_dags/tutorial_objectstorage.py
[2026-01-29T04:05:16.681+0000] {logging_mixin.py:188} INFO - [2026-01-29T04:05:16.681+0000] {dag.py:3089} INFO - Sync 1 DAGs
[2026-01-29T04:05:16.696+0000] {logging_mixin.py:188} INFO - [2026-01-29T04:05:16.696+0000] {dag.py:3947} INFO - Setting next_dagrun for tutorial_objectstorage to None, run_after=None
[2026-01-29T04:05:16.717+0000] {processor.py:183} INFO - Processing /home/airflow/.local/lib/python3.12/site-packages/airflow/example_dags/tutorial_objectstorage.py took 0.075 seconds
[2026-01-29T04:05:46.806+0000] {processor.py:161} INFO - Started process (PID=92161) to work on /home/airflow/.local/lib/python3.12/site-packages/airflow/example_dags/tutorial_objectstorage.py
[2026-01-29T04:05:46.807+0000] {processor.py:830} INFO - Processing file /home/airflow/.local/lib/python3.12/site-packages/airflow/example_dags/tutorial_objectstorage.py for tasks to queue
[2026-01-29T04:05:46.809+0000] {logging_mixin.py:188} INFO - [2026-01-29T04:05:46.808+0000] {dagbag.py:545} INFO - Filling up the DagBag from /home/airflow/.local/lib/python3.12/site-packages/airflow/example_dags/tutorial_objectstorage.py
[2026-01-29T04:05:46.815+0000] {processor.py:840} INFO - DAG(s) 'tutorial_objectstorage' retrieved from /home/airflow/.local/lib/python3.12/site-packages/airflow/example_dags/tutorial_objectstorage.py
[2026-01-29T04:05:46.833+0000] {logging_mixin.py:188} INFO - [2026-01-29T04:05:46.833+0000] {dag.py:3089} INFO - Sync 1 DAGs
[2026-01-29T04:05:46.846+0000] {logging_mixin.py:188} INFO - [2026-01-29T04:05:46.846+0000] {dag.py:3947} INFO - Setting next_dagrun for tutorial_objectstorage to None, run_after=None
[2026-01-29T04:05:46.866+0000] {processor.py:183} INFO - Processing /home/airflow/.local/lib/python3.12/site-packages/airflow/example_dags/tutorial_objectstorage.py took 0.066 seconds
[2026-01-29T04:06:16.998+0000] {processor.py:161} INFO - Started process (PID=92225) to work on /home/airflow/.local/lib/python3.12/site-packages/airflow/example_dags/tutorial_objectstorage.py
[2026-01-29T04:06:16.998+0000] {processor.py:830} INFO - Processing file /home/airflow/.local/lib/python3.12/site-packages/airflow/example_dags/tutorial_objectstorage.py for tasks to queue
[2026-01-29T04:06:17.000+0000] {logging_mixin.py:188} INFO - [2026-01-29T04:06:17.000+0000] {dagbag.py:545} INFO - Filling up the DagBag from /home/airflow/.local/lib/python3.12/site-packages/airflow/example_dags/tutorial_objectstorage.py
[2026-01-29T04:06:17.006+0000] {processor.py:840} INFO - DAG(s) 'tutorial_objectstorage' retrieved from /home/airflow/.local/lib/python3.12/site-packages/airflow/example_dags/tutorial_objectstorage.py
[2026-01-29T04:06:17.027+0000] {logging_mixin.py:188} INFO - [2026-01-29T04:06:17.026+0000] {dag.py:3089} INFO - Sync 1 DAGs
[2026-01-29T04:06:17.040+0000] {logging_mixin.py:188} INFO - [2026-01-29T04:06:17.040+0000] {dag.py:3947} INFO - Setting next_dagrun for tutorial_objectstorage to None, run_after=None
[2026-01-29T04:06:17.059+0000] {processor.py:183} INFO - Processing /home/airflow/.local/lib/python3.12/site-packages/airflow/example_dags/tutorial_objectstorage.py took 0.067 seconds
[2026-01-29T04:06:47.240+0000] {processor.py:161} INFO - Started process (PID=92284) to work on /home/airflow/.local/lib/python3.12/site-packages/airflow/example_dags/tutorial_objectstorage.py
[2026-01-29T04:06:47.241+0000] {processor.py:830} INFO - Processing file /home/airflow/.local/lib/python3.12/site-packages/airflow/example_dags/tutorial_objectstorage.py for tasks to queue
[2026-01-29T04:06:47.243+0000] {logging_mixin.py:188} INFO - [2026-01-29T04:06:47.243+0000] {dagbag.py:545} INFO - Filling up the DagBag from /home/airflow/.local/lib/python3.12/site-packages/airflow/example_dags/tutorial_objectstorage.py
[2026-01-29T04:06:47.251+0000] {processor.py:840} INFO - DAG(s) 'tutorial_objectstorage' retrieved from /home/airflow/.local/lib/python3.12/site-packages/airflow/example_dags/tutorial_objectstorage.py
[2026-01-29T04:06:47.269+0000] {logging_mixin.py:188} INFO - [2026-01-29T04:06:47.269+0000] {dag.py:3089} INFO - Sync 1 DAGs
[2026-01-29T04:06:47.282+0000] {logging_mixin.py:188} INFO - [2026-01-29T04:06:47.281+0000] {dag.py:3947} INFO - Setting next_dagrun for tutorial_objectstorage to None, run_after=None
[2026-01-29T04:06:47.300+0000] {processor.py:183} INFO - Processing /home/airflow/.local/lib/python3.12/site-packages/airflow/example_dags/tutorial_objectstorage.py took 0.068 seconds
[2026-01-29T04:07:17.433+0000] {processor.py:161} INFO - Started process (PID=92348) to work on /home/airflow/.local/lib/python3.12/site-packages/airflow/example_dags/tutorial_objectstorage.py
[2026-01-29T04:07:17.434+0000] {processor.py:830} INFO - Processing file /home/airflow/.local/lib/python3.12/site-packages/airflow/example_dags/tutorial_objectstorage.py for tasks to queue
[2026-01-29T04:07:17.435+0000] {logging_mixin.py:188} INFO - [2026-01-29T04:07:17.435+0000] {dagbag.py:545} INFO - Filling up the DagBag from /home/airflow/.local/lib/python3.12/site-packages/airflow/example_dags/tutorial_objectstorage.py
[2026-01-29T04:07:17.442+0000] {processor.py:840} INFO - DAG(s) 'tutorial_objectstorage' retrieved from /home/airflow/.local/lib/python3.12/site-packages/airflow/example_dags/tutorial_objectstorage.py
[2026-01-29T04:07:17.462+0000] {logging_mixin.py:188} INFO - [2026-01-29T04:07:17.462+0000] {dag.py:3089} INFO - Sync 1 DAGs
[2026-01-29T04:07:17.475+0000] {logging_mixin.py:188} INFO - [2026-01-29T04:07:17.475+0000] {dag.py:3947} INFO - Setting next_dagrun for tutorial_objectstorage to None, run_after=None
[2026-01-29T04:07:17.495+0000] {processor.py:183} INFO - Processing /home/airflow/.local/lib/python3.12/site-packages/airflow/example_dags/tutorial_objectstorage.py took 0.068 seconds
[2026-01-29T04:07:47.655+0000] {processor.py:161} INFO - Started process (PID=92413) to work on /home/airflow/.local/lib/python3.12/site-packages/airflow/example_dags/tutorial_objectstorage.py
[2026-01-29T04:07:47.656+0000] {processor.py:830} INFO - Processing file /home/airflow/.local/lib/python3.12/site-packages/airflow/example_dags/tutorial_objectstorage.py for tasks to queue
[2026-01-29T04:07:47.657+0000] {logging_mixin.py:188} INFO - [2026-01-29T04:07:47.657+0000] {dagbag.py:545} INFO - Filling up the DagBag from /home/airflow/.local/lib/python3.12/site-packages/airflow/example_dags/tutorial_objectstorage.py
[2026-01-29T04:07:47.664+0000] {processor.py:840} INFO - DAG(s) 'tutorial_objectstorage' retrieved from /home/airflow/.local/lib/python3.12/site-packages/airflow/example_dags/tutorial_objectstorage.py
[2026-01-29T04:07:47.682+0000] {logging_mixin.py:188} INFO - [2026-01-29T04:07:47.681+0000] {dag.py:3089} INFO - Sync 1 DAGs
[2026-01-29T04:07:47.695+0000] {logging_mixin.py:188} INFO - [2026-01-29T04:07:47.695+0000] {dag.py:3947} INFO - Setting next_dagrun for tutorial_objectstorage to None, run_after=None
[2026-01-29T04:07:47.714+0000] {processor.py:183} INFO - Processing /home/airflow/.local/lib/python3.12/site-packages/airflow/example_dags/tutorial_objectstorage.py took 0.065 seconds
[2026-01-29T04:08:18.120+0000] {processor.py:161} INFO - Started process (PID=92477) to work on /home/airflow/.local/lib/python3.12/site-packages/airflow/example_dags/tutorial_objectstorage.py
[2026-01-29T04:08:18.121+0000] {processor.py:830} INFO - Processing file /home/airflow/.local/lib/python3.12/site-packages/airflow/example_dags/tutorial_objectstorage.py for tasks to queue
[2026-01-29T04:08:18.122+0000] {logging_mixin.py:188} INFO - [2026-01-29T04:08:18.122+0000] {dagbag.py:545} INFO - Filling up the DagBag from /home/airflow/.local/lib/python3.12/site-packages/airflow/example_dags/tutorial_objectstorage.py
[2026-01-29T04:08:18.129+0000] {processor.py:840} INFO - DAG(s) 'tutorial_objectstorage' retrieved from /home/airflow/.local/lib/python3.12/site-packages/airflow/example_dags/tutorial_objectstorage.py
[2026-01-29T04:08:18.148+0000] {logging_mixin.py:188} INFO - [2026-01-29T04:08:18.148+0000] {dag.py:3089} INFO - Sync 1 DAGs
[2026-01-29T04:08:18.162+0000] {logging_mixin.py:188} INFO - [2026-01-29T04:08:18.162+0000] {dag.py:3947} INFO - Setting next_dagrun for tutorial_objectstorage to None, run_after=None
[2026-01-29T04:08:18.182+0000] {processor.py:183} INFO - Processing /home/airflow/.local/lib/python3.12/site-packages/airflow/example_dags/tutorial_objectstorage.py took 0.069 seconds
[2026-01-29T04:08:48.383+0000] {processor.py:161} INFO - Started process (PID=92536) to work on /home/airflow/.local/lib/python3.12/site-packages/airflow/example_dags/tutorial_objectstorage.py
[2026-01-29T04:08:48.384+0000] {processor.py:830} INFO - Processing file /home/airflow/.local/lib/python3.12/site-packages/airflow/example_dags/tutorial_objectstorage.py for tasks to queue
[2026-01-29T04:08:48.386+0000] {logging_mixin.py:188} INFO - [2026-01-29T04:08:48.386+0000] {dagbag.py:545} INFO - Filling up the DagBag from /home/airflow/.local/lib/python3.12/site-packages/airflow/example_dags/tutorial_objectstorage.py
[2026-01-29T04:08:48.394+0000] {processor.py:840} INFO - DAG(s) 'tutorial_objectstorage' retrieved from /home/airflow/.local/lib/python3.12/site-packages/airflow/example_dags/tutorial_objectstorage.py
[2026-01-29T04:08:48.415+0000] {logging_mixin.py:188} INFO - [2026-01-29T04:08:48.414+0000] {dag.py:3089} INFO - Sync 1 DAGs
[2026-01-29T04:08:48.428+0000] {logging_mixin.py:188} INFO - [2026-01-29T04:08:48.428+0000] {dag.py:3947} INFO - Setting next_dagrun for tutorial_objectstorage to None, run_after=None
[2026-01-29T04:08:48.448+0000] {processor.py:183} INFO - Processing /home/airflow/.local/lib/python3.12/site-packages/airflow/example_dags/tutorial_objectstorage.py took 0.073 seconds
[2026-01-29T04:09:19.152+0000] {processor.py:161} INFO - Started process (PID=92600) to work on /home/airflow/.local/lib/python3.12/site-packages/airflow/example_dags/tutorial_objectstorage.py
[2026-01-29T04:09:19.152+0000] {processor.py:830} INFO - Processing file /home/airflow/.local/lib/python3.12/site-packages/airflow/example_dags/tutorial_objectstorage.py for tasks to queue
[2026-01-29T04:09:19.154+0000] {logging_mixin.py:188} INFO - [2026-01-29T04:09:19.154+0000] {dagbag.py:545} INFO - Filling up the DagBag from /home/airflow/.local/lib/python3.12/site-packages/airflow/example_dags/tutorial_objectstorage.py
[2026-01-29T04:09:19.162+0000] {processor.py:840} INFO - DAG(s) 'tutorial_objectstorage' retrieved from /home/airflow/.local/lib/python3.12/site-packages/airflow/example_dags/tutorial_objectstorage.py
[2026-01-29T04:09:19.183+0000] {logging_mixin.py:188} INFO - [2026-01-29T04:09:19.183+0000] {dag.py:3089} INFO - Sync 1 DAGs
[2026-01-29T04:09:19.197+0000] {logging_mixin.py:188} INFO - [2026-01-29T04:09:19.197+0000] {dag.py:3947} INFO - Setting next_dagrun for tutorial_objectstorage to None, run_after=None
[2026-01-29T04:09:19.217+0000] {processor.py:183} INFO - Processing /home/airflow/.local/lib/python3.12/site-packages/airflow/example_dags/tutorial_objectstorage.py took 0.073 seconds
[2026-01-29T04:09:49.982+0000] {processor.py:161} INFO - Started process (PID=92659) to work on /home/airflow/.local/lib/python3.12/site-packages/airflow/example_dags/tutorial_objectstorage.py
[2026-01-29T04:09:49.983+0000] {processor.py:830} INFO - Processing file /home/airflow/.local/lib/python3.12/site-packages/airflow/example_dags/tutorial_objectstorage.py for tasks to queue
[2026-01-29T04:09:49.985+0000] {logging_mixin.py:188} INFO - [2026-01-29T04:09:49.984+0000] {dagbag.py:545} INFO - Filling up the DagBag from /home/airflow/.local/lib/python3.12/site-packages/airflow/example_dags/tutorial_objectstorage.py
[2026-01-29T04:09:49.993+0000] {processor.py:840} INFO - DAG(s) 'tutorial_objectstorage' retrieved from /home/airflow/.local/lib/python3.12/site-packages/airflow/example_dags/tutorial_objectstorage.py
[2026-01-29T04:09:50.013+0000] {logging_mixin.py:188} INFO - [2026-01-29T04:09:50.012+0000] {dag.py:3089} INFO - Sync 1 DAGs
[2026-01-29T04:09:50.026+0000] {logging_mixin.py:188} INFO - [2026-01-29T04:09:50.026+0000] {dag.py:3947} INFO - Setting next_dagrun for tutorial_objectstorage to None, run_after=None
[2026-01-29T04:09:50.046+0000] {processor.py:183} INFO - Processing /home/airflow/.local/lib/python3.12/site-packages/airflow/example_dags/tutorial_objectstorage.py took 0.071 seconds
[2026-01-29T04:10:20.329+0000] {processor.py:161} INFO - Started process (PID=92723) to work on /home/airflow/.local/lib/python3.12/site-packages/airflow/example_dags/tutorial_objectstorage.py
[2026-01-29T04:10:20.330+0000] {processor.py:830} INFO - Processing file /home/airflow/.local/lib/python3.12/site-packages/airflow/example_dags/tutorial_objectstorage.py for tasks to queue
[2026-01-29T04:10:20.332+0000] {logging_mixin.py:188} INFO - [2026-01-29T04:10:20.331+0000] {dagbag.py:545} INFO - Filling up the DagBag from /home/airflow/.local/lib/python3.12/site-packages/airflow/example_dags/tutorial_objectstorage.py
[2026-01-29T04:10:20.340+0000] {processor.py:840} INFO - DAG(s) 'tutorial_objectstorage' retrieved from /home/airflow/.local/lib/python3.12/site-packages/airflow/example_dags/tutorial_objectstorage.py
[2026-01-29T04:10:20.360+0000] {logging_mixin.py:188} INFO - [2026-01-29T04:10:20.360+0000] {dag.py:3089} INFO - Sync 1 DAGs
[2026-01-29T04:10:20.374+0000] {logging_mixin.py:188} INFO - [2026-01-29T04:10:20.374+0000] {dag.py:3947} INFO - Setting next_dagrun for tutorial_objectstorage to None, run_after=None
[2026-01-29T04:10:20.395+0000] {processor.py:183} INFO - Processing /home/airflow/.local/lib/python3.12/site-packages/airflow/example_dags/tutorial_objectstorage.py took 0.074 seconds
[2026-01-29T04:10:51.110+0000] {processor.py:161} INFO - Started process (PID=92782) to work on /home/airflow/.local/lib/python3.12/site-packages/airflow/example_dags/tutorial_objectstorage.py
[2026-01-29T04:10:51.111+0000] {processor.py:830} INFO - Processing file /home/airflow/.local/lib/python3.12/site-packages/airflow/example_dags/tutorial_objectstorage.py for tasks to queue
[2026-01-29T04:10:51.112+0000] {logging_mixin.py:188} INFO - [2026-01-29T04:10:51.112+0000] {dagbag.py:545} INFO - Filling up the DagBag from /home/airflow/.local/lib/python3.12/site-packages/airflow/example_dags/tutorial_objectstorage.py
[2026-01-29T04:10:51.119+0000] {processor.py:840} INFO - DAG(s) 'tutorial_objectstorage' retrieved from /home/airflow/.local/lib/python3.12/site-packages/airflow/example_dags/tutorial_objectstorage.py
[2026-01-29T04:10:51.140+0000] {logging_mixin.py:188} INFO - [2026-01-29T04:10:51.139+0000] {dag.py:3089} INFO - Sync 1 DAGs
[2026-01-29T04:10:51.154+0000] {logging_mixin.py:188} INFO - [2026-01-29T04:10:51.154+0000] {dag.py:3947} INFO - Setting next_dagrun for tutorial_objectstorage to None, run_after=None
[2026-01-29T04:10:51.172+0000] {processor.py:183} INFO - Processing /home/airflow/.local/lib/python3.12/site-packages/airflow/example_dags/tutorial_objectstorage.py took 0.069 seconds
[2026-01-29T04:11:22.054+0000] {processor.py:161} INFO - Started process (PID=92846) to work on /home/airflow/.local/lib/python3.12/site-packages/airflow/example_dags/tutorial_objectstorage.py
[2026-01-29T04:11:22.054+0000] {processor.py:830} INFO - Processing file /home/airflow/.local/lib/python3.12/site-packages/airflow/example_dags/tutorial_objectstorage.py for tasks to queue
[2026-01-29T04:11:22.057+0000] {logging_mixin.py:188} INFO - [2026-01-29T04:11:22.056+0000] {dagbag.py:545} INFO - Filling up the DagBag from /home/airflow/.local/lib/python3.12/site-packages/airflow/example_dags/tutorial_objectstorage.py
[2026-01-29T04:11:22.064+0000] {processor.py:840} INFO - DAG(s) 'tutorial_objectstorage' retrieved from /home/airflow/.local/lib/python3.12/site-packages/airflow/example_dags/tutorial_objectstorage.py
[2026-01-29T04:11:22.084+0000] {logging_mixin.py:188} INFO - [2026-01-29T04:11:22.084+0000] {dag.py:3089} INFO - Sync 1 DAGs
[2026-01-29T04:11:22.099+0000] {logging_mixin.py:188} INFO - [2026-01-29T04:11:22.099+0000] {dag.py:3947} INFO - Setting next_dagrun for tutorial_objectstorage to None, run_after=None
[2026-01-29T04:11:22.118+0000] {processor.py:183} INFO - Processing /home/airflow/.local/lib/python3.12/site-packages/airflow/example_dags/tutorial_objectstorage.py took 0.072 seconds
[2026-01-29T04:11:52.224+0000] {processor.py:161} INFO - Started process (PID=92905) to work on /home/airflow/.local/lib/python3.12/site-packages/airflow/example_dags/tutorial_objectstorage.py
[2026-01-29T04:11:52.225+0000] {processor.py:830} INFO - Processing file /home/airflow/.local/lib/python3.12/site-packages/airflow/example_dags/tutorial_objectstorage.py for tasks to queue
[2026-01-29T04:11:52.227+0000] {logging_mixin.py:188} INFO - [2026-01-29T04:11:52.227+0000] {dagbag.py:545} INFO - Filling up the DagBag from /home/airflow/.local/lib/python3.12/site-packages/airflow/example_dags/tutorial_objectstorage.py
[2026-01-29T04:11:52.235+0000] {processor.py:840} INFO - DAG(s) 'tutorial_objectstorage' retrieved from /home/airflow/.local/lib/python3.12/site-packages/airflow/example_dags/tutorial_objectstorage.py
[2026-01-29T04:11:52.255+0000] {logging_mixin.py:188} INFO - [2026-01-29T04:11:52.255+0000] {dag.py:3089} INFO - Sync 1 DAGs
[2026-01-29T04:11:52.269+0000] {logging_mixin.py:188} INFO - [2026-01-29T04:11:52.269+0000] {dag.py:3947} INFO - Setting next_dagrun for tutorial_objectstorage to None, run_after=None
[2026-01-29T04:11:52.289+0000] {processor.py:183} INFO - Processing /home/airflow/.local/lib/python3.12/site-packages/airflow/example_dags/tutorial_objectstorage.py took 0.071 seconds
[2026-01-29T04:12:22.512+0000] {processor.py:161} INFO - Started process (PID=92969) to work on /home/airflow/.local/lib/python3.12/site-packages/airflow/example_dags/tutorial_objectstorage.py
[2026-01-29T04:12:22.512+0000] {processor.py:830} INFO - Processing file /home/airflow/.local/lib/python3.12/site-packages/airflow/example_dags/tutorial_objectstorage.py for tasks to queue
[2026-01-29T04:12:22.514+0000] {logging_mixin.py:188} INFO - [2026-01-29T04:12:22.514+0000] {dagbag.py:545} INFO - Filling up the DagBag from /home/airflow/.local/lib/python3.12/site-packages/airflow/example_dags/tutorial_objectstorage.py
[2026-01-29T04:12:22.521+0000] {processor.py:840} INFO - DAG(s) 'tutorial_objectstorage' retrieved from /home/airflow/.local/lib/python3.12/site-packages/airflow/example_dags/tutorial_objectstorage.py
[2026-01-29T04:12:22.539+0000] {logging_mixin.py:188} INFO - [2026-01-29T04:12:22.539+0000] {dag.py:3089} INFO - Sync 1 DAGs
[2026-01-29T04:12:22.553+0000] {logging_mixin.py:188} INFO - [2026-01-29T04:12:22.553+0000] {dag.py:3947} INFO - Setting next_dagrun for tutorial_objectstorage to None, run_after=None
[2026-01-29T04:12:22.571+0000] {processor.py:183} INFO - Processing /home/airflow/.local/lib/python3.12/site-packages/airflow/example_dags/tutorial_objectstorage.py took 0.065 seconds
[2026-01-29T04:12:52.762+0000] {processor.py:161} INFO - Started process (PID=93028) to work on /home/airflow/.local/lib/python3.12/site-packages/airflow/example_dags/tutorial_objectstorage.py
[2026-01-29T04:12:52.763+0000] {processor.py:830} INFO - Processing file /home/airflow/.local/lib/python3.12/site-packages/airflow/example_dags/tutorial_objectstorage.py for tasks to queue
[2026-01-29T04:12:52.765+0000] {logging_mixin.py:188} INFO - [2026-01-29T04:12:52.765+0000] {dagbag.py:545} INFO - Filling up the DagBag from /home/airflow/.local/lib/python3.12/site-packages/airflow/example_dags/tutorial_objectstorage.py
[2026-01-29T04:12:52.773+0000] {processor.py:840} INFO - DAG(s) 'tutorial_objectstorage' retrieved from /home/airflow/.local/lib/python3.12/site-packages/airflow/example_dags/tutorial_objectstorage.py
[2026-01-29T04:12:52.794+0000] {logging_mixin.py:188} INFO - [2026-01-29T04:12:52.794+0000] {dag.py:3089} INFO - Sync 1 DAGs
[2026-01-29T04:12:52.809+0000] {logging_mixin.py:188} INFO - [2026-01-29T04:12:52.809+0000] {dag.py:3947} INFO - Setting next_dagrun for tutorial_objectstorage to None, run_after=None
[2026-01-29T04:12:52.830+0000] {processor.py:183} INFO - Processing /home/airflow/.local/lib/python3.12/site-packages/airflow/example_dags/tutorial_objectstorage.py took 0.076 seconds
[2026-01-29T04:13:23.471+0000] {processor.py:161} INFO - Started process (PID=93092) to work on /home/airflow/.local/lib/python3.12/site-packages/airflow/example_dags/tutorial_objectstorage.py
[2026-01-29T04:13:23.471+0000] {processor.py:830} INFO - Processing file /home/airflow/.local/lib/python3.12/site-packages/airflow/example_dags/tutorial_objectstorage.py for tasks to queue
[2026-01-29T04:13:23.473+0000] {logging_mixin.py:188} INFO - [2026-01-29T04:13:23.473+0000] {dagbag.py:545} INFO - Filling up the DagBag from /home/airflow/.local/lib/python3.12/site-packages/airflow/example_dags/tutorial_objectstorage.py
[2026-01-29T04:13:23.481+0000] {processor.py:840} INFO - DAG(s) 'tutorial_objectstorage' retrieved from /home/airflow/.local/lib/python3.12/site-packages/airflow/example_dags/tutorial_objectstorage.py
[2026-01-29T04:13:23.501+0000] {logging_mixin.py:188} INFO - [2026-01-29T04:13:23.501+0000] {dag.py:3089} INFO - Sync 1 DAGs
[2026-01-29T04:13:23.514+0000] {logging_mixin.py:188} INFO - [2026-01-29T04:13:23.514+0000] {dag.py:3947} INFO - Setting next_dagrun for tutorial_objectstorage to None, run_after=None
[2026-01-29T04:13:23.535+0000] {processor.py:183} INFO - Processing /home/airflow/.local/lib/python3.12/site-packages/airflow/example_dags/tutorial_objectstorage.py took 0.072 seconds
[2026-01-29T04:13:54.150+0000] {processor.py:161} INFO - Started process (PID=93151) to work on /home/airflow/.local/lib/python3.12/site-packages/airflow/example_dags/tutorial_objectstorage.py
[2026-01-29T04:13:54.152+0000] {processor.py:830} INFO - Processing file /home/airflow/.local/lib/python3.12/site-packages/airflow/example_dags/tutorial_objectstorage.py for tasks to queue
[2026-01-29T04:13:54.154+0000] {logging_mixin.py:188} INFO - [2026-01-29T04:13:54.153+0000] {dagbag.py:545} INFO - Filling up the DagBag from /home/airflow/.local/lib/python3.12/site-packages/airflow/example_dags/tutorial_objectstorage.py
[2026-01-29T04:13:54.162+0000] {processor.py:840} INFO - DAG(s) 'tutorial_objectstorage' retrieved from /home/airflow/.local/lib/python3.12/site-packages/airflow/example_dags/tutorial_objectstorage.py
[2026-01-29T04:13:54.184+0000] {logging_mixin.py:188} INFO - [2026-01-29T04:13:54.183+0000] {dag.py:3089} INFO - Sync 1 DAGs
[2026-01-29T04:13:54.199+0000] {logging_mixin.py:188} INFO - [2026-01-29T04:13:54.199+0000] {dag.py:3947} INFO - Setting next_dagrun for tutorial_objectstorage to None, run_after=None
[2026-01-29T04:13:54.220+0000] {processor.py:183} INFO - Processing /home/airflow/.local/lib/python3.12/site-packages/airflow/example_dags/tutorial_objectstorage.py took 0.077 seconds
[2026-01-29T04:14:24.349+0000] {processor.py:161} INFO - Started process (PID=93215) to work on /home/airflow/.local/lib/python3.12/site-packages/airflow/example_dags/tutorial_objectstorage.py
[2026-01-29T04:14:24.349+0000] {processor.py:830} INFO - Processing file /home/airflow/.local/lib/python3.12/site-packages/airflow/example_dags/tutorial_objectstorage.py for tasks to queue
[2026-01-29T04:14:24.351+0000] {logging_mixin.py:188} INFO - [2026-01-29T04:14:24.351+0000] {dagbag.py:545} INFO - Filling up the DagBag from /home/airflow/.local/lib/python3.12/site-packages/airflow/example_dags/tutorial_objectstorage.py
[2026-01-29T04:14:24.359+0000] {processor.py:840} INFO - DAG(s) 'tutorial_objectstorage' retrieved from /home/airflow/.local/lib/python3.12/site-packages/airflow/example_dags/tutorial_objectstorage.py
[2026-01-29T04:14:24.378+0000] {logging_mixin.py:188} INFO - [2026-01-29T04:14:24.378+0000] {dag.py:3089} INFO - Sync 1 DAGs
[2026-01-29T04:14:24.390+0000] {logging_mixin.py:188} INFO - [2026-01-29T04:14:24.390+0000] {dag.py:3947} INFO - Setting next_dagrun for tutorial_objectstorage to None, run_after=None
[2026-01-29T04:14:24.409+0000] {processor.py:183} INFO - Processing /home/airflow/.local/lib/python3.12/site-packages/airflow/example_dags/tutorial_objectstorage.py took 0.068 seconds
[2026-01-29T04:14:54.588+0000] {processor.py:161} INFO - Started process (PID=93274) to work on /home/airflow/.local/lib/python3.12/site-packages/airflow/example_dags/tutorial_objectstorage.py
[2026-01-29T04:14:54.589+0000] {processor.py:830} INFO - Processing file /home/airflow/.local/lib/python3.12/site-packages/airflow/example_dags/tutorial_objectstorage.py for tasks to queue
[2026-01-29T04:14:54.590+0000] {logging_mixin.py:188} INFO - [2026-01-29T04:14:54.590+0000] {dagbag.py:545} INFO - Filling up the DagBag from /home/airflow/.local/lib/python3.12/site-packages/airflow/example_dags/tutorial_objectstorage.py
[2026-01-29T04:14:54.597+0000] {processor.py:840} INFO - DAG(s) 'tutorial_objectstorage' retrieved from /home/airflow/.local/lib/python3.12/site-packages/airflow/example_dags/tutorial_objectstorage.py
[2026-01-29T04:14:54.615+0000] {logging_mixin.py:188} INFO - [2026-01-29T04:14:54.615+0000] {dag.py:3089} INFO - Sync 1 DAGs
[2026-01-29T04:14:54.628+0000] {logging_mixin.py:188} INFO - [2026-01-29T04:14:54.628+0000] {dag.py:3947} INFO - Setting next_dagrun for tutorial_objectstorage to None, run_after=None
[2026-01-29T04:14:54.647+0000] {processor.py:183} INFO - Processing /home/airflow/.local/lib/python3.12/site-packages/airflow/example_dags/tutorial_objectstorage.py took 0.065 seconds
[2026-01-29T04:15:24.809+0000] {processor.py:161} INFO - Started process (PID=93338) to work on /home/airflow/.local/lib/python3.12/site-packages/airflow/example_dags/tutorial_objectstorage.py
[2026-01-29T04:15:24.810+0000] {processor.py:830} INFO - Processing file /home/airflow/.local/lib/python3.12/site-packages/airflow/example_dags/tutorial_objectstorage.py for tasks to queue
[2026-01-29T04:15:24.812+0000] {logging_mixin.py:188} INFO - [2026-01-29T04:15:24.811+0000] {dagbag.py:545} INFO - Filling up the DagBag from /home/airflow/.local/lib/python3.12/site-packages/airflow/example_dags/tutorial_objectstorage.py
[2026-01-29T04:15:24.818+0000] {processor.py:840} INFO - DAG(s) 'tutorial_objectstorage' retrieved from /home/airflow/.local/lib/python3.12/site-packages/airflow/example_dags/tutorial_objectstorage.py
[2026-01-29T04:15:24.837+0000] {logging_mixin.py:188} INFO - [2026-01-29T04:15:24.836+0000] {dag.py:3089} INFO - Sync 1 DAGs
[2026-01-29T04:15:24.850+0000] {logging_mixin.py:188} INFO - [2026-01-29T04:15:24.850+0000] {dag.py:3947} INFO - Setting next_dagrun for tutorial_objectstorage to None, run_after=None
[2026-01-29T04:15:24.871+0000] {processor.py:183} INFO - Processing /home/airflow/.local/lib/python3.12/site-packages/airflow/example_dags/tutorial_objectstorage.py took 0.070 seconds
[2026-01-29T04:15:55.213+0000] {processor.py:161} INFO - Started process (PID=93397) to work on /home/airflow/.local/lib/python3.12/site-packages/airflow/example_dags/tutorial_objectstorage.py
[2026-01-29T04:15:55.214+0000] {processor.py:830} INFO - Processing file /home/airflow/.local/lib/python3.12/site-packages/airflow/example_dags/tutorial_objectstorage.py for tasks to queue
[2026-01-29T04:15:55.216+0000] {logging_mixin.py:188} INFO - [2026-01-29T04:15:55.216+0000] {dagbag.py:545} INFO - Filling up the DagBag from /home/airflow/.local/lib/python3.12/site-packages/airflow/example_dags/tutorial_objectstorage.py
[2026-01-29T04:15:55.224+0000] {processor.py:840} INFO - DAG(s) 'tutorial_objectstorage' retrieved from /home/airflow/.local/lib/python3.12/site-packages/airflow/example_dags/tutorial_objectstorage.py
[2026-01-29T04:15:55.246+0000] {logging_mixin.py:188} INFO - [2026-01-29T04:15:55.246+0000] {dag.py:3089} INFO - Sync 1 DAGs
[2026-01-29T04:15:55.261+0000] {logging_mixin.py:188} INFO - [2026-01-29T04:15:55.261+0000] {dag.py:3947} INFO - Setting next_dagrun for tutorial_objectstorage to None, run_after=None
[2026-01-29T04:15:55.282+0000] {processor.py:183} INFO - Processing /home/airflow/.local/lib/python3.12/site-packages/airflow/example_dags/tutorial_objectstorage.py took 0.077 seconds
[2026-01-29T04:16:25.343+0000] {processor.py:161} INFO - Started process (PID=93461) to work on /home/airflow/.local/lib/python3.12/site-packages/airflow/example_dags/tutorial_objectstorage.py
[2026-01-29T04:16:25.344+0000] {processor.py:830} INFO - Processing file /home/airflow/.local/lib/python3.12/site-packages/airflow/example_dags/tutorial_objectstorage.py for tasks to queue
[2026-01-29T04:16:25.346+0000] {logging_mixin.py:188} INFO - [2026-01-29T04:16:25.345+0000] {dagbag.py:545} INFO - Filling up the DagBag from /home/airflow/.local/lib/python3.12/site-packages/airflow/example_dags/tutorial_objectstorage.py
[2026-01-29T04:16:25.354+0000] {processor.py:840} INFO - DAG(s) 'tutorial_objectstorage' retrieved from /home/airflow/.local/lib/python3.12/site-packages/airflow/example_dags/tutorial_objectstorage.py
[2026-01-29T04:16:25.373+0000] {logging_mixin.py:188} INFO - [2026-01-29T04:16:25.372+0000] {dag.py:3089} INFO - Sync 1 DAGs
[2026-01-29T04:16:25.386+0000] {logging_mixin.py:188} INFO - [2026-01-29T04:16:25.385+0000] {dag.py:3947} INFO - Setting next_dagrun for tutorial_objectstorage to None, run_after=None
[2026-01-29T04:16:25.406+0000] {processor.py:183} INFO - Processing /home/airflow/.local/lib/python3.12/site-packages/airflow/example_dags/tutorial_objectstorage.py took 0.069 seconds
[2026-01-29T04:16:56.090+0000] {processor.py:161} INFO - Started process (PID=93518) to work on /home/airflow/.local/lib/python3.12/site-packages/airflow/example_dags/tutorial_objectstorage.py
[2026-01-29T04:16:56.091+0000] {processor.py:830} INFO - Processing file /home/airflow/.local/lib/python3.12/site-packages/airflow/example_dags/tutorial_objectstorage.py for tasks to queue
[2026-01-29T04:16:56.093+0000] {logging_mixin.py:188} INFO - [2026-01-29T04:16:56.093+0000] {dagbag.py:545} INFO - Filling up the DagBag from /home/airflow/.local/lib/python3.12/site-packages/airflow/example_dags/tutorial_objectstorage.py
[2026-01-29T04:16:56.102+0000] {processor.py:840} INFO - DAG(s) 'tutorial_objectstorage' retrieved from /home/airflow/.local/lib/python3.12/site-packages/airflow/example_dags/tutorial_objectstorage.py
[2026-01-29T04:16:56.122+0000] {logging_mixin.py:188} INFO - [2026-01-29T04:16:56.122+0000] {dag.py:3089} INFO - Sync 1 DAGs
[2026-01-29T04:16:56.136+0000] {logging_mixin.py:188} INFO - [2026-01-29T04:16:56.136+0000] {dag.py:3947} INFO - Setting next_dagrun for tutorial_objectstorage to None, run_after=None
[2026-01-29T04:16:56.156+0000] {processor.py:183} INFO - Processing /home/airflow/.local/lib/python3.12/site-packages/airflow/example_dags/tutorial_objectstorage.py took 0.073 seconds
[2026-01-29T04:17:26.293+0000] {processor.py:161} INFO - Started process (PID=93582) to work on /home/airflow/.local/lib/python3.12/site-packages/airflow/example_dags/tutorial_objectstorage.py
[2026-01-29T04:17:26.294+0000] {processor.py:830} INFO - Processing file /home/airflow/.local/lib/python3.12/site-packages/airflow/example_dags/tutorial_objectstorage.py for tasks to queue
[2026-01-29T04:17:26.296+0000] {logging_mixin.py:188} INFO - [2026-01-29T04:17:26.296+0000] {dagbag.py:545} INFO - Filling up the DagBag from /home/airflow/.local/lib/python3.12/site-packages/airflow/example_dags/tutorial_objectstorage.py
[2026-01-29T04:17:26.304+0000] {processor.py:840} INFO - DAG(s) 'tutorial_objectstorage' retrieved from /home/airflow/.local/lib/python3.12/site-packages/airflow/example_dags/tutorial_objectstorage.py
[2026-01-29T04:17:26.322+0000] {logging_mixin.py:188} INFO - [2026-01-29T04:17:26.322+0000] {dag.py:3089} INFO - Sync 1 DAGs
[2026-01-29T04:17:26.335+0000] {logging_mixin.py:188} INFO - [2026-01-29T04:17:26.335+0000] {dag.py:3947} INFO - Setting next_dagrun for tutorial_objectstorage to None, run_after=None
[2026-01-29T04:17:26.353+0000] {processor.py:183} INFO - Processing /home/airflow/.local/lib/python3.12/site-packages/airflow/example_dags/tutorial_objectstorage.py took 0.068 seconds
[2026-01-29T04:17:56.658+0000] {processor.py:161} INFO - Started process (PID=93641) to work on /home/airflow/.local/lib/python3.12/site-packages/airflow/example_dags/tutorial_objectstorage.py
[2026-01-29T04:17:56.659+0000] {processor.py:830} INFO - Processing file /home/airflow/.local/lib/python3.12/site-packages/airflow/example_dags/tutorial_objectstorage.py for tasks to queue
[2026-01-29T04:17:56.661+0000] {logging_mixin.py:188} INFO - [2026-01-29T04:17:56.661+0000] {dagbag.py:545} INFO - Filling up the DagBag from /home/airflow/.local/lib/python3.12/site-packages/airflow/example_dags/tutorial_objectstorage.py
[2026-01-29T04:17:56.668+0000] {processor.py:840} INFO - DAG(s) 'tutorial_objectstorage' retrieved from /home/airflow/.local/lib/python3.12/site-packages/airflow/example_dags/tutorial_objectstorage.py
[2026-01-29T04:17:56.689+0000] {logging_mixin.py:188} INFO - [2026-01-29T04:17:56.689+0000] {dag.py:3089} INFO - Sync 1 DAGs
[2026-01-29T04:17:56.704+0000] {logging_mixin.py:188} INFO - [2026-01-29T04:17:56.704+0000] {dag.py:3947} INFO - Setting next_dagrun for tutorial_objectstorage to None, run_after=None
[2026-01-29T04:17:56.725+0000] {processor.py:183} INFO - Processing /home/airflow/.local/lib/python3.12/site-packages/airflow/example_dags/tutorial_objectstorage.py took 0.073 seconds
[2026-01-29T04:18:26.984+0000] {processor.py:161} INFO - Started process (PID=93705) to work on /home/airflow/.local/lib/python3.12/site-packages/airflow/example_dags/tutorial_objectstorage.py
[2026-01-29T04:18:26.984+0000] {processor.py:830} INFO - Processing file /home/airflow/.local/lib/python3.12/site-packages/airflow/example_dags/tutorial_objectstorage.py for tasks to queue
[2026-01-29T04:18:26.986+0000] {logging_mixin.py:188} INFO - [2026-01-29T04:18:26.986+0000] {dagbag.py:545} INFO - Filling up the DagBag from /home/airflow/.local/lib/python3.12/site-packages/airflow/example_dags/tutorial_objectstorage.py
[2026-01-29T04:18:26.994+0000] {processor.py:840} INFO - DAG(s) 'tutorial_objectstorage' retrieved from /home/airflow/.local/lib/python3.12/site-packages/airflow/example_dags/tutorial_objectstorage.py
[2026-01-29T04:18:27.012+0000] {logging_mixin.py:188} INFO - [2026-01-29T04:18:27.012+0000] {dag.py:3089} INFO - Sync 1 DAGs
[2026-01-29T04:18:27.025+0000] {logging_mixin.py:188} INFO - [2026-01-29T04:18:27.025+0000] {dag.py:3947} INFO - Setting next_dagrun for tutorial_objectstorage to None, run_after=None
[2026-01-29T04:18:27.043+0000] {processor.py:183} INFO - Processing /home/airflow/.local/lib/python3.12/site-packages/airflow/example_dags/tutorial_objectstorage.py took 0.067 seconds
[2026-01-29T04:18:57.524+0000] {processor.py:161} INFO - Started process (PID=93764) to work on /home/airflow/.local/lib/python3.12/site-packages/airflow/example_dags/tutorial_objectstorage.py
[2026-01-29T04:18:57.525+0000] {processor.py:830} INFO - Processing file /home/airflow/.local/lib/python3.12/site-packages/airflow/example_dags/tutorial_objectstorage.py for tasks to queue
[2026-01-29T04:18:57.527+0000] {logging_mixin.py:188} INFO - [2026-01-29T04:18:57.527+0000] {dagbag.py:545} INFO - Filling up the DagBag from /home/airflow/.local/lib/python3.12/site-packages/airflow/example_dags/tutorial_objectstorage.py
[2026-01-29T04:18:57.534+0000] {processor.py:840} INFO - DAG(s) 'tutorial_objectstorage' retrieved from /home/airflow/.local/lib/python3.12/site-packages/airflow/example_dags/tutorial_objectstorage.py
[2026-01-29T04:18:57.558+0000] {logging_mixin.py:188} INFO - [2026-01-29T04:18:57.558+0000] {dag.py:3089} INFO - Sync 1 DAGs
[2026-01-29T04:18:57.577+0000] {logging_mixin.py:188} INFO - [2026-01-29T04:18:57.577+0000] {dag.py:3947} INFO - Setting next_dagrun for tutorial_objectstorage to None, run_after=None
[2026-01-29T04:18:57.596+0000] {processor.py:183} INFO - Processing /home/airflow/.local/lib/python3.12/site-packages/airflow/example_dags/tutorial_objectstorage.py took 0.078 seconds
[2026-01-29T04:19:28.122+0000] {processor.py:161} INFO - Started process (PID=93828) to work on /home/airflow/.local/lib/python3.12/site-packages/airflow/example_dags/tutorial_objectstorage.py
[2026-01-29T04:19:28.122+0000] {processor.py:830} INFO - Processing file /home/airflow/.local/lib/python3.12/site-packages/airflow/example_dags/tutorial_objectstorage.py for tasks to queue
[2026-01-29T04:19:28.124+0000] {logging_mixin.py:188} INFO - [2026-01-29T04:19:28.124+0000] {dagbag.py:545} INFO - Filling up the DagBag from /home/airflow/.local/lib/python3.12/site-packages/airflow/example_dags/tutorial_objectstorage.py
[2026-01-29T04:19:28.132+0000] {processor.py:840} INFO - DAG(s) 'tutorial_objectstorage' retrieved from /home/airflow/.local/lib/python3.12/site-packages/airflow/example_dags/tutorial_objectstorage.py
[2026-01-29T04:19:28.154+0000] {logging_mixin.py:188} INFO - [2026-01-29T04:19:28.154+0000] {dag.py:3089} INFO - Sync 1 DAGs
[2026-01-29T04:19:28.170+0000] {logging_mixin.py:188} INFO - [2026-01-29T04:19:28.169+0000] {dag.py:3947} INFO - Setting next_dagrun for tutorial_objectstorage to None, run_after=None
[2026-01-29T04:19:28.193+0000] {processor.py:183} INFO - Processing /home/airflow/.local/lib/python3.12/site-packages/airflow/example_dags/tutorial_objectstorage.py took 0.079 seconds
[2026-01-29T04:19:58.428+0000] {processor.py:161} INFO - Started process (PID=93887) to work on /home/airflow/.local/lib/python3.12/site-packages/airflow/example_dags/tutorial_objectstorage.py
[2026-01-29T04:19:58.429+0000] {processor.py:830} INFO - Processing file /home/airflow/.local/lib/python3.12/site-packages/airflow/example_dags/tutorial_objectstorage.py for tasks to queue
[2026-01-29T04:19:58.431+0000] {logging_mixin.py:188} INFO - [2026-01-29T04:19:58.430+0000] {dagbag.py:545} INFO - Filling up the DagBag from /home/airflow/.local/lib/python3.12/site-packages/airflow/example_dags/tutorial_objectstorage.py
[2026-01-29T04:19:58.438+0000] {processor.py:840} INFO - DAG(s) 'tutorial_objectstorage' retrieved from /home/airflow/.local/lib/python3.12/site-packages/airflow/example_dags/tutorial_objectstorage.py
[2026-01-29T04:19:58.458+0000] {logging_mixin.py:188} INFO - [2026-01-29T04:19:58.458+0000] {dag.py:3089} INFO - Sync 1 DAGs
[2026-01-29T04:19:58.473+0000] {logging_mixin.py:188} INFO - [2026-01-29T04:19:58.472+0000] {dag.py:3947} INFO - Setting next_dagrun for tutorial_objectstorage to None, run_after=None
[2026-01-29T04:19:58.495+0000] {processor.py:183} INFO - Processing /home/airflow/.local/lib/python3.12/site-packages/airflow/example_dags/tutorial_objectstorage.py took 0.074 seconds
[2026-01-29T04:20:28.641+0000] {processor.py:161} INFO - Started process (PID=93951) to work on /home/airflow/.local/lib/python3.12/site-packages/airflow/example_dags/tutorial_objectstorage.py
[2026-01-29T04:20:28.642+0000] {processor.py:830} INFO - Processing file /home/airflow/.local/lib/python3.12/site-packages/airflow/example_dags/tutorial_objectstorage.py for tasks to queue
[2026-01-29T04:20:28.644+0000] {logging_mixin.py:188} INFO - [2026-01-29T04:20:28.643+0000] {dagbag.py:545} INFO - Filling up the DagBag from /home/airflow/.local/lib/python3.12/site-packages/airflow/example_dags/tutorial_objectstorage.py
[2026-01-29T04:20:28.651+0000] {processor.py:840} INFO - DAG(s) 'tutorial_objectstorage' retrieved from /home/airflow/.local/lib/python3.12/site-packages/airflow/example_dags/tutorial_objectstorage.py
[2026-01-29T04:20:28.671+0000] {logging_mixin.py:188} INFO - [2026-01-29T04:20:28.670+0000] {dag.py:3089} INFO - Sync 1 DAGs
[2026-01-29T04:20:28.685+0000] {logging_mixin.py:188} INFO - [2026-01-29T04:20:28.685+0000] {dag.py:3947} INFO - Setting next_dagrun for tutorial_objectstorage to None, run_after=None
[2026-01-29T04:20:28.707+0000] {processor.py:183} INFO - Processing /home/airflow/.local/lib/python3.12/site-packages/airflow/example_dags/tutorial_objectstorage.py took 0.072 seconds
[2026-01-29T04:20:59.350+0000] {processor.py:161} INFO - Started process (PID=94010) to work on /home/airflow/.local/lib/python3.12/site-packages/airflow/example_dags/tutorial_objectstorage.py
[2026-01-29T04:20:59.352+0000] {processor.py:830} INFO - Processing file /home/airflow/.local/lib/python3.12/site-packages/airflow/example_dags/tutorial_objectstorage.py for tasks to queue
[2026-01-29T04:20:59.354+0000] {logging_mixin.py:188} INFO - [2026-01-29T04:20:59.353+0000] {dagbag.py:545} INFO - Filling up the DagBag from /home/airflow/.local/lib/python3.12/site-packages/airflow/example_dags/tutorial_objectstorage.py
[2026-01-29T04:20:59.362+0000] {processor.py:840} INFO - DAG(s) 'tutorial_objectstorage' retrieved from /home/airflow/.local/lib/python3.12/site-packages/airflow/example_dags/tutorial_objectstorage.py
[2026-01-29T04:20:59.380+0000] {logging_mixin.py:188} INFO - [2026-01-29T04:20:59.380+0000] {dag.py:3089} INFO - Sync 1 DAGs
[2026-01-29T04:20:59.512+0000] {logging_mixin.py:188} INFO - [2026-01-29T04:20:59.512+0000] {dag.py:3947} INFO - Setting next_dagrun for tutorial_objectstorage to None, run_after=None
[2026-01-29T04:20:59.533+0000] {processor.py:183} INFO - Processing /home/airflow/.local/lib/python3.12/site-packages/airflow/example_dags/tutorial_objectstorage.py took 0.189 seconds
[2026-01-29T04:21:29.834+0000] {processor.py:161} INFO - Started process (PID=94074) to work on /home/airflow/.local/lib/python3.12/site-packages/airflow/example_dags/tutorial_objectstorage.py
[2026-01-29T04:21:29.835+0000] {processor.py:830} INFO - Processing file /home/airflow/.local/lib/python3.12/site-packages/airflow/example_dags/tutorial_objectstorage.py for tasks to queue
[2026-01-29T04:21:29.837+0000] {logging_mixin.py:188} INFO - [2026-01-29T04:21:29.837+0000] {dagbag.py:545} INFO - Filling up the DagBag from /home/airflow/.local/lib/python3.12/site-packages/airflow/example_dags/tutorial_objectstorage.py
[2026-01-29T04:21:29.845+0000] {processor.py:840} INFO - DAG(s) 'tutorial_objectstorage' retrieved from /home/airflow/.local/lib/python3.12/site-packages/airflow/example_dags/tutorial_objectstorage.py
[2026-01-29T04:21:29.864+0000] {logging_mixin.py:188} INFO - [2026-01-29T04:21:29.864+0000] {dag.py:3089} INFO - Sync 1 DAGs
[2026-01-29T04:21:29.878+0000] {logging_mixin.py:188} INFO - [2026-01-29T04:21:29.878+0000] {dag.py:3947} INFO - Setting next_dagrun for tutorial_objectstorage to None, run_after=None
[2026-01-29T04:21:30.019+0000] {processor.py:183} INFO - Processing /home/airflow/.local/lib/python3.12/site-packages/airflow/example_dags/tutorial_objectstorage.py took 0.192 seconds
[2026-01-29T04:22:00.366+0000] {processor.py:161} INFO - Started process (PID=94133) to work on /home/airflow/.local/lib/python3.12/site-packages/airflow/example_dags/tutorial_objectstorage.py
[2026-01-29T04:22:00.367+0000] {processor.py:830} INFO - Processing file /home/airflow/.local/lib/python3.12/site-packages/airflow/example_dags/tutorial_objectstorage.py for tasks to queue
[2026-01-29T04:22:00.368+0000] {logging_mixin.py:188} INFO - [2026-01-29T04:22:00.368+0000] {dagbag.py:545} INFO - Filling up the DagBag from /home/airflow/.local/lib/python3.12/site-packages/airflow/example_dags/tutorial_objectstorage.py
[2026-01-29T04:22:00.376+0000] {processor.py:840} INFO - DAG(s) 'tutorial_objectstorage' retrieved from /home/airflow/.local/lib/python3.12/site-packages/airflow/example_dags/tutorial_objectstorage.py
[2026-01-29T04:22:00.395+0000] {logging_mixin.py:188} INFO - [2026-01-29T04:22:00.395+0000] {dag.py:3089} INFO - Sync 1 DAGs
[2026-01-29T04:22:00.409+0000] {logging_mixin.py:188} INFO - [2026-01-29T04:22:00.409+0000] {dag.py:3947} INFO - Setting next_dagrun for tutorial_objectstorage to None, run_after=None
[2026-01-29T04:22:00.430+0000] {processor.py:183} INFO - Processing /home/airflow/.local/lib/python3.12/site-packages/airflow/example_dags/tutorial_objectstorage.py took 0.073 seconds
[2026-01-29T04:22:31.149+0000] {processor.py:161} INFO - Started process (PID=94197) to work on /home/airflow/.local/lib/python3.12/site-packages/airflow/example_dags/tutorial_objectstorage.py
[2026-01-29T04:22:31.150+0000] {processor.py:830} INFO - Processing file /home/airflow/.local/lib/python3.12/site-packages/airflow/example_dags/tutorial_objectstorage.py for tasks to queue
[2026-01-29T04:22:31.153+0000] {logging_mixin.py:188} INFO - [2026-01-29T04:22:31.152+0000] {dagbag.py:545} INFO - Filling up the DagBag from /home/airflow/.local/lib/python3.12/site-packages/airflow/example_dags/tutorial_objectstorage.py
[2026-01-29T04:22:31.159+0000] {processor.py:840} INFO - DAG(s) 'tutorial_objectstorage' retrieved from /home/airflow/.local/lib/python3.12/site-packages/airflow/example_dags/tutorial_objectstorage.py
[2026-01-29T04:22:31.178+0000] {logging_mixin.py:188} INFO - [2026-01-29T04:22:31.178+0000] {dag.py:3089} INFO - Sync 1 DAGs
[2026-01-29T04:22:31.191+0000] {logging_mixin.py:188} INFO - [2026-01-29T04:22:31.191+0000] {dag.py:3947} INFO - Setting next_dagrun for tutorial_objectstorage to None, run_after=None
[2026-01-29T04:22:31.211+0000] {processor.py:183} INFO - Processing /home/airflow/.local/lib/python3.12/site-packages/airflow/example_dags/tutorial_objectstorage.py took 0.069 seconds
[2026-01-29T04:23:01.950+0000] {processor.py:161} INFO - Started process (PID=94261) to work on /home/airflow/.local/lib/python3.12/site-packages/airflow/example_dags/tutorial_objectstorage.py
[2026-01-29T04:23:01.951+0000] {processor.py:830} INFO - Processing file /home/airflow/.local/lib/python3.12/site-packages/airflow/example_dags/tutorial_objectstorage.py for tasks to queue
[2026-01-29T04:23:01.953+0000] {logging_mixin.py:188} INFO - [2026-01-29T04:23:01.953+0000] {dagbag.py:545} INFO - Filling up the DagBag from /home/airflow/.local/lib/python3.12/site-packages/airflow/example_dags/tutorial_objectstorage.py
[2026-01-29T04:23:01.962+0000] {processor.py:840} INFO - DAG(s) 'tutorial_objectstorage' retrieved from /home/airflow/.local/lib/python3.12/site-packages/airflow/example_dags/tutorial_objectstorage.py
[2026-01-29T04:23:01.983+0000] {logging_mixin.py:188} INFO - [2026-01-29T04:23:01.983+0000] {dag.py:3089} INFO - Sync 1 DAGs
[2026-01-29T04:23:01.998+0000] {logging_mixin.py:188} INFO - [2026-01-29T04:23:01.997+0000] {dag.py:3947} INFO - Setting next_dagrun for tutorial_objectstorage to None, run_after=None
[2026-01-29T04:23:02.022+0000] {processor.py:183} INFO - Processing /home/airflow/.local/lib/python3.12/site-packages/airflow/example_dags/tutorial_objectstorage.py took 0.081 seconds
[2026-01-29T04:23:32.701+0000] {processor.py:161} INFO - Started process (PID=94320) to work on /home/airflow/.local/lib/python3.12/site-packages/airflow/example_dags/tutorial_objectstorage.py
[2026-01-29T04:23:32.702+0000] {processor.py:830} INFO - Processing file /home/airflow/.local/lib/python3.12/site-packages/airflow/example_dags/tutorial_objectstorage.py for tasks to queue
[2026-01-29T04:23:32.704+0000] {logging_mixin.py:188} INFO - [2026-01-29T04:23:32.703+0000] {dagbag.py:545} INFO - Filling up the DagBag from /home/airflow/.local/lib/python3.12/site-packages/airflow/example_dags/tutorial_objectstorage.py
[2026-01-29T04:23:32.712+0000] {processor.py:840} INFO - DAG(s) 'tutorial_objectstorage' retrieved from /home/airflow/.local/lib/python3.12/site-packages/airflow/example_dags/tutorial_objectstorage.py
[2026-01-29T04:23:32.732+0000] {logging_mixin.py:188} INFO - [2026-01-29T04:23:32.732+0000] {dag.py:3089} INFO - Sync 1 DAGs
[2026-01-29T04:23:32.746+0000] {logging_mixin.py:188} INFO - [2026-01-29T04:23:32.746+0000] {dag.py:3947} INFO - Setting next_dagrun for tutorial_objectstorage to None, run_after=None
[2026-01-29T04:23:32.766+0000] {processor.py:183} INFO - Processing /home/airflow/.local/lib/python3.12/site-packages/airflow/example_dags/tutorial_objectstorage.py took 0.072 seconds
[2026-01-29T04:24:03.543+0000] {processor.py:161} INFO - Started process (PID=94384) to work on /home/airflow/.local/lib/python3.12/site-packages/airflow/example_dags/tutorial_objectstorage.py
[2026-01-29T04:24:03.544+0000] {processor.py:830} INFO - Processing file /home/airflow/.local/lib/python3.12/site-packages/airflow/example_dags/tutorial_objectstorage.py for tasks to queue
[2026-01-29T04:24:03.545+0000] {logging_mixin.py:188} INFO - [2026-01-29T04:24:03.545+0000] {dagbag.py:545} INFO - Filling up the DagBag from /home/airflow/.local/lib/python3.12/site-packages/airflow/example_dags/tutorial_objectstorage.py
[2026-01-29T04:24:03.552+0000] {processor.py:840} INFO - DAG(s) 'tutorial_objectstorage' retrieved from /home/airflow/.local/lib/python3.12/site-packages/airflow/example_dags/tutorial_objectstorage.py
[2026-01-29T04:24:03.576+0000] {logging_mixin.py:188} INFO - [2026-01-29T04:24:03.576+0000] {dag.py:3089} INFO - Sync 1 DAGs
[2026-01-29T04:24:03.596+0000] {logging_mixin.py:188} INFO - [2026-01-29T04:24:03.596+0000] {dag.py:3947} INFO - Setting next_dagrun for tutorial_objectstorage to None, run_after=None
[2026-01-29T04:24:03.616+0000] {processor.py:183} INFO - Processing /home/airflow/.local/lib/python3.12/site-packages/airflow/example_dags/tutorial_objectstorage.py took 0.079 seconds
[2026-01-29T04:24:34.283+0000] {processor.py:161} INFO - Started process (PID=94443) to work on /home/airflow/.local/lib/python3.12/site-packages/airflow/example_dags/tutorial_objectstorage.py
[2026-01-29T04:24:34.284+0000] {processor.py:830} INFO - Processing file /home/airflow/.local/lib/python3.12/site-packages/airflow/example_dags/tutorial_objectstorage.py for tasks to queue
[2026-01-29T04:24:34.286+0000] {logging_mixin.py:188} INFO - [2026-01-29T04:24:34.286+0000] {dagbag.py:545} INFO - Filling up the DagBag from /home/airflow/.local/lib/python3.12/site-packages/airflow/example_dags/tutorial_objectstorage.py
[2026-01-29T04:24:34.294+0000] {processor.py:840} INFO - DAG(s) 'tutorial_objectstorage' retrieved from /home/airflow/.local/lib/python3.12/site-packages/airflow/example_dags/tutorial_objectstorage.py
[2026-01-29T04:24:34.314+0000] {logging_mixin.py:188} INFO - [2026-01-29T04:24:34.313+0000] {dag.py:3089} INFO - Sync 1 DAGs
[2026-01-29T04:24:34.328+0000] {logging_mixin.py:188} INFO - [2026-01-29T04:24:34.328+0000] {dag.py:3947} INFO - Setting next_dagrun for tutorial_objectstorage to None, run_after=None
[2026-01-29T04:24:34.348+0000] {processor.py:183} INFO - Processing /home/airflow/.local/lib/python3.12/site-packages/airflow/example_dags/tutorial_objectstorage.py took 0.073 seconds
[2026-01-29T04:25:05.028+0000] {processor.py:161} INFO - Started process (PID=94507) to work on /home/airflow/.local/lib/python3.12/site-packages/airflow/example_dags/tutorial_objectstorage.py
[2026-01-29T04:25:05.029+0000] {processor.py:830} INFO - Processing file /home/airflow/.local/lib/python3.12/site-packages/airflow/example_dags/tutorial_objectstorage.py for tasks to queue
[2026-01-29T04:25:05.031+0000] {logging_mixin.py:188} INFO - [2026-01-29T04:25:05.031+0000] {dagbag.py:545} INFO - Filling up the DagBag from /home/airflow/.local/lib/python3.12/site-packages/airflow/example_dags/tutorial_objectstorage.py
[2026-01-29T04:25:05.039+0000] {processor.py:840} INFO - DAG(s) 'tutorial_objectstorage' retrieved from /home/airflow/.local/lib/python3.12/site-packages/airflow/example_dags/tutorial_objectstorage.py
[2026-01-29T04:25:05.060+0000] {logging_mixin.py:188} INFO - [2026-01-29T04:25:05.060+0000] {dag.py:3089} INFO - Sync 1 DAGs
[2026-01-29T04:25:05.075+0000] {logging_mixin.py:188} INFO - [2026-01-29T04:25:05.074+0000] {dag.py:3947} INFO - Setting next_dagrun for tutorial_objectstorage to None, run_after=None
[2026-01-29T04:25:05.095+0000] {processor.py:183} INFO - Processing /home/airflow/.local/lib/python3.12/site-packages/airflow/example_dags/tutorial_objectstorage.py took 0.073 seconds
[2026-01-29T04:25:35.782+0000] {processor.py:161} INFO - Started process (PID=94566) to work on /home/airflow/.local/lib/python3.12/site-packages/airflow/example_dags/tutorial_objectstorage.py
[2026-01-29T04:25:35.782+0000] {processor.py:830} INFO - Processing file /home/airflow/.local/lib/python3.12/site-packages/airflow/example_dags/tutorial_objectstorage.py for tasks to queue
[2026-01-29T04:25:35.785+0000] {logging_mixin.py:188} INFO - [2026-01-29T04:25:35.784+0000] {dagbag.py:545} INFO - Filling up the DagBag from /home/airflow/.local/lib/python3.12/site-packages/airflow/example_dags/tutorial_objectstorage.py
[2026-01-29T04:25:35.792+0000] {processor.py:840} INFO - DAG(s) 'tutorial_objectstorage' retrieved from /home/airflow/.local/lib/python3.12/site-packages/airflow/example_dags/tutorial_objectstorage.py
[2026-01-29T04:25:35.814+0000] {logging_mixin.py:188} INFO - [2026-01-29T04:25:35.813+0000] {dag.py:3089} INFO - Sync 1 DAGs
[2026-01-29T04:25:35.829+0000] {logging_mixin.py:188} INFO - [2026-01-29T04:25:35.828+0000] {dag.py:3947} INFO - Setting next_dagrun for tutorial_objectstorage to None, run_after=None
[2026-01-29T04:25:35.850+0000] {processor.py:183} INFO - Processing /home/airflow/.local/lib/python3.12/site-packages/airflow/example_dags/tutorial_objectstorage.py took 0.076 seconds
[2026-01-29T04:26:06.483+0000] {processor.py:161} INFO - Started process (PID=94630) to work on /home/airflow/.local/lib/python3.12/site-packages/airflow/example_dags/tutorial_objectstorage.py
[2026-01-29T04:26:06.484+0000] {processor.py:830} INFO - Processing file /home/airflow/.local/lib/python3.12/site-packages/airflow/example_dags/tutorial_objectstorage.py for tasks to queue
[2026-01-29T04:26:06.486+0000] {logging_mixin.py:188} INFO - [2026-01-29T04:26:06.486+0000] {dagbag.py:545} INFO - Filling up the DagBag from /home/airflow/.local/lib/python3.12/site-packages/airflow/example_dags/tutorial_objectstorage.py
[2026-01-29T04:26:06.493+0000] {processor.py:840} INFO - DAG(s) 'tutorial_objectstorage' retrieved from /home/airflow/.local/lib/python3.12/site-packages/airflow/example_dags/tutorial_objectstorage.py
[2026-01-29T04:26:06.511+0000] {logging_mixin.py:188} INFO - [2026-01-29T04:26:06.511+0000] {dag.py:3089} INFO - Sync 1 DAGs
[2026-01-29T04:26:06.525+0000] {logging_mixin.py:188} INFO - [2026-01-29T04:26:06.525+0000] {dag.py:3947} INFO - Setting next_dagrun for tutorial_objectstorage to None, run_after=None
[2026-01-29T04:26:06.544+0000] {processor.py:183} INFO - Processing /home/airflow/.local/lib/python3.12/site-packages/airflow/example_dags/tutorial_objectstorage.py took 0.067 seconds
[2026-01-29T04:26:37.312+0000] {processor.py:161} INFO - Started process (PID=94689) to work on /home/airflow/.local/lib/python3.12/site-packages/airflow/example_dags/tutorial_objectstorage.py
[2026-01-29T04:26:37.312+0000] {processor.py:830} INFO - Processing file /home/airflow/.local/lib/python3.12/site-packages/airflow/example_dags/tutorial_objectstorage.py for tasks to queue
[2026-01-29T04:26:37.314+0000] {logging_mixin.py:188} INFO - [2026-01-29T04:26:37.314+0000] {dagbag.py:545} INFO - Filling up the DagBag from /home/airflow/.local/lib/python3.12/site-packages/airflow/example_dags/tutorial_objectstorage.py
[2026-01-29T04:26:37.323+0000] {processor.py:840} INFO - DAG(s) 'tutorial_objectstorage' retrieved from /home/airflow/.local/lib/python3.12/site-packages/airflow/example_dags/tutorial_objectstorage.py
[2026-01-29T04:26:37.344+0000] {logging_mixin.py:188} INFO - [2026-01-29T04:26:37.344+0000] {dag.py:3089} INFO - Sync 1 DAGs
[2026-01-29T04:26:37.358+0000] {logging_mixin.py:188} INFO - [2026-01-29T04:26:37.358+0000] {dag.py:3947} INFO - Setting next_dagrun for tutorial_objectstorage to None, run_after=None
[2026-01-29T04:26:37.378+0000] {processor.py:183} INFO - Processing /home/airflow/.local/lib/python3.12/site-packages/airflow/example_dags/tutorial_objectstorage.py took 0.075 seconds
[2026-01-29T04:27:07.998+0000] {processor.py:161} INFO - Started process (PID=94753) to work on /home/airflow/.local/lib/python3.12/site-packages/airflow/example_dags/tutorial_objectstorage.py
[2026-01-29T04:27:07.999+0000] {processor.py:830} INFO - Processing file /home/airflow/.local/lib/python3.12/site-packages/airflow/example_dags/tutorial_objectstorage.py for tasks to queue
[2026-01-29T04:27:08.001+0000] {logging_mixin.py:188} INFO - [2026-01-29T04:27:08.000+0000] {dagbag.py:545} INFO - Filling up the DagBag from /home/airflow/.local/lib/python3.12/site-packages/airflow/example_dags/tutorial_objectstorage.py
[2026-01-29T04:27:08.007+0000] {processor.py:840} INFO - DAG(s) 'tutorial_objectstorage' retrieved from /home/airflow/.local/lib/python3.12/site-packages/airflow/example_dags/tutorial_objectstorage.py
[2026-01-29T04:27:08.025+0000] {logging_mixin.py:188} INFO - [2026-01-29T04:27:08.025+0000] {dag.py:3089} INFO - Sync 1 DAGs
[2026-01-29T04:27:08.038+0000] {logging_mixin.py:188} INFO - [2026-01-29T04:27:08.038+0000] {dag.py:3947} INFO - Setting next_dagrun for tutorial_objectstorage to None, run_after=None
[2026-01-29T04:27:08.058+0000] {processor.py:183} INFO - Processing /home/airflow/.local/lib/python3.12/site-packages/airflow/example_dags/tutorial_objectstorage.py took 0.066 seconds
[2026-01-29T04:27:38.765+0000] {processor.py:161} INFO - Started process (PID=94812) to work on /home/airflow/.local/lib/python3.12/site-packages/airflow/example_dags/tutorial_objectstorage.py
[2026-01-29T04:27:38.766+0000] {processor.py:830} INFO - Processing file /home/airflow/.local/lib/python3.12/site-packages/airflow/example_dags/tutorial_objectstorage.py for tasks to queue
[2026-01-29T04:27:38.768+0000] {logging_mixin.py:188} INFO - [2026-01-29T04:27:38.767+0000] {dagbag.py:545} INFO - Filling up the DagBag from /home/airflow/.local/lib/python3.12/site-packages/airflow/example_dags/tutorial_objectstorage.py
[2026-01-29T04:27:38.776+0000] {processor.py:840} INFO - DAG(s) 'tutorial_objectstorage' retrieved from /home/airflow/.local/lib/python3.12/site-packages/airflow/example_dags/tutorial_objectstorage.py
[2026-01-29T04:27:38.797+0000] {logging_mixin.py:188} INFO - [2026-01-29T04:27:38.796+0000] {dag.py:3089} INFO - Sync 1 DAGs
[2026-01-29T04:27:38.812+0000] {logging_mixin.py:188} INFO - [2026-01-29T04:27:38.812+0000] {dag.py:3947} INFO - Setting next_dagrun for tutorial_objectstorage to None, run_after=None
[2026-01-29T04:27:38.833+0000] {processor.py:183} INFO - Processing /home/airflow/.local/lib/python3.12/site-packages/airflow/example_dags/tutorial_objectstorage.py took 0.074 seconds
[2026-01-29T04:28:09.507+0000] {processor.py:161} INFO - Started process (PID=94876) to work on /home/airflow/.local/lib/python3.12/site-packages/airflow/example_dags/tutorial_objectstorage.py
[2026-01-29T04:28:09.511+0000] {processor.py:830} INFO - Processing file /home/airflow/.local/lib/python3.12/site-packages/airflow/example_dags/tutorial_objectstorage.py for tasks to queue
[2026-01-29T04:28:09.512+0000] {logging_mixin.py:188} INFO - [2026-01-29T04:28:09.512+0000] {dagbag.py:545} INFO - Filling up the DagBag from /home/airflow/.local/lib/python3.12/site-packages/airflow/example_dags/tutorial_objectstorage.py
[2026-01-29T04:28:09.519+0000] {processor.py:840} INFO - DAG(s) 'tutorial_objectstorage' retrieved from /home/airflow/.local/lib/python3.12/site-packages/airflow/example_dags/tutorial_objectstorage.py
[2026-01-29T04:28:09.539+0000] {logging_mixin.py:188} INFO - [2026-01-29T04:28:09.539+0000] {dag.py:3089} INFO - Sync 1 DAGs
[2026-01-29T04:28:09.554+0000] {logging_mixin.py:188} INFO - [2026-01-29T04:28:09.554+0000] {dag.py:3947} INFO - Setting next_dagrun for tutorial_objectstorage to None, run_after=None
[2026-01-29T04:28:09.575+0000] {processor.py:183} INFO - Processing /home/airflow/.local/lib/python3.12/site-packages/airflow/example_dags/tutorial_objectstorage.py took 0.075 seconds
[2026-01-29T04:28:40.201+0000] {processor.py:161} INFO - Started process (PID=94935) to work on /home/airflow/.local/lib/python3.12/site-packages/airflow/example_dags/tutorial_objectstorage.py
[2026-01-29T04:28:40.202+0000] {processor.py:830} INFO - Processing file /home/airflow/.local/lib/python3.12/site-packages/airflow/example_dags/tutorial_objectstorage.py for tasks to queue
[2026-01-29T04:28:40.204+0000] {logging_mixin.py:188} INFO - [2026-01-29T04:28:40.204+0000] {dagbag.py:545} INFO - Filling up the DagBag from /home/airflow/.local/lib/python3.12/site-packages/airflow/example_dags/tutorial_objectstorage.py
[2026-01-29T04:28:40.212+0000] {processor.py:840} INFO - DAG(s) 'tutorial_objectstorage' retrieved from /home/airflow/.local/lib/python3.12/site-packages/airflow/example_dags/tutorial_objectstorage.py
[2026-01-29T04:28:40.231+0000] {logging_mixin.py:188} INFO - [2026-01-29T04:28:40.231+0000] {dag.py:3089} INFO - Sync 1 DAGs
[2026-01-29T04:28:40.244+0000] {logging_mixin.py:188} INFO - [2026-01-29T04:28:40.243+0000] {dag.py:3947} INFO - Setting next_dagrun for tutorial_objectstorage to None, run_after=None
[2026-01-29T04:28:40.262+0000] {processor.py:183} INFO - Processing /home/airflow/.local/lib/python3.12/site-packages/airflow/example_dags/tutorial_objectstorage.py took 0.068 seconds
[2026-01-29T04:29:10.862+0000] {processor.py:161} INFO - Started process (PID=94999) to work on /home/airflow/.local/lib/python3.12/site-packages/airflow/example_dags/tutorial_objectstorage.py
[2026-01-29T04:29:10.863+0000] {processor.py:830} INFO - Processing file /home/airflow/.local/lib/python3.12/site-packages/airflow/example_dags/tutorial_objectstorage.py for tasks to queue
[2026-01-29T04:29:10.865+0000] {logging_mixin.py:188} INFO - [2026-01-29T04:29:10.865+0000] {dagbag.py:545} INFO - Filling up the DagBag from /home/airflow/.local/lib/python3.12/site-packages/airflow/example_dags/tutorial_objectstorage.py
[2026-01-29T04:29:10.873+0000] {processor.py:840} INFO - DAG(s) 'tutorial_objectstorage' retrieved from /home/airflow/.local/lib/python3.12/site-packages/airflow/example_dags/tutorial_objectstorage.py
[2026-01-29T04:29:10.894+0000] {logging_mixin.py:188} INFO - [2026-01-29T04:29:10.893+0000] {dag.py:3089} INFO - Sync 1 DAGs
[2026-01-29T04:29:10.908+0000] {logging_mixin.py:188} INFO - [2026-01-29T04:29:10.908+0000] {dag.py:3947} INFO - Setting next_dagrun for tutorial_objectstorage to None, run_after=None
[2026-01-29T04:29:10.928+0000] {processor.py:183} INFO - Processing /home/airflow/.local/lib/python3.12/site-packages/airflow/example_dags/tutorial_objectstorage.py took 0.072 seconds
[2026-01-29T04:29:41.613+0000] {processor.py:161} INFO - Started process (PID=95058) to work on /home/airflow/.local/lib/python3.12/site-packages/airflow/example_dags/tutorial_objectstorage.py
[2026-01-29T04:29:41.614+0000] {processor.py:830} INFO - Processing file /home/airflow/.local/lib/python3.12/site-packages/airflow/example_dags/tutorial_objectstorage.py for tasks to queue
[2026-01-29T04:29:41.616+0000] {logging_mixin.py:188} INFO - [2026-01-29T04:29:41.616+0000] {dagbag.py:545} INFO - Filling up the DagBag from /home/airflow/.local/lib/python3.12/site-packages/airflow/example_dags/tutorial_objectstorage.py
[2026-01-29T04:29:41.624+0000] {processor.py:840} INFO - DAG(s) 'tutorial_objectstorage' retrieved from /home/airflow/.local/lib/python3.12/site-packages/airflow/example_dags/tutorial_objectstorage.py
[2026-01-29T04:29:41.645+0000] {logging_mixin.py:188} INFO - [2026-01-29T04:29:41.645+0000] {dag.py:3089} INFO - Sync 1 DAGs
[2026-01-29T04:29:41.658+0000] {logging_mixin.py:188} INFO - [2026-01-29T04:29:41.658+0000] {dag.py:3947} INFO - Setting next_dagrun for tutorial_objectstorage to None, run_after=None
[2026-01-29T04:29:41.678+0000] {processor.py:183} INFO - Processing /home/airflow/.local/lib/python3.12/site-packages/airflow/example_dags/tutorial_objectstorage.py took 0.073 seconds
[2026-01-29T04:30:12.349+0000] {processor.py:161} INFO - Started process (PID=95122) to work on /home/airflow/.local/lib/python3.12/site-packages/airflow/example_dags/tutorial_objectstorage.py
[2026-01-29T04:30:12.350+0000] {processor.py:830} INFO - Processing file /home/airflow/.local/lib/python3.12/site-packages/airflow/example_dags/tutorial_objectstorage.py for tasks to queue
[2026-01-29T04:30:12.352+0000] {logging_mixin.py:188} INFO - [2026-01-29T04:30:12.352+0000] {dagbag.py:545} INFO - Filling up the DagBag from /home/airflow/.local/lib/python3.12/site-packages/airflow/example_dags/tutorial_objectstorage.py
[2026-01-29T04:30:12.358+0000] {processor.py:840} INFO - DAG(s) 'tutorial_objectstorage' retrieved from /home/airflow/.local/lib/python3.12/site-packages/airflow/example_dags/tutorial_objectstorage.py
[2026-01-29T04:30:12.377+0000] {logging_mixin.py:188} INFO - [2026-01-29T04:30:12.376+0000] {dag.py:3089} INFO - Sync 1 DAGs
[2026-01-29T04:30:12.390+0000] {logging_mixin.py:188} INFO - [2026-01-29T04:30:12.390+0000] {dag.py:3947} INFO - Setting next_dagrun for tutorial_objectstorage to None, run_after=None
[2026-01-29T04:30:12.409+0000] {processor.py:183} INFO - Processing /home/airflow/.local/lib/python3.12/site-packages/airflow/example_dags/tutorial_objectstorage.py took 0.066 seconds
[2026-01-29T04:30:43.047+0000] {processor.py:161} INFO - Started process (PID=95181) to work on /home/airflow/.local/lib/python3.12/site-packages/airflow/example_dags/tutorial_objectstorage.py
[2026-01-29T04:30:43.048+0000] {processor.py:830} INFO - Processing file /home/airflow/.local/lib/python3.12/site-packages/airflow/example_dags/tutorial_objectstorage.py for tasks to queue
[2026-01-29T04:30:43.050+0000] {logging_mixin.py:188} INFO - [2026-01-29T04:30:43.049+0000] {dagbag.py:545} INFO - Filling up the DagBag from /home/airflow/.local/lib/python3.12/site-packages/airflow/example_dags/tutorial_objectstorage.py
[2026-01-29T04:30:43.058+0000] {processor.py:840} INFO - DAG(s) 'tutorial_objectstorage' retrieved from /home/airflow/.local/lib/python3.12/site-packages/airflow/example_dags/tutorial_objectstorage.py
[2026-01-29T04:30:43.078+0000] {logging_mixin.py:188} INFO - [2026-01-29T04:30:43.078+0000] {dag.py:3089} INFO - Sync 1 DAGs
[2026-01-29T04:30:43.091+0000] {logging_mixin.py:188} INFO - [2026-01-29T04:30:43.091+0000] {dag.py:3947} INFO - Setting next_dagrun for tutorial_objectstorage to None, run_after=None
[2026-01-29T04:30:43.111+0000] {processor.py:183} INFO - Processing /home/airflow/.local/lib/python3.12/site-packages/airflow/example_dags/tutorial_objectstorage.py took 0.072 seconds
[2026-01-29T04:31:13.895+0000] {processor.py:161} INFO - Started process (PID=95245) to work on /home/airflow/.local/lib/python3.12/site-packages/airflow/example_dags/tutorial_objectstorage.py
[2026-01-29T04:31:13.896+0000] {processor.py:830} INFO - Processing file /home/airflow/.local/lib/python3.12/site-packages/airflow/example_dags/tutorial_objectstorage.py for tasks to queue
[2026-01-29T04:31:13.898+0000] {logging_mixin.py:188} INFO - [2026-01-29T04:31:13.898+0000] {dagbag.py:545} INFO - Filling up the DagBag from /home/airflow/.local/lib/python3.12/site-packages/airflow/example_dags/tutorial_objectstorage.py
[2026-01-29T04:31:13.907+0000] {processor.py:840} INFO - DAG(s) 'tutorial_objectstorage' retrieved from /home/airflow/.local/lib/python3.12/site-packages/airflow/example_dags/tutorial_objectstorage.py
[2026-01-29T04:31:13.925+0000] {logging_mixin.py:188} INFO - [2026-01-29T04:31:13.925+0000] {dag.py:3089} INFO - Sync 1 DAGs
[2026-01-29T04:31:13.938+0000] {logging_mixin.py:188} INFO - [2026-01-29T04:31:13.938+0000] {dag.py:3947} INFO - Setting next_dagrun for tutorial_objectstorage to None, run_after=None
[2026-01-29T04:31:13.956+0000] {processor.py:183} INFO - Processing /home/airflow/.local/lib/python3.12/site-packages/airflow/example_dags/tutorial_objectstorage.py took 0.068 seconds
[2026-01-29T04:31:44.135+0000] {processor.py:161} INFO - Started process (PID=95304) to work on /home/airflow/.local/lib/python3.12/site-packages/airflow/example_dags/tutorial_objectstorage.py
[2026-01-29T04:31:44.136+0000] {processor.py:830} INFO - Processing file /home/airflow/.local/lib/python3.12/site-packages/airflow/example_dags/tutorial_objectstorage.py for tasks to queue
[2026-01-29T04:31:44.138+0000] {logging_mixin.py:188} INFO - [2026-01-29T04:31:44.138+0000] {dagbag.py:545} INFO - Filling up the DagBag from /home/airflow/.local/lib/python3.12/site-packages/airflow/example_dags/tutorial_objectstorage.py
[2026-01-29T04:31:44.145+0000] {processor.py:840} INFO - DAG(s) 'tutorial_objectstorage' retrieved from /home/airflow/.local/lib/python3.12/site-packages/airflow/example_dags/tutorial_objectstorage.py
[2026-01-29T04:31:44.164+0000] {logging_mixin.py:188} INFO - [2026-01-29T04:31:44.163+0000] {dag.py:3089} INFO - Sync 1 DAGs
[2026-01-29T04:31:44.179+0000] {logging_mixin.py:188} INFO - [2026-01-29T04:31:44.178+0000] {dag.py:3947} INFO - Setting next_dagrun for tutorial_objectstorage to None, run_after=None
[2026-01-29T04:31:44.197+0000] {processor.py:183} INFO - Processing /home/airflow/.local/lib/python3.12/site-packages/airflow/example_dags/tutorial_objectstorage.py took 0.069 seconds
[2026-01-29T04:32:14.443+0000] {processor.py:161} INFO - Started process (PID=95368) to work on /home/airflow/.local/lib/python3.12/site-packages/airflow/example_dags/tutorial_objectstorage.py
[2026-01-29T04:32:14.444+0000] {processor.py:830} INFO - Processing file /home/airflow/.local/lib/python3.12/site-packages/airflow/example_dags/tutorial_objectstorage.py for tasks to queue
[2026-01-29T04:32:14.446+0000] {logging_mixin.py:188} INFO - [2026-01-29T04:32:14.445+0000] {dagbag.py:545} INFO - Filling up the DagBag from /home/airflow/.local/lib/python3.12/site-packages/airflow/example_dags/tutorial_objectstorage.py
[2026-01-29T04:32:14.453+0000] {processor.py:840} INFO - DAG(s) 'tutorial_objectstorage' retrieved from /home/airflow/.local/lib/python3.12/site-packages/airflow/example_dags/tutorial_objectstorage.py
[2026-01-29T04:32:14.473+0000] {logging_mixin.py:188} INFO - [2026-01-29T04:32:14.473+0000] {dag.py:3089} INFO - Sync 1 DAGs
[2026-01-29T04:32:14.487+0000] {logging_mixin.py:188} INFO - [2026-01-29T04:32:14.487+0000] {dag.py:3947} INFO - Setting next_dagrun for tutorial_objectstorage to None, run_after=None
[2026-01-29T04:32:14.508+0000] {processor.py:183} INFO - Processing /home/airflow/.local/lib/python3.12/site-packages/airflow/example_dags/tutorial_objectstorage.py took 0.071 seconds
[2026-01-29T04:32:44.694+0000] {processor.py:161} INFO - Started process (PID=95427) to work on /home/airflow/.local/lib/python3.12/site-packages/airflow/example_dags/tutorial_objectstorage.py
[2026-01-29T04:32:44.694+0000] {processor.py:830} INFO - Processing file /home/airflow/.local/lib/python3.12/site-packages/airflow/example_dags/tutorial_objectstorage.py for tasks to queue
[2026-01-29T04:32:44.696+0000] {logging_mixin.py:188} INFO - [2026-01-29T04:32:44.696+0000] {dagbag.py:545} INFO - Filling up the DagBag from /home/airflow/.local/lib/python3.12/site-packages/airflow/example_dags/tutorial_objectstorage.py
[2026-01-29T04:32:44.703+0000] {processor.py:840} INFO - DAG(s) 'tutorial_objectstorage' retrieved from /home/airflow/.local/lib/python3.12/site-packages/airflow/example_dags/tutorial_objectstorage.py
[2026-01-29T04:32:44.724+0000] {logging_mixin.py:188} INFO - [2026-01-29T04:32:44.724+0000] {dag.py:3089} INFO - Sync 1 DAGs
[2026-01-29T04:32:44.737+0000] {logging_mixin.py:188} INFO - [2026-01-29T04:32:44.737+0000] {dag.py:3947} INFO - Setting next_dagrun for tutorial_objectstorage to None, run_after=None
[2026-01-29T04:32:44.758+0000] {processor.py:183} INFO - Processing /home/airflow/.local/lib/python3.12/site-packages/airflow/example_dags/tutorial_objectstorage.py took 0.070 seconds
[2026-01-29T04:33:14.909+0000] {processor.py:161} INFO - Started process (PID=95491) to work on /home/airflow/.local/lib/python3.12/site-packages/airflow/example_dags/tutorial_objectstorage.py
[2026-01-29T04:33:14.910+0000] {processor.py:830} INFO - Processing file /home/airflow/.local/lib/python3.12/site-packages/airflow/example_dags/tutorial_objectstorage.py for tasks to queue
[2026-01-29T04:33:14.912+0000] {logging_mixin.py:188} INFO - [2026-01-29T04:33:14.912+0000] {dagbag.py:545} INFO - Filling up the DagBag from /home/airflow/.local/lib/python3.12/site-packages/airflow/example_dags/tutorial_objectstorage.py
[2026-01-29T04:33:14.919+0000] {processor.py:840} INFO - DAG(s) 'tutorial_objectstorage' retrieved from /home/airflow/.local/lib/python3.12/site-packages/airflow/example_dags/tutorial_objectstorage.py
[2026-01-29T04:33:14.937+0000] {logging_mixin.py:188} INFO - [2026-01-29T04:33:14.937+0000] {dag.py:3089} INFO - Sync 1 DAGs
[2026-01-29T04:33:14.950+0000] {logging_mixin.py:188} INFO - [2026-01-29T04:33:14.950+0000] {dag.py:3947} INFO - Setting next_dagrun for tutorial_objectstorage to None, run_after=None
[2026-01-29T04:33:14.970+0000] {processor.py:183} INFO - Processing /home/airflow/.local/lib/python3.12/site-packages/airflow/example_dags/tutorial_objectstorage.py took 0.066 seconds
[2026-01-29T04:33:45.244+0000] {processor.py:161} INFO - Started process (PID=95550) to work on /home/airflow/.local/lib/python3.12/site-packages/airflow/example_dags/tutorial_objectstorage.py
[2026-01-29T04:33:45.245+0000] {processor.py:830} INFO - Processing file /home/airflow/.local/lib/python3.12/site-packages/airflow/example_dags/tutorial_objectstorage.py for tasks to queue
[2026-01-29T04:33:45.247+0000] {logging_mixin.py:188} INFO - [2026-01-29T04:33:45.246+0000] {dagbag.py:545} INFO - Filling up the DagBag from /home/airflow/.local/lib/python3.12/site-packages/airflow/example_dags/tutorial_objectstorage.py
[2026-01-29T04:33:45.255+0000] {processor.py:840} INFO - DAG(s) 'tutorial_objectstorage' retrieved from /home/airflow/.local/lib/python3.12/site-packages/airflow/example_dags/tutorial_objectstorage.py
[2026-01-29T04:33:45.278+0000] {logging_mixin.py:188} INFO - [2026-01-29T04:33:45.277+0000] {dag.py:3089} INFO - Sync 1 DAGs
[2026-01-29T04:33:45.293+0000] {logging_mixin.py:188} INFO - [2026-01-29T04:33:45.293+0000] {dag.py:3947} INFO - Setting next_dagrun for tutorial_objectstorage to None, run_after=None
[2026-01-29T04:33:45.316+0000] {processor.py:183} INFO - Processing /home/airflow/.local/lib/python3.12/site-packages/airflow/example_dags/tutorial_objectstorage.py took 0.080 seconds
[2026-01-29T04:34:15.487+0000] {processor.py:161} INFO - Started process (PID=95614) to work on /home/airflow/.local/lib/python3.12/site-packages/airflow/example_dags/tutorial_objectstorage.py
[2026-01-29T04:34:15.488+0000] {processor.py:830} INFO - Processing file /home/airflow/.local/lib/python3.12/site-packages/airflow/example_dags/tutorial_objectstorage.py for tasks to queue
[2026-01-29T04:34:15.490+0000] {logging_mixin.py:188} INFO - [2026-01-29T04:34:15.490+0000] {dagbag.py:545} INFO - Filling up the DagBag from /home/airflow/.local/lib/python3.12/site-packages/airflow/example_dags/tutorial_objectstorage.py
[2026-01-29T04:34:15.498+0000] {processor.py:840} INFO - DAG(s) 'tutorial_objectstorage' retrieved from /home/airflow/.local/lib/python3.12/site-packages/airflow/example_dags/tutorial_objectstorage.py
[2026-01-29T04:34:15.520+0000] {logging_mixin.py:188} INFO - [2026-01-29T04:34:15.520+0000] {dag.py:3089} INFO - Sync 1 DAGs
[2026-01-29T04:34:15.535+0000] {logging_mixin.py:188} INFO - [2026-01-29T04:34:15.535+0000] {dag.py:3947} INFO - Setting next_dagrun for tutorial_objectstorage to None, run_after=None
[2026-01-29T04:34:15.557+0000] {processor.py:183} INFO - Processing /home/airflow/.local/lib/python3.12/site-packages/airflow/example_dags/tutorial_objectstorage.py took 0.077 seconds
[2026-01-29T04:34:45.754+0000] {processor.py:161} INFO - Started process (PID=95672) to work on /home/airflow/.local/lib/python3.12/site-packages/airflow/example_dags/tutorial_objectstorage.py
[2026-01-29T04:34:45.755+0000] {processor.py:830} INFO - Processing file /home/airflow/.local/lib/python3.12/site-packages/airflow/example_dags/tutorial_objectstorage.py for tasks to queue
[2026-01-29T04:34:45.757+0000] {logging_mixin.py:188} INFO - [2026-01-29T04:34:45.757+0000] {dagbag.py:545} INFO - Filling up the DagBag from /home/airflow/.local/lib/python3.12/site-packages/airflow/example_dags/tutorial_objectstorage.py
[2026-01-29T04:34:45.764+0000] {processor.py:840} INFO - DAG(s) 'tutorial_objectstorage' retrieved from /home/airflow/.local/lib/python3.12/site-packages/airflow/example_dags/tutorial_objectstorage.py
[2026-01-29T04:34:45.783+0000] {logging_mixin.py:188} INFO - [2026-01-29T04:34:45.783+0000] {dag.py:3089} INFO - Sync 1 DAGs
[2026-01-29T04:34:45.797+0000] {logging_mixin.py:188} INFO - [2026-01-29T04:34:45.797+0000] {dag.py:3947} INFO - Setting next_dagrun for tutorial_objectstorage to None, run_after=None
[2026-01-29T04:34:45.816+0000] {processor.py:183} INFO - Processing /home/airflow/.local/lib/python3.12/site-packages/airflow/example_dags/tutorial_objectstorage.py took 0.070 seconds
[2026-01-29T04:35:15.960+0000] {processor.py:161} INFO - Started process (PID=95736) to work on /home/airflow/.local/lib/python3.12/site-packages/airflow/example_dags/tutorial_objectstorage.py
[2026-01-29T04:35:15.961+0000] {processor.py:830} INFO - Processing file /home/airflow/.local/lib/python3.12/site-packages/airflow/example_dags/tutorial_objectstorage.py for tasks to queue
[2026-01-29T04:35:15.963+0000] {logging_mixin.py:188} INFO - [2026-01-29T04:35:15.963+0000] {dagbag.py:545} INFO - Filling up the DagBag from /home/airflow/.local/lib/python3.12/site-packages/airflow/example_dags/tutorial_objectstorage.py
[2026-01-29T04:35:15.971+0000] {processor.py:840} INFO - DAG(s) 'tutorial_objectstorage' retrieved from /home/airflow/.local/lib/python3.12/site-packages/airflow/example_dags/tutorial_objectstorage.py
[2026-01-29T04:35:15.990+0000] {logging_mixin.py:188} INFO - [2026-01-29T04:35:15.989+0000] {dag.py:3089} INFO - Sync 1 DAGs
[2026-01-29T04:35:16.004+0000] {logging_mixin.py:188} INFO - [2026-01-29T04:35:16.003+0000] {dag.py:3947} INFO - Setting next_dagrun for tutorial_objectstorage to None, run_after=None
[2026-01-29T04:35:16.024+0000] {processor.py:183} INFO - Processing /home/airflow/.local/lib/python3.12/site-packages/airflow/example_dags/tutorial_objectstorage.py took 0.070 seconds
[2026-01-29T04:35:46.191+0000] {processor.py:161} INFO - Started process (PID=95795) to work on /home/airflow/.local/lib/python3.12/site-packages/airflow/example_dags/tutorial_objectstorage.py
[2026-01-29T04:35:46.192+0000] {processor.py:830} INFO - Processing file /home/airflow/.local/lib/python3.12/site-packages/airflow/example_dags/tutorial_objectstorage.py for tasks to queue
[2026-01-29T04:35:46.195+0000] {logging_mixin.py:188} INFO - [2026-01-29T04:35:46.194+0000] {dagbag.py:545} INFO - Filling up the DagBag from /home/airflow/.local/lib/python3.12/site-packages/airflow/example_dags/tutorial_objectstorage.py
[2026-01-29T04:35:46.203+0000] {processor.py:840} INFO - DAG(s) 'tutorial_objectstorage' retrieved from /home/airflow/.local/lib/python3.12/site-packages/airflow/example_dags/tutorial_objectstorage.py
[2026-01-29T04:35:46.223+0000] {logging_mixin.py:188} INFO - [2026-01-29T04:35:46.223+0000] {dag.py:3089} INFO - Sync 1 DAGs
[2026-01-29T04:35:46.237+0000] {logging_mixin.py:188} INFO - [2026-01-29T04:35:46.237+0000] {dag.py:3947} INFO - Setting next_dagrun for tutorial_objectstorage to None, run_after=None
[2026-01-29T04:35:46.256+0000] {processor.py:183} INFO - Processing /home/airflow/.local/lib/python3.12/site-packages/airflow/example_dags/tutorial_objectstorage.py took 0.072 seconds
[2026-01-29T04:36:16.368+0000] {processor.py:161} INFO - Started process (PID=95859) to work on /home/airflow/.local/lib/python3.12/site-packages/airflow/example_dags/tutorial_objectstorage.py
[2026-01-29T04:36:16.369+0000] {processor.py:830} INFO - Processing file /home/airflow/.local/lib/python3.12/site-packages/airflow/example_dags/tutorial_objectstorage.py for tasks to queue
[2026-01-29T04:36:16.370+0000] {logging_mixin.py:188} INFO - [2026-01-29T04:36:16.370+0000] {dagbag.py:545} INFO - Filling up the DagBag from /home/airflow/.local/lib/python3.12/site-packages/airflow/example_dags/tutorial_objectstorage.py
[2026-01-29T04:36:16.377+0000] {processor.py:840} INFO - DAG(s) 'tutorial_objectstorage' retrieved from /home/airflow/.local/lib/python3.12/site-packages/airflow/example_dags/tutorial_objectstorage.py
[2026-01-29T04:36:16.398+0000] {logging_mixin.py:188} INFO - [2026-01-29T04:36:16.397+0000] {dag.py:3089} INFO - Sync 1 DAGs
[2026-01-29T04:36:16.412+0000] {logging_mixin.py:188} INFO - [2026-01-29T04:36:16.411+0000] {dag.py:3947} INFO - Setting next_dagrun for tutorial_objectstorage to None, run_after=None
[2026-01-29T04:36:16.432+0000] {processor.py:183} INFO - Processing /home/airflow/.local/lib/python3.12/site-packages/airflow/example_dags/tutorial_objectstorage.py took 0.070 seconds
[2026-01-29T04:36:46.542+0000] {processor.py:161} INFO - Started process (PID=95918) to work on /home/airflow/.local/lib/python3.12/site-packages/airflow/example_dags/tutorial_objectstorage.py
[2026-01-29T04:36:46.543+0000] {processor.py:830} INFO - Processing file /home/airflow/.local/lib/python3.12/site-packages/airflow/example_dags/tutorial_objectstorage.py for tasks to queue
[2026-01-29T04:36:46.544+0000] {logging_mixin.py:188} INFO - [2026-01-29T04:36:46.544+0000] {dagbag.py:545} INFO - Filling up the DagBag from /home/airflow/.local/lib/python3.12/site-packages/airflow/example_dags/tutorial_objectstorage.py
[2026-01-29T04:36:46.551+0000] {processor.py:840} INFO - DAG(s) 'tutorial_objectstorage' retrieved from /home/airflow/.local/lib/python3.12/site-packages/airflow/example_dags/tutorial_objectstorage.py
[2026-01-29T04:36:46.570+0000] {logging_mixin.py:188} INFO - [2026-01-29T04:36:46.570+0000] {dag.py:3089} INFO - Sync 1 DAGs
[2026-01-29T04:36:46.584+0000] {logging_mixin.py:188} INFO - [2026-01-29T04:36:46.584+0000] {dag.py:3947} INFO - Setting next_dagrun for tutorial_objectstorage to None, run_after=None
[2026-01-29T04:36:46.605+0000] {processor.py:183} INFO - Processing /home/airflow/.local/lib/python3.12/site-packages/airflow/example_dags/tutorial_objectstorage.py took 0.069 seconds
[2026-01-29T04:37:16.958+0000] {processor.py:161} INFO - Started process (PID=95982) to work on /home/airflow/.local/lib/python3.12/site-packages/airflow/example_dags/tutorial_objectstorage.py
[2026-01-29T04:37:16.958+0000] {processor.py:830} INFO - Processing file /home/airflow/.local/lib/python3.12/site-packages/airflow/example_dags/tutorial_objectstorage.py for tasks to queue
[2026-01-29T04:37:16.960+0000] {logging_mixin.py:188} INFO - [2026-01-29T04:37:16.960+0000] {dagbag.py:545} INFO - Filling up the DagBag from /home/airflow/.local/lib/python3.12/site-packages/airflow/example_dags/tutorial_objectstorage.py
[2026-01-29T04:37:16.969+0000] {processor.py:840} INFO - DAG(s) 'tutorial_objectstorage' retrieved from /home/airflow/.local/lib/python3.12/site-packages/airflow/example_dags/tutorial_objectstorage.py
[2026-01-29T04:37:16.990+0000] {logging_mixin.py:188} INFO - [2026-01-29T04:37:16.990+0000] {dag.py:3089} INFO - Sync 1 DAGs
[2026-01-29T04:37:17.005+0000] {logging_mixin.py:188} INFO - [2026-01-29T04:37:17.004+0000] {dag.py:3947} INFO - Setting next_dagrun for tutorial_objectstorage to None, run_after=None
[2026-01-29T04:37:17.026+0000] {processor.py:183} INFO - Processing /home/airflow/.local/lib/python3.12/site-packages/airflow/example_dags/tutorial_objectstorage.py took 0.074 seconds
[2026-01-29T04:37:47.130+0000] {processor.py:161} INFO - Started process (PID=96041) to work on /home/airflow/.local/lib/python3.12/site-packages/airflow/example_dags/tutorial_objectstorage.py
[2026-01-29T04:37:47.132+0000] {processor.py:830} INFO - Processing file /home/airflow/.local/lib/python3.12/site-packages/airflow/example_dags/tutorial_objectstorage.py for tasks to queue
[2026-01-29T04:37:47.133+0000] {logging_mixin.py:188} INFO - [2026-01-29T04:37:47.133+0000] {dagbag.py:545} INFO - Filling up the DagBag from /home/airflow/.local/lib/python3.12/site-packages/airflow/example_dags/tutorial_objectstorage.py
[2026-01-29T04:37:47.141+0000] {processor.py:840} INFO - DAG(s) 'tutorial_objectstorage' retrieved from /home/airflow/.local/lib/python3.12/site-packages/airflow/example_dags/tutorial_objectstorage.py
[2026-01-29T04:37:47.162+0000] {logging_mixin.py:188} INFO - [2026-01-29T04:37:47.162+0000] {dag.py:3089} INFO - Sync 1 DAGs
[2026-01-29T04:37:47.178+0000] {logging_mixin.py:188} INFO - [2026-01-29T04:37:47.177+0000] {dag.py:3947} INFO - Setting next_dagrun for tutorial_objectstorage to None, run_after=None
[2026-01-29T04:37:47.199+0000] {processor.py:183} INFO - Processing /home/airflow/.local/lib/python3.12/site-packages/airflow/example_dags/tutorial_objectstorage.py took 0.076 seconds
[2026-01-29T04:38:17.344+0000] {processor.py:161} INFO - Started process (PID=96105) to work on /home/airflow/.local/lib/python3.12/site-packages/airflow/example_dags/tutorial_objectstorage.py
[2026-01-29T04:38:17.345+0000] {processor.py:830} INFO - Processing file /home/airflow/.local/lib/python3.12/site-packages/airflow/example_dags/tutorial_objectstorage.py for tasks to queue
[2026-01-29T04:38:17.347+0000] {logging_mixin.py:188} INFO - [2026-01-29T04:38:17.346+0000] {dagbag.py:545} INFO - Filling up the DagBag from /home/airflow/.local/lib/python3.12/site-packages/airflow/example_dags/tutorial_objectstorage.py
[2026-01-29T04:38:17.355+0000] {processor.py:840} INFO - DAG(s) 'tutorial_objectstorage' retrieved from /home/airflow/.local/lib/python3.12/site-packages/airflow/example_dags/tutorial_objectstorage.py
[2026-01-29T04:38:17.375+0000] {logging_mixin.py:188} INFO - [2026-01-29T04:38:17.375+0000] {dag.py:3089} INFO - Sync 1 DAGs
[2026-01-29T04:38:17.390+0000] {logging_mixin.py:188} INFO - [2026-01-29T04:38:17.390+0000] {dag.py:3947} INFO - Setting next_dagrun for tutorial_objectstorage to None, run_after=None
[2026-01-29T04:38:17.412+0000] {processor.py:183} INFO - Processing /home/airflow/.local/lib/python3.12/site-packages/airflow/example_dags/tutorial_objectstorage.py took 0.075 seconds
[2026-01-29T04:38:47.510+0000] {processor.py:161} INFO - Started process (PID=96164) to work on /home/airflow/.local/lib/python3.12/site-packages/airflow/example_dags/tutorial_objectstorage.py
[2026-01-29T04:38:47.511+0000] {processor.py:830} INFO - Processing file /home/airflow/.local/lib/python3.12/site-packages/airflow/example_dags/tutorial_objectstorage.py for tasks to queue
[2026-01-29T04:38:47.513+0000] {logging_mixin.py:188} INFO - [2026-01-29T04:38:47.512+0000] {dagbag.py:545} INFO - Filling up the DagBag from /home/airflow/.local/lib/python3.12/site-packages/airflow/example_dags/tutorial_objectstorage.py
[2026-01-29T04:38:47.520+0000] {processor.py:840} INFO - DAG(s) 'tutorial_objectstorage' retrieved from /home/airflow/.local/lib/python3.12/site-packages/airflow/example_dags/tutorial_objectstorage.py
[2026-01-29T04:38:47.539+0000] {logging_mixin.py:188} INFO - [2026-01-29T04:38:47.539+0000] {dag.py:3089} INFO - Sync 1 DAGs
[2026-01-29T04:38:47.552+0000] {logging_mixin.py:188} INFO - [2026-01-29T04:38:47.552+0000] {dag.py:3947} INFO - Setting next_dagrun for tutorial_objectstorage to None, run_after=None
[2026-01-29T04:38:47.572+0000] {processor.py:183} INFO - Processing /home/airflow/.local/lib/python3.12/site-packages/airflow/example_dags/tutorial_objectstorage.py took 0.068 seconds
[2026-01-29T04:39:17.849+0000] {processor.py:161} INFO - Started process (PID=96228) to work on /home/airflow/.local/lib/python3.12/site-packages/airflow/example_dags/tutorial_objectstorage.py
[2026-01-29T04:39:17.850+0000] {processor.py:830} INFO - Processing file /home/airflow/.local/lib/python3.12/site-packages/airflow/example_dags/tutorial_objectstorage.py for tasks to queue
[2026-01-29T04:39:17.851+0000] {logging_mixin.py:188} INFO - [2026-01-29T04:39:17.851+0000] {dagbag.py:545} INFO - Filling up the DagBag from /home/airflow/.local/lib/python3.12/site-packages/airflow/example_dags/tutorial_objectstorage.py
[2026-01-29T04:39:17.859+0000] {processor.py:840} INFO - DAG(s) 'tutorial_objectstorage' retrieved from /home/airflow/.local/lib/python3.12/site-packages/airflow/example_dags/tutorial_objectstorage.py
[2026-01-29T04:39:17.878+0000] {logging_mixin.py:188} INFO - [2026-01-29T04:39:17.878+0000] {dag.py:3089} INFO - Sync 1 DAGs
[2026-01-29T04:39:17.893+0000] {logging_mixin.py:188} INFO - [2026-01-29T04:39:17.893+0000] {dag.py:3947} INFO - Setting next_dagrun for tutorial_objectstorage to None, run_after=None
[2026-01-29T04:39:17.915+0000] {processor.py:183} INFO - Processing /home/airflow/.local/lib/python3.12/site-packages/airflow/example_dags/tutorial_objectstorage.py took 0.073 seconds
[2026-01-29T04:39:48.231+0000] {processor.py:161} INFO - Started process (PID=96287) to work on /home/airflow/.local/lib/python3.12/site-packages/airflow/example_dags/tutorial_objectstorage.py
[2026-01-29T04:39:48.232+0000] {processor.py:830} INFO - Processing file /home/airflow/.local/lib/python3.12/site-packages/airflow/example_dags/tutorial_objectstorage.py for tasks to queue
[2026-01-29T04:39:48.234+0000] {logging_mixin.py:188} INFO - [2026-01-29T04:39:48.234+0000] {dagbag.py:545} INFO - Filling up the DagBag from /home/airflow/.local/lib/python3.12/site-packages/airflow/example_dags/tutorial_objectstorage.py
[2026-01-29T04:39:48.242+0000] {processor.py:840} INFO - DAG(s) 'tutorial_objectstorage' retrieved from /home/airflow/.local/lib/python3.12/site-packages/airflow/example_dags/tutorial_objectstorage.py
[2026-01-29T04:39:48.261+0000] {logging_mixin.py:188} INFO - [2026-01-29T04:39:48.261+0000] {dag.py:3089} INFO - Sync 1 DAGs
[2026-01-29T04:39:48.275+0000] {logging_mixin.py:188} INFO - [2026-01-29T04:39:48.274+0000] {dag.py:3947} INFO - Setting next_dagrun for tutorial_objectstorage to None, run_after=None
[2026-01-29T04:39:48.294+0000] {processor.py:183} INFO - Processing /home/airflow/.local/lib/python3.12/site-packages/airflow/example_dags/tutorial_objectstorage.py took 0.071 seconds
[2026-01-29T04:40:18.477+0000] {processor.py:161} INFO - Started process (PID=96351) to work on /home/airflow/.local/lib/python3.12/site-packages/airflow/example_dags/tutorial_objectstorage.py
[2026-01-29T04:40:18.478+0000] {processor.py:830} INFO - Processing file /home/airflow/.local/lib/python3.12/site-packages/airflow/example_dags/tutorial_objectstorage.py for tasks to queue
[2026-01-29T04:40:18.479+0000] {logging_mixin.py:188} INFO - [2026-01-29T04:40:18.479+0000] {dagbag.py:545} INFO - Filling up the DagBag from /home/airflow/.local/lib/python3.12/site-packages/airflow/example_dags/tutorial_objectstorage.py
[2026-01-29T04:40:18.488+0000] {processor.py:840} INFO - DAG(s) 'tutorial_objectstorage' retrieved from /home/airflow/.local/lib/python3.12/site-packages/airflow/example_dags/tutorial_objectstorage.py
[2026-01-29T04:40:18.509+0000] {logging_mixin.py:188} INFO - [2026-01-29T04:40:18.508+0000] {dag.py:3089} INFO - Sync 1 DAGs
[2026-01-29T04:40:18.523+0000] {logging_mixin.py:188} INFO - [2026-01-29T04:40:18.523+0000] {dag.py:3947} INFO - Setting next_dagrun for tutorial_objectstorage to None, run_after=None
[2026-01-29T04:40:18.543+0000] {processor.py:183} INFO - Processing /home/airflow/.local/lib/python3.12/site-packages/airflow/example_dags/tutorial_objectstorage.py took 0.072 seconds
[2026-01-29T04:40:48.832+0000] {processor.py:161} INFO - Started process (PID=96410) to work on /home/airflow/.local/lib/python3.12/site-packages/airflow/example_dags/tutorial_objectstorage.py
[2026-01-29T04:40:48.833+0000] {processor.py:830} INFO - Processing file /home/airflow/.local/lib/python3.12/site-packages/airflow/example_dags/tutorial_objectstorage.py for tasks to queue
[2026-01-29T04:40:48.834+0000] {logging_mixin.py:188} INFO - [2026-01-29T04:40:48.834+0000] {dagbag.py:545} INFO - Filling up the DagBag from /home/airflow/.local/lib/python3.12/site-packages/airflow/example_dags/tutorial_objectstorage.py
[2026-01-29T04:40:48.842+0000] {processor.py:840} INFO - DAG(s) 'tutorial_objectstorage' retrieved from /home/airflow/.local/lib/python3.12/site-packages/airflow/example_dags/tutorial_objectstorage.py
[2026-01-29T04:40:48.861+0000] {logging_mixin.py:188} INFO - [2026-01-29T04:40:48.861+0000] {dag.py:3089} INFO - Sync 1 DAGs
[2026-01-29T04:40:48.875+0000] {logging_mixin.py:188} INFO - [2026-01-29T04:40:48.874+0000] {dag.py:3947} INFO - Setting next_dagrun for tutorial_objectstorage to None, run_after=None
[2026-01-29T04:40:48.894+0000] {processor.py:183} INFO - Processing /home/airflow/.local/lib/python3.12/site-packages/airflow/example_dags/tutorial_objectstorage.py took 0.070 seconds
[2026-01-29T04:41:19.229+0000] {processor.py:161} INFO - Started process (PID=96474) to work on /home/airflow/.local/lib/python3.12/site-packages/airflow/example_dags/tutorial_objectstorage.py
[2026-01-29T04:41:19.230+0000] {processor.py:830} INFO - Processing file /home/airflow/.local/lib/python3.12/site-packages/airflow/example_dags/tutorial_objectstorage.py for tasks to queue
[2026-01-29T04:41:19.232+0000] {logging_mixin.py:188} INFO - [2026-01-29T04:41:19.232+0000] {dagbag.py:545} INFO - Filling up the DagBag from /home/airflow/.local/lib/python3.12/site-packages/airflow/example_dags/tutorial_objectstorage.py
[2026-01-29T04:41:19.241+0000] {processor.py:840} INFO - DAG(s) 'tutorial_objectstorage' retrieved from /home/airflow/.local/lib/python3.12/site-packages/airflow/example_dags/tutorial_objectstorage.py
[2026-01-29T04:41:19.262+0000] {logging_mixin.py:188} INFO - [2026-01-29T04:41:19.261+0000] {dag.py:3089} INFO - Sync 1 DAGs
[2026-01-29T04:41:19.276+0000] {logging_mixin.py:188} INFO - [2026-01-29T04:41:19.276+0000] {dag.py:3947} INFO - Setting next_dagrun for tutorial_objectstorage to None, run_after=None
[2026-01-29T04:41:19.297+0000] {processor.py:183} INFO - Processing /home/airflow/.local/lib/python3.12/site-packages/airflow/example_dags/tutorial_objectstorage.py took 0.076 seconds
[2026-01-29T04:41:49.629+0000] {processor.py:161} INFO - Started process (PID=96533) to work on /home/airflow/.local/lib/python3.12/site-packages/airflow/example_dags/tutorial_objectstorage.py
[2026-01-29T04:41:49.630+0000] {processor.py:830} INFO - Processing file /home/airflow/.local/lib/python3.12/site-packages/airflow/example_dags/tutorial_objectstorage.py for tasks to queue
[2026-01-29T04:41:49.631+0000] {logging_mixin.py:188} INFO - [2026-01-29T04:41:49.631+0000] {dagbag.py:545} INFO - Filling up the DagBag from /home/airflow/.local/lib/python3.12/site-packages/airflow/example_dags/tutorial_objectstorage.py
[2026-01-29T04:41:49.639+0000] {processor.py:840} INFO - DAG(s) 'tutorial_objectstorage' retrieved from /home/airflow/.local/lib/python3.12/site-packages/airflow/example_dags/tutorial_objectstorage.py
[2026-01-29T04:41:49.659+0000] {logging_mixin.py:188} INFO - [2026-01-29T04:41:49.658+0000] {dag.py:3089} INFO - Sync 1 DAGs
[2026-01-29T04:41:49.672+0000] {logging_mixin.py:188} INFO - [2026-01-29T04:41:49.672+0000] {dag.py:3947} INFO - Setting next_dagrun for tutorial_objectstorage to None, run_after=None
[2026-01-29T04:41:49.692+0000] {processor.py:183} INFO - Processing /home/airflow/.local/lib/python3.12/site-packages/airflow/example_dags/tutorial_objectstorage.py took 0.069 seconds
[2026-01-29T04:42:19.976+0000] {processor.py:161} INFO - Started process (PID=96597) to work on /home/airflow/.local/lib/python3.12/site-packages/airflow/example_dags/tutorial_objectstorage.py
[2026-01-29T04:42:19.977+0000] {processor.py:830} INFO - Processing file /home/airflow/.local/lib/python3.12/site-packages/airflow/example_dags/tutorial_objectstorage.py for tasks to queue
[2026-01-29T04:42:19.979+0000] {logging_mixin.py:188} INFO - [2026-01-29T04:42:19.978+0000] {dagbag.py:545} INFO - Filling up the DagBag from /home/airflow/.local/lib/python3.12/site-packages/airflow/example_dags/tutorial_objectstorage.py
[2026-01-29T04:42:19.987+0000] {processor.py:840} INFO - DAG(s) 'tutorial_objectstorage' retrieved from /home/airflow/.local/lib/python3.12/site-packages/airflow/example_dags/tutorial_objectstorage.py
[2026-01-29T04:42:20.009+0000] {logging_mixin.py:188} INFO - [2026-01-29T04:42:20.008+0000] {dag.py:3089} INFO - Sync 1 DAGs
[2026-01-29T04:42:20.023+0000] {logging_mixin.py:188} INFO - [2026-01-29T04:42:20.023+0000] {dag.py:3947} INFO - Setting next_dagrun for tutorial_objectstorage to None, run_after=None
[2026-01-29T04:42:20.045+0000] {processor.py:183} INFO - Processing /home/airflow/.local/lib/python3.12/site-packages/airflow/example_dags/tutorial_objectstorage.py took 0.077 seconds
[2026-01-29T04:42:50.782+0000] {processor.py:161} INFO - Started process (PID=96662) to work on /home/airflow/.local/lib/python3.12/site-packages/airflow/example_dags/tutorial_objectstorage.py
[2026-01-29T04:42:50.783+0000] {processor.py:830} INFO - Processing file /home/airflow/.local/lib/python3.12/site-packages/airflow/example_dags/tutorial_objectstorage.py for tasks to queue
[2026-01-29T04:42:50.785+0000] {logging_mixin.py:188} INFO - [2026-01-29T04:42:50.784+0000] {dagbag.py:545} INFO - Filling up the DagBag from /home/airflow/.local/lib/python3.12/site-packages/airflow/example_dags/tutorial_objectstorage.py
[2026-01-29T04:42:50.792+0000] {processor.py:840} INFO - DAG(s) 'tutorial_objectstorage' retrieved from /home/airflow/.local/lib/python3.12/site-packages/airflow/example_dags/tutorial_objectstorage.py
[2026-01-29T04:42:50.811+0000] {logging_mixin.py:188} INFO - [2026-01-29T04:42:50.811+0000] {dag.py:3089} INFO - Sync 1 DAGs
[2026-01-29T04:42:50.824+0000] {logging_mixin.py:188} INFO - [2026-01-29T04:42:50.824+0000] {dag.py:3947} INFO - Setting next_dagrun for tutorial_objectstorage to None, run_after=None
[2026-01-29T04:42:50.848+0000] {processor.py:183} INFO - Processing /home/airflow/.local/lib/python3.12/site-packages/airflow/example_dags/tutorial_objectstorage.py took 0.072 seconds
[2026-01-29T04:43:21.310+0000] {processor.py:161} INFO - Started process (PID=96726) to work on /home/airflow/.local/lib/python3.12/site-packages/airflow/example_dags/tutorial_objectstorage.py
[2026-01-29T04:43:21.311+0000] {processor.py:830} INFO - Processing file /home/airflow/.local/lib/python3.12/site-packages/airflow/example_dags/tutorial_objectstorage.py for tasks to queue
[2026-01-29T04:43:21.313+0000] {logging_mixin.py:188} INFO - [2026-01-29T04:43:21.313+0000] {dagbag.py:545} INFO - Filling up the DagBag from /home/airflow/.local/lib/python3.12/site-packages/airflow/example_dags/tutorial_objectstorage.py
[2026-01-29T04:43:21.320+0000] {processor.py:840} INFO - DAG(s) 'tutorial_objectstorage' retrieved from /home/airflow/.local/lib/python3.12/site-packages/airflow/example_dags/tutorial_objectstorage.py
[2026-01-29T04:43:21.339+0000] {logging_mixin.py:188} INFO - [2026-01-29T04:43:21.339+0000] {dag.py:3089} INFO - Sync 1 DAGs
[2026-01-29T04:43:21.353+0000] {logging_mixin.py:188} INFO - [2026-01-29T04:43:21.353+0000] {dag.py:3947} INFO - Setting next_dagrun for tutorial_objectstorage to None, run_after=None
[2026-01-29T04:43:21.374+0000] {processor.py:183} INFO - Processing /home/airflow/.local/lib/python3.12/site-packages/airflow/example_dags/tutorial_objectstorage.py took 0.070 seconds
[2026-01-29T04:43:52.177+0000] {processor.py:161} INFO - Started process (PID=96785) to work on /home/airflow/.local/lib/python3.12/site-packages/airflow/example_dags/tutorial_objectstorage.py
[2026-01-29T04:43:52.178+0000] {processor.py:830} INFO - Processing file /home/airflow/.local/lib/python3.12/site-packages/airflow/example_dags/tutorial_objectstorage.py for tasks to queue
[2026-01-29T04:43:52.179+0000] {logging_mixin.py:188} INFO - [2026-01-29T04:43:52.179+0000] {dagbag.py:545} INFO - Filling up the DagBag from /home/airflow/.local/lib/python3.12/site-packages/airflow/example_dags/tutorial_objectstorage.py
[2026-01-29T04:43:52.187+0000] {processor.py:840} INFO - DAG(s) 'tutorial_objectstorage' retrieved from /home/airflow/.local/lib/python3.12/site-packages/airflow/example_dags/tutorial_objectstorage.py
[2026-01-29T04:43:52.207+0000] {logging_mixin.py:188} INFO - [2026-01-29T04:43:52.207+0000] {dag.py:3089} INFO - Sync 1 DAGs
[2026-01-29T04:43:52.220+0000] {logging_mixin.py:188} INFO - [2026-01-29T04:43:52.220+0000] {dag.py:3947} INFO - Setting next_dagrun for tutorial_objectstorage to None, run_after=None
[2026-01-29T04:43:52.240+0000] {processor.py:183} INFO - Processing /home/airflow/.local/lib/python3.12/site-packages/airflow/example_dags/tutorial_objectstorage.py took 0.071 seconds
[2026-01-29T04:44:22.988+0000] {processor.py:161} INFO - Started process (PID=96849) to work on /home/airflow/.local/lib/python3.12/site-packages/airflow/example_dags/tutorial_objectstorage.py
[2026-01-29T04:44:22.989+0000] {processor.py:830} INFO - Processing file /home/airflow/.local/lib/python3.12/site-packages/airflow/example_dags/tutorial_objectstorage.py for tasks to queue
[2026-01-29T04:44:22.992+0000] {logging_mixin.py:188} INFO - [2026-01-29T04:44:22.991+0000] {dagbag.py:545} INFO - Filling up the DagBag from /home/airflow/.local/lib/python3.12/site-packages/airflow/example_dags/tutorial_objectstorage.py
[2026-01-29T04:44:23.000+0000] {processor.py:840} INFO - DAG(s) 'tutorial_objectstorage' retrieved from /home/airflow/.local/lib/python3.12/site-packages/airflow/example_dags/tutorial_objectstorage.py
[2026-01-29T04:44:23.021+0000] {logging_mixin.py:188} INFO - [2026-01-29T04:44:23.021+0000] {dag.py:3089} INFO - Sync 1 DAGs
[2026-01-29T04:44:23.035+0000] {logging_mixin.py:188} INFO - [2026-01-29T04:44:23.035+0000] {dag.py:3947} INFO - Setting next_dagrun for tutorial_objectstorage to None, run_after=None
[2026-01-29T04:44:23.056+0000] {processor.py:183} INFO - Processing /home/airflow/.local/lib/python3.12/site-packages/airflow/example_dags/tutorial_objectstorage.py took 0.076 seconds
[2026-01-29T04:44:53.177+0000] {processor.py:161} INFO - Started process (PID=96908) to work on /home/airflow/.local/lib/python3.12/site-packages/airflow/example_dags/tutorial_objectstorage.py
[2026-01-29T04:44:53.177+0000] {processor.py:830} INFO - Processing file /home/airflow/.local/lib/python3.12/site-packages/airflow/example_dags/tutorial_objectstorage.py for tasks to queue
[2026-01-29T04:44:53.179+0000] {logging_mixin.py:188} INFO - [2026-01-29T04:44:53.179+0000] {dagbag.py:545} INFO - Filling up the DagBag from /home/airflow/.local/lib/python3.12/site-packages/airflow/example_dags/tutorial_objectstorage.py
[2026-01-29T04:44:53.187+0000] {processor.py:840} INFO - DAG(s) 'tutorial_objectstorage' retrieved from /home/airflow/.local/lib/python3.12/site-packages/airflow/example_dags/tutorial_objectstorage.py
[2026-01-29T04:44:53.209+0000] {logging_mixin.py:188} INFO - [2026-01-29T04:44:53.208+0000] {dag.py:3089} INFO - Sync 1 DAGs
[2026-01-29T04:44:53.224+0000] {logging_mixin.py:188} INFO - [2026-01-29T04:44:53.224+0000] {dag.py:3947} INFO - Setting next_dagrun for tutorial_objectstorage to None, run_after=None
[2026-01-29T04:44:53.245+0000] {processor.py:183} INFO - Processing /home/airflow/.local/lib/python3.12/site-packages/airflow/example_dags/tutorial_objectstorage.py took 0.076 seconds
[2026-01-29T04:45:23.757+0000] {processor.py:161} INFO - Started process (PID=96972) to work on /home/airflow/.local/lib/python3.12/site-packages/airflow/example_dags/tutorial_objectstorage.py
[2026-01-29T04:45:23.758+0000] {processor.py:830} INFO - Processing file /home/airflow/.local/lib/python3.12/site-packages/airflow/example_dags/tutorial_objectstorage.py for tasks to queue
[2026-01-29T04:45:23.760+0000] {logging_mixin.py:188} INFO - [2026-01-29T04:45:23.759+0000] {dagbag.py:545} INFO - Filling up the DagBag from /home/airflow/.local/lib/python3.12/site-packages/airflow/example_dags/tutorial_objectstorage.py
[2026-01-29T04:45:23.768+0000] {processor.py:840} INFO - DAG(s) 'tutorial_objectstorage' retrieved from /home/airflow/.local/lib/python3.12/site-packages/airflow/example_dags/tutorial_objectstorage.py
[2026-01-29T04:45:23.787+0000] {logging_mixin.py:188} INFO - [2026-01-29T04:45:23.787+0000] {dag.py:3089} INFO - Sync 1 DAGs
[2026-01-29T04:45:23.801+0000] {logging_mixin.py:188} INFO - [2026-01-29T04:45:23.801+0000] {dag.py:3947} INFO - Setting next_dagrun for tutorial_objectstorage to None, run_after=None
[2026-01-29T04:45:23.823+0000] {processor.py:183} INFO - Processing /home/airflow/.local/lib/python3.12/site-packages/airflow/example_dags/tutorial_objectstorage.py took 0.073 seconds
[2026-01-29T04:45:54.029+0000] {processor.py:161} INFO - Started process (PID=97031) to work on /home/airflow/.local/lib/python3.12/site-packages/airflow/example_dags/tutorial_objectstorage.py
[2026-01-29T04:45:54.030+0000] {processor.py:830} INFO - Processing file /home/airflow/.local/lib/python3.12/site-packages/airflow/example_dags/tutorial_objectstorage.py for tasks to queue
[2026-01-29T04:45:54.031+0000] {logging_mixin.py:188} INFO - [2026-01-29T04:45:54.031+0000] {dagbag.py:545} INFO - Filling up the DagBag from /home/airflow/.local/lib/python3.12/site-packages/airflow/example_dags/tutorial_objectstorage.py
[2026-01-29T04:45:54.038+0000] {processor.py:840} INFO - DAG(s) 'tutorial_objectstorage' retrieved from /home/airflow/.local/lib/python3.12/site-packages/airflow/example_dags/tutorial_objectstorage.py
[2026-01-29T04:45:54.063+0000] {logging_mixin.py:188} INFO - [2026-01-29T04:45:54.062+0000] {dag.py:3089} INFO - Sync 1 DAGs
[2026-01-29T04:45:54.082+0000] {logging_mixin.py:188} INFO - [2026-01-29T04:45:54.082+0000] {dag.py:3947} INFO - Setting next_dagrun for tutorial_objectstorage to None, run_after=None
[2026-01-29T04:45:54.103+0000] {processor.py:183} INFO - Processing /home/airflow/.local/lib/python3.12/site-packages/airflow/example_dags/tutorial_objectstorage.py took 0.080 seconds
[2026-01-29T04:46:24.362+0000] {processor.py:161} INFO - Started process (PID=97095) to work on /home/airflow/.local/lib/python3.12/site-packages/airflow/example_dags/tutorial_objectstorage.py
[2026-01-29T04:46:24.363+0000] {processor.py:830} INFO - Processing file /home/airflow/.local/lib/python3.12/site-packages/airflow/example_dags/tutorial_objectstorage.py for tasks to queue
[2026-01-29T04:46:24.365+0000] {logging_mixin.py:188} INFO - [2026-01-29T04:46:24.364+0000] {dagbag.py:545} INFO - Filling up the DagBag from /home/airflow/.local/lib/python3.12/site-packages/airflow/example_dags/tutorial_objectstorage.py
[2026-01-29T04:46:24.372+0000] {processor.py:840} INFO - DAG(s) 'tutorial_objectstorage' retrieved from /home/airflow/.local/lib/python3.12/site-packages/airflow/example_dags/tutorial_objectstorage.py
[2026-01-29T04:46:24.394+0000] {logging_mixin.py:188} INFO - [2026-01-29T04:46:24.394+0000] {dag.py:3089} INFO - Sync 1 DAGs
[2026-01-29T04:46:24.411+0000] {logging_mixin.py:188} INFO - [2026-01-29T04:46:24.410+0000] {dag.py:3947} INFO - Setting next_dagrun for tutorial_objectstorage to None, run_after=None
[2026-01-29T04:46:24.429+0000] {processor.py:183} INFO - Processing /home/airflow/.local/lib/python3.12/site-packages/airflow/example_dags/tutorial_objectstorage.py took 0.072 seconds
[2026-01-29T04:46:54.729+0000] {processor.py:161} INFO - Started process (PID=97154) to work on /home/airflow/.local/lib/python3.12/site-packages/airflow/example_dags/tutorial_objectstorage.py
[2026-01-29T04:46:54.730+0000] {processor.py:830} INFO - Processing file /home/airflow/.local/lib/python3.12/site-packages/airflow/example_dags/tutorial_objectstorage.py for tasks to queue
[2026-01-29T04:46:54.731+0000] {logging_mixin.py:188} INFO - [2026-01-29T04:46:54.731+0000] {dagbag.py:545} INFO - Filling up the DagBag from /home/airflow/.local/lib/python3.12/site-packages/airflow/example_dags/tutorial_objectstorage.py
[2026-01-29T04:46:54.738+0000] {processor.py:840} INFO - DAG(s) 'tutorial_objectstorage' retrieved from /home/airflow/.local/lib/python3.12/site-packages/airflow/example_dags/tutorial_objectstorage.py
[2026-01-29T04:46:54.757+0000] {logging_mixin.py:188} INFO - [2026-01-29T04:46:54.756+0000] {dag.py:3089} INFO - Sync 1 DAGs
[2026-01-29T04:46:54.770+0000] {logging_mixin.py:188} INFO - [2026-01-29T04:46:54.769+0000] {dag.py:3947} INFO - Setting next_dagrun for tutorial_objectstorage to None, run_after=None
[2026-01-29T04:46:54.789+0000] {processor.py:183} INFO - Processing /home/airflow/.local/lib/python3.12/site-packages/airflow/example_dags/tutorial_objectstorage.py took 0.066 seconds
[2026-01-29T04:47:25.204+0000] {processor.py:161} INFO - Started process (PID=97217) to work on /home/airflow/.local/lib/python3.12/site-packages/airflow/example_dags/tutorial_objectstorage.py
[2026-01-29T04:47:25.206+0000] {processor.py:830} INFO - Processing file /home/airflow/.local/lib/python3.12/site-packages/airflow/example_dags/tutorial_objectstorage.py for tasks to queue
[2026-01-29T04:47:25.207+0000] {logging_mixin.py:188} INFO - [2026-01-29T04:47:25.207+0000] {dagbag.py:545} INFO - Filling up the DagBag from /home/airflow/.local/lib/python3.12/site-packages/airflow/example_dags/tutorial_objectstorage.py
[2026-01-29T04:47:25.214+0000] {processor.py:840} INFO - DAG(s) 'tutorial_objectstorage' retrieved from /home/airflow/.local/lib/python3.12/site-packages/airflow/example_dags/tutorial_objectstorage.py
[2026-01-29T04:47:25.232+0000] {logging_mixin.py:188} INFO - [2026-01-29T04:47:25.232+0000] {dag.py:3089} INFO - Sync 1 DAGs
[2026-01-29T04:47:25.245+0000] {logging_mixin.py:188} INFO - [2026-01-29T04:47:25.245+0000] {dag.py:3947} INFO - Setting next_dagrun for tutorial_objectstorage to None, run_after=None
[2026-01-29T04:47:25.264+0000] {processor.py:183} INFO - Processing /home/airflow/.local/lib/python3.12/site-packages/airflow/example_dags/tutorial_objectstorage.py took 0.066 seconds
[2026-01-29T04:47:55.445+0000] {processor.py:161} INFO - Started process (PID=97276) to work on /home/airflow/.local/lib/python3.12/site-packages/airflow/example_dags/tutorial_objectstorage.py
[2026-01-29T04:47:55.446+0000] {processor.py:830} INFO - Processing file /home/airflow/.local/lib/python3.12/site-packages/airflow/example_dags/tutorial_objectstorage.py for tasks to queue
[2026-01-29T04:47:55.448+0000] {logging_mixin.py:188} INFO - [2026-01-29T04:47:55.447+0000] {dagbag.py:545} INFO - Filling up the DagBag from /home/airflow/.local/lib/python3.12/site-packages/airflow/example_dags/tutorial_objectstorage.py
[2026-01-29T04:47:55.454+0000] {processor.py:840} INFO - DAG(s) 'tutorial_objectstorage' retrieved from /home/airflow/.local/lib/python3.12/site-packages/airflow/example_dags/tutorial_objectstorage.py
[2026-01-29T04:47:55.475+0000] {logging_mixin.py:188} INFO - [2026-01-29T04:47:55.475+0000] {dag.py:3089} INFO - Sync 1 DAGs
[2026-01-29T04:47:55.489+0000] {logging_mixin.py:188} INFO - [2026-01-29T04:47:55.489+0000] {dag.py:3947} INFO - Setting next_dagrun for tutorial_objectstorage to None, run_after=None
[2026-01-29T04:47:55.510+0000] {processor.py:183} INFO - Processing /home/airflow/.local/lib/python3.12/site-packages/airflow/example_dags/tutorial_objectstorage.py took 0.071 seconds
[2026-01-29T04:48:26.419+0000] {processor.py:161} INFO - Started process (PID=97339) to work on /home/airflow/.local/lib/python3.12/site-packages/airflow/example_dags/tutorial_objectstorage.py
[2026-01-29T04:48:26.420+0000] {processor.py:830} INFO - Processing file /home/airflow/.local/lib/python3.12/site-packages/airflow/example_dags/tutorial_objectstorage.py for tasks to queue
[2026-01-29T04:48:26.422+0000] {logging_mixin.py:188} INFO - [2026-01-29T04:48:26.421+0000] {dagbag.py:545} INFO - Filling up the DagBag from /home/airflow/.local/lib/python3.12/site-packages/airflow/example_dags/tutorial_objectstorage.py
[2026-01-29T04:48:26.428+0000] {processor.py:840} INFO - DAG(s) 'tutorial_objectstorage' retrieved from /home/airflow/.local/lib/python3.12/site-packages/airflow/example_dags/tutorial_objectstorage.py
[2026-01-29T04:48:26.447+0000] {logging_mixin.py:188} INFO - [2026-01-29T04:48:26.447+0000] {dag.py:3089} INFO - Sync 1 DAGs
[2026-01-29T04:48:26.462+0000] {logging_mixin.py:188} INFO - [2026-01-29T04:48:26.462+0000] {dag.py:3947} INFO - Setting next_dagrun for tutorial_objectstorage to None, run_after=None
[2026-01-29T04:48:26.484+0000] {processor.py:183} INFO - Processing /home/airflow/.local/lib/python3.12/site-packages/airflow/example_dags/tutorial_objectstorage.py took 0.071 seconds
[2026-01-29T04:48:56.794+0000] {processor.py:161} INFO - Started process (PID=97398) to work on /home/airflow/.local/lib/python3.12/site-packages/airflow/example_dags/tutorial_objectstorage.py
[2026-01-29T04:48:56.794+0000] {processor.py:830} INFO - Processing file /home/airflow/.local/lib/python3.12/site-packages/airflow/example_dags/tutorial_objectstorage.py for tasks to queue
[2026-01-29T04:48:56.796+0000] {logging_mixin.py:188} INFO - [2026-01-29T04:48:56.796+0000] {dagbag.py:545} INFO - Filling up the DagBag from /home/airflow/.local/lib/python3.12/site-packages/airflow/example_dags/tutorial_objectstorage.py
[2026-01-29T04:48:56.803+0000] {processor.py:840} INFO - DAG(s) 'tutorial_objectstorage' retrieved from /home/airflow/.local/lib/python3.12/site-packages/airflow/example_dags/tutorial_objectstorage.py
[2026-01-29T04:48:56.820+0000] {logging_mixin.py:188} INFO - [2026-01-29T04:48:56.820+0000] {dag.py:3089} INFO - Sync 1 DAGs
[2026-01-29T04:48:56.834+0000] {logging_mixin.py:188} INFO - [2026-01-29T04:48:56.833+0000] {dag.py:3947} INFO - Setting next_dagrun for tutorial_objectstorage to None, run_after=None
[2026-01-29T04:48:56.853+0000] {processor.py:183} INFO - Processing /home/airflow/.local/lib/python3.12/site-packages/airflow/example_dags/tutorial_objectstorage.py took 0.065 seconds
[2026-01-29T04:49:27.427+0000] {processor.py:161} INFO - Started process (PID=97462) to work on /home/airflow/.local/lib/python3.12/site-packages/airflow/example_dags/tutorial_objectstorage.py
[2026-01-29T04:49:27.428+0000] {processor.py:830} INFO - Processing file /home/airflow/.local/lib/python3.12/site-packages/airflow/example_dags/tutorial_objectstorage.py for tasks to queue
[2026-01-29T04:49:27.430+0000] {logging_mixin.py:188} INFO - [2026-01-29T04:49:27.430+0000] {dagbag.py:545} INFO - Filling up the DagBag from /home/airflow/.local/lib/python3.12/site-packages/airflow/example_dags/tutorial_objectstorage.py
[2026-01-29T04:49:27.438+0000] {processor.py:840} INFO - DAG(s) 'tutorial_objectstorage' retrieved from /home/airflow/.local/lib/python3.12/site-packages/airflow/example_dags/tutorial_objectstorage.py
[2026-01-29T04:49:27.461+0000] {logging_mixin.py:188} INFO - [2026-01-29T04:49:27.460+0000] {dag.py:3089} INFO - Sync 1 DAGs
[2026-01-29T04:49:27.476+0000] {logging_mixin.py:188} INFO - [2026-01-29T04:49:27.476+0000] {dag.py:3947} INFO - Setting next_dagrun for tutorial_objectstorage to None, run_after=None
[2026-01-29T04:49:27.498+0000] {processor.py:183} INFO - Processing /home/airflow/.local/lib/python3.12/site-packages/airflow/example_dags/tutorial_objectstorage.py took 0.079 seconds
[2026-01-29T04:49:57.678+0000] {processor.py:161} INFO - Started process (PID=97521) to work on /home/airflow/.local/lib/python3.12/site-packages/airflow/example_dags/tutorial_objectstorage.py
[2026-01-29T04:49:57.679+0000] {processor.py:830} INFO - Processing file /home/airflow/.local/lib/python3.12/site-packages/airflow/example_dags/tutorial_objectstorage.py for tasks to queue
[2026-01-29T04:49:57.680+0000] {logging_mixin.py:188} INFO - [2026-01-29T04:49:57.680+0000] {dagbag.py:545} INFO - Filling up the DagBag from /home/airflow/.local/lib/python3.12/site-packages/airflow/example_dags/tutorial_objectstorage.py
[2026-01-29T04:49:57.687+0000] {processor.py:840} INFO - DAG(s) 'tutorial_objectstorage' retrieved from /home/airflow/.local/lib/python3.12/site-packages/airflow/example_dags/tutorial_objectstorage.py
[2026-01-29T04:49:57.706+0000] {logging_mixin.py:188} INFO - [2026-01-29T04:49:57.705+0000] {dag.py:3089} INFO - Sync 1 DAGs
[2026-01-29T04:49:57.719+0000] {logging_mixin.py:188} INFO - [2026-01-29T04:49:57.719+0000] {dag.py:3947} INFO - Setting next_dagrun for tutorial_objectstorage to None, run_after=None
[2026-01-29T04:49:57.738+0000] {processor.py:183} INFO - Processing /home/airflow/.local/lib/python3.12/site-packages/airflow/example_dags/tutorial_objectstorage.py took 0.066 seconds
[2026-01-29T04:50:28.365+0000] {processor.py:161} INFO - Started process (PID=97585) to work on /home/airflow/.local/lib/python3.12/site-packages/airflow/example_dags/tutorial_objectstorage.py
[2026-01-29T04:50:28.366+0000] {processor.py:830} INFO - Processing file /home/airflow/.local/lib/python3.12/site-packages/airflow/example_dags/tutorial_objectstorage.py for tasks to queue
[2026-01-29T04:50:28.368+0000] {logging_mixin.py:188} INFO - [2026-01-29T04:50:28.367+0000] {dagbag.py:545} INFO - Filling up the DagBag from /home/airflow/.local/lib/python3.12/site-packages/airflow/example_dags/tutorial_objectstorage.py
[2026-01-29T04:50:28.374+0000] {processor.py:840} INFO - DAG(s) 'tutorial_objectstorage' retrieved from /home/airflow/.local/lib/python3.12/site-packages/airflow/example_dags/tutorial_objectstorage.py
[2026-01-29T04:50:28.394+0000] {logging_mixin.py:188} INFO - [2026-01-29T04:50:28.394+0000] {dag.py:3089} INFO - Sync 1 DAGs
[2026-01-29T04:50:28.408+0000] {logging_mixin.py:188} INFO - [2026-01-29T04:50:28.408+0000] {dag.py:3947} INFO - Setting next_dagrun for tutorial_objectstorage to None, run_after=None
[2026-01-29T04:50:28.428+0000] {processor.py:183} INFO - Processing /home/airflow/.local/lib/python3.12/site-packages/airflow/example_dags/tutorial_objectstorage.py took 0.070 seconds
[2026-01-29T04:50:58.746+0000] {processor.py:161} INFO - Started process (PID=97644) to work on /home/airflow/.local/lib/python3.12/site-packages/airflow/example_dags/tutorial_objectstorage.py
[2026-01-29T04:50:58.747+0000] {processor.py:830} INFO - Processing file /home/airflow/.local/lib/python3.12/site-packages/airflow/example_dags/tutorial_objectstorage.py for tasks to queue
[2026-01-29T04:50:58.748+0000] {logging_mixin.py:188} INFO - [2026-01-29T04:50:58.748+0000] {dagbag.py:545} INFO - Filling up the DagBag from /home/airflow/.local/lib/python3.12/site-packages/airflow/example_dags/tutorial_objectstorage.py
[2026-01-29T04:50:58.755+0000] {processor.py:840} INFO - DAG(s) 'tutorial_objectstorage' retrieved from /home/airflow/.local/lib/python3.12/site-packages/airflow/example_dags/tutorial_objectstorage.py
[2026-01-29T04:50:58.774+0000] {logging_mixin.py:188} INFO - [2026-01-29T04:50:58.774+0000] {dag.py:3089} INFO - Sync 1 DAGs
[2026-01-29T04:50:58.787+0000] {logging_mixin.py:188} INFO - [2026-01-29T04:50:58.787+0000] {dag.py:3947} INFO - Setting next_dagrun for tutorial_objectstorage to None, run_after=None
[2026-01-29T04:50:58.807+0000] {processor.py:183} INFO - Processing /home/airflow/.local/lib/python3.12/site-packages/airflow/example_dags/tutorial_objectstorage.py took 0.067 seconds
[2026-01-29T04:51:29.409+0000] {processor.py:161} INFO - Started process (PID=97708) to work on /home/airflow/.local/lib/python3.12/site-packages/airflow/example_dags/tutorial_objectstorage.py
[2026-01-29T04:51:29.410+0000] {processor.py:830} INFO - Processing file /home/airflow/.local/lib/python3.12/site-packages/airflow/example_dags/tutorial_objectstorage.py for tasks to queue
[2026-01-29T04:51:29.412+0000] {logging_mixin.py:188} INFO - [2026-01-29T04:51:29.412+0000] {dagbag.py:545} INFO - Filling up the DagBag from /home/airflow/.local/lib/python3.12/site-packages/airflow/example_dags/tutorial_objectstorage.py
[2026-01-29T04:51:29.418+0000] {processor.py:840} INFO - DAG(s) 'tutorial_objectstorage' retrieved from /home/airflow/.local/lib/python3.12/site-packages/airflow/example_dags/tutorial_objectstorage.py
[2026-01-29T04:51:29.439+0000] {logging_mixin.py:188} INFO - [2026-01-29T04:51:29.439+0000] {dag.py:3089} INFO - Sync 1 DAGs
[2026-01-29T04:51:29.452+0000] {logging_mixin.py:188} INFO - [2026-01-29T04:51:29.452+0000] {dag.py:3947} INFO - Setting next_dagrun for tutorial_objectstorage to None, run_after=None
[2026-01-29T04:51:29.473+0000] {processor.py:183} INFO - Processing /home/airflow/.local/lib/python3.12/site-packages/airflow/example_dags/tutorial_objectstorage.py took 0.069 seconds
[2026-01-29T04:51:59.616+0000] {processor.py:161} INFO - Started process (PID=97767) to work on /home/airflow/.local/lib/python3.12/site-packages/airflow/example_dags/tutorial_objectstorage.py
[2026-01-29T04:51:59.617+0000] {processor.py:830} INFO - Processing file /home/airflow/.local/lib/python3.12/site-packages/airflow/example_dags/tutorial_objectstorage.py for tasks to queue
[2026-01-29T04:51:59.618+0000] {logging_mixin.py:188} INFO - [2026-01-29T04:51:59.618+0000] {dagbag.py:545} INFO - Filling up the DagBag from /home/airflow/.local/lib/python3.12/site-packages/airflow/example_dags/tutorial_objectstorage.py
[2026-01-29T04:51:59.625+0000] {processor.py:840} INFO - DAG(s) 'tutorial_objectstorage' retrieved from /home/airflow/.local/lib/python3.12/site-packages/airflow/example_dags/tutorial_objectstorage.py
[2026-01-29T04:51:59.644+0000] {logging_mixin.py:188} INFO - [2026-01-29T04:51:59.644+0000] {dag.py:3089} INFO - Sync 1 DAGs
[2026-01-29T04:51:59.657+0000] {logging_mixin.py:188} INFO - [2026-01-29T04:51:59.657+0000] {dag.py:3947} INFO - Setting next_dagrun for tutorial_objectstorage to None, run_after=None
[2026-01-29T04:51:59.676+0000] {processor.py:183} INFO - Processing /home/airflow/.local/lib/python3.12/site-packages/airflow/example_dags/tutorial_objectstorage.py took 0.066 seconds
[2026-01-29T04:52:30.039+0000] {processor.py:161} INFO - Started process (PID=97830) to work on /home/airflow/.local/lib/python3.12/site-packages/airflow/example_dags/tutorial_objectstorage.py
[2026-01-29T04:52:30.040+0000] {processor.py:830} INFO - Processing file /home/airflow/.local/lib/python3.12/site-packages/airflow/example_dags/tutorial_objectstorage.py for tasks to queue
[2026-01-29T04:52:30.041+0000] {logging_mixin.py:188} INFO - [2026-01-29T04:52:30.041+0000] {dagbag.py:545} INFO - Filling up the DagBag from /home/airflow/.local/lib/python3.12/site-packages/airflow/example_dags/tutorial_objectstorage.py
[2026-01-29T04:52:30.048+0000] {processor.py:840} INFO - DAG(s) 'tutorial_objectstorage' retrieved from /home/airflow/.local/lib/python3.12/site-packages/airflow/example_dags/tutorial_objectstorage.py
[2026-01-29T04:52:30.067+0000] {logging_mixin.py:188} INFO - [2026-01-29T04:52:30.067+0000] {dag.py:3089} INFO - Sync 1 DAGs
[2026-01-29T04:52:30.080+0000] {logging_mixin.py:188} INFO - [2026-01-29T04:52:30.080+0000] {dag.py:3947} INFO - Setting next_dagrun for tutorial_objectstorage to None, run_after=None
[2026-01-29T04:52:30.099+0000] {processor.py:183} INFO - Processing /home/airflow/.local/lib/python3.12/site-packages/airflow/example_dags/tutorial_objectstorage.py took 0.066 seconds
[2026-01-29T04:53:00.192+0000] {processor.py:161} INFO - Started process (PID=97889) to work on /home/airflow/.local/lib/python3.12/site-packages/airflow/example_dags/tutorial_objectstorage.py
[2026-01-29T04:53:00.192+0000] {processor.py:830} INFO - Processing file /home/airflow/.local/lib/python3.12/site-packages/airflow/example_dags/tutorial_objectstorage.py for tasks to queue
[2026-01-29T04:53:00.194+0000] {logging_mixin.py:188} INFO - [2026-01-29T04:53:00.194+0000] {dagbag.py:545} INFO - Filling up the DagBag from /home/airflow/.local/lib/python3.12/site-packages/airflow/example_dags/tutorial_objectstorage.py
[2026-01-29T04:53:00.202+0000] {processor.py:840} INFO - DAG(s) 'tutorial_objectstorage' retrieved from /home/airflow/.local/lib/python3.12/site-packages/airflow/example_dags/tutorial_objectstorage.py
[2026-01-29T04:53:00.221+0000] {logging_mixin.py:188} INFO - [2026-01-29T04:53:00.221+0000] {dag.py:3089} INFO - Sync 1 DAGs
[2026-01-29T04:53:00.235+0000] {logging_mixin.py:188} INFO - [2026-01-29T04:53:00.235+0000] {dag.py:3947} INFO - Setting next_dagrun for tutorial_objectstorage to None, run_after=None
[2026-01-29T04:53:00.262+0000] {processor.py:183} INFO - Processing /home/airflow/.local/lib/python3.12/site-packages/airflow/example_dags/tutorial_objectstorage.py took 0.077 seconds
[2026-01-29T04:53:30.359+0000] {processor.py:161} INFO - Started process (PID=97953) to work on /home/airflow/.local/lib/python3.12/site-packages/airflow/example_dags/tutorial_objectstorage.py
[2026-01-29T04:53:30.360+0000] {processor.py:830} INFO - Processing file /home/airflow/.local/lib/python3.12/site-packages/airflow/example_dags/tutorial_objectstorage.py for tasks to queue
[2026-01-29T04:53:30.362+0000] {logging_mixin.py:188} INFO - [2026-01-29T04:53:30.362+0000] {dagbag.py:545} INFO - Filling up the DagBag from /home/airflow/.local/lib/python3.12/site-packages/airflow/example_dags/tutorial_objectstorage.py
[2026-01-29T04:53:30.370+0000] {processor.py:840} INFO - DAG(s) 'tutorial_objectstorage' retrieved from /home/airflow/.local/lib/python3.12/site-packages/airflow/example_dags/tutorial_objectstorage.py
[2026-01-29T04:53:30.390+0000] {logging_mixin.py:188} INFO - [2026-01-29T04:53:30.390+0000] {dag.py:3089} INFO - Sync 1 DAGs
[2026-01-29T04:53:30.404+0000] {logging_mixin.py:188} INFO - [2026-01-29T04:53:30.404+0000] {dag.py:3947} INFO - Setting next_dagrun for tutorial_objectstorage to None, run_after=None
[2026-01-29T04:53:30.424+0000] {processor.py:183} INFO - Processing /home/airflow/.local/lib/python3.12/site-packages/airflow/example_dags/tutorial_objectstorage.py took 0.071 seconds
[2026-01-29T04:54:00.821+0000] {processor.py:161} INFO - Started process (PID=98012) to work on /home/airflow/.local/lib/python3.12/site-packages/airflow/example_dags/tutorial_objectstorage.py
[2026-01-29T04:54:00.822+0000] {processor.py:830} INFO - Processing file /home/airflow/.local/lib/python3.12/site-packages/airflow/example_dags/tutorial_objectstorage.py for tasks to queue
[2026-01-29T04:54:00.824+0000] {logging_mixin.py:188} INFO - [2026-01-29T04:54:00.824+0000] {dagbag.py:545} INFO - Filling up the DagBag from /home/airflow/.local/lib/python3.12/site-packages/airflow/example_dags/tutorial_objectstorage.py
[2026-01-29T04:54:00.832+0000] {processor.py:840} INFO - DAG(s) 'tutorial_objectstorage' retrieved from /home/airflow/.local/lib/python3.12/site-packages/airflow/example_dags/tutorial_objectstorage.py
[2026-01-29T04:54:00.853+0000] {logging_mixin.py:188} INFO - [2026-01-29T04:54:00.853+0000] {dag.py:3089} INFO - Sync 1 DAGs
[2026-01-29T04:54:00.868+0000] {logging_mixin.py:188} INFO - [2026-01-29T04:54:00.868+0000] {dag.py:3947} INFO - Setting next_dagrun for tutorial_objectstorage to None, run_after=None
[2026-01-29T04:54:00.889+0000] {processor.py:183} INFO - Processing /home/airflow/.local/lib/python3.12/site-packages/airflow/example_dags/tutorial_objectstorage.py took 0.075 seconds
[2026-01-29T04:54:31.038+0000] {processor.py:161} INFO - Started process (PID=98076) to work on /home/airflow/.local/lib/python3.12/site-packages/airflow/example_dags/tutorial_objectstorage.py
[2026-01-29T04:54:31.039+0000] {processor.py:830} INFO - Processing file /home/airflow/.local/lib/python3.12/site-packages/airflow/example_dags/tutorial_objectstorage.py for tasks to queue
[2026-01-29T04:54:31.041+0000] {logging_mixin.py:188} INFO - [2026-01-29T04:54:31.041+0000] {dagbag.py:545} INFO - Filling up the DagBag from /home/airflow/.local/lib/python3.12/site-packages/airflow/example_dags/tutorial_objectstorage.py
[2026-01-29T04:54:31.049+0000] {processor.py:840} INFO - DAG(s) 'tutorial_objectstorage' retrieved from /home/airflow/.local/lib/python3.12/site-packages/airflow/example_dags/tutorial_objectstorage.py
[2026-01-29T04:54:31.071+0000] {logging_mixin.py:188} INFO - [2026-01-29T04:54:31.070+0000] {dag.py:3089} INFO - Sync 1 DAGs
[2026-01-29T04:54:31.085+0000] {logging_mixin.py:188} INFO - [2026-01-29T04:54:31.085+0000] {dag.py:3947} INFO - Setting next_dagrun for tutorial_objectstorage to None, run_after=None
[2026-01-29T04:54:31.106+0000] {processor.py:183} INFO - Processing /home/airflow/.local/lib/python3.12/site-packages/airflow/example_dags/tutorial_objectstorage.py took 0.076 seconds
[2026-01-29T04:55:01.548+0000] {processor.py:161} INFO - Started process (PID=98140) to work on /home/airflow/.local/lib/python3.12/site-packages/airflow/example_dags/tutorial_objectstorage.py
[2026-01-29T04:55:01.549+0000] {processor.py:830} INFO - Processing file /home/airflow/.local/lib/python3.12/site-packages/airflow/example_dags/tutorial_objectstorage.py for tasks to queue
[2026-01-29T04:55:01.552+0000] {logging_mixin.py:188} INFO - [2026-01-29T04:55:01.551+0000] {dagbag.py:545} INFO - Filling up the DagBag from /home/airflow/.local/lib/python3.12/site-packages/airflow/example_dags/tutorial_objectstorage.py
[2026-01-29T04:55:01.561+0000] {processor.py:840} INFO - DAG(s) 'tutorial_objectstorage' retrieved from /home/airflow/.local/lib/python3.12/site-packages/airflow/example_dags/tutorial_objectstorage.py
[2026-01-29T04:55:01.588+0000] {logging_mixin.py:188} INFO - [2026-01-29T04:55:01.588+0000] {dag.py:3089} INFO - Sync 1 DAGs
[2026-01-29T04:55:01.603+0000] {logging_mixin.py:188} INFO - [2026-01-29T04:55:01.603+0000] {dag.py:3947} INFO - Setting next_dagrun for tutorial_objectstorage to None, run_after=None
[2026-01-29T04:55:01.628+0000] {processor.py:183} INFO - Processing /home/airflow/.local/lib/python3.12/site-packages/airflow/example_dags/tutorial_objectstorage.py took 0.089 seconds
[2026-01-29T04:55:32.643+0000] {processor.py:161} INFO - Started process (PID=98199) to work on /home/airflow/.local/lib/python3.12/site-packages/airflow/example_dags/tutorial_objectstorage.py
[2026-01-29T04:55:32.644+0000] {processor.py:830} INFO - Processing file /home/airflow/.local/lib/python3.12/site-packages/airflow/example_dags/tutorial_objectstorage.py for tasks to queue
[2026-01-29T04:55:32.646+0000] {logging_mixin.py:188} INFO - [2026-01-29T04:55:32.646+0000] {dagbag.py:545} INFO - Filling up the DagBag from /home/airflow/.local/lib/python3.12/site-packages/airflow/example_dags/tutorial_objectstorage.py
[2026-01-29T04:55:32.654+0000] {processor.py:840} INFO - DAG(s) 'tutorial_objectstorage' retrieved from /home/airflow/.local/lib/python3.12/site-packages/airflow/example_dags/tutorial_objectstorage.py
[2026-01-29T04:55:32.675+0000] {logging_mixin.py:188} INFO - [2026-01-29T04:55:32.675+0000] {dag.py:3089} INFO - Sync 1 DAGs
[2026-01-29T04:55:32.690+0000] {logging_mixin.py:188} INFO - [2026-01-29T04:55:32.690+0000] {dag.py:3947} INFO - Setting next_dagrun for tutorial_objectstorage to None, run_after=None
[2026-01-29T04:55:32.711+0000] {processor.py:183} INFO - Processing /home/airflow/.local/lib/python3.12/site-packages/airflow/example_dags/tutorial_objectstorage.py took 0.074 seconds
[2026-01-29T04:56:02.976+0000] {processor.py:161} INFO - Started process (PID=98263) to work on /home/airflow/.local/lib/python3.12/site-packages/airflow/example_dags/tutorial_objectstorage.py
[2026-01-29T04:56:02.977+0000] {processor.py:830} INFO - Processing file /home/airflow/.local/lib/python3.12/site-packages/airflow/example_dags/tutorial_objectstorage.py for tasks to queue
[2026-01-29T04:56:02.979+0000] {logging_mixin.py:188} INFO - [2026-01-29T04:56:02.978+0000] {dagbag.py:545} INFO - Filling up the DagBag from /home/airflow/.local/lib/python3.12/site-packages/airflow/example_dags/tutorial_objectstorage.py
[2026-01-29T04:56:02.987+0000] {processor.py:840} INFO - DAG(s) 'tutorial_objectstorage' retrieved from /home/airflow/.local/lib/python3.12/site-packages/airflow/example_dags/tutorial_objectstorage.py
[2026-01-29T04:56:03.007+0000] {logging_mixin.py:188} INFO - [2026-01-29T04:56:03.006+0000] {dag.py:3089} INFO - Sync 1 DAGs
[2026-01-29T04:56:03.021+0000] {logging_mixin.py:188} INFO - [2026-01-29T04:56:03.020+0000] {dag.py:3947} INFO - Setting next_dagrun for tutorial_objectstorage to None, run_after=None
[2026-01-29T04:56:03.045+0000] {processor.py:183} INFO - Processing /home/airflow/.local/lib/python3.12/site-packages/airflow/example_dags/tutorial_objectstorage.py took 0.076 seconds
[2026-01-29T04:56:33.470+0000] {processor.py:161} INFO - Started process (PID=98322) to work on /home/airflow/.local/lib/python3.12/site-packages/airflow/example_dags/tutorial_objectstorage.py
[2026-01-29T04:56:33.471+0000] {processor.py:830} INFO - Processing file /home/airflow/.local/lib/python3.12/site-packages/airflow/example_dags/tutorial_objectstorage.py for tasks to queue
[2026-01-29T04:56:33.473+0000] {logging_mixin.py:188} INFO - [2026-01-29T04:56:33.472+0000] {dagbag.py:545} INFO - Filling up the DagBag from /home/airflow/.local/lib/python3.12/site-packages/airflow/example_dags/tutorial_objectstorage.py
[2026-01-29T04:56:33.479+0000] {processor.py:840} INFO - DAG(s) 'tutorial_objectstorage' retrieved from /home/airflow/.local/lib/python3.12/site-packages/airflow/example_dags/tutorial_objectstorage.py
[2026-01-29T04:56:33.500+0000] {logging_mixin.py:188} INFO - [2026-01-29T04:56:33.500+0000] {dag.py:3089} INFO - Sync 1 DAGs
[2026-01-29T04:56:33.514+0000] {logging_mixin.py:188} INFO - [2026-01-29T04:56:33.514+0000] {dag.py:3947} INFO - Setting next_dagrun for tutorial_objectstorage to None, run_after=None
[2026-01-29T04:56:33.534+0000] {processor.py:183} INFO - Processing /home/airflow/.local/lib/python3.12/site-packages/airflow/example_dags/tutorial_objectstorage.py took 0.071 seconds
[2026-01-29T04:57:03.903+0000] {processor.py:161} INFO - Started process (PID=98386) to work on /home/airflow/.local/lib/python3.12/site-packages/airflow/example_dags/tutorial_objectstorage.py
[2026-01-29T04:57:03.904+0000] {processor.py:830} INFO - Processing file /home/airflow/.local/lib/python3.12/site-packages/airflow/example_dags/tutorial_objectstorage.py for tasks to queue
[2026-01-29T04:57:03.907+0000] {logging_mixin.py:188} INFO - [2026-01-29T04:57:03.906+0000] {dagbag.py:545} INFO - Filling up the DagBag from /home/airflow/.local/lib/python3.12/site-packages/airflow/example_dags/tutorial_objectstorage.py
[2026-01-29T04:57:03.917+0000] {processor.py:840} INFO - DAG(s) 'tutorial_objectstorage' retrieved from /home/airflow/.local/lib/python3.12/site-packages/airflow/example_dags/tutorial_objectstorage.py
[2026-01-29T04:57:03.938+0000] {logging_mixin.py:188} INFO - [2026-01-29T04:57:03.938+0000] {dag.py:3089} INFO - Sync 1 DAGs
[2026-01-29T04:57:03.953+0000] {logging_mixin.py:188} INFO - [2026-01-29T04:57:03.952+0000] {dag.py:3947} INFO - Setting next_dagrun for tutorial_objectstorage to None, run_after=None
[2026-01-29T04:57:03.979+0000] {processor.py:183} INFO - Processing /home/airflow/.local/lib/python3.12/site-packages/airflow/example_dags/tutorial_objectstorage.py took 0.083 seconds
[2026-01-29T04:57:34.420+0000] {processor.py:161} INFO - Started process (PID=98445) to work on /home/airflow/.local/lib/python3.12/site-packages/airflow/example_dags/tutorial_objectstorage.py
[2026-01-29T04:57:34.422+0000] {processor.py:830} INFO - Processing file /home/airflow/.local/lib/python3.12/site-packages/airflow/example_dags/tutorial_objectstorage.py for tasks to queue
[2026-01-29T04:57:34.423+0000] {logging_mixin.py:188} INFO - [2026-01-29T04:57:34.423+0000] {dagbag.py:545} INFO - Filling up the DagBag from /home/airflow/.local/lib/python3.12/site-packages/airflow/example_dags/tutorial_objectstorage.py
[2026-01-29T04:57:34.430+0000] {processor.py:840} INFO - DAG(s) 'tutorial_objectstorage' retrieved from /home/airflow/.local/lib/python3.12/site-packages/airflow/example_dags/tutorial_objectstorage.py
[2026-01-29T04:57:34.448+0000] {logging_mixin.py:188} INFO - [2026-01-29T04:57:34.448+0000] {dag.py:3089} INFO - Sync 1 DAGs
[2026-01-29T04:57:34.462+0000] {logging_mixin.py:188} INFO - [2026-01-29T04:57:34.461+0000] {dag.py:3947} INFO - Setting next_dagrun for tutorial_objectstorage to None, run_after=None
[2026-01-29T04:57:34.482+0000] {processor.py:183} INFO - Processing /home/airflow/.local/lib/python3.12/site-packages/airflow/example_dags/tutorial_objectstorage.py took 0.067 seconds
[2026-01-29T04:58:04.753+0000] {processor.py:161} INFO - Started process (PID=98509) to work on /home/airflow/.local/lib/python3.12/site-packages/airflow/example_dags/tutorial_objectstorage.py
[2026-01-29T04:58:04.754+0000] {processor.py:830} INFO - Processing file /home/airflow/.local/lib/python3.12/site-packages/airflow/example_dags/tutorial_objectstorage.py for tasks to queue
[2026-01-29T04:58:04.756+0000] {logging_mixin.py:188} INFO - [2026-01-29T04:58:04.756+0000] {dagbag.py:545} INFO - Filling up the DagBag from /home/airflow/.local/lib/python3.12/site-packages/airflow/example_dags/tutorial_objectstorage.py
[2026-01-29T04:58:04.763+0000] {processor.py:840} INFO - DAG(s) 'tutorial_objectstorage' retrieved from /home/airflow/.local/lib/python3.12/site-packages/airflow/example_dags/tutorial_objectstorage.py
[2026-01-29T04:58:04.782+0000] {logging_mixin.py:188} INFO - [2026-01-29T04:58:04.782+0000] {dag.py:3089} INFO - Sync 1 DAGs
[2026-01-29T04:58:04.796+0000] {logging_mixin.py:188} INFO - [2026-01-29T04:58:04.796+0000] {dag.py:3947} INFO - Setting next_dagrun for tutorial_objectstorage to None, run_after=None
[2026-01-29T04:58:04.816+0000] {processor.py:183} INFO - Processing /home/airflow/.local/lib/python3.12/site-packages/airflow/example_dags/tutorial_objectstorage.py took 0.069 seconds
[2026-01-29T04:58:35.055+0000] {processor.py:161} INFO - Started process (PID=98568) to work on /home/airflow/.local/lib/python3.12/site-packages/airflow/example_dags/tutorial_objectstorage.py
[2026-01-29T04:58:35.056+0000] {processor.py:830} INFO - Processing file /home/airflow/.local/lib/python3.12/site-packages/airflow/example_dags/tutorial_objectstorage.py for tasks to queue
[2026-01-29T04:58:35.058+0000] {logging_mixin.py:188} INFO - [2026-01-29T04:58:35.058+0000] {dagbag.py:545} INFO - Filling up the DagBag from /home/airflow/.local/lib/python3.12/site-packages/airflow/example_dags/tutorial_objectstorage.py
[2026-01-29T04:58:35.066+0000] {processor.py:840} INFO - DAG(s) 'tutorial_objectstorage' retrieved from /home/airflow/.local/lib/python3.12/site-packages/airflow/example_dags/tutorial_objectstorage.py
[2026-01-29T04:58:35.087+0000] {logging_mixin.py:188} INFO - [2026-01-29T04:58:35.087+0000] {dag.py:3089} INFO - Sync 1 DAGs
[2026-01-29T04:58:35.101+0000] {logging_mixin.py:188} INFO - [2026-01-29T04:58:35.101+0000] {dag.py:3947} INFO - Setting next_dagrun for tutorial_objectstorage to None, run_after=None
[2026-01-29T04:58:35.122+0000] {processor.py:183} INFO - Processing /home/airflow/.local/lib/python3.12/site-packages/airflow/example_dags/tutorial_objectstorage.py took 0.075 seconds
[2026-01-29T04:59:05.353+0000] {processor.py:161} INFO - Started process (PID=98632) to work on /home/airflow/.local/lib/python3.12/site-packages/airflow/example_dags/tutorial_objectstorage.py
[2026-01-29T04:59:05.354+0000] {processor.py:830} INFO - Processing file /home/airflow/.local/lib/python3.12/site-packages/airflow/example_dags/tutorial_objectstorage.py for tasks to queue
[2026-01-29T04:59:05.356+0000] {logging_mixin.py:188} INFO - [2026-01-29T04:59:05.355+0000] {dagbag.py:545} INFO - Filling up the DagBag from /home/airflow/.local/lib/python3.12/site-packages/airflow/example_dags/tutorial_objectstorage.py
[2026-01-29T04:59:05.362+0000] {processor.py:840} INFO - DAG(s) 'tutorial_objectstorage' retrieved from /home/airflow/.local/lib/python3.12/site-packages/airflow/example_dags/tutorial_objectstorage.py
[2026-01-29T04:59:05.381+0000] {logging_mixin.py:188} INFO - [2026-01-29T04:59:05.381+0000] {dag.py:3089} INFO - Sync 1 DAGs
[2026-01-29T04:59:05.394+0000] {logging_mixin.py:188} INFO - [2026-01-29T04:59:05.394+0000] {dag.py:3947} INFO - Setting next_dagrun for tutorial_objectstorage to None, run_after=None
[2026-01-29T04:59:05.414+0000] {processor.py:183} INFO - Processing /home/airflow/.local/lib/python3.12/site-packages/airflow/example_dags/tutorial_objectstorage.py took 0.066 seconds
[2026-01-29T04:59:35.650+0000] {processor.py:161} INFO - Started process (PID=98691) to work on /home/airflow/.local/lib/python3.12/site-packages/airflow/example_dags/tutorial_objectstorage.py
[2026-01-29T04:59:35.651+0000] {processor.py:830} INFO - Processing file /home/airflow/.local/lib/python3.12/site-packages/airflow/example_dags/tutorial_objectstorage.py for tasks to queue
[2026-01-29T04:59:35.653+0000] {logging_mixin.py:188} INFO - [2026-01-29T04:59:35.653+0000] {dagbag.py:545} INFO - Filling up the DagBag from /home/airflow/.local/lib/python3.12/site-packages/airflow/example_dags/tutorial_objectstorage.py
[2026-01-29T04:59:35.660+0000] {processor.py:840} INFO - DAG(s) 'tutorial_objectstorage' retrieved from /home/airflow/.local/lib/python3.12/site-packages/airflow/example_dags/tutorial_objectstorage.py
[2026-01-29T04:59:35.679+0000] {logging_mixin.py:188} INFO - [2026-01-29T04:59:35.679+0000] {dag.py:3089} INFO - Sync 1 DAGs
[2026-01-29T04:59:35.692+0000] {logging_mixin.py:188} INFO - [2026-01-29T04:59:35.692+0000] {dag.py:3947} INFO - Setting next_dagrun for tutorial_objectstorage to None, run_after=None
[2026-01-29T04:59:35.712+0000] {processor.py:183} INFO - Processing /home/airflow/.local/lib/python3.12/site-packages/airflow/example_dags/tutorial_objectstorage.py took 0.069 seconds
[2026-01-29T05:00:05.948+0000] {processor.py:161} INFO - Started process (PID=98755) to work on /home/airflow/.local/lib/python3.12/site-packages/airflow/example_dags/tutorial_objectstorage.py
[2026-01-29T05:00:05.949+0000] {processor.py:830} INFO - Processing file /home/airflow/.local/lib/python3.12/site-packages/airflow/example_dags/tutorial_objectstorage.py for tasks to queue
[2026-01-29T05:00:05.951+0000] {logging_mixin.py:188} INFO - [2026-01-29T05:00:05.950+0000] {dagbag.py:545} INFO - Filling up the DagBag from /home/airflow/.local/lib/python3.12/site-packages/airflow/example_dags/tutorial_objectstorage.py
[2026-01-29T05:00:05.958+0000] {processor.py:840} INFO - DAG(s) 'tutorial_objectstorage' retrieved from /home/airflow/.local/lib/python3.12/site-packages/airflow/example_dags/tutorial_objectstorage.py
[2026-01-29T05:00:05.978+0000] {logging_mixin.py:188} INFO - [2026-01-29T05:00:05.978+0000] {dag.py:3089} INFO - Sync 1 DAGs
[2026-01-29T05:00:05.992+0000] {logging_mixin.py:188} INFO - [2026-01-29T05:00:05.992+0000] {dag.py:3947} INFO - Setting next_dagrun for tutorial_objectstorage to None, run_after=None
[2026-01-29T05:00:06.013+0000] {processor.py:183} INFO - Processing /home/airflow/.local/lib/python3.12/site-packages/airflow/example_dags/tutorial_objectstorage.py took 0.070 seconds
[2026-01-29T05:00:36.233+0000] {processor.py:161} INFO - Started process (PID=98814) to work on /home/airflow/.local/lib/python3.12/site-packages/airflow/example_dags/tutorial_objectstorage.py
[2026-01-29T05:00:36.234+0000] {processor.py:830} INFO - Processing file /home/airflow/.local/lib/python3.12/site-packages/airflow/example_dags/tutorial_objectstorage.py for tasks to queue
[2026-01-29T05:00:36.236+0000] {logging_mixin.py:188} INFO - [2026-01-29T05:00:36.236+0000] {dagbag.py:545} INFO - Filling up the DagBag from /home/airflow/.local/lib/python3.12/site-packages/airflow/example_dags/tutorial_objectstorage.py
[2026-01-29T05:00:36.243+0000] {processor.py:840} INFO - DAG(s) 'tutorial_objectstorage' retrieved from /home/airflow/.local/lib/python3.12/site-packages/airflow/example_dags/tutorial_objectstorage.py
[2026-01-29T05:00:36.263+0000] {logging_mixin.py:188} INFO - [2026-01-29T05:00:36.262+0000] {dag.py:3089} INFO - Sync 1 DAGs
[2026-01-29T05:00:36.276+0000] {logging_mixin.py:188} INFO - [2026-01-29T05:00:36.276+0000] {dag.py:3947} INFO - Setting next_dagrun for tutorial_objectstorage to None, run_after=None
[2026-01-29T05:00:36.296+0000] {processor.py:183} INFO - Processing /home/airflow/.local/lib/python3.12/site-packages/airflow/example_dags/tutorial_objectstorage.py took 0.069 seconds
[2026-01-29T05:01:06.396+0000] {processor.py:161} INFO - Started process (PID=98878) to work on /home/airflow/.local/lib/python3.12/site-packages/airflow/example_dags/tutorial_objectstorage.py
[2026-01-29T05:01:06.396+0000] {processor.py:830} INFO - Processing file /home/airflow/.local/lib/python3.12/site-packages/airflow/example_dags/tutorial_objectstorage.py for tasks to queue
[2026-01-29T05:01:06.398+0000] {logging_mixin.py:188} INFO - [2026-01-29T05:01:06.398+0000] {dagbag.py:545} INFO - Filling up the DagBag from /home/airflow/.local/lib/python3.12/site-packages/airflow/example_dags/tutorial_objectstorage.py
[2026-01-29T05:01:06.406+0000] {processor.py:840} INFO - DAG(s) 'tutorial_objectstorage' retrieved from /home/airflow/.local/lib/python3.12/site-packages/airflow/example_dags/tutorial_objectstorage.py
[2026-01-29T05:01:06.427+0000] {logging_mixin.py:188} INFO - [2026-01-29T05:01:06.427+0000] {dag.py:3089} INFO - Sync 1 DAGs
[2026-01-29T05:01:06.440+0000] {logging_mixin.py:188} INFO - [2026-01-29T05:01:06.440+0000] {dag.py:3947} INFO - Setting next_dagrun for tutorial_objectstorage to None, run_after=None
[2026-01-29T05:01:06.461+0000] {processor.py:183} INFO - Processing /home/airflow/.local/lib/python3.12/site-packages/airflow/example_dags/tutorial_objectstorage.py took 0.073 seconds
[2026-01-29T05:01:36.771+0000] {processor.py:161} INFO - Started process (PID=98937) to work on /home/airflow/.local/lib/python3.12/site-packages/airflow/example_dags/tutorial_objectstorage.py
[2026-01-29T05:01:36.772+0000] {processor.py:830} INFO - Processing file /home/airflow/.local/lib/python3.12/site-packages/airflow/example_dags/tutorial_objectstorage.py for tasks to queue
[2026-01-29T05:01:36.774+0000] {logging_mixin.py:188} INFO - [2026-01-29T05:01:36.773+0000] {dagbag.py:545} INFO - Filling up the DagBag from /home/airflow/.local/lib/python3.12/site-packages/airflow/example_dags/tutorial_objectstorage.py
[2026-01-29T05:01:36.782+0000] {processor.py:840} INFO - DAG(s) 'tutorial_objectstorage' retrieved from /home/airflow/.local/lib/python3.12/site-packages/airflow/example_dags/tutorial_objectstorage.py
[2026-01-29T05:01:36.808+0000] {logging_mixin.py:188} INFO - [2026-01-29T05:01:36.807+0000] {dag.py:3089} INFO - Sync 1 DAGs
[2026-01-29T05:01:36.826+0000] {logging_mixin.py:188} INFO - [2026-01-29T05:01:36.826+0000] {dag.py:3947} INFO - Setting next_dagrun for tutorial_objectstorage to None, run_after=None
[2026-01-29T05:01:36.851+0000] {processor.py:183} INFO - Processing /home/airflow/.local/lib/python3.12/site-packages/airflow/example_dags/tutorial_objectstorage.py took 0.088 seconds
[2026-01-29T05:02:06.931+0000] {processor.py:161} INFO - Started process (PID=99001) to work on /home/airflow/.local/lib/python3.12/site-packages/airflow/example_dags/tutorial_objectstorage.py
[2026-01-29T05:02:06.932+0000] {processor.py:830} INFO - Processing file /home/airflow/.local/lib/python3.12/site-packages/airflow/example_dags/tutorial_objectstorage.py for tasks to queue
[2026-01-29T05:02:06.934+0000] {logging_mixin.py:188} INFO - [2026-01-29T05:02:06.933+0000] {dagbag.py:545} INFO - Filling up the DagBag from /home/airflow/.local/lib/python3.12/site-packages/airflow/example_dags/tutorial_objectstorage.py
[2026-01-29T05:02:06.942+0000] {processor.py:840} INFO - DAG(s) 'tutorial_objectstorage' retrieved from /home/airflow/.local/lib/python3.12/site-packages/airflow/example_dags/tutorial_objectstorage.py
[2026-01-29T05:02:06.962+0000] {logging_mixin.py:188} INFO - [2026-01-29T05:02:06.962+0000] {dag.py:3089} INFO - Sync 1 DAGs
[2026-01-29T05:02:06.977+0000] {logging_mixin.py:188} INFO - [2026-01-29T05:02:06.976+0000] {dag.py:3947} INFO - Setting next_dagrun for tutorial_objectstorage to None, run_after=None
[2026-01-29T05:02:06.997+0000] {processor.py:183} INFO - Processing /home/airflow/.local/lib/python3.12/site-packages/airflow/example_dags/tutorial_objectstorage.py took 0.073 seconds
[2026-01-29T05:02:37.407+0000] {processor.py:161} INFO - Started process (PID=99060) to work on /home/airflow/.local/lib/python3.12/site-packages/airflow/example_dags/tutorial_objectstorage.py
[2026-01-29T05:02:37.408+0000] {processor.py:830} INFO - Processing file /home/airflow/.local/lib/python3.12/site-packages/airflow/example_dags/tutorial_objectstorage.py for tasks to queue
[2026-01-29T05:02:37.410+0000] {logging_mixin.py:188} INFO - [2026-01-29T05:02:37.410+0000] {dagbag.py:545} INFO - Filling up the DagBag from /home/airflow/.local/lib/python3.12/site-packages/airflow/example_dags/tutorial_objectstorage.py
[2026-01-29T05:02:37.417+0000] {processor.py:840} INFO - DAG(s) 'tutorial_objectstorage' retrieved from /home/airflow/.local/lib/python3.12/site-packages/airflow/example_dags/tutorial_objectstorage.py
[2026-01-29T05:02:37.435+0000] {logging_mixin.py:188} INFO - [2026-01-29T05:02:37.435+0000] {dag.py:3089} INFO - Sync 1 DAGs
[2026-01-29T05:02:37.448+0000] {logging_mixin.py:188} INFO - [2026-01-29T05:02:37.448+0000] {dag.py:3947} INFO - Setting next_dagrun for tutorial_objectstorage to None, run_after=None
[2026-01-29T05:02:37.468+0000] {processor.py:183} INFO - Processing /home/airflow/.local/lib/python3.12/site-packages/airflow/example_dags/tutorial_objectstorage.py took 0.066 seconds
[2026-01-29T05:03:07.718+0000] {processor.py:161} INFO - Started process (PID=99124) to work on /home/airflow/.local/lib/python3.12/site-packages/airflow/example_dags/tutorial_objectstorage.py
[2026-01-29T05:03:07.719+0000] {processor.py:830} INFO - Processing file /home/airflow/.local/lib/python3.12/site-packages/airflow/example_dags/tutorial_objectstorage.py for tasks to queue
[2026-01-29T05:03:07.721+0000] {logging_mixin.py:188} INFO - [2026-01-29T05:03:07.720+0000] {dagbag.py:545} INFO - Filling up the DagBag from /home/airflow/.local/lib/python3.12/site-packages/airflow/example_dags/tutorial_objectstorage.py
[2026-01-29T05:03:07.727+0000] {processor.py:840} INFO - DAG(s) 'tutorial_objectstorage' retrieved from /home/airflow/.local/lib/python3.12/site-packages/airflow/example_dags/tutorial_objectstorage.py
[2026-01-29T05:03:07.747+0000] {logging_mixin.py:188} INFO - [2026-01-29T05:03:07.747+0000] {dag.py:3089} INFO - Sync 1 DAGs
[2026-01-29T05:03:07.761+0000] {logging_mixin.py:188} INFO - [2026-01-29T05:03:07.761+0000] {dag.py:3947} INFO - Setting next_dagrun for tutorial_objectstorage to None, run_after=None
[2026-01-29T05:03:07.781+0000] {processor.py:183} INFO - Processing /home/airflow/.local/lib/python3.12/site-packages/airflow/example_dags/tutorial_objectstorage.py took 0.069 seconds
[2026-01-29T05:03:37.974+0000] {processor.py:161} INFO - Started process (PID=99183) to work on /home/airflow/.local/lib/python3.12/site-packages/airflow/example_dags/tutorial_objectstorage.py
[2026-01-29T05:03:37.975+0000] {processor.py:830} INFO - Processing file /home/airflow/.local/lib/python3.12/site-packages/airflow/example_dags/tutorial_objectstorage.py for tasks to queue
[2026-01-29T05:03:37.977+0000] {logging_mixin.py:188} INFO - [2026-01-29T05:03:37.977+0000] {dagbag.py:545} INFO - Filling up the DagBag from /home/airflow/.local/lib/python3.12/site-packages/airflow/example_dags/tutorial_objectstorage.py
[2026-01-29T05:03:37.985+0000] {processor.py:840} INFO - DAG(s) 'tutorial_objectstorage' retrieved from /home/airflow/.local/lib/python3.12/site-packages/airflow/example_dags/tutorial_objectstorage.py
[2026-01-29T05:03:38.011+0000] {logging_mixin.py:188} INFO - [2026-01-29T05:03:38.010+0000] {dag.py:3089} INFO - Sync 1 DAGs
[2026-01-29T05:03:38.030+0000] {logging_mixin.py:188} INFO - [2026-01-29T05:03:38.029+0000] {dag.py:3947} INFO - Setting next_dagrun for tutorial_objectstorage to None, run_after=None
[2026-01-29T05:03:38.053+0000] {processor.py:183} INFO - Processing /home/airflow/.local/lib/python3.12/site-packages/airflow/example_dags/tutorial_objectstorage.py took 0.085 seconds
[2026-01-29T05:04:08.361+0000] {processor.py:161} INFO - Started process (PID=99246) to work on /home/airflow/.local/lib/python3.12/site-packages/airflow/example_dags/tutorial_objectstorage.py
[2026-01-29T05:04:08.361+0000] {processor.py:830} INFO - Processing file /home/airflow/.local/lib/python3.12/site-packages/airflow/example_dags/tutorial_objectstorage.py for tasks to queue
[2026-01-29T05:04:08.363+0000] {logging_mixin.py:188} INFO - [2026-01-29T05:04:08.363+0000] {dagbag.py:545} INFO - Filling up the DagBag from /home/airflow/.local/lib/python3.12/site-packages/airflow/example_dags/tutorial_objectstorage.py
[2026-01-29T05:04:08.370+0000] {processor.py:840} INFO - DAG(s) 'tutorial_objectstorage' retrieved from /home/airflow/.local/lib/python3.12/site-packages/airflow/example_dags/tutorial_objectstorage.py
[2026-01-29T05:04:08.388+0000] {logging_mixin.py:188} INFO - [2026-01-29T05:04:08.388+0000] {dag.py:3089} INFO - Sync 1 DAGs
[2026-01-29T05:04:08.401+0000] {logging_mixin.py:188} INFO - [2026-01-29T05:04:08.401+0000] {dag.py:3947} INFO - Setting next_dagrun for tutorial_objectstorage to None, run_after=None
[2026-01-29T05:04:08.420+0000] {processor.py:183} INFO - Processing /home/airflow/.local/lib/python3.12/site-packages/airflow/example_dags/tutorial_objectstorage.py took 0.066 seconds
[2026-01-29T05:04:38.724+0000] {processor.py:161} INFO - Started process (PID=99305) to work on /home/airflow/.local/lib/python3.12/site-packages/airflow/example_dags/tutorial_objectstorage.py
[2026-01-29T05:04:38.726+0000] {processor.py:830} INFO - Processing file /home/airflow/.local/lib/python3.12/site-packages/airflow/example_dags/tutorial_objectstorage.py for tasks to queue
[2026-01-29T05:04:38.727+0000] {logging_mixin.py:188} INFO - [2026-01-29T05:04:38.727+0000] {dagbag.py:545} INFO - Filling up the DagBag from /home/airflow/.local/lib/python3.12/site-packages/airflow/example_dags/tutorial_objectstorage.py
[2026-01-29T05:04:38.734+0000] {processor.py:840} INFO - DAG(s) 'tutorial_objectstorage' retrieved from /home/airflow/.local/lib/python3.12/site-packages/airflow/example_dags/tutorial_objectstorage.py
[2026-01-29T05:04:38.753+0000] {logging_mixin.py:188} INFO - [2026-01-29T05:04:38.753+0000] {dag.py:3089} INFO - Sync 1 DAGs
[2026-01-29T05:04:38.766+0000] {logging_mixin.py:188} INFO - [2026-01-29T05:04:38.766+0000] {dag.py:3947} INFO - Setting next_dagrun for tutorial_objectstorage to None, run_after=None
[2026-01-29T05:04:38.785+0000] {processor.py:183} INFO - Processing /home/airflow/.local/lib/python3.12/site-packages/airflow/example_dags/tutorial_objectstorage.py took 0.067 seconds
[2026-01-29T05:05:09.104+0000] {processor.py:161} INFO - Started process (PID=99370) to work on /home/airflow/.local/lib/python3.12/site-packages/airflow/example_dags/tutorial_objectstorage.py
[2026-01-29T05:05:09.104+0000] {processor.py:830} INFO - Processing file /home/airflow/.local/lib/python3.12/site-packages/airflow/example_dags/tutorial_objectstorage.py for tasks to queue
[2026-01-29T05:05:09.106+0000] {logging_mixin.py:188} INFO - [2026-01-29T05:05:09.106+0000] {dagbag.py:545} INFO - Filling up the DagBag from /home/airflow/.local/lib/python3.12/site-packages/airflow/example_dags/tutorial_objectstorage.py
[2026-01-29T05:05:09.113+0000] {processor.py:840} INFO - DAG(s) 'tutorial_objectstorage' retrieved from /home/airflow/.local/lib/python3.12/site-packages/airflow/example_dags/tutorial_objectstorage.py
[2026-01-29T05:05:09.132+0000] {logging_mixin.py:188} INFO - [2026-01-29T05:05:09.132+0000] {dag.py:3089} INFO - Sync 1 DAGs
[2026-01-29T05:05:09.146+0000] {logging_mixin.py:188} INFO - [2026-01-29T05:05:09.145+0000] {dag.py:3947} INFO - Setting next_dagrun for tutorial_objectstorage to None, run_after=None
[2026-01-29T05:05:09.166+0000] {processor.py:183} INFO - Processing /home/airflow/.local/lib/python3.12/site-packages/airflow/example_dags/tutorial_objectstorage.py took 0.068 seconds
[2026-01-29T05:05:39.582+0000] {processor.py:161} INFO - Started process (PID=99429) to work on /home/airflow/.local/lib/python3.12/site-packages/airflow/example_dags/tutorial_objectstorage.py
[2026-01-29T05:05:39.583+0000] {processor.py:830} INFO - Processing file /home/airflow/.local/lib/python3.12/site-packages/airflow/example_dags/tutorial_objectstorage.py for tasks to queue
[2026-01-29T05:05:39.585+0000] {logging_mixin.py:188} INFO - [2026-01-29T05:05:39.585+0000] {dagbag.py:545} INFO - Filling up the DagBag from /home/airflow/.local/lib/python3.12/site-packages/airflow/example_dags/tutorial_objectstorage.py
[2026-01-29T05:05:39.592+0000] {processor.py:840} INFO - DAG(s) 'tutorial_objectstorage' retrieved from /home/airflow/.local/lib/python3.12/site-packages/airflow/example_dags/tutorial_objectstorage.py
[2026-01-29T05:05:39.610+0000] {logging_mixin.py:188} INFO - [2026-01-29T05:05:39.610+0000] {dag.py:3089} INFO - Sync 1 DAGs
[2026-01-29T05:05:39.623+0000] {logging_mixin.py:188} INFO - [2026-01-29T05:05:39.623+0000] {dag.py:3947} INFO - Setting next_dagrun for tutorial_objectstorage to None, run_after=None
[2026-01-29T05:05:39.642+0000] {processor.py:183} INFO - Processing /home/airflow/.local/lib/python3.12/site-packages/airflow/example_dags/tutorial_objectstorage.py took 0.066 seconds
[2026-01-29T05:06:09.820+0000] {processor.py:161} INFO - Started process (PID=99493) to work on /home/airflow/.local/lib/python3.12/site-packages/airflow/example_dags/tutorial_objectstorage.py
[2026-01-29T05:06:09.821+0000] {processor.py:830} INFO - Processing file /home/airflow/.local/lib/python3.12/site-packages/airflow/example_dags/tutorial_objectstorage.py for tasks to queue
[2026-01-29T05:06:09.822+0000] {logging_mixin.py:188} INFO - [2026-01-29T05:06:09.822+0000] {dagbag.py:545} INFO - Filling up the DagBag from /home/airflow/.local/lib/python3.12/site-packages/airflow/example_dags/tutorial_objectstorage.py
[2026-01-29T05:06:09.829+0000] {processor.py:840} INFO - DAG(s) 'tutorial_objectstorage' retrieved from /home/airflow/.local/lib/python3.12/site-packages/airflow/example_dags/tutorial_objectstorage.py
[2026-01-29T05:06:09.847+0000] {logging_mixin.py:188} INFO - [2026-01-29T05:06:09.847+0000] {dag.py:3089} INFO - Sync 1 DAGs
[2026-01-29T05:06:09.859+0000] {logging_mixin.py:188} INFO - [2026-01-29T05:06:09.859+0000] {dag.py:3947} INFO - Setting next_dagrun for tutorial_objectstorage to None, run_after=None
[2026-01-29T05:06:09.878+0000] {processor.py:183} INFO - Processing /home/airflow/.local/lib/python3.12/site-packages/airflow/example_dags/tutorial_objectstorage.py took 0.063 seconds
[2026-01-29T05:06:40.642+0000] {processor.py:161} INFO - Started process (PID=99552) to work on /home/airflow/.local/lib/python3.12/site-packages/airflow/example_dags/tutorial_objectstorage.py
[2026-01-29T05:06:40.643+0000] {processor.py:830} INFO - Processing file /home/airflow/.local/lib/python3.12/site-packages/airflow/example_dags/tutorial_objectstorage.py for tasks to queue
[2026-01-29T05:06:40.645+0000] {logging_mixin.py:188} INFO - [2026-01-29T05:06:40.644+0000] {dagbag.py:545} INFO - Filling up the DagBag from /home/airflow/.local/lib/python3.12/site-packages/airflow/example_dags/tutorial_objectstorage.py
[2026-01-29T05:06:40.653+0000] {processor.py:840} INFO - DAG(s) 'tutorial_objectstorage' retrieved from /home/airflow/.local/lib/python3.12/site-packages/airflow/example_dags/tutorial_objectstorage.py
[2026-01-29T05:06:40.671+0000] {logging_mixin.py:188} INFO - [2026-01-29T05:06:40.671+0000] {dag.py:3089} INFO - Sync 1 DAGs
[2026-01-29T05:06:40.684+0000] {logging_mixin.py:188} INFO - [2026-01-29T05:06:40.684+0000] {dag.py:3947} INFO - Setting next_dagrun for tutorial_objectstorage to None, run_after=None
[2026-01-29T05:06:40.703+0000] {processor.py:183} INFO - Processing /home/airflow/.local/lib/python3.12/site-packages/airflow/example_dags/tutorial_objectstorage.py took 0.069 seconds
[2026-01-29T05:07:10.870+0000] {processor.py:161} INFO - Started process (PID=99616) to work on /home/airflow/.local/lib/python3.12/site-packages/airflow/example_dags/tutorial_objectstorage.py
[2026-01-29T05:07:10.871+0000] {processor.py:830} INFO - Processing file /home/airflow/.local/lib/python3.12/site-packages/airflow/example_dags/tutorial_objectstorage.py for tasks to queue
[2026-01-29T05:07:10.873+0000] {logging_mixin.py:188} INFO - [2026-01-29T05:07:10.873+0000] {dagbag.py:545} INFO - Filling up the DagBag from /home/airflow/.local/lib/python3.12/site-packages/airflow/example_dags/tutorial_objectstorage.py
[2026-01-29T05:07:10.881+0000] {processor.py:840} INFO - DAG(s) 'tutorial_objectstorage' retrieved from /home/airflow/.local/lib/python3.12/site-packages/airflow/example_dags/tutorial_objectstorage.py
[2026-01-29T05:07:10.902+0000] {logging_mixin.py:188} INFO - [2026-01-29T05:07:10.902+0000] {dag.py:3089} INFO - Sync 1 DAGs
[2026-01-29T05:07:10.917+0000] {logging_mixin.py:188} INFO - [2026-01-29T05:07:10.917+0000] {dag.py:3947} INFO - Setting next_dagrun for tutorial_objectstorage to None, run_after=None
[2026-01-29T05:07:10.938+0000] {processor.py:183} INFO - Processing /home/airflow/.local/lib/python3.12/site-packages/airflow/example_dags/tutorial_objectstorage.py took 0.076 seconds
[2026-01-29T05:07:41.099+0000] {processor.py:161} INFO - Started process (PID=99675) to work on /home/airflow/.local/lib/python3.12/site-packages/airflow/example_dags/tutorial_objectstorage.py
[2026-01-29T05:07:41.100+0000] {processor.py:830} INFO - Processing file /home/airflow/.local/lib/python3.12/site-packages/airflow/example_dags/tutorial_objectstorage.py for tasks to queue
[2026-01-29T05:07:41.102+0000] {logging_mixin.py:188} INFO - [2026-01-29T05:07:41.102+0000] {dagbag.py:545} INFO - Filling up the DagBag from /home/airflow/.local/lib/python3.12/site-packages/airflow/example_dags/tutorial_objectstorage.py
[2026-01-29T05:07:41.109+0000] {processor.py:840} INFO - DAG(s) 'tutorial_objectstorage' retrieved from /home/airflow/.local/lib/python3.12/site-packages/airflow/example_dags/tutorial_objectstorage.py
[2026-01-29T05:07:41.127+0000] {logging_mixin.py:188} INFO - [2026-01-29T05:07:41.127+0000] {dag.py:3089} INFO - Sync 1 DAGs
[2026-01-29T05:07:41.139+0000] {logging_mixin.py:188} INFO - [2026-01-29T05:07:41.139+0000] {dag.py:3947} INFO - Setting next_dagrun for tutorial_objectstorage to None, run_after=None
[2026-01-29T05:07:41.158+0000] {processor.py:183} INFO - Processing /home/airflow/.local/lib/python3.12/site-packages/airflow/example_dags/tutorial_objectstorage.py took 0.065 seconds
[2026-01-29T05:08:11.390+0000] {processor.py:161} INFO - Started process (PID=99739) to work on /home/airflow/.local/lib/python3.12/site-packages/airflow/example_dags/tutorial_objectstorage.py
[2026-01-29T05:08:11.390+0000] {processor.py:830} INFO - Processing file /home/airflow/.local/lib/python3.12/site-packages/airflow/example_dags/tutorial_objectstorage.py for tasks to queue
[2026-01-29T05:08:11.392+0000] {logging_mixin.py:188} INFO - [2026-01-29T05:08:11.392+0000] {dagbag.py:545} INFO - Filling up the DagBag from /home/airflow/.local/lib/python3.12/site-packages/airflow/example_dags/tutorial_objectstorage.py
[2026-01-29T05:08:11.399+0000] {processor.py:840} INFO - DAG(s) 'tutorial_objectstorage' retrieved from /home/airflow/.local/lib/python3.12/site-packages/airflow/example_dags/tutorial_objectstorage.py
[2026-01-29T05:08:11.416+0000] {logging_mixin.py:188} INFO - [2026-01-29T05:08:11.416+0000] {dag.py:3089} INFO - Sync 1 DAGs
[2026-01-29T05:08:11.429+0000] {logging_mixin.py:188} INFO - [2026-01-29T05:08:11.429+0000] {dag.py:3947} INFO - Setting next_dagrun for tutorial_objectstorage to None, run_after=None
[2026-01-29T05:08:11.448+0000] {processor.py:183} INFO - Processing /home/airflow/.local/lib/python3.12/site-packages/airflow/example_dags/tutorial_objectstorage.py took 0.064 seconds
[2026-01-29T05:08:41.605+0000] {processor.py:161} INFO - Started process (PID=99798) to work on /home/airflow/.local/lib/python3.12/site-packages/airflow/example_dags/tutorial_objectstorage.py
[2026-01-29T05:08:41.606+0000] {processor.py:830} INFO - Processing file /home/airflow/.local/lib/python3.12/site-packages/airflow/example_dags/tutorial_objectstorage.py for tasks to queue
[2026-01-29T05:08:41.608+0000] {logging_mixin.py:188} INFO - [2026-01-29T05:08:41.607+0000] {dagbag.py:545} INFO - Filling up the DagBag from /home/airflow/.local/lib/python3.12/site-packages/airflow/example_dags/tutorial_objectstorage.py
[2026-01-29T05:08:41.614+0000] {processor.py:840} INFO - DAG(s) 'tutorial_objectstorage' retrieved from /home/airflow/.local/lib/python3.12/site-packages/airflow/example_dags/tutorial_objectstorage.py
[2026-01-29T05:08:41.634+0000] {logging_mixin.py:188} INFO - [2026-01-29T05:08:41.634+0000] {dag.py:3089} INFO - Sync 1 DAGs
[2026-01-29T05:08:41.648+0000] {logging_mixin.py:188} INFO - [2026-01-29T05:08:41.648+0000] {dag.py:3947} INFO - Setting next_dagrun for tutorial_objectstorage to None, run_after=None
[2026-01-29T05:08:41.670+0000] {processor.py:183} INFO - Processing /home/airflow/.local/lib/python3.12/site-packages/airflow/example_dags/tutorial_objectstorage.py took 0.071 seconds
[2026-01-29T05:09:12.241+0000] {processor.py:161} INFO - Started process (PID=99860) to work on /home/airflow/.local/lib/python3.12/site-packages/airflow/example_dags/tutorial_objectstorage.py
[2026-01-29T05:09:12.242+0000] {processor.py:830} INFO - Processing file /home/airflow/.local/lib/python3.12/site-packages/airflow/example_dags/tutorial_objectstorage.py for tasks to queue
[2026-01-29T05:09:12.244+0000] {logging_mixin.py:188} INFO - [2026-01-29T05:09:12.243+0000] {dagbag.py:545} INFO - Filling up the DagBag from /home/airflow/.local/lib/python3.12/site-packages/airflow/example_dags/tutorial_objectstorage.py
[2026-01-29T05:09:12.251+0000] {processor.py:840} INFO - DAG(s) 'tutorial_objectstorage' retrieved from /home/airflow/.local/lib/python3.12/site-packages/airflow/example_dags/tutorial_objectstorage.py
[2026-01-29T05:09:12.270+0000] {logging_mixin.py:188} INFO - [2026-01-29T05:09:12.270+0000] {dag.py:3089} INFO - Sync 1 DAGs
[2026-01-29T05:09:12.283+0000] {logging_mixin.py:188} INFO - [2026-01-29T05:09:12.283+0000] {dag.py:3947} INFO - Setting next_dagrun for tutorial_objectstorage to None, run_after=None
[2026-01-29T05:09:12.303+0000] {processor.py:183} INFO - Processing /home/airflow/.local/lib/python3.12/site-packages/airflow/example_dags/tutorial_objectstorage.py took 0.067 seconds
[2026-01-29T05:09:43.035+0000] {processor.py:161} INFO - Started process (PID=99919) to work on /home/airflow/.local/lib/python3.12/site-packages/airflow/example_dags/tutorial_objectstorage.py
[2026-01-29T05:09:43.036+0000] {processor.py:830} INFO - Processing file /home/airflow/.local/lib/python3.12/site-packages/airflow/example_dags/tutorial_objectstorage.py for tasks to queue
[2026-01-29T05:09:43.037+0000] {logging_mixin.py:188} INFO - [2026-01-29T05:09:43.037+0000] {dagbag.py:545} INFO - Filling up the DagBag from /home/airflow/.local/lib/python3.12/site-packages/airflow/example_dags/tutorial_objectstorage.py
[2026-01-29T05:09:43.044+0000] {processor.py:840} INFO - DAG(s) 'tutorial_objectstorage' retrieved from /home/airflow/.local/lib/python3.12/site-packages/airflow/example_dags/tutorial_objectstorage.py
[2026-01-29T05:09:43.064+0000] {logging_mixin.py:188} INFO - [2026-01-29T05:09:43.063+0000] {dag.py:3089} INFO - Sync 1 DAGs
[2026-01-29T05:09:43.078+0000] {logging_mixin.py:188} INFO - [2026-01-29T05:09:43.077+0000] {dag.py:3947} INFO - Setting next_dagrun for tutorial_objectstorage to None, run_after=None
[2026-01-29T05:09:43.098+0000] {processor.py:183} INFO - Processing /home/airflow/.local/lib/python3.12/site-packages/airflow/example_dags/tutorial_objectstorage.py took 0.069 seconds
[2026-01-29T05:10:13.791+0000] {processor.py:161} INFO - Started process (PID=99983) to work on /home/airflow/.local/lib/python3.12/site-packages/airflow/example_dags/tutorial_objectstorage.py
[2026-01-29T05:10:13.792+0000] {processor.py:830} INFO - Processing file /home/airflow/.local/lib/python3.12/site-packages/airflow/example_dags/tutorial_objectstorage.py for tasks to queue
[2026-01-29T05:10:13.794+0000] {logging_mixin.py:188} INFO - [2026-01-29T05:10:13.793+0000] {dagbag.py:545} INFO - Filling up the DagBag from /home/airflow/.local/lib/python3.12/site-packages/airflow/example_dags/tutorial_objectstorage.py
[2026-01-29T05:10:13.802+0000] {processor.py:840} INFO - DAG(s) 'tutorial_objectstorage' retrieved from /home/airflow/.local/lib/python3.12/site-packages/airflow/example_dags/tutorial_objectstorage.py
[2026-01-29T05:10:13.822+0000] {logging_mixin.py:188} INFO - [2026-01-29T05:10:13.822+0000] {dag.py:3089} INFO - Sync 1 DAGs
[2026-01-29T05:10:13.837+0000] {logging_mixin.py:188} INFO - [2026-01-29T05:10:13.836+0000] {dag.py:3947} INFO - Setting next_dagrun for tutorial_objectstorage to None, run_after=None
[2026-01-29T05:10:13.857+0000] {processor.py:183} INFO - Processing /home/airflow/.local/lib/python3.12/site-packages/airflow/example_dags/tutorial_objectstorage.py took 0.073 seconds
[2026-01-29T05:10:44.510+0000] {processor.py:161} INFO - Started process (PID=100042) to work on /home/airflow/.local/lib/python3.12/site-packages/airflow/example_dags/tutorial_objectstorage.py
[2026-01-29T05:10:44.511+0000] {processor.py:830} INFO - Processing file /home/airflow/.local/lib/python3.12/site-packages/airflow/example_dags/tutorial_objectstorage.py for tasks to queue
[2026-01-29T05:10:44.513+0000] {logging_mixin.py:188} INFO - [2026-01-29T05:10:44.512+0000] {dagbag.py:545} INFO - Filling up the DagBag from /home/airflow/.local/lib/python3.12/site-packages/airflow/example_dags/tutorial_objectstorage.py
[2026-01-29T05:10:44.520+0000] {processor.py:840} INFO - DAG(s) 'tutorial_objectstorage' retrieved from /home/airflow/.local/lib/python3.12/site-packages/airflow/example_dags/tutorial_objectstorage.py
[2026-01-29T05:10:44.544+0000] {logging_mixin.py:188} INFO - [2026-01-29T05:10:44.543+0000] {dag.py:3089} INFO - Sync 1 DAGs
[2026-01-29T05:10:44.564+0000] {logging_mixin.py:188} INFO - [2026-01-29T05:10:44.564+0000] {dag.py:3947} INFO - Setting next_dagrun for tutorial_objectstorage to None, run_after=None
[2026-01-29T05:10:44.585+0000] {processor.py:183} INFO - Processing /home/airflow/.local/lib/python3.12/site-packages/airflow/example_dags/tutorial_objectstorage.py took 0.081 seconds
[2026-01-29T05:11:15.206+0000] {processor.py:161} INFO - Started process (PID=100106) to work on /home/airflow/.local/lib/python3.12/site-packages/airflow/example_dags/tutorial_objectstorage.py
[2026-01-29T05:11:15.206+0000] {processor.py:830} INFO - Processing file /home/airflow/.local/lib/python3.12/site-packages/airflow/example_dags/tutorial_objectstorage.py for tasks to queue
[2026-01-29T05:11:15.208+0000] {logging_mixin.py:188} INFO - [2026-01-29T05:11:15.208+0000] {dagbag.py:545} INFO - Filling up the DagBag from /home/airflow/.local/lib/python3.12/site-packages/airflow/example_dags/tutorial_objectstorage.py
[2026-01-29T05:11:15.215+0000] {processor.py:840} INFO - DAG(s) 'tutorial_objectstorage' retrieved from /home/airflow/.local/lib/python3.12/site-packages/airflow/example_dags/tutorial_objectstorage.py
[2026-01-29T05:11:15.234+0000] {logging_mixin.py:188} INFO - [2026-01-29T05:11:15.233+0000] {dag.py:3089} INFO - Sync 1 DAGs
[2026-01-29T05:11:15.247+0000] {logging_mixin.py:188} INFO - [2026-01-29T05:11:15.247+0000] {dag.py:3947} INFO - Setting next_dagrun for tutorial_objectstorage to None, run_after=None
[2026-01-29T05:11:15.267+0000] {processor.py:183} INFO - Processing /home/airflow/.local/lib/python3.12/site-packages/airflow/example_dags/tutorial_objectstorage.py took 0.068 seconds
[2026-01-29T05:11:45.988+0000] {processor.py:161} INFO - Started process (PID=100165) to work on /home/airflow/.local/lib/python3.12/site-packages/airflow/example_dags/tutorial_objectstorage.py
[2026-01-29T05:11:45.989+0000] {processor.py:830} INFO - Processing file /home/airflow/.local/lib/python3.12/site-packages/airflow/example_dags/tutorial_objectstorage.py for tasks to queue
[2026-01-29T05:11:45.991+0000] {logging_mixin.py:188} INFO - [2026-01-29T05:11:45.990+0000] {dagbag.py:545} INFO - Filling up the DagBag from /home/airflow/.local/lib/python3.12/site-packages/airflow/example_dags/tutorial_objectstorage.py
[2026-01-29T05:11:45.998+0000] {processor.py:840} INFO - DAG(s) 'tutorial_objectstorage' retrieved from /home/airflow/.local/lib/python3.12/site-packages/airflow/example_dags/tutorial_objectstorage.py
[2026-01-29T05:11:46.017+0000] {logging_mixin.py:188} INFO - [2026-01-29T05:11:46.016+0000] {dag.py:3089} INFO - Sync 1 DAGs
[2026-01-29T05:11:46.032+0000] {logging_mixin.py:188} INFO - [2026-01-29T05:11:46.032+0000] {dag.py:3947} INFO - Setting next_dagrun for tutorial_objectstorage to None, run_after=None
[2026-01-29T05:11:46.051+0000] {processor.py:183} INFO - Processing /home/airflow/.local/lib/python3.12/site-packages/airflow/example_dags/tutorial_objectstorage.py took 0.071 seconds
[2026-01-29T05:12:16.954+0000] {processor.py:161} INFO - Started process (PID=100229) to work on /home/airflow/.local/lib/python3.12/site-packages/airflow/example_dags/tutorial_objectstorage.py
[2026-01-29T05:12:16.955+0000] {processor.py:830} INFO - Processing file /home/airflow/.local/lib/python3.12/site-packages/airflow/example_dags/tutorial_objectstorage.py for tasks to queue
[2026-01-29T05:12:16.957+0000] {logging_mixin.py:188} INFO - [2026-01-29T05:12:16.956+0000] {dagbag.py:545} INFO - Filling up the DagBag from /home/airflow/.local/lib/python3.12/site-packages/airflow/example_dags/tutorial_objectstorage.py
[2026-01-29T05:12:16.964+0000] {processor.py:840} INFO - DAG(s) 'tutorial_objectstorage' retrieved from /home/airflow/.local/lib/python3.12/site-packages/airflow/example_dags/tutorial_objectstorage.py
[2026-01-29T05:12:16.983+0000] {logging_mixin.py:188} INFO - [2026-01-29T05:12:16.983+0000] {dag.py:3089} INFO - Sync 1 DAGs
[2026-01-29T05:12:16.997+0000] {logging_mixin.py:188} INFO - [2026-01-29T05:12:16.997+0000] {dag.py:3947} INFO - Setting next_dagrun for tutorial_objectstorage to None, run_after=None
[2026-01-29T05:12:17.019+0000] {processor.py:183} INFO - Processing /home/airflow/.local/lib/python3.12/site-packages/airflow/example_dags/tutorial_objectstorage.py took 0.071 seconds
[2026-01-29T05:12:47.214+0000] {processor.py:161} INFO - Started process (PID=100288) to work on /home/airflow/.local/lib/python3.12/site-packages/airflow/example_dags/tutorial_objectstorage.py
[2026-01-29T05:12:47.215+0000] {processor.py:830} INFO - Processing file /home/airflow/.local/lib/python3.12/site-packages/airflow/example_dags/tutorial_objectstorage.py for tasks to queue
[2026-01-29T05:12:47.217+0000] {logging_mixin.py:188} INFO - [2026-01-29T05:12:47.216+0000] {dagbag.py:545} INFO - Filling up the DagBag from /home/airflow/.local/lib/python3.12/site-packages/airflow/example_dags/tutorial_objectstorage.py
[2026-01-29T05:12:47.225+0000] {processor.py:840} INFO - DAG(s) 'tutorial_objectstorage' retrieved from /home/airflow/.local/lib/python3.12/site-packages/airflow/example_dags/tutorial_objectstorage.py
[2026-01-29T05:12:47.248+0000] {logging_mixin.py:188} INFO - [2026-01-29T05:12:47.248+0000] {dag.py:3089} INFO - Sync 1 DAGs
[2026-01-29T05:12:47.263+0000] {logging_mixin.py:188} INFO - [2026-01-29T05:12:47.263+0000] {dag.py:3947} INFO - Setting next_dagrun for tutorial_objectstorage to None, run_after=None
[2026-01-29T05:12:47.285+0000] {processor.py:183} INFO - Processing /home/airflow/.local/lib/python3.12/site-packages/airflow/example_dags/tutorial_objectstorage.py took 0.079 seconds
[2026-01-29T05:13:17.433+0000] {processor.py:161} INFO - Started process (PID=100352) to work on /home/airflow/.local/lib/python3.12/site-packages/airflow/example_dags/tutorial_objectstorage.py
[2026-01-29T05:13:17.434+0000] {processor.py:830} INFO - Processing file /home/airflow/.local/lib/python3.12/site-packages/airflow/example_dags/tutorial_objectstorage.py for tasks to queue
[2026-01-29T05:13:17.435+0000] {logging_mixin.py:188} INFO - [2026-01-29T05:13:17.435+0000] {dagbag.py:545} INFO - Filling up the DagBag from /home/airflow/.local/lib/python3.12/site-packages/airflow/example_dags/tutorial_objectstorage.py
[2026-01-29T05:13:17.442+0000] {processor.py:840} INFO - DAG(s) 'tutorial_objectstorage' retrieved from /home/airflow/.local/lib/python3.12/site-packages/airflow/example_dags/tutorial_objectstorage.py
[2026-01-29T05:13:17.461+0000] {logging_mixin.py:188} INFO - [2026-01-29T05:13:17.461+0000] {dag.py:3089} INFO - Sync 1 DAGs
[2026-01-29T05:13:17.475+0000] {logging_mixin.py:188} INFO - [2026-01-29T05:13:17.475+0000] {dag.py:3947} INFO - Setting next_dagrun for tutorial_objectstorage to None, run_after=None
[2026-01-29T05:13:17.495+0000] {processor.py:183} INFO - Processing /home/airflow/.local/lib/python3.12/site-packages/airflow/example_dags/tutorial_objectstorage.py took 0.068 seconds
[2026-01-29T05:13:47.628+0000] {processor.py:161} INFO - Started process (PID=100411) to work on /home/airflow/.local/lib/python3.12/site-packages/airflow/example_dags/tutorial_objectstorage.py
[2026-01-29T05:13:47.629+0000] {processor.py:830} INFO - Processing file /home/airflow/.local/lib/python3.12/site-packages/airflow/example_dags/tutorial_objectstorage.py for tasks to queue
[2026-01-29T05:13:47.631+0000] {logging_mixin.py:188} INFO - [2026-01-29T05:13:47.631+0000] {dagbag.py:545} INFO - Filling up the DagBag from /home/airflow/.local/lib/python3.12/site-packages/airflow/example_dags/tutorial_objectstorage.py
[2026-01-29T05:13:47.640+0000] {processor.py:840} INFO - DAG(s) 'tutorial_objectstorage' retrieved from /home/airflow/.local/lib/python3.12/site-packages/airflow/example_dags/tutorial_objectstorage.py
[2026-01-29T05:13:47.661+0000] {logging_mixin.py:188} INFO - [2026-01-29T05:13:47.660+0000] {dag.py:3089} INFO - Sync 1 DAGs
[2026-01-29T05:13:47.674+0000] {logging_mixin.py:188} INFO - [2026-01-29T05:13:47.674+0000] {dag.py:3947} INFO - Setting next_dagrun for tutorial_objectstorage to None, run_after=None
[2026-01-29T05:13:47.700+0000] {processor.py:183} INFO - Processing /home/airflow/.local/lib/python3.12/site-packages/airflow/example_dags/tutorial_objectstorage.py took 0.080 seconds
[2026-01-29T05:14:17.979+0000] {processor.py:161} INFO - Started process (PID=100475) to work on /home/airflow/.local/lib/python3.12/site-packages/airflow/example_dags/tutorial_objectstorage.py
[2026-01-29T05:14:17.979+0000] {processor.py:830} INFO - Processing file /home/airflow/.local/lib/python3.12/site-packages/airflow/example_dags/tutorial_objectstorage.py for tasks to queue
[2026-01-29T05:14:17.981+0000] {logging_mixin.py:188} INFO - [2026-01-29T05:14:17.981+0000] {dagbag.py:545} INFO - Filling up the DagBag from /home/airflow/.local/lib/python3.12/site-packages/airflow/example_dags/tutorial_objectstorage.py
[2026-01-29T05:14:17.988+0000] {processor.py:840} INFO - DAG(s) 'tutorial_objectstorage' retrieved from /home/airflow/.local/lib/python3.12/site-packages/airflow/example_dags/tutorial_objectstorage.py
[2026-01-29T05:14:18.007+0000] {logging_mixin.py:188} INFO - [2026-01-29T05:14:18.007+0000] {dag.py:3089} INFO - Sync 1 DAGs
[2026-01-29T05:14:18.020+0000] {logging_mixin.py:188} INFO - [2026-01-29T05:14:18.019+0000] {dag.py:3947} INFO - Setting next_dagrun for tutorial_objectstorage to None, run_after=None
[2026-01-29T05:14:18.039+0000] {processor.py:183} INFO - Processing /home/airflow/.local/lib/python3.12/site-packages/airflow/example_dags/tutorial_objectstorage.py took 0.066 seconds
[2026-01-29T05:14:48.797+0000] {processor.py:161} INFO - Started process (PID=100534) to work on /home/airflow/.local/lib/python3.12/site-packages/airflow/example_dags/tutorial_objectstorage.py
[2026-01-29T05:14:48.798+0000] {processor.py:830} INFO - Processing file /home/airflow/.local/lib/python3.12/site-packages/airflow/example_dags/tutorial_objectstorage.py for tasks to queue
[2026-01-29T05:14:48.800+0000] {logging_mixin.py:188} INFO - [2026-01-29T05:14:48.800+0000] {dagbag.py:545} INFO - Filling up the DagBag from /home/airflow/.local/lib/python3.12/site-packages/airflow/example_dags/tutorial_objectstorage.py
[2026-01-29T05:14:48.808+0000] {processor.py:840} INFO - DAG(s) 'tutorial_objectstorage' retrieved from /home/airflow/.local/lib/python3.12/site-packages/airflow/example_dags/tutorial_objectstorage.py
[2026-01-29T05:14:48.829+0000] {logging_mixin.py:188} INFO - [2026-01-29T05:14:48.829+0000] {dag.py:3089} INFO - Sync 1 DAGs
[2026-01-29T05:14:48.844+0000] {logging_mixin.py:188} INFO - [2026-01-29T05:14:48.844+0000] {dag.py:3947} INFO - Setting next_dagrun for tutorial_objectstorage to None, run_after=None
[2026-01-29T05:14:48.864+0000] {processor.py:183} INFO - Processing /home/airflow/.local/lib/python3.12/site-packages/airflow/example_dags/tutorial_objectstorage.py took 0.075 seconds
[2026-01-29T05:15:19.028+0000] {processor.py:161} INFO - Started process (PID=100598) to work on /home/airflow/.local/lib/python3.12/site-packages/airflow/example_dags/tutorial_objectstorage.py
[2026-01-29T05:15:19.029+0000] {processor.py:830} INFO - Processing file /home/airflow/.local/lib/python3.12/site-packages/airflow/example_dags/tutorial_objectstorage.py for tasks to queue
[2026-01-29T05:15:19.030+0000] {logging_mixin.py:188} INFO - [2026-01-29T05:15:19.030+0000] {dagbag.py:545} INFO - Filling up the DagBag from /home/airflow/.local/lib/python3.12/site-packages/airflow/example_dags/tutorial_objectstorage.py
[2026-01-29T05:15:19.037+0000] {processor.py:840} INFO - DAG(s) 'tutorial_objectstorage' retrieved from /home/airflow/.local/lib/python3.12/site-packages/airflow/example_dags/tutorial_objectstorage.py
[2026-01-29T05:15:19.057+0000] {logging_mixin.py:188} INFO - [2026-01-29T05:15:19.056+0000] {dag.py:3089} INFO - Sync 1 DAGs
[2026-01-29T05:15:19.070+0000] {logging_mixin.py:188} INFO - [2026-01-29T05:15:19.070+0000] {dag.py:3947} INFO - Setting next_dagrun for tutorial_objectstorage to None, run_after=None
[2026-01-29T05:15:19.090+0000] {processor.py:183} INFO - Processing /home/airflow/.local/lib/python3.12/site-packages/airflow/example_dags/tutorial_objectstorage.py took 0.068 seconds
[2026-01-29T05:15:50.152+0000] {processor.py:161} INFO - Started process (PID=100657) to work on /home/airflow/.local/lib/python3.12/site-packages/airflow/example_dags/tutorial_objectstorage.py
[2026-01-29T05:15:50.154+0000] {processor.py:830} INFO - Processing file /home/airflow/.local/lib/python3.12/site-packages/airflow/example_dags/tutorial_objectstorage.py for tasks to queue
[2026-01-29T05:15:50.156+0000] {logging_mixin.py:188} INFO - [2026-01-29T05:15:50.155+0000] {dagbag.py:545} INFO - Filling up the DagBag from /home/airflow/.local/lib/python3.12/site-packages/airflow/example_dags/tutorial_objectstorage.py
[2026-01-29T05:15:50.164+0000] {processor.py:840} INFO - DAG(s) 'tutorial_objectstorage' retrieved from /home/airflow/.local/lib/python3.12/site-packages/airflow/example_dags/tutorial_objectstorage.py
[2026-01-29T05:15:50.187+0000] {logging_mixin.py:188} INFO - [2026-01-29T05:15:50.186+0000] {dag.py:3089} INFO - Sync 1 DAGs
[2026-01-29T05:15:50.202+0000] {logging_mixin.py:188} INFO - [2026-01-29T05:15:50.202+0000] {dag.py:3947} INFO - Setting next_dagrun for tutorial_objectstorage to None, run_after=None
[2026-01-29T05:15:50.225+0000] {processor.py:183} INFO - Processing /home/airflow/.local/lib/python3.12/site-packages/airflow/example_dags/tutorial_objectstorage.py took 0.080 seconds
[2026-01-29T05:16:20.393+0000] {processor.py:161} INFO - Started process (PID=100721) to work on /home/airflow/.local/lib/python3.12/site-packages/airflow/example_dags/tutorial_objectstorage.py
[2026-01-29T05:16:20.394+0000] {processor.py:830} INFO - Processing file /home/airflow/.local/lib/python3.12/site-packages/airflow/example_dags/tutorial_objectstorage.py for tasks to queue
[2026-01-29T05:16:20.395+0000] {logging_mixin.py:188} INFO - [2026-01-29T05:16:20.395+0000] {dagbag.py:545} INFO - Filling up the DagBag from /home/airflow/.local/lib/python3.12/site-packages/airflow/example_dags/tutorial_objectstorage.py
[2026-01-29T05:16:20.402+0000] {processor.py:840} INFO - DAG(s) 'tutorial_objectstorage' retrieved from /home/airflow/.local/lib/python3.12/site-packages/airflow/example_dags/tutorial_objectstorage.py
[2026-01-29T05:16:20.422+0000] {logging_mixin.py:188} INFO - [2026-01-29T05:16:20.422+0000] {dag.py:3089} INFO - Sync 1 DAGs
[2026-01-29T05:16:20.436+0000] {logging_mixin.py:188} INFO - [2026-01-29T05:16:20.436+0000] {dag.py:3947} INFO - Setting next_dagrun for tutorial_objectstorage to None, run_after=None
[2026-01-29T05:16:20.457+0000] {processor.py:183} INFO - Processing /home/airflow/.local/lib/python3.12/site-packages/airflow/example_dags/tutorial_objectstorage.py took 0.070 seconds
[2026-01-29T05:16:50.722+0000] {processor.py:161} INFO - Started process (PID=100780) to work on /home/airflow/.local/lib/python3.12/site-packages/airflow/example_dags/tutorial_objectstorage.py
[2026-01-29T05:16:50.723+0000] {processor.py:830} INFO - Processing file /home/airflow/.local/lib/python3.12/site-packages/airflow/example_dags/tutorial_objectstorage.py for tasks to queue
[2026-01-29T05:16:50.725+0000] {logging_mixin.py:188} INFO - [2026-01-29T05:16:50.724+0000] {dagbag.py:545} INFO - Filling up the DagBag from /home/airflow/.local/lib/python3.12/site-packages/airflow/example_dags/tutorial_objectstorage.py
[2026-01-29T05:16:50.732+0000] {processor.py:840} INFO - DAG(s) 'tutorial_objectstorage' retrieved from /home/airflow/.local/lib/python3.12/site-packages/airflow/example_dags/tutorial_objectstorage.py
[2026-01-29T05:16:50.751+0000] {logging_mixin.py:188} INFO - [2026-01-29T05:16:50.750+0000] {dag.py:3089} INFO - Sync 1 DAGs
[2026-01-29T05:16:50.764+0000] {logging_mixin.py:188} INFO - [2026-01-29T05:16:50.764+0000] {dag.py:3947} INFO - Setting next_dagrun for tutorial_objectstorage to None, run_after=None
[2026-01-29T05:16:50.783+0000] {processor.py:183} INFO - Processing /home/airflow/.local/lib/python3.12/site-packages/airflow/example_dags/tutorial_objectstorage.py took 0.068 seconds
[2026-01-29T05:17:21.711+0000] {processor.py:161} INFO - Started process (PID=100844) to work on /home/airflow/.local/lib/python3.12/site-packages/airflow/example_dags/tutorial_objectstorage.py
[2026-01-29T05:17:21.712+0000] {processor.py:830} INFO - Processing file /home/airflow/.local/lib/python3.12/site-packages/airflow/example_dags/tutorial_objectstorage.py for tasks to queue
[2026-01-29T05:17:21.714+0000] {logging_mixin.py:188} INFO - [2026-01-29T05:17:21.714+0000] {dagbag.py:545} INFO - Filling up the DagBag from /home/airflow/.local/lib/python3.12/site-packages/airflow/example_dags/tutorial_objectstorage.py
[2026-01-29T05:17:21.722+0000] {processor.py:840} INFO - DAG(s) 'tutorial_objectstorage' retrieved from /home/airflow/.local/lib/python3.12/site-packages/airflow/example_dags/tutorial_objectstorage.py
[2026-01-29T05:17:21.743+0000] {logging_mixin.py:188} INFO - [2026-01-29T05:17:21.743+0000] {dag.py:3089} INFO - Sync 1 DAGs
[2026-01-29T05:17:21.758+0000] {logging_mixin.py:188} INFO - [2026-01-29T05:17:21.758+0000] {dag.py:3947} INFO - Setting next_dagrun for tutorial_objectstorage to None, run_after=None
[2026-01-29T05:17:21.778+0000] {processor.py:183} INFO - Processing /home/airflow/.local/lib/python3.12/site-packages/airflow/example_dags/tutorial_objectstorage.py took 0.075 seconds
[2026-01-29T05:17:52.086+0000] {processor.py:161} INFO - Started process (PID=100903) to work on /home/airflow/.local/lib/python3.12/site-packages/airflow/example_dags/tutorial_objectstorage.py
[2026-01-29T05:17:52.088+0000] {processor.py:830} INFO - Processing file /home/airflow/.local/lib/python3.12/site-packages/airflow/example_dags/tutorial_objectstorage.py for tasks to queue
[2026-01-29T05:17:52.090+0000] {logging_mixin.py:188} INFO - [2026-01-29T05:17:52.090+0000] {dagbag.py:545} INFO - Filling up the DagBag from /home/airflow/.local/lib/python3.12/site-packages/airflow/example_dags/tutorial_objectstorage.py
[2026-01-29T05:17:52.098+0000] {processor.py:840} INFO - DAG(s) 'tutorial_objectstorage' retrieved from /home/airflow/.local/lib/python3.12/site-packages/airflow/example_dags/tutorial_objectstorage.py
[2026-01-29T05:17:52.117+0000] {logging_mixin.py:188} INFO - [2026-01-29T05:17:52.116+0000] {dag.py:3089} INFO - Sync 1 DAGs
[2026-01-29T05:17:52.130+0000] {logging_mixin.py:188} INFO - [2026-01-29T05:17:52.130+0000] {dag.py:3947} INFO - Setting next_dagrun for tutorial_objectstorage to None, run_after=None
[2026-01-29T05:17:52.150+0000] {processor.py:183} INFO - Processing /home/airflow/.local/lib/python3.12/site-packages/airflow/example_dags/tutorial_objectstorage.py took 0.072 seconds
[2026-01-29T05:18:22.397+0000] {processor.py:161} INFO - Started process (PID=100967) to work on /home/airflow/.local/lib/python3.12/site-packages/airflow/example_dags/tutorial_objectstorage.py
[2026-01-29T05:18:22.398+0000] {processor.py:830} INFO - Processing file /home/airflow/.local/lib/python3.12/site-packages/airflow/example_dags/tutorial_objectstorage.py for tasks to queue
[2026-01-29T05:18:22.400+0000] {logging_mixin.py:188} INFO - [2026-01-29T05:18:22.399+0000] {dagbag.py:545} INFO - Filling up the DagBag from /home/airflow/.local/lib/python3.12/site-packages/airflow/example_dags/tutorial_objectstorage.py
[2026-01-29T05:18:22.407+0000] {processor.py:840} INFO - DAG(s) 'tutorial_objectstorage' retrieved from /home/airflow/.local/lib/python3.12/site-packages/airflow/example_dags/tutorial_objectstorage.py
[2026-01-29T05:18:22.425+0000] {logging_mixin.py:188} INFO - [2026-01-29T05:18:22.425+0000] {dag.py:3089} INFO - Sync 1 DAGs
[2026-01-29T05:18:22.438+0000] {logging_mixin.py:188} INFO - [2026-01-29T05:18:22.438+0000] {dag.py:3947} INFO - Setting next_dagrun for tutorial_objectstorage to None, run_after=None
[2026-01-29T05:18:22.457+0000] {processor.py:183} INFO - Processing /home/airflow/.local/lib/python3.12/site-packages/airflow/example_dags/tutorial_objectstorage.py took 0.065 seconds
[2026-01-29T05:18:52.555+0000] {processor.py:161} INFO - Started process (PID=101026) to work on /home/airflow/.local/lib/python3.12/site-packages/airflow/example_dags/tutorial_objectstorage.py
[2026-01-29T05:18:52.556+0000] {processor.py:830} INFO - Processing file /home/airflow/.local/lib/python3.12/site-packages/airflow/example_dags/tutorial_objectstorage.py for tasks to queue
[2026-01-29T05:18:52.557+0000] {logging_mixin.py:188} INFO - [2026-01-29T05:18:52.557+0000] {dagbag.py:545} INFO - Filling up the DagBag from /home/airflow/.local/lib/python3.12/site-packages/airflow/example_dags/tutorial_objectstorage.py
[2026-01-29T05:18:52.564+0000] {processor.py:840} INFO - DAG(s) 'tutorial_objectstorage' retrieved from /home/airflow/.local/lib/python3.12/site-packages/airflow/example_dags/tutorial_objectstorage.py
[2026-01-29T05:18:52.583+0000] {logging_mixin.py:188} INFO - [2026-01-29T05:18:52.582+0000] {dag.py:3089} INFO - Sync 1 DAGs
[2026-01-29T05:18:52.596+0000] {logging_mixin.py:188} INFO - [2026-01-29T05:18:52.596+0000] {dag.py:3947} INFO - Setting next_dagrun for tutorial_objectstorage to None, run_after=None
[2026-01-29T05:18:52.616+0000] {processor.py:183} INFO - Processing /home/airflow/.local/lib/python3.12/site-packages/airflow/example_dags/tutorial_objectstorage.py took 0.068 seconds
[2026-01-29T05:19:22.780+0000] {processor.py:161} INFO - Started process (PID=101090) to work on /home/airflow/.local/lib/python3.12/site-packages/airflow/example_dags/tutorial_objectstorage.py
[2026-01-29T05:19:22.780+0000] {processor.py:830} INFO - Processing file /home/airflow/.local/lib/python3.12/site-packages/airflow/example_dags/tutorial_objectstorage.py for tasks to queue
[2026-01-29T05:19:22.782+0000] {logging_mixin.py:188} INFO - [2026-01-29T05:19:22.782+0000] {dagbag.py:545} INFO - Filling up the DagBag from /home/airflow/.local/lib/python3.12/site-packages/airflow/example_dags/tutorial_objectstorage.py
[2026-01-29T05:19:22.788+0000] {processor.py:840} INFO - DAG(s) 'tutorial_objectstorage' retrieved from /home/airflow/.local/lib/python3.12/site-packages/airflow/example_dags/tutorial_objectstorage.py
[2026-01-29T05:19:22.808+0000] {logging_mixin.py:188} INFO - [2026-01-29T05:19:22.808+0000] {dag.py:3089} INFO - Sync 1 DAGs
[2026-01-29T05:19:22.822+0000] {logging_mixin.py:188} INFO - [2026-01-29T05:19:22.822+0000] {dag.py:3947} INFO - Setting next_dagrun for tutorial_objectstorage to None, run_after=None
[2026-01-29T05:19:22.843+0000] {processor.py:183} INFO - Processing /home/airflow/.local/lib/python3.12/site-packages/airflow/example_dags/tutorial_objectstorage.py took 0.069 seconds
[2026-01-29T05:19:53.003+0000] {processor.py:161} INFO - Started process (PID=101149) to work on /home/airflow/.local/lib/python3.12/site-packages/airflow/example_dags/tutorial_objectstorage.py
[2026-01-29T05:19:53.004+0000] {processor.py:830} INFO - Processing file /home/airflow/.local/lib/python3.12/site-packages/airflow/example_dags/tutorial_objectstorage.py for tasks to queue
[2026-01-29T05:19:53.006+0000] {logging_mixin.py:188} INFO - [2026-01-29T05:19:53.005+0000] {dagbag.py:545} INFO - Filling up the DagBag from /home/airflow/.local/lib/python3.12/site-packages/airflow/example_dags/tutorial_objectstorage.py
[2026-01-29T05:19:53.013+0000] {processor.py:840} INFO - DAG(s) 'tutorial_objectstorage' retrieved from /home/airflow/.local/lib/python3.12/site-packages/airflow/example_dags/tutorial_objectstorage.py
[2026-01-29T05:19:53.031+0000] {logging_mixin.py:188} INFO - [2026-01-29T05:19:53.031+0000] {dag.py:3089} INFO - Sync 1 DAGs
[2026-01-29T05:19:53.045+0000] {logging_mixin.py:188} INFO - [2026-01-29T05:19:53.045+0000] {dag.py:3947} INFO - Setting next_dagrun for tutorial_objectstorage to None, run_after=None
[2026-01-29T05:19:53.064+0000] {processor.py:183} INFO - Processing /home/airflow/.local/lib/python3.12/site-packages/airflow/example_dags/tutorial_objectstorage.py took 0.068 seconds
[2026-01-29T05:20:23.274+0000] {processor.py:161} INFO - Started process (PID=101213) to work on /home/airflow/.local/lib/python3.12/site-packages/airflow/example_dags/tutorial_objectstorage.py
[2026-01-29T05:20:23.275+0000] {processor.py:830} INFO - Processing file /home/airflow/.local/lib/python3.12/site-packages/airflow/example_dags/tutorial_objectstorage.py for tasks to queue
[2026-01-29T05:20:23.276+0000] {logging_mixin.py:188} INFO - [2026-01-29T05:20:23.276+0000] {dagbag.py:545} INFO - Filling up the DagBag from /home/airflow/.local/lib/python3.12/site-packages/airflow/example_dags/tutorial_objectstorage.py
[2026-01-29T05:20:23.283+0000] {processor.py:840} INFO - DAG(s) 'tutorial_objectstorage' retrieved from /home/airflow/.local/lib/python3.12/site-packages/airflow/example_dags/tutorial_objectstorage.py
[2026-01-29T05:20:23.303+0000] {logging_mixin.py:188} INFO - [2026-01-29T05:20:23.303+0000] {dag.py:3089} INFO - Sync 1 DAGs
[2026-01-29T05:20:23.317+0000] {logging_mixin.py:188} INFO - [2026-01-29T05:20:23.316+0000] {dag.py:3947} INFO - Setting next_dagrun for tutorial_objectstorage to None, run_after=None
[2026-01-29T05:20:23.337+0000] {processor.py:183} INFO - Processing /home/airflow/.local/lib/python3.12/site-packages/airflow/example_dags/tutorial_objectstorage.py took 0.068 seconds
[2026-01-29T05:20:53.522+0000] {processor.py:161} INFO - Started process (PID=101272) to work on /home/airflow/.local/lib/python3.12/site-packages/airflow/example_dags/tutorial_objectstorage.py
[2026-01-29T05:20:53.524+0000] {processor.py:830} INFO - Processing file /home/airflow/.local/lib/python3.12/site-packages/airflow/example_dags/tutorial_objectstorage.py for tasks to queue
[2026-01-29T05:20:53.526+0000] {logging_mixin.py:188} INFO - [2026-01-29T05:20:53.525+0000] {dagbag.py:545} INFO - Filling up the DagBag from /home/airflow/.local/lib/python3.12/site-packages/airflow/example_dags/tutorial_objectstorage.py
[2026-01-29T05:20:53.534+0000] {processor.py:840} INFO - DAG(s) 'tutorial_objectstorage' retrieved from /home/airflow/.local/lib/python3.12/site-packages/airflow/example_dags/tutorial_objectstorage.py
[2026-01-29T05:20:53.553+0000] {logging_mixin.py:188} INFO - [2026-01-29T05:20:53.553+0000] {dag.py:3089} INFO - Sync 1 DAGs
[2026-01-29T05:20:53.566+0000] {logging_mixin.py:188} INFO - [2026-01-29T05:20:53.566+0000] {dag.py:3947} INFO - Setting next_dagrun for tutorial_objectstorage to None, run_after=None
[2026-01-29T05:20:53.585+0000] {processor.py:183} INFO - Processing /home/airflow/.local/lib/python3.12/site-packages/airflow/example_dags/tutorial_objectstorage.py took 0.071 seconds
[2026-01-29T05:21:23.737+0000] {processor.py:161} INFO - Started process (PID=101336) to work on /home/airflow/.local/lib/python3.12/site-packages/airflow/example_dags/tutorial_objectstorage.py
[2026-01-29T05:21:23.737+0000] {processor.py:830} INFO - Processing file /home/airflow/.local/lib/python3.12/site-packages/airflow/example_dags/tutorial_objectstorage.py for tasks to queue
[2026-01-29T05:21:23.739+0000] {logging_mixin.py:188} INFO - [2026-01-29T05:21:23.739+0000] {dagbag.py:545} INFO - Filling up the DagBag from /home/airflow/.local/lib/python3.12/site-packages/airflow/example_dags/tutorial_objectstorage.py
[2026-01-29T05:21:23.747+0000] {processor.py:840} INFO - DAG(s) 'tutorial_objectstorage' retrieved from /home/airflow/.local/lib/python3.12/site-packages/airflow/example_dags/tutorial_objectstorage.py
[2026-01-29T05:21:23.767+0000] {logging_mixin.py:188} INFO - [2026-01-29T05:21:23.767+0000] {dag.py:3089} INFO - Sync 1 DAGs
[2026-01-29T05:21:23.781+0000] {logging_mixin.py:188} INFO - [2026-01-29T05:21:23.780+0000] {dag.py:3947} INFO - Setting next_dagrun for tutorial_objectstorage to None, run_after=None
[2026-01-29T05:21:23.800+0000] {processor.py:183} INFO - Processing /home/airflow/.local/lib/python3.12/site-packages/airflow/example_dags/tutorial_objectstorage.py took 0.070 seconds
[2026-01-29T05:21:54.017+0000] {processor.py:161} INFO - Started process (PID=101395) to work on /home/airflow/.local/lib/python3.12/site-packages/airflow/example_dags/tutorial_objectstorage.py
[2026-01-29T05:21:54.018+0000] {processor.py:830} INFO - Processing file /home/airflow/.local/lib/python3.12/site-packages/airflow/example_dags/tutorial_objectstorage.py for tasks to queue
[2026-01-29T05:21:54.020+0000] {logging_mixin.py:188} INFO - [2026-01-29T05:21:54.020+0000] {dagbag.py:545} INFO - Filling up the DagBag from /home/airflow/.local/lib/python3.12/site-packages/airflow/example_dags/tutorial_objectstorage.py
[2026-01-29T05:21:54.027+0000] {processor.py:840} INFO - DAG(s) 'tutorial_objectstorage' retrieved from /home/airflow/.local/lib/python3.12/site-packages/airflow/example_dags/tutorial_objectstorage.py
[2026-01-29T05:21:54.046+0000] {logging_mixin.py:188} INFO - [2026-01-29T05:21:54.046+0000] {dag.py:3089} INFO - Sync 1 DAGs
[2026-01-29T05:21:54.060+0000] {logging_mixin.py:188} INFO - [2026-01-29T05:21:54.060+0000] {dag.py:3947} INFO - Setting next_dagrun for tutorial_objectstorage to None, run_after=None
[2026-01-29T05:21:54.079+0000] {processor.py:183} INFO - Processing /home/airflow/.local/lib/python3.12/site-packages/airflow/example_dags/tutorial_objectstorage.py took 0.067 seconds
[2026-01-29T05:22:24.352+0000] {processor.py:161} INFO - Started process (PID=101459) to work on /home/airflow/.local/lib/python3.12/site-packages/airflow/example_dags/tutorial_objectstorage.py
[2026-01-29T05:22:24.353+0000] {processor.py:830} INFO - Processing file /home/airflow/.local/lib/python3.12/site-packages/airflow/example_dags/tutorial_objectstorage.py for tasks to queue
[2026-01-29T05:22:24.355+0000] {logging_mixin.py:188} INFO - [2026-01-29T05:22:24.354+0000] {dagbag.py:545} INFO - Filling up the DagBag from /home/airflow/.local/lib/python3.12/site-packages/airflow/example_dags/tutorial_objectstorage.py
[2026-01-29T05:22:24.362+0000] {processor.py:840} INFO - DAG(s) 'tutorial_objectstorage' retrieved from /home/airflow/.local/lib/python3.12/site-packages/airflow/example_dags/tutorial_objectstorage.py
[2026-01-29T05:22:24.380+0000] {logging_mixin.py:188} INFO - [2026-01-29T05:22:24.380+0000] {dag.py:3089} INFO - Sync 1 DAGs
[2026-01-29T05:22:24.394+0000] {logging_mixin.py:188} INFO - [2026-01-29T05:22:24.393+0000] {dag.py:3947} INFO - Setting next_dagrun for tutorial_objectstorage to None, run_after=None
[2026-01-29T05:22:24.414+0000] {processor.py:183} INFO - Processing /home/airflow/.local/lib/python3.12/site-packages/airflow/example_dags/tutorial_objectstorage.py took 0.068 seconds
[2026-01-29T05:22:54.580+0000] {processor.py:161} INFO - Started process (PID=101524) to work on /home/airflow/.local/lib/python3.12/site-packages/airflow/example_dags/tutorial_objectstorage.py
[2026-01-29T05:22:54.581+0000] {processor.py:830} INFO - Processing file /home/airflow/.local/lib/python3.12/site-packages/airflow/example_dags/tutorial_objectstorage.py for tasks to queue
[2026-01-29T05:22:54.583+0000] {logging_mixin.py:188} INFO - [2026-01-29T05:22:54.582+0000] {dagbag.py:545} INFO - Filling up the DagBag from /home/airflow/.local/lib/python3.12/site-packages/airflow/example_dags/tutorial_objectstorage.py
[2026-01-29T05:22:54.589+0000] {processor.py:840} INFO - DAG(s) 'tutorial_objectstorage' retrieved from /home/airflow/.local/lib/python3.12/site-packages/airflow/example_dags/tutorial_objectstorage.py
[2026-01-29T05:22:54.607+0000] {logging_mixin.py:188} INFO - [2026-01-29T05:22:54.607+0000] {dag.py:3089} INFO - Sync 1 DAGs
[2026-01-29T05:22:54.621+0000] {logging_mixin.py:188} INFO - [2026-01-29T05:22:54.621+0000] {dag.py:3947} INFO - Setting next_dagrun for tutorial_objectstorage to None, run_after=None
[2026-01-29T05:22:54.640+0000] {processor.py:183} INFO - Processing /home/airflow/.local/lib/python3.12/site-packages/airflow/example_dags/tutorial_objectstorage.py took 0.067 seconds
[2026-01-29T05:23:25.225+0000] {processor.py:161} INFO - Started process (PID=101588) to work on /home/airflow/.local/lib/python3.12/site-packages/airflow/example_dags/tutorial_objectstorage.py
[2026-01-29T05:23:25.226+0000] {processor.py:830} INFO - Processing file /home/airflow/.local/lib/python3.12/site-packages/airflow/example_dags/tutorial_objectstorage.py for tasks to queue
[2026-01-29T05:23:25.228+0000] {logging_mixin.py:188} INFO - [2026-01-29T05:23:25.227+0000] {dagbag.py:545} INFO - Filling up the DagBag from /home/airflow/.local/lib/python3.12/site-packages/airflow/example_dags/tutorial_objectstorage.py
[2026-01-29T05:23:25.235+0000] {processor.py:840} INFO - DAG(s) 'tutorial_objectstorage' retrieved from /home/airflow/.local/lib/python3.12/site-packages/airflow/example_dags/tutorial_objectstorage.py
[2026-01-29T05:23:25.253+0000] {logging_mixin.py:188} INFO - [2026-01-29T05:23:25.253+0000] {dag.py:3089} INFO - Sync 1 DAGs
[2026-01-29T05:23:25.267+0000] {logging_mixin.py:188} INFO - [2026-01-29T05:23:25.267+0000] {dag.py:3947} INFO - Setting next_dagrun for tutorial_objectstorage to None, run_after=None
[2026-01-29T05:23:25.286+0000] {processor.py:183} INFO - Processing /home/airflow/.local/lib/python3.12/site-packages/airflow/example_dags/tutorial_objectstorage.py took 0.067 seconds
[2026-01-29T05:23:55.939+0000] {processor.py:161} INFO - Started process (PID=101647) to work on /home/airflow/.local/lib/python3.12/site-packages/airflow/example_dags/tutorial_objectstorage.py
[2026-01-29T05:23:55.940+0000] {processor.py:830} INFO - Processing file /home/airflow/.local/lib/python3.12/site-packages/airflow/example_dags/tutorial_objectstorage.py for tasks to queue
[2026-01-29T05:23:55.942+0000] {logging_mixin.py:188} INFO - [2026-01-29T05:23:55.942+0000] {dagbag.py:545} INFO - Filling up the DagBag from /home/airflow/.local/lib/python3.12/site-packages/airflow/example_dags/tutorial_objectstorage.py
[2026-01-29T05:23:55.951+0000] {processor.py:840} INFO - DAG(s) 'tutorial_objectstorage' retrieved from /home/airflow/.local/lib/python3.12/site-packages/airflow/example_dags/tutorial_objectstorage.py
[2026-01-29T05:23:55.972+0000] {logging_mixin.py:188} INFO - [2026-01-29T05:23:55.972+0000] {dag.py:3089} INFO - Sync 1 DAGs
[2026-01-29T05:23:55.987+0000] {logging_mixin.py:188} INFO - [2026-01-29T05:23:55.986+0000] {dag.py:3947} INFO - Setting next_dagrun for tutorial_objectstorage to None, run_after=None
[2026-01-29T05:23:56.008+0000] {processor.py:183} INFO - Processing /home/airflow/.local/lib/python3.12/site-packages/airflow/example_dags/tutorial_objectstorage.py took 0.077 seconds
[2026-01-29T05:24:26.590+0000] {processor.py:161} INFO - Started process (PID=101711) to work on /home/airflow/.local/lib/python3.12/site-packages/airflow/example_dags/tutorial_objectstorage.py
[2026-01-29T05:24:26.591+0000] {processor.py:830} INFO - Processing file /home/airflow/.local/lib/python3.12/site-packages/airflow/example_dags/tutorial_objectstorage.py for tasks to queue
[2026-01-29T05:24:26.593+0000] {logging_mixin.py:188} INFO - [2026-01-29T05:24:26.592+0000] {dagbag.py:545} INFO - Filling up the DagBag from /home/airflow/.local/lib/python3.12/site-packages/airflow/example_dags/tutorial_objectstorage.py
[2026-01-29T05:24:26.600+0000] {processor.py:840} INFO - DAG(s) 'tutorial_objectstorage' retrieved from /home/airflow/.local/lib/python3.12/site-packages/airflow/example_dags/tutorial_objectstorage.py
[2026-01-29T05:24:26.620+0000] {logging_mixin.py:188} INFO - [2026-01-29T05:24:26.620+0000] {dag.py:3089} INFO - Sync 1 DAGs
[2026-01-29T05:24:26.634+0000] {logging_mixin.py:188} INFO - [2026-01-29T05:24:26.634+0000] {dag.py:3947} INFO - Setting next_dagrun for tutorial_objectstorage to None, run_after=None
[2026-01-29T05:24:26.654+0000] {processor.py:183} INFO - Processing /home/airflow/.local/lib/python3.12/site-packages/airflow/example_dags/tutorial_objectstorage.py took 0.070 seconds
[2026-01-29T05:24:57.249+0000] {processor.py:161} INFO - Started process (PID=101770) to work on /home/airflow/.local/lib/python3.12/site-packages/airflow/example_dags/tutorial_objectstorage.py
[2026-01-29T05:24:57.250+0000] {processor.py:830} INFO - Processing file /home/airflow/.local/lib/python3.12/site-packages/airflow/example_dags/tutorial_objectstorage.py for tasks to queue
[2026-01-29T05:24:57.251+0000] {logging_mixin.py:188} INFO - [2026-01-29T05:24:57.251+0000] {dagbag.py:545} INFO - Filling up the DagBag from /home/airflow/.local/lib/python3.12/site-packages/airflow/example_dags/tutorial_objectstorage.py
[2026-01-29T05:24:57.258+0000] {processor.py:840} INFO - DAG(s) 'tutorial_objectstorage' retrieved from /home/airflow/.local/lib/python3.12/site-packages/airflow/example_dags/tutorial_objectstorage.py
[2026-01-29T05:24:57.277+0000] {logging_mixin.py:188} INFO - [2026-01-29T05:24:57.276+0000] {dag.py:3089} INFO - Sync 1 DAGs
[2026-01-29T05:24:57.290+0000] {logging_mixin.py:188} INFO - [2026-01-29T05:24:57.290+0000] {dag.py:3947} INFO - Setting next_dagrun for tutorial_objectstorage to None, run_after=None
[2026-01-29T05:24:57.309+0000] {processor.py:183} INFO - Processing /home/airflow/.local/lib/python3.12/site-packages/airflow/example_dags/tutorial_objectstorage.py took 0.066 seconds
[2026-01-29T05:25:28.140+0000] {processor.py:161} INFO - Started process (PID=101834) to work on /home/airflow/.local/lib/python3.12/site-packages/airflow/example_dags/tutorial_objectstorage.py
[2026-01-29T05:25:28.140+0000] {processor.py:830} INFO - Processing file /home/airflow/.local/lib/python3.12/site-packages/airflow/example_dags/tutorial_objectstorage.py for tasks to queue
[2026-01-29T05:25:28.142+0000] {logging_mixin.py:188} INFO - [2026-01-29T05:25:28.142+0000] {dagbag.py:545} INFO - Filling up the DagBag from /home/airflow/.local/lib/python3.12/site-packages/airflow/example_dags/tutorial_objectstorage.py
[2026-01-29T05:25:28.152+0000] {processor.py:840} INFO - DAG(s) 'tutorial_objectstorage' retrieved from /home/airflow/.local/lib/python3.12/site-packages/airflow/example_dags/tutorial_objectstorage.py
[2026-01-29T05:25:28.180+0000] {logging_mixin.py:188} INFO - [2026-01-29T05:25:28.180+0000] {dag.py:3089} INFO - Sync 1 DAGs
[2026-01-29T05:25:28.203+0000] {logging_mixin.py:188} INFO - [2026-01-29T05:25:28.203+0000] {dag.py:3947} INFO - Setting next_dagrun for tutorial_objectstorage to None, run_after=None
[2026-01-29T05:25:28.226+0000] {processor.py:183} INFO - Processing /home/airflow/.local/lib/python3.12/site-packages/airflow/example_dags/tutorial_objectstorage.py took 0.093 seconds
[2026-01-29T05:25:59.225+0000] {processor.py:161} INFO - Started process (PID=101893) to work on /home/airflow/.local/lib/python3.12/site-packages/airflow/example_dags/tutorial_objectstorage.py
[2026-01-29T05:25:59.226+0000] {processor.py:830} INFO - Processing file /home/airflow/.local/lib/python3.12/site-packages/airflow/example_dags/tutorial_objectstorage.py for tasks to queue
[2026-01-29T05:25:59.228+0000] {logging_mixin.py:188} INFO - [2026-01-29T05:25:59.227+0000] {dagbag.py:545} INFO - Filling up the DagBag from /home/airflow/.local/lib/python3.12/site-packages/airflow/example_dags/tutorial_objectstorage.py
[2026-01-29T05:25:59.234+0000] {processor.py:840} INFO - DAG(s) 'tutorial_objectstorage' retrieved from /home/airflow/.local/lib/python3.12/site-packages/airflow/example_dags/tutorial_objectstorage.py
[2026-01-29T05:25:59.253+0000] {logging_mixin.py:188} INFO - [2026-01-29T05:25:59.253+0000] {dag.py:3089} INFO - Sync 1 DAGs
[2026-01-29T05:25:59.266+0000] {logging_mixin.py:188} INFO - [2026-01-29T05:25:59.266+0000] {dag.py:3947} INFO - Setting next_dagrun for tutorial_objectstorage to None, run_after=None
[2026-01-29T05:25:59.285+0000] {processor.py:183} INFO - Processing /home/airflow/.local/lib/python3.12/site-packages/airflow/example_dags/tutorial_objectstorage.py took 0.066 seconds
[2026-01-29T05:26:29.677+0000] {processor.py:161} INFO - Started process (PID=101957) to work on /home/airflow/.local/lib/python3.12/site-packages/airflow/example_dags/tutorial_objectstorage.py
[2026-01-29T05:26:29.678+0000] {processor.py:830} INFO - Processing file /home/airflow/.local/lib/python3.12/site-packages/airflow/example_dags/tutorial_objectstorage.py for tasks to queue
[2026-01-29T05:26:29.680+0000] {logging_mixin.py:188} INFO - [2026-01-29T05:26:29.680+0000] {dagbag.py:545} INFO - Filling up the DagBag from /home/airflow/.local/lib/python3.12/site-packages/airflow/example_dags/tutorial_objectstorage.py
[2026-01-29T05:26:29.688+0000] {processor.py:840} INFO - DAG(s) 'tutorial_objectstorage' retrieved from /home/airflow/.local/lib/python3.12/site-packages/airflow/example_dags/tutorial_objectstorage.py
[2026-01-29T05:26:29.709+0000] {logging_mixin.py:188} INFO - [2026-01-29T05:26:29.709+0000] {dag.py:3089} INFO - Sync 1 DAGs
[2026-01-29T05:26:29.724+0000] {logging_mixin.py:188} INFO - [2026-01-29T05:26:29.724+0000] {dag.py:3947} INFO - Setting next_dagrun for tutorial_objectstorage to None, run_after=None
[2026-01-29T05:26:29.745+0000] {processor.py:183} INFO - Processing /home/airflow/.local/lib/python3.12/site-packages/airflow/example_dags/tutorial_objectstorage.py took 0.076 seconds
[2026-01-29T05:26:59.852+0000] {processor.py:161} INFO - Started process (PID=102016) to work on /home/airflow/.local/lib/python3.12/site-packages/airflow/example_dags/tutorial_objectstorage.py
[2026-01-29T05:26:59.853+0000] {processor.py:830} INFO - Processing file /home/airflow/.local/lib/python3.12/site-packages/airflow/example_dags/tutorial_objectstorage.py for tasks to queue
[2026-01-29T05:26:59.855+0000] {logging_mixin.py:188} INFO - [2026-01-29T05:26:59.855+0000] {dagbag.py:545} INFO - Filling up the DagBag from /home/airflow/.local/lib/python3.12/site-packages/airflow/example_dags/tutorial_objectstorage.py
[2026-01-29T05:26:59.861+0000] {processor.py:840} INFO - DAG(s) 'tutorial_objectstorage' retrieved from /home/airflow/.local/lib/python3.12/site-packages/airflow/example_dags/tutorial_objectstorage.py
[2026-01-29T05:26:59.881+0000] {logging_mixin.py:188} INFO - [2026-01-29T05:26:59.881+0000] {dag.py:3089} INFO - Sync 1 DAGs
[2026-01-29T05:26:59.894+0000] {logging_mixin.py:188} INFO - [2026-01-29T05:26:59.894+0000] {dag.py:3947} INFO - Setting next_dagrun for tutorial_objectstorage to None, run_after=None
[2026-01-29T05:26:59.914+0000] {processor.py:183} INFO - Processing /home/airflow/.local/lib/python3.12/site-packages/airflow/example_dags/tutorial_objectstorage.py took 0.068 seconds
[2026-01-29T05:27:30.245+0000] {processor.py:161} INFO - Started process (PID=102080) to work on /home/airflow/.local/lib/python3.12/site-packages/airflow/example_dags/tutorial_objectstorage.py
[2026-01-29T05:27:30.245+0000] {processor.py:830} INFO - Processing file /home/airflow/.local/lib/python3.12/site-packages/airflow/example_dags/tutorial_objectstorage.py for tasks to queue
[2026-01-29T05:27:30.247+0000] {logging_mixin.py:188} INFO - [2026-01-29T05:27:30.247+0000] {dagbag.py:545} INFO - Filling up the DagBag from /home/airflow/.local/lib/python3.12/site-packages/airflow/example_dags/tutorial_objectstorage.py
[2026-01-29T05:27:30.255+0000] {processor.py:840} INFO - DAG(s) 'tutorial_objectstorage' retrieved from /home/airflow/.local/lib/python3.12/site-packages/airflow/example_dags/tutorial_objectstorage.py
[2026-01-29T05:27:30.274+0000] {logging_mixin.py:188} INFO - [2026-01-29T05:27:30.274+0000] {dag.py:3089} INFO - Sync 1 DAGs
[2026-01-29T05:27:30.287+0000] {logging_mixin.py:188} INFO - [2026-01-29T05:27:30.287+0000] {dag.py:3947} INFO - Setting next_dagrun for tutorial_objectstorage to None, run_after=None
[2026-01-29T05:27:30.306+0000] {processor.py:183} INFO - Processing /home/airflow/.local/lib/python3.12/site-packages/airflow/example_dags/tutorial_objectstorage.py took 0.069 seconds
[2026-01-29T05:28:00.791+0000] {processor.py:161} INFO - Started process (PID=102139) to work on /home/airflow/.local/lib/python3.12/site-packages/airflow/example_dags/tutorial_objectstorage.py
[2026-01-29T05:28:00.792+0000] {processor.py:830} INFO - Processing file /home/airflow/.local/lib/python3.12/site-packages/airflow/example_dags/tutorial_objectstorage.py for tasks to queue
[2026-01-29T05:28:00.793+0000] {logging_mixin.py:188} INFO - [2026-01-29T05:28:00.793+0000] {dagbag.py:545} INFO - Filling up the DagBag from /home/airflow/.local/lib/python3.12/site-packages/airflow/example_dags/tutorial_objectstorage.py
[2026-01-29T05:28:00.801+0000] {processor.py:840} INFO - DAG(s) 'tutorial_objectstorage' retrieved from /home/airflow/.local/lib/python3.12/site-packages/airflow/example_dags/tutorial_objectstorage.py
[2026-01-29T05:28:00.821+0000] {logging_mixin.py:188} INFO - [2026-01-29T05:28:00.821+0000] {dag.py:3089} INFO - Sync 1 DAGs
[2026-01-29T05:28:00.835+0000] {logging_mixin.py:188} INFO - [2026-01-29T05:28:00.835+0000] {dag.py:3947} INFO - Setting next_dagrun for tutorial_objectstorage to None, run_after=None
[2026-01-29T05:28:00.856+0000] {processor.py:183} INFO - Processing /home/airflow/.local/lib/python3.12/site-packages/airflow/example_dags/tutorial_objectstorage.py took 0.072 seconds
[2026-01-29T05:28:31.221+0000] {processor.py:161} INFO - Started process (PID=102203) to work on /home/airflow/.local/lib/python3.12/site-packages/airflow/example_dags/tutorial_objectstorage.py
[2026-01-29T05:28:31.222+0000] {processor.py:830} INFO - Processing file /home/airflow/.local/lib/python3.12/site-packages/airflow/example_dags/tutorial_objectstorage.py for tasks to queue
[2026-01-29T05:28:31.224+0000] {logging_mixin.py:188} INFO - [2026-01-29T05:28:31.224+0000] {dagbag.py:545} INFO - Filling up the DagBag from /home/airflow/.local/lib/python3.12/site-packages/airflow/example_dags/tutorial_objectstorage.py
[2026-01-29T05:28:31.232+0000] {processor.py:840} INFO - DAG(s) 'tutorial_objectstorage' retrieved from /home/airflow/.local/lib/python3.12/site-packages/airflow/example_dags/tutorial_objectstorage.py
[2026-01-29T05:28:31.254+0000] {logging_mixin.py:188} INFO - [2026-01-29T05:28:31.253+0000] {dag.py:3089} INFO - Sync 1 DAGs
[2026-01-29T05:28:31.268+0000] {logging_mixin.py:188} INFO - [2026-01-29T05:28:31.268+0000] {dag.py:3947} INFO - Setting next_dagrun for tutorial_objectstorage to None, run_after=None
[2026-01-29T05:28:31.290+0000] {processor.py:183} INFO - Processing /home/airflow/.local/lib/python3.12/site-packages/airflow/example_dags/tutorial_objectstorage.py took 0.076 seconds
[2026-01-29T05:29:01.649+0000] {processor.py:161} INFO - Started process (PID=102267) to work on /home/airflow/.local/lib/python3.12/site-packages/airflow/example_dags/tutorial_objectstorage.py
[2026-01-29T05:29:01.651+0000] {processor.py:830} INFO - Processing file /home/airflow/.local/lib/python3.12/site-packages/airflow/example_dags/tutorial_objectstorage.py for tasks to queue
[2026-01-29T05:29:01.653+0000] {logging_mixin.py:188} INFO - [2026-01-29T05:29:01.653+0000] {dagbag.py:545} INFO - Filling up the DagBag from /home/airflow/.local/lib/python3.12/site-packages/airflow/example_dags/tutorial_objectstorage.py
[2026-01-29T05:29:01.664+0000] {processor.py:840} INFO - DAG(s) 'tutorial_objectstorage' retrieved from /home/airflow/.local/lib/python3.12/site-packages/airflow/example_dags/tutorial_objectstorage.py
[2026-01-29T05:29:01.686+0000] {logging_mixin.py:188} INFO - [2026-01-29T05:29:01.686+0000] {dag.py:3089} INFO - Sync 1 DAGs
[2026-01-29T05:29:01.704+0000] {logging_mixin.py:188} INFO - [2026-01-29T05:29:01.704+0000] {dag.py:3947} INFO - Setting next_dagrun for tutorial_objectstorage to None, run_after=None
[2026-01-29T05:29:01.732+0000] {processor.py:183} INFO - Processing /home/airflow/.local/lib/python3.12/site-packages/airflow/example_dags/tutorial_objectstorage.py took 0.091 seconds
[2026-01-29T05:29:32.132+0000] {processor.py:161} INFO - Started process (PID=102326) to work on /home/airflow/.local/lib/python3.12/site-packages/airflow/example_dags/tutorial_objectstorage.py
[2026-01-29T05:29:32.133+0000] {processor.py:830} INFO - Processing file /home/airflow/.local/lib/python3.12/site-packages/airflow/example_dags/tutorial_objectstorage.py for tasks to queue
[2026-01-29T05:29:32.135+0000] {logging_mixin.py:188} INFO - [2026-01-29T05:29:32.134+0000] {dagbag.py:545} INFO - Filling up the DagBag from /home/airflow/.local/lib/python3.12/site-packages/airflow/example_dags/tutorial_objectstorage.py
[2026-01-29T05:29:32.143+0000] {processor.py:840} INFO - DAG(s) 'tutorial_objectstorage' retrieved from /home/airflow/.local/lib/python3.12/site-packages/airflow/example_dags/tutorial_objectstorage.py
[2026-01-29T05:29:32.164+0000] {logging_mixin.py:188} INFO - [2026-01-29T05:29:32.164+0000] {dag.py:3089} INFO - Sync 1 DAGs
[2026-01-29T05:29:32.180+0000] {logging_mixin.py:188} INFO - [2026-01-29T05:29:32.179+0000] {dag.py:3947} INFO - Setting next_dagrun for tutorial_objectstorage to None, run_after=None
[2026-01-29T05:29:32.203+0000] {processor.py:183} INFO - Processing /home/airflow/.local/lib/python3.12/site-packages/airflow/example_dags/tutorial_objectstorage.py took 0.078 seconds
[2026-01-29T05:30:02.449+0000] {processor.py:161} INFO - Started process (PID=102390) to work on /home/airflow/.local/lib/python3.12/site-packages/airflow/example_dags/tutorial_objectstorage.py
[2026-01-29T05:30:02.451+0000] {processor.py:830} INFO - Processing file /home/airflow/.local/lib/python3.12/site-packages/airflow/example_dags/tutorial_objectstorage.py for tasks to queue
[2026-01-29T05:30:02.453+0000] {logging_mixin.py:188} INFO - [2026-01-29T05:30:02.452+0000] {dagbag.py:545} INFO - Filling up the DagBag from /home/airflow/.local/lib/python3.12/site-packages/airflow/example_dags/tutorial_objectstorage.py
[2026-01-29T05:30:02.462+0000] {processor.py:840} INFO - DAG(s) 'tutorial_objectstorage' retrieved from /home/airflow/.local/lib/python3.12/site-packages/airflow/example_dags/tutorial_objectstorage.py
[2026-01-29T05:30:02.486+0000] {logging_mixin.py:188} INFO - [2026-01-29T05:30:02.486+0000] {dag.py:3089} INFO - Sync 1 DAGs
[2026-01-29T05:30:02.501+0000] {logging_mixin.py:188} INFO - [2026-01-29T05:30:02.501+0000] {dag.py:3947} INFO - Setting next_dagrun for tutorial_objectstorage to None, run_after=None
[2026-01-29T05:30:02.524+0000] {processor.py:183} INFO - Processing /home/airflow/.local/lib/python3.12/site-packages/airflow/example_dags/tutorial_objectstorage.py took 0.084 seconds
[2026-01-29T05:30:33.024+0000] {processor.py:161} INFO - Started process (PID=102449) to work on /home/airflow/.local/lib/python3.12/site-packages/airflow/example_dags/tutorial_objectstorage.py
[2026-01-29T05:30:33.024+0000] {processor.py:830} INFO - Processing file /home/airflow/.local/lib/python3.12/site-packages/airflow/example_dags/tutorial_objectstorage.py for tasks to queue
[2026-01-29T05:30:33.026+0000] {logging_mixin.py:188} INFO - [2026-01-29T05:30:33.026+0000] {dagbag.py:545} INFO - Filling up the DagBag from /home/airflow/.local/lib/python3.12/site-packages/airflow/example_dags/tutorial_objectstorage.py
[2026-01-29T05:30:33.035+0000] {processor.py:840} INFO - DAG(s) 'tutorial_objectstorage' retrieved from /home/airflow/.local/lib/python3.12/site-packages/airflow/example_dags/tutorial_objectstorage.py
[2026-01-29T05:30:33.056+0000] {logging_mixin.py:188} INFO - [2026-01-29T05:30:33.056+0000] {dag.py:3089} INFO - Sync 1 DAGs
[2026-01-29T05:30:33.071+0000] {logging_mixin.py:188} INFO - [2026-01-29T05:30:33.071+0000] {dag.py:3947} INFO - Setting next_dagrun for tutorial_objectstorage to None, run_after=None
[2026-01-29T05:30:33.093+0000] {processor.py:183} INFO - Processing /home/airflow/.local/lib/python3.12/site-packages/airflow/example_dags/tutorial_objectstorage.py took 0.077 seconds
[2026-01-29T05:31:03.534+0000] {processor.py:161} INFO - Started process (PID=102513) to work on /home/airflow/.local/lib/python3.12/site-packages/airflow/example_dags/tutorial_objectstorage.py
[2026-01-29T05:31:03.535+0000] {processor.py:830} INFO - Processing file /home/airflow/.local/lib/python3.12/site-packages/airflow/example_dags/tutorial_objectstorage.py for tasks to queue
[2026-01-29T05:31:03.537+0000] {logging_mixin.py:188} INFO - [2026-01-29T05:31:03.537+0000] {dagbag.py:545} INFO - Filling up the DagBag from /home/airflow/.local/lib/python3.12/site-packages/airflow/example_dags/tutorial_objectstorage.py
[2026-01-29T05:31:03.544+0000] {processor.py:840} INFO - DAG(s) 'tutorial_objectstorage' retrieved from /home/airflow/.local/lib/python3.12/site-packages/airflow/example_dags/tutorial_objectstorage.py
[2026-01-29T05:31:03.563+0000] {logging_mixin.py:188} INFO - [2026-01-29T05:31:03.563+0000] {dag.py:3089} INFO - Sync 1 DAGs
[2026-01-29T05:31:03.577+0000] {logging_mixin.py:188} INFO - [2026-01-29T05:31:03.577+0000] {dag.py:3947} INFO - Setting next_dagrun for tutorial_objectstorage to None, run_after=None
[2026-01-29T05:31:03.598+0000] {processor.py:183} INFO - Processing /home/airflow/.local/lib/python3.12/site-packages/airflow/example_dags/tutorial_objectstorage.py took 0.070 seconds
[2026-01-29T05:31:33.856+0000] {processor.py:161} INFO - Started process (PID=102572) to work on /home/airflow/.local/lib/python3.12/site-packages/airflow/example_dags/tutorial_objectstorage.py
[2026-01-29T05:31:33.856+0000] {processor.py:830} INFO - Processing file /home/airflow/.local/lib/python3.12/site-packages/airflow/example_dags/tutorial_objectstorage.py for tasks to queue
[2026-01-29T05:31:33.858+0000] {logging_mixin.py:188} INFO - [2026-01-29T05:31:33.858+0000] {dagbag.py:545} INFO - Filling up the DagBag from /home/airflow/.local/lib/python3.12/site-packages/airflow/example_dags/tutorial_objectstorage.py
[2026-01-29T05:31:33.865+0000] {processor.py:840} INFO - DAG(s) 'tutorial_objectstorage' retrieved from /home/airflow/.local/lib/python3.12/site-packages/airflow/example_dags/tutorial_objectstorage.py
[2026-01-29T05:31:33.890+0000] {logging_mixin.py:188} INFO - [2026-01-29T05:31:33.889+0000] {dag.py:3089} INFO - Sync 1 DAGs
[2026-01-29T05:31:33.907+0000] {logging_mixin.py:188} INFO - [2026-01-29T05:31:33.907+0000] {dag.py:3947} INFO - Setting next_dagrun for tutorial_objectstorage to None, run_after=None
[2026-01-29T05:31:33.929+0000] {processor.py:183} INFO - Processing /home/airflow/.local/lib/python3.12/site-packages/airflow/example_dags/tutorial_objectstorage.py took 0.079 seconds
[2026-01-29T05:32:04.305+0000] {processor.py:161} INFO - Started process (PID=102636) to work on /home/airflow/.local/lib/python3.12/site-packages/airflow/example_dags/tutorial_objectstorage.py
[2026-01-29T05:32:04.306+0000] {processor.py:830} INFO - Processing file /home/airflow/.local/lib/python3.12/site-packages/airflow/example_dags/tutorial_objectstorage.py for tasks to queue
[2026-01-29T05:32:04.309+0000] {logging_mixin.py:188} INFO - [2026-01-29T05:32:04.308+0000] {dagbag.py:545} INFO - Filling up the DagBag from /home/airflow/.local/lib/python3.12/site-packages/airflow/example_dags/tutorial_objectstorage.py
[2026-01-29T05:32:04.320+0000] {processor.py:840} INFO - DAG(s) 'tutorial_objectstorage' retrieved from /home/airflow/.local/lib/python3.12/site-packages/airflow/example_dags/tutorial_objectstorage.py
[2026-01-29T05:32:04.350+0000] {logging_mixin.py:188} INFO - [2026-01-29T05:32:04.349+0000] {dag.py:3089} INFO - Sync 1 DAGs
[2026-01-29T05:32:04.373+0000] {logging_mixin.py:188} INFO - [2026-01-29T05:32:04.372+0000] {dag.py:3947} INFO - Setting next_dagrun for tutorial_objectstorage to None, run_after=None
[2026-01-29T05:32:04.404+0000] {processor.py:183} INFO - Processing /home/airflow/.local/lib/python3.12/site-packages/airflow/example_dags/tutorial_objectstorage.py took 0.109 seconds
[2026-01-29T05:32:34.696+0000] {processor.py:161} INFO - Started process (PID=102695) to work on /home/airflow/.local/lib/python3.12/site-packages/airflow/example_dags/tutorial_objectstorage.py
[2026-01-29T05:32:34.696+0000] {processor.py:830} INFO - Processing file /home/airflow/.local/lib/python3.12/site-packages/airflow/example_dags/tutorial_objectstorage.py for tasks to queue
[2026-01-29T05:32:34.698+0000] {logging_mixin.py:188} INFO - [2026-01-29T05:32:34.698+0000] {dagbag.py:545} INFO - Filling up the DagBag from /home/airflow/.local/lib/python3.12/site-packages/airflow/example_dags/tutorial_objectstorage.py
[2026-01-29T05:32:34.705+0000] {processor.py:840} INFO - DAG(s) 'tutorial_objectstorage' retrieved from /home/airflow/.local/lib/python3.12/site-packages/airflow/example_dags/tutorial_objectstorage.py
[2026-01-29T05:32:34.724+0000] {logging_mixin.py:188} INFO - [2026-01-29T05:32:34.723+0000] {dag.py:3089} INFO - Sync 1 DAGs
[2026-01-29T05:32:34.738+0000] {logging_mixin.py:188} INFO - [2026-01-29T05:32:34.738+0000] {dag.py:3947} INFO - Setting next_dagrun for tutorial_objectstorage to None, run_after=None
[2026-01-29T05:32:34.759+0000] {processor.py:183} INFO - Processing /home/airflow/.local/lib/python3.12/site-packages/airflow/example_dags/tutorial_objectstorage.py took 0.070 seconds
[2026-01-29T05:33:04.920+0000] {processor.py:161} INFO - Started process (PID=102759) to work on /home/airflow/.local/lib/python3.12/site-packages/airflow/example_dags/tutorial_objectstorage.py
[2026-01-29T05:33:04.921+0000] {processor.py:830} INFO - Processing file /home/airflow/.local/lib/python3.12/site-packages/airflow/example_dags/tutorial_objectstorage.py for tasks to queue
[2026-01-29T05:33:04.923+0000] {logging_mixin.py:188} INFO - [2026-01-29T05:33:04.923+0000] {dagbag.py:545} INFO - Filling up the DagBag from /home/airflow/.local/lib/python3.12/site-packages/airflow/example_dags/tutorial_objectstorage.py
[2026-01-29T05:33:04.930+0000] {processor.py:840} INFO - DAG(s) 'tutorial_objectstorage' retrieved from /home/airflow/.local/lib/python3.12/site-packages/airflow/example_dags/tutorial_objectstorage.py
[2026-01-29T05:33:04.952+0000] {logging_mixin.py:188} INFO - [2026-01-29T05:33:04.952+0000] {dag.py:3089} INFO - Sync 1 DAGs
[2026-01-29T05:33:04.970+0000] {logging_mixin.py:188} INFO - [2026-01-29T05:33:04.970+0000] {dag.py:3947} INFO - Setting next_dagrun for tutorial_objectstorage to None, run_after=None
[2026-01-29T05:33:04.990+0000] {processor.py:183} INFO - Processing /home/airflow/.local/lib/python3.12/site-packages/airflow/example_dags/tutorial_objectstorage.py took 0.077 seconds
[2026-01-29T05:33:35.743+0000] {processor.py:161} INFO - Started process (PID=102818) to work on /home/airflow/.local/lib/python3.12/site-packages/airflow/example_dags/tutorial_objectstorage.py
[2026-01-29T05:33:35.744+0000] {processor.py:830} INFO - Processing file /home/airflow/.local/lib/python3.12/site-packages/airflow/example_dags/tutorial_objectstorage.py for tasks to queue
[2026-01-29T05:33:35.745+0000] {logging_mixin.py:188} INFO - [2026-01-29T05:33:35.745+0000] {dagbag.py:545} INFO - Filling up the DagBag from /home/airflow/.local/lib/python3.12/site-packages/airflow/example_dags/tutorial_objectstorage.py
[2026-01-29T05:33:35.752+0000] {processor.py:840} INFO - DAG(s) 'tutorial_objectstorage' retrieved from /home/airflow/.local/lib/python3.12/site-packages/airflow/example_dags/tutorial_objectstorage.py
[2026-01-29T05:33:35.772+0000] {logging_mixin.py:188} INFO - [2026-01-29T05:33:35.772+0000] {dag.py:3089} INFO - Sync 1 DAGs
[2026-01-29T05:33:35.786+0000] {logging_mixin.py:188} INFO - [2026-01-29T05:33:35.786+0000] {dag.py:3947} INFO - Setting next_dagrun for tutorial_objectstorage to None, run_after=None
[2026-01-29T05:33:35.806+0000] {processor.py:183} INFO - Processing /home/airflow/.local/lib/python3.12/site-packages/airflow/example_dags/tutorial_objectstorage.py took 0.069 seconds
[2026-01-29T05:34:05.961+0000] {processor.py:161} INFO - Started process (PID=102882) to work on /home/airflow/.local/lib/python3.12/site-packages/airflow/example_dags/tutorial_objectstorage.py
[2026-01-29T05:34:05.962+0000] {processor.py:830} INFO - Processing file /home/airflow/.local/lib/python3.12/site-packages/airflow/example_dags/tutorial_objectstorage.py for tasks to queue
[2026-01-29T05:34:05.964+0000] {logging_mixin.py:188} INFO - [2026-01-29T05:34:05.963+0000] {dagbag.py:545} INFO - Filling up the DagBag from /home/airflow/.local/lib/python3.12/site-packages/airflow/example_dags/tutorial_objectstorage.py
[2026-01-29T05:34:05.970+0000] {processor.py:840} INFO - DAG(s) 'tutorial_objectstorage' retrieved from /home/airflow/.local/lib/python3.12/site-packages/airflow/example_dags/tutorial_objectstorage.py
[2026-01-29T05:34:05.990+0000] {logging_mixin.py:188} INFO - [2026-01-29T05:34:05.990+0000] {dag.py:3089} INFO - Sync 1 DAGs
[2026-01-29T05:34:06.003+0000] {logging_mixin.py:188} INFO - [2026-01-29T05:34:06.003+0000] {dag.py:3947} INFO - Setting next_dagrun for tutorial_objectstorage to None, run_after=None
[2026-01-29T05:34:06.023+0000] {processor.py:183} INFO - Processing /home/airflow/.local/lib/python3.12/site-packages/airflow/example_dags/tutorial_objectstorage.py took 0.068 seconds
[2026-01-29T05:34:36.213+0000] {processor.py:161} INFO - Started process (PID=102941) to work on /home/airflow/.local/lib/python3.12/site-packages/airflow/example_dags/tutorial_objectstorage.py
[2026-01-29T05:34:36.214+0000] {processor.py:830} INFO - Processing file /home/airflow/.local/lib/python3.12/site-packages/airflow/example_dags/tutorial_objectstorage.py for tasks to queue
[2026-01-29T05:34:36.216+0000] {logging_mixin.py:188} INFO - [2026-01-29T05:34:36.215+0000] {dagbag.py:545} INFO - Filling up the DagBag from /home/airflow/.local/lib/python3.12/site-packages/airflow/example_dags/tutorial_objectstorage.py
[2026-01-29T05:34:36.222+0000] {processor.py:840} INFO - DAG(s) 'tutorial_objectstorage' retrieved from /home/airflow/.local/lib/python3.12/site-packages/airflow/example_dags/tutorial_objectstorage.py
[2026-01-29T05:34:36.244+0000] {logging_mixin.py:188} INFO - [2026-01-29T05:34:36.244+0000] {dag.py:3089} INFO - Sync 1 DAGs
[2026-01-29T05:34:36.257+0000] {logging_mixin.py:188} INFO - [2026-01-29T05:34:36.257+0000] {dag.py:3947} INFO - Setting next_dagrun for tutorial_objectstorage to None, run_after=None
[2026-01-29T05:34:36.275+0000] {processor.py:183} INFO - Processing /home/airflow/.local/lib/python3.12/site-packages/airflow/example_dags/tutorial_objectstorage.py took 0.068 seconds
[2026-01-29T05:35:06.529+0000] {processor.py:161} INFO - Started process (PID=103005) to work on /home/airflow/.local/lib/python3.12/site-packages/airflow/example_dags/tutorial_objectstorage.py
[2026-01-29T05:35:06.530+0000] {processor.py:830} INFO - Processing file /home/airflow/.local/lib/python3.12/site-packages/airflow/example_dags/tutorial_objectstorage.py for tasks to queue
[2026-01-29T05:35:06.532+0000] {logging_mixin.py:188} INFO - [2026-01-29T05:35:06.531+0000] {dagbag.py:545} INFO - Filling up the DagBag from /home/airflow/.local/lib/python3.12/site-packages/airflow/example_dags/tutorial_objectstorage.py
[2026-01-29T05:35:06.538+0000] {processor.py:840} INFO - DAG(s) 'tutorial_objectstorage' retrieved from /home/airflow/.local/lib/python3.12/site-packages/airflow/example_dags/tutorial_objectstorage.py
[2026-01-29T05:35:06.557+0000] {logging_mixin.py:188} INFO - [2026-01-29T05:35:06.557+0000] {dag.py:3089} INFO - Sync 1 DAGs
[2026-01-29T05:35:06.571+0000] {logging_mixin.py:188} INFO - [2026-01-29T05:35:06.571+0000] {dag.py:3947} INFO - Setting next_dagrun for tutorial_objectstorage to None, run_after=None
[2026-01-29T05:35:06.591+0000] {processor.py:183} INFO - Processing /home/airflow/.local/lib/python3.12/site-packages/airflow/example_dags/tutorial_objectstorage.py took 0.068 seconds
[2026-01-29T05:35:36.878+0000] {processor.py:161} INFO - Started process (PID=103064) to work on /home/airflow/.local/lib/python3.12/site-packages/airflow/example_dags/tutorial_objectstorage.py
[2026-01-29T05:35:36.879+0000] {processor.py:830} INFO - Processing file /home/airflow/.local/lib/python3.12/site-packages/airflow/example_dags/tutorial_objectstorage.py for tasks to queue
[2026-01-29T05:35:36.881+0000] {logging_mixin.py:188} INFO - [2026-01-29T05:35:36.880+0000] {dagbag.py:545} INFO - Filling up the DagBag from /home/airflow/.local/lib/python3.12/site-packages/airflow/example_dags/tutorial_objectstorage.py
[2026-01-29T05:35:36.888+0000] {processor.py:840} INFO - DAG(s) 'tutorial_objectstorage' retrieved from /home/airflow/.local/lib/python3.12/site-packages/airflow/example_dags/tutorial_objectstorage.py
[2026-01-29T05:35:36.907+0000] {logging_mixin.py:188} INFO - [2026-01-29T05:35:36.906+0000] {dag.py:3089} INFO - Sync 1 DAGs
[2026-01-29T05:35:36.920+0000] {logging_mixin.py:188} INFO - [2026-01-29T05:35:36.920+0000] {dag.py:3947} INFO - Setting next_dagrun for tutorial_objectstorage to None, run_after=None
[2026-01-29T05:35:36.939+0000] {processor.py:183} INFO - Processing /home/airflow/.local/lib/python3.12/site-packages/airflow/example_dags/tutorial_objectstorage.py took 0.069 seconds
[2026-01-29T05:36:07.170+0000] {processor.py:161} INFO - Started process (PID=103128) to work on /home/airflow/.local/lib/python3.12/site-packages/airflow/example_dags/tutorial_objectstorage.py
[2026-01-29T05:36:07.172+0000] {processor.py:830} INFO - Processing file /home/airflow/.local/lib/python3.12/site-packages/airflow/example_dags/tutorial_objectstorage.py for tasks to queue
[2026-01-29T05:36:07.173+0000] {logging_mixin.py:188} INFO - [2026-01-29T05:36:07.173+0000] {dagbag.py:545} INFO - Filling up the DagBag from /home/airflow/.local/lib/python3.12/site-packages/airflow/example_dags/tutorial_objectstorage.py
[2026-01-29T05:36:07.182+0000] {processor.py:840} INFO - DAG(s) 'tutorial_objectstorage' retrieved from /home/airflow/.local/lib/python3.12/site-packages/airflow/example_dags/tutorial_objectstorage.py
[2026-01-29T05:36:07.203+0000] {logging_mixin.py:188} INFO - [2026-01-29T05:36:07.203+0000] {dag.py:3089} INFO - Sync 1 DAGs
[2026-01-29T05:36:07.216+0000] {logging_mixin.py:188} INFO - [2026-01-29T05:36:07.216+0000] {dag.py:3947} INFO - Setting next_dagrun for tutorial_objectstorage to None, run_after=None
[2026-01-29T05:36:07.237+0000] {processor.py:183} INFO - Processing /home/airflow/.local/lib/python3.12/site-packages/airflow/example_dags/tutorial_objectstorage.py took 0.074 seconds
[2026-01-29T05:36:37.517+0000] {processor.py:161} INFO - Started process (PID=103187) to work on /home/airflow/.local/lib/python3.12/site-packages/airflow/example_dags/tutorial_objectstorage.py
[2026-01-29T05:36:37.517+0000] {processor.py:830} INFO - Processing file /home/airflow/.local/lib/python3.12/site-packages/airflow/example_dags/tutorial_objectstorage.py for tasks to queue
[2026-01-29T05:36:37.519+0000] {logging_mixin.py:188} INFO - [2026-01-29T05:36:37.519+0000] {dagbag.py:545} INFO - Filling up the DagBag from /home/airflow/.local/lib/python3.12/site-packages/airflow/example_dags/tutorial_objectstorage.py
[2026-01-29T05:36:37.526+0000] {processor.py:840} INFO - DAG(s) 'tutorial_objectstorage' retrieved from /home/airflow/.local/lib/python3.12/site-packages/airflow/example_dags/tutorial_objectstorage.py
[2026-01-29T05:36:37.544+0000] {logging_mixin.py:188} INFO - [2026-01-29T05:36:37.544+0000] {dag.py:3089} INFO - Sync 1 DAGs
[2026-01-29T05:36:37.557+0000] {logging_mixin.py:188} INFO - [2026-01-29T05:36:37.557+0000] {dag.py:3947} INFO - Setting next_dagrun for tutorial_objectstorage to None, run_after=None
[2026-01-29T05:36:37.577+0000] {processor.py:183} INFO - Processing /home/airflow/.local/lib/python3.12/site-packages/airflow/example_dags/tutorial_objectstorage.py took 0.066 seconds
[2026-01-29T05:37:07.963+0000] {processor.py:161} INFO - Started process (PID=103251) to work on /home/airflow/.local/lib/python3.12/site-packages/airflow/example_dags/tutorial_objectstorage.py
[2026-01-29T05:37:07.964+0000] {processor.py:830} INFO - Processing file /home/airflow/.local/lib/python3.12/site-packages/airflow/example_dags/tutorial_objectstorage.py for tasks to queue
[2026-01-29T05:37:07.966+0000] {logging_mixin.py:188} INFO - [2026-01-29T05:37:07.965+0000] {dagbag.py:545} INFO - Filling up the DagBag from /home/airflow/.local/lib/python3.12/site-packages/airflow/example_dags/tutorial_objectstorage.py
[2026-01-29T05:37:07.973+0000] {processor.py:840} INFO - DAG(s) 'tutorial_objectstorage' retrieved from /home/airflow/.local/lib/python3.12/site-packages/airflow/example_dags/tutorial_objectstorage.py
[2026-01-29T05:37:07.991+0000] {logging_mixin.py:188} INFO - [2026-01-29T05:37:07.991+0000] {dag.py:3089} INFO - Sync 1 DAGs
[2026-01-29T05:37:08.005+0000] {logging_mixin.py:188} INFO - [2026-01-29T05:37:08.005+0000] {dag.py:3947} INFO - Setting next_dagrun for tutorial_objectstorage to None, run_after=None
[2026-01-29T05:37:08.024+0000] {processor.py:183} INFO - Processing /home/airflow/.local/lib/python3.12/site-packages/airflow/example_dags/tutorial_objectstorage.py took 0.067 seconds
[2026-01-29T05:37:38.151+0000] {processor.py:161} INFO - Started process (PID=103310) to work on /home/airflow/.local/lib/python3.12/site-packages/airflow/example_dags/tutorial_objectstorage.py
[2026-01-29T05:37:38.152+0000] {processor.py:830} INFO - Processing file /home/airflow/.local/lib/python3.12/site-packages/airflow/example_dags/tutorial_objectstorage.py for tasks to queue
[2026-01-29T05:37:38.154+0000] {logging_mixin.py:188} INFO - [2026-01-29T05:37:38.154+0000] {dagbag.py:545} INFO - Filling up the DagBag from /home/airflow/.local/lib/python3.12/site-packages/airflow/example_dags/tutorial_objectstorage.py
[2026-01-29T05:37:38.162+0000] {processor.py:840} INFO - DAG(s) 'tutorial_objectstorage' retrieved from /home/airflow/.local/lib/python3.12/site-packages/airflow/example_dags/tutorial_objectstorage.py
[2026-01-29T05:37:38.180+0000] {logging_mixin.py:188} INFO - [2026-01-29T05:37:38.180+0000] {dag.py:3089} INFO - Sync 1 DAGs
[2026-01-29T05:37:38.193+0000] {logging_mixin.py:188} INFO - [2026-01-29T05:37:38.193+0000] {dag.py:3947} INFO - Setting next_dagrun for tutorial_objectstorage to None, run_after=None
[2026-01-29T05:37:38.212+0000] {processor.py:183} INFO - Processing /home/airflow/.local/lib/python3.12/site-packages/airflow/example_dags/tutorial_objectstorage.py took 0.068 seconds
[2026-01-29T05:38:08.289+0000] {processor.py:161} INFO - Started process (PID=103374) to work on /home/airflow/.local/lib/python3.12/site-packages/airflow/example_dags/tutorial_objectstorage.py
[2026-01-29T05:38:08.290+0000] {processor.py:830} INFO - Processing file /home/airflow/.local/lib/python3.12/site-packages/airflow/example_dags/tutorial_objectstorage.py for tasks to queue
[2026-01-29T05:38:08.292+0000] {logging_mixin.py:188} INFO - [2026-01-29T05:38:08.292+0000] {dagbag.py:545} INFO - Filling up the DagBag from /home/airflow/.local/lib/python3.12/site-packages/airflow/example_dags/tutorial_objectstorage.py
[2026-01-29T05:38:08.300+0000] {processor.py:840} INFO - DAG(s) 'tutorial_objectstorage' retrieved from /home/airflow/.local/lib/python3.12/site-packages/airflow/example_dags/tutorial_objectstorage.py
[2026-01-29T05:38:08.321+0000] {logging_mixin.py:188} INFO - [2026-01-29T05:38:08.320+0000] {dag.py:3089} INFO - Sync 1 DAGs
[2026-01-29T05:38:08.335+0000] {logging_mixin.py:188} INFO - [2026-01-29T05:38:08.335+0000] {dag.py:3947} INFO - Setting next_dagrun for tutorial_objectstorage to None, run_after=None
[2026-01-29T05:38:08.359+0000] {processor.py:183} INFO - Processing /home/airflow/.local/lib/python3.12/site-packages/airflow/example_dags/tutorial_objectstorage.py took 0.077 seconds
[2026-01-29T05:38:39.202+0000] {processor.py:161} INFO - Started process (PID=103431) to work on /home/airflow/.local/lib/python3.12/site-packages/airflow/example_dags/tutorial_objectstorage.py
[2026-01-29T05:38:39.202+0000] {processor.py:830} INFO - Processing file /home/airflow/.local/lib/python3.12/site-packages/airflow/example_dags/tutorial_objectstorage.py for tasks to queue
[2026-01-29T05:38:39.204+0000] {logging_mixin.py:188} INFO - [2026-01-29T05:38:39.204+0000] {dagbag.py:545} INFO - Filling up the DagBag from /home/airflow/.local/lib/python3.12/site-packages/airflow/example_dags/tutorial_objectstorage.py
[2026-01-29T05:38:39.211+0000] {processor.py:840} INFO - DAG(s) 'tutorial_objectstorage' retrieved from /home/airflow/.local/lib/python3.12/site-packages/airflow/example_dags/tutorial_objectstorage.py
[2026-01-29T05:38:39.230+0000] {logging_mixin.py:188} INFO - [2026-01-29T05:38:39.230+0000] {dag.py:3089} INFO - Sync 1 DAGs
[2026-01-29T05:38:39.245+0000] {logging_mixin.py:188} INFO - [2026-01-29T05:38:39.244+0000] {dag.py:3947} INFO - Setting next_dagrun for tutorial_objectstorage to None, run_after=None
[2026-01-29T05:38:39.264+0000] {processor.py:183} INFO - Processing /home/airflow/.local/lib/python3.12/site-packages/airflow/example_dags/tutorial_objectstorage.py took 0.069 seconds
[2026-01-29T05:39:09.513+0000] {processor.py:161} INFO - Started process (PID=103495) to work on /home/airflow/.local/lib/python3.12/site-packages/airflow/example_dags/tutorial_objectstorage.py
[2026-01-29T05:39:09.514+0000] {processor.py:830} INFO - Processing file /home/airflow/.local/lib/python3.12/site-packages/airflow/example_dags/tutorial_objectstorage.py for tasks to queue
[2026-01-29T05:39:09.516+0000] {logging_mixin.py:188} INFO - [2026-01-29T05:39:09.515+0000] {dagbag.py:545} INFO - Filling up the DagBag from /home/airflow/.local/lib/python3.12/site-packages/airflow/example_dags/tutorial_objectstorage.py
[2026-01-29T05:39:09.523+0000] {processor.py:840} INFO - DAG(s) 'tutorial_objectstorage' retrieved from /home/airflow/.local/lib/python3.12/site-packages/airflow/example_dags/tutorial_objectstorage.py
[2026-01-29T05:39:09.543+0000] {logging_mixin.py:188} INFO - [2026-01-29T05:39:09.543+0000] {dag.py:3089} INFO - Sync 1 DAGs
[2026-01-29T05:39:09.557+0000] {logging_mixin.py:188} INFO - [2026-01-29T05:39:09.557+0000] {dag.py:3947} INFO - Setting next_dagrun for tutorial_objectstorage to None, run_after=None
[2026-01-29T05:39:09.578+0000] {processor.py:183} INFO - Processing /home/airflow/.local/lib/python3.12/site-packages/airflow/example_dags/tutorial_objectstorage.py took 0.072 seconds
[2026-01-29T05:39:39.839+0000] {processor.py:161} INFO - Started process (PID=103554) to work on /home/airflow/.local/lib/python3.12/site-packages/airflow/example_dags/tutorial_objectstorage.py
[2026-01-29T05:39:39.839+0000] {processor.py:830} INFO - Processing file /home/airflow/.local/lib/python3.12/site-packages/airflow/example_dags/tutorial_objectstorage.py for tasks to queue
[2026-01-29T05:39:39.841+0000] {logging_mixin.py:188} INFO - [2026-01-29T05:39:39.841+0000] {dagbag.py:545} INFO - Filling up the DagBag from /home/airflow/.local/lib/python3.12/site-packages/airflow/example_dags/tutorial_objectstorage.py
[2026-01-29T05:39:39.848+0000] {processor.py:840} INFO - DAG(s) 'tutorial_objectstorage' retrieved from /home/airflow/.local/lib/python3.12/site-packages/airflow/example_dags/tutorial_objectstorage.py
[2026-01-29T05:39:39.867+0000] {logging_mixin.py:188} INFO - [2026-01-29T05:39:39.867+0000] {dag.py:3089} INFO - Sync 1 DAGs
[2026-01-29T05:39:39.881+0000] {logging_mixin.py:188} INFO - [2026-01-29T05:39:39.880+0000] {dag.py:3947} INFO - Setting next_dagrun for tutorial_objectstorage to None, run_after=None
[2026-01-29T05:39:39.900+0000] {processor.py:183} INFO - Processing /home/airflow/.local/lib/python3.12/site-packages/airflow/example_dags/tutorial_objectstorage.py took 0.067 seconds
[2026-01-29T05:40:10.279+0000] {processor.py:161} INFO - Started process (PID=103618) to work on /home/airflow/.local/lib/python3.12/site-packages/airflow/example_dags/tutorial_objectstorage.py
[2026-01-29T05:40:10.281+0000] {processor.py:830} INFO - Processing file /home/airflow/.local/lib/python3.12/site-packages/airflow/example_dags/tutorial_objectstorage.py for tasks to queue
[2026-01-29T05:40:10.283+0000] {logging_mixin.py:188} INFO - [2026-01-29T05:40:10.282+0000] {dagbag.py:545} INFO - Filling up the DagBag from /home/airflow/.local/lib/python3.12/site-packages/airflow/example_dags/tutorial_objectstorage.py
[2026-01-29T05:40:10.291+0000] {processor.py:840} INFO - DAG(s) 'tutorial_objectstorage' retrieved from /home/airflow/.local/lib/python3.12/site-packages/airflow/example_dags/tutorial_objectstorage.py
[2026-01-29T05:40:10.311+0000] {logging_mixin.py:188} INFO - [2026-01-29T05:40:10.311+0000] {dag.py:3089} INFO - Sync 1 DAGs
[2026-01-29T05:40:10.325+0000] {logging_mixin.py:188} INFO - [2026-01-29T05:40:10.325+0000] {dag.py:3947} INFO - Setting next_dagrun for tutorial_objectstorage to None, run_after=None
[2026-01-29T05:40:10.345+0000] {processor.py:183} INFO - Processing /home/airflow/.local/lib/python3.12/site-packages/airflow/example_dags/tutorial_objectstorage.py took 0.073 seconds
[2026-01-29T05:40:40.678+0000] {processor.py:161} INFO - Started process (PID=103677) to work on /home/airflow/.local/lib/python3.12/site-packages/airflow/example_dags/tutorial_objectstorage.py
[2026-01-29T05:40:40.679+0000] {processor.py:830} INFO - Processing file /home/airflow/.local/lib/python3.12/site-packages/airflow/example_dags/tutorial_objectstorage.py for tasks to queue
[2026-01-29T05:40:40.680+0000] {logging_mixin.py:188} INFO - [2026-01-29T05:40:40.680+0000] {dagbag.py:545} INFO - Filling up the DagBag from /home/airflow/.local/lib/python3.12/site-packages/airflow/example_dags/tutorial_objectstorage.py
[2026-01-29T05:40:40.687+0000] {processor.py:840} INFO - DAG(s) 'tutorial_objectstorage' retrieved from /home/airflow/.local/lib/python3.12/site-packages/airflow/example_dags/tutorial_objectstorage.py
[2026-01-29T05:40:40.707+0000] {logging_mixin.py:188} INFO - [2026-01-29T05:40:40.706+0000] {dag.py:3089} INFO - Sync 1 DAGs
[2026-01-29T05:40:40.720+0000] {logging_mixin.py:188} INFO - [2026-01-29T05:40:40.720+0000] {dag.py:3947} INFO - Setting next_dagrun for tutorial_objectstorage to None, run_after=None
[2026-01-29T05:40:40.740+0000] {processor.py:183} INFO - Processing /home/airflow/.local/lib/python3.12/site-packages/airflow/example_dags/tutorial_objectstorage.py took 0.068 seconds
[2026-01-29T05:41:11.176+0000] {processor.py:161} INFO - Started process (PID=103741) to work on /home/airflow/.local/lib/python3.12/site-packages/airflow/example_dags/tutorial_objectstorage.py
[2026-01-29T05:41:11.177+0000] {processor.py:830} INFO - Processing file /home/airflow/.local/lib/python3.12/site-packages/airflow/example_dags/tutorial_objectstorage.py for tasks to queue
[2026-01-29T05:41:11.179+0000] {logging_mixin.py:188} INFO - [2026-01-29T05:41:11.178+0000] {dagbag.py:545} INFO - Filling up the DagBag from /home/airflow/.local/lib/python3.12/site-packages/airflow/example_dags/tutorial_objectstorage.py
[2026-01-29T05:41:11.186+0000] {processor.py:840} INFO - DAG(s) 'tutorial_objectstorage' retrieved from /home/airflow/.local/lib/python3.12/site-packages/airflow/example_dags/tutorial_objectstorage.py
[2026-01-29T05:41:11.204+0000] {logging_mixin.py:188} INFO - [2026-01-29T05:41:11.204+0000] {dag.py:3089} INFO - Sync 1 DAGs
[2026-01-29T05:41:11.218+0000] {logging_mixin.py:188} INFO - [2026-01-29T05:41:11.218+0000] {dag.py:3947} INFO - Setting next_dagrun for tutorial_objectstorage to None, run_after=None
[2026-01-29T05:41:11.237+0000] {processor.py:183} INFO - Processing /home/airflow/.local/lib/python3.12/site-packages/airflow/example_dags/tutorial_objectstorage.py took 0.067 seconds
[2026-01-29T05:41:42.292+0000] {processor.py:161} INFO - Started process (PID=103800) to work on /home/airflow/.local/lib/python3.12/site-packages/airflow/example_dags/tutorial_objectstorage.py
[2026-01-29T05:41:42.293+0000] {processor.py:830} INFO - Processing file /home/airflow/.local/lib/python3.12/site-packages/airflow/example_dags/tutorial_objectstorage.py for tasks to queue
[2026-01-29T05:41:42.295+0000] {logging_mixin.py:188} INFO - [2026-01-29T05:41:42.294+0000] {dagbag.py:545} INFO - Filling up the DagBag from /home/airflow/.local/lib/python3.12/site-packages/airflow/example_dags/tutorial_objectstorage.py
[2026-01-29T05:41:42.302+0000] {processor.py:840} INFO - DAG(s) 'tutorial_objectstorage' retrieved from /home/airflow/.local/lib/python3.12/site-packages/airflow/example_dags/tutorial_objectstorage.py
[2026-01-29T05:41:42.322+0000] {logging_mixin.py:188} INFO - [2026-01-29T05:41:42.322+0000] {dag.py:3089} INFO - Sync 1 DAGs
[2026-01-29T05:41:42.335+0000] {logging_mixin.py:188} INFO - [2026-01-29T05:41:42.335+0000] {dag.py:3947} INFO - Setting next_dagrun for tutorial_objectstorage to None, run_after=None
[2026-01-29T05:41:42.356+0000] {processor.py:183} INFO - Processing /home/airflow/.local/lib/python3.12/site-packages/airflow/example_dags/tutorial_objectstorage.py took 0.070 seconds
[2026-01-29T05:42:12.572+0000] {processor.py:161} INFO - Started process (PID=103864) to work on /home/airflow/.local/lib/python3.12/site-packages/airflow/example_dags/tutorial_objectstorage.py
[2026-01-29T05:42:12.574+0000] {processor.py:830} INFO - Processing file /home/airflow/.local/lib/python3.12/site-packages/airflow/example_dags/tutorial_objectstorage.py for tasks to queue
[2026-01-29T05:42:12.576+0000] {logging_mixin.py:188} INFO - [2026-01-29T05:42:12.575+0000] {dagbag.py:545} INFO - Filling up the DagBag from /home/airflow/.local/lib/python3.12/site-packages/airflow/example_dags/tutorial_objectstorage.py
[2026-01-29T05:42:12.584+0000] {processor.py:840} INFO - DAG(s) 'tutorial_objectstorage' retrieved from /home/airflow/.local/lib/python3.12/site-packages/airflow/example_dags/tutorial_objectstorage.py
[2026-01-29T05:42:12.603+0000] {logging_mixin.py:188} INFO - [2026-01-29T05:42:12.603+0000] {dag.py:3089} INFO - Sync 1 DAGs
[2026-01-29T05:42:12.616+0000] {logging_mixin.py:188} INFO - [2026-01-29T05:42:12.616+0000] {dag.py:3947} INFO - Setting next_dagrun for tutorial_objectstorage to None, run_after=None
[2026-01-29T05:42:12.635+0000] {processor.py:183} INFO - Processing /home/airflow/.local/lib/python3.12/site-packages/airflow/example_dags/tutorial_objectstorage.py took 0.069 seconds
[2026-01-29T05:42:43.033+0000] {processor.py:161} INFO - Started process (PID=103923) to work on /home/airflow/.local/lib/python3.12/site-packages/airflow/example_dags/tutorial_objectstorage.py
[2026-01-29T05:42:43.034+0000] {processor.py:830} INFO - Processing file /home/airflow/.local/lib/python3.12/site-packages/airflow/example_dags/tutorial_objectstorage.py for tasks to queue
[2026-01-29T05:42:43.036+0000] {logging_mixin.py:188} INFO - [2026-01-29T05:42:43.035+0000] {dagbag.py:545} INFO - Filling up the DagBag from /home/airflow/.local/lib/python3.12/site-packages/airflow/example_dags/tutorial_objectstorage.py
[2026-01-29T05:42:43.043+0000] {processor.py:840} INFO - DAG(s) 'tutorial_objectstorage' retrieved from /home/airflow/.local/lib/python3.12/site-packages/airflow/example_dags/tutorial_objectstorage.py
[2026-01-29T05:42:43.061+0000] {logging_mixin.py:188} INFO - [2026-01-29T05:42:43.061+0000] {dag.py:3089} INFO - Sync 1 DAGs
[2026-01-29T05:42:43.076+0000] {logging_mixin.py:188} INFO - [2026-01-29T05:42:43.075+0000] {dag.py:3947} INFO - Setting next_dagrun for tutorial_objectstorage to None, run_after=None
[2026-01-29T05:42:43.094+0000] {processor.py:183} INFO - Processing /home/airflow/.local/lib/python3.12/site-packages/airflow/example_dags/tutorial_objectstorage.py took 0.067 seconds
[2026-01-29T05:43:13.401+0000] {processor.py:161} INFO - Started process (PID=103987) to work on /home/airflow/.local/lib/python3.12/site-packages/airflow/example_dags/tutorial_objectstorage.py
[2026-01-29T05:43:13.402+0000] {processor.py:830} INFO - Processing file /home/airflow/.local/lib/python3.12/site-packages/airflow/example_dags/tutorial_objectstorage.py for tasks to queue
[2026-01-29T05:43:13.404+0000] {logging_mixin.py:188} INFO - [2026-01-29T05:43:13.403+0000] {dagbag.py:545} INFO - Filling up the DagBag from /home/airflow/.local/lib/python3.12/site-packages/airflow/example_dags/tutorial_objectstorage.py
[2026-01-29T05:43:13.411+0000] {processor.py:840} INFO - DAG(s) 'tutorial_objectstorage' retrieved from /home/airflow/.local/lib/python3.12/site-packages/airflow/example_dags/tutorial_objectstorage.py
[2026-01-29T05:43:13.431+0000] {logging_mixin.py:188} INFO - [2026-01-29T05:43:13.431+0000] {dag.py:3089} INFO - Sync 1 DAGs
[2026-01-29T05:43:13.446+0000] {logging_mixin.py:188} INFO - [2026-01-29T05:43:13.445+0000] {dag.py:3947} INFO - Setting next_dagrun for tutorial_objectstorage to None, run_after=None
[2026-01-29T05:43:13.467+0000] {processor.py:183} INFO - Processing /home/airflow/.local/lib/python3.12/site-packages/airflow/example_dags/tutorial_objectstorage.py took 0.071 seconds
[2026-01-29T05:43:44.120+0000] {processor.py:161} INFO - Started process (PID=104046) to work on /home/airflow/.local/lib/python3.12/site-packages/airflow/example_dags/tutorial_objectstorage.py
[2026-01-29T05:43:44.122+0000] {processor.py:830} INFO - Processing file /home/airflow/.local/lib/python3.12/site-packages/airflow/example_dags/tutorial_objectstorage.py for tasks to queue
[2026-01-29T05:43:44.123+0000] {logging_mixin.py:188} INFO - [2026-01-29T05:43:44.123+0000] {dagbag.py:545} INFO - Filling up the DagBag from /home/airflow/.local/lib/python3.12/site-packages/airflow/example_dags/tutorial_objectstorage.py
[2026-01-29T05:43:44.131+0000] {processor.py:840} INFO - DAG(s) 'tutorial_objectstorage' retrieved from /home/airflow/.local/lib/python3.12/site-packages/airflow/example_dags/tutorial_objectstorage.py
[2026-01-29T05:43:44.149+0000] {logging_mixin.py:188} INFO - [2026-01-29T05:43:44.149+0000] {dag.py:3089} INFO - Sync 1 DAGs
[2026-01-29T05:43:44.163+0000] {logging_mixin.py:188} INFO - [2026-01-29T05:43:44.163+0000] {dag.py:3947} INFO - Setting next_dagrun for tutorial_objectstorage to None, run_after=None
[2026-01-29T05:43:44.182+0000] {processor.py:183} INFO - Processing /home/airflow/.local/lib/python3.12/site-packages/airflow/example_dags/tutorial_objectstorage.py took 0.069 seconds
[2026-01-29T05:44:14.860+0000] {processor.py:161} INFO - Started process (PID=104110) to work on /home/airflow/.local/lib/python3.12/site-packages/airflow/example_dags/tutorial_objectstorage.py
[2026-01-29T05:44:14.861+0000] {processor.py:830} INFO - Processing file /home/airflow/.local/lib/python3.12/site-packages/airflow/example_dags/tutorial_objectstorage.py for tasks to queue
[2026-01-29T05:44:14.863+0000] {logging_mixin.py:188} INFO - [2026-01-29T05:44:14.863+0000] {dagbag.py:545} INFO - Filling up the DagBag from /home/airflow/.local/lib/python3.12/site-packages/airflow/example_dags/tutorial_objectstorage.py
[2026-01-29T05:44:14.871+0000] {processor.py:840} INFO - DAG(s) 'tutorial_objectstorage' retrieved from /home/airflow/.local/lib/python3.12/site-packages/airflow/example_dags/tutorial_objectstorage.py
[2026-01-29T05:44:14.892+0000] {logging_mixin.py:188} INFO - [2026-01-29T05:44:14.892+0000] {dag.py:3089} INFO - Sync 1 DAGs
[2026-01-29T05:44:14.905+0000] {logging_mixin.py:188} INFO - [2026-01-29T05:44:14.905+0000] {dag.py:3947} INFO - Setting next_dagrun for tutorial_objectstorage to None, run_after=None
[2026-01-29T05:44:14.925+0000] {processor.py:183} INFO - Processing /home/airflow/.local/lib/python3.12/site-packages/airflow/example_dags/tutorial_objectstorage.py took 0.073 seconds
[2026-01-29T05:44:45.090+0000] {processor.py:161} INFO - Started process (PID=104169) to work on /home/airflow/.local/lib/python3.12/site-packages/airflow/example_dags/tutorial_objectstorage.py
[2026-01-29T05:44:45.091+0000] {processor.py:830} INFO - Processing file /home/airflow/.local/lib/python3.12/site-packages/airflow/example_dags/tutorial_objectstorage.py for tasks to queue
[2026-01-29T05:44:45.093+0000] {logging_mixin.py:188} INFO - [2026-01-29T05:44:45.092+0000] {dagbag.py:545} INFO - Filling up the DagBag from /home/airflow/.local/lib/python3.12/site-packages/airflow/example_dags/tutorial_objectstorage.py
[2026-01-29T05:44:45.100+0000] {processor.py:840} INFO - DAG(s) 'tutorial_objectstorage' retrieved from /home/airflow/.local/lib/python3.12/site-packages/airflow/example_dags/tutorial_objectstorage.py
[2026-01-29T05:44:45.120+0000] {logging_mixin.py:188} INFO - [2026-01-29T05:44:45.119+0000] {dag.py:3089} INFO - Sync 1 DAGs
[2026-01-29T05:44:45.134+0000] {logging_mixin.py:188} INFO - [2026-01-29T05:44:45.134+0000] {dag.py:3947} INFO - Setting next_dagrun for tutorial_objectstorage to None, run_after=None
[2026-01-29T05:44:45.154+0000] {processor.py:183} INFO - Processing /home/airflow/.local/lib/python3.12/site-packages/airflow/example_dags/tutorial_objectstorage.py took 0.070 seconds
[2026-01-29T05:45:15.485+0000] {processor.py:161} INFO - Started process (PID=104233) to work on /home/airflow/.local/lib/python3.12/site-packages/airflow/example_dags/tutorial_objectstorage.py
[2026-01-29T05:45:15.485+0000] {processor.py:830} INFO - Processing file /home/airflow/.local/lib/python3.12/site-packages/airflow/example_dags/tutorial_objectstorage.py for tasks to queue
[2026-01-29T05:45:15.487+0000] {logging_mixin.py:188} INFO - [2026-01-29T05:45:15.487+0000] {dagbag.py:545} INFO - Filling up the DagBag from /home/airflow/.local/lib/python3.12/site-packages/airflow/example_dags/tutorial_objectstorage.py
[2026-01-29T05:45:15.494+0000] {processor.py:840} INFO - DAG(s) 'tutorial_objectstorage' retrieved from /home/airflow/.local/lib/python3.12/site-packages/airflow/example_dags/tutorial_objectstorage.py
[2026-01-29T05:45:15.513+0000] {logging_mixin.py:188} INFO - [2026-01-29T05:45:15.513+0000] {dag.py:3089} INFO - Sync 1 DAGs
[2026-01-29T05:45:15.527+0000] {logging_mixin.py:188} INFO - [2026-01-29T05:45:15.527+0000] {dag.py:3947} INFO - Setting next_dagrun for tutorial_objectstorage to None, run_after=None
[2026-01-29T05:45:15.548+0000] {processor.py:183} INFO - Processing /home/airflow/.local/lib/python3.12/site-packages/airflow/example_dags/tutorial_objectstorage.py took 0.070 seconds
[2026-01-29T05:45:45.908+0000] {processor.py:161} INFO - Started process (PID=104292) to work on /home/airflow/.local/lib/python3.12/site-packages/airflow/example_dags/tutorial_objectstorage.py
[2026-01-29T05:45:45.909+0000] {processor.py:830} INFO - Processing file /home/airflow/.local/lib/python3.12/site-packages/airflow/example_dags/tutorial_objectstorage.py for tasks to queue
[2026-01-29T05:45:45.911+0000] {logging_mixin.py:188} INFO - [2026-01-29T05:45:45.910+0000] {dagbag.py:545} INFO - Filling up the DagBag from /home/airflow/.local/lib/python3.12/site-packages/airflow/example_dags/tutorial_objectstorage.py
[2026-01-29T05:45:45.918+0000] {processor.py:840} INFO - DAG(s) 'tutorial_objectstorage' retrieved from /home/airflow/.local/lib/python3.12/site-packages/airflow/example_dags/tutorial_objectstorage.py
[2026-01-29T05:45:45.936+0000] {logging_mixin.py:188} INFO - [2026-01-29T05:45:45.936+0000] {dag.py:3089} INFO - Sync 1 DAGs
[2026-01-29T05:45:45.950+0000] {logging_mixin.py:188} INFO - [2026-01-29T05:45:45.949+0000] {dag.py:3947} INFO - Setting next_dagrun for tutorial_objectstorage to None, run_after=None
[2026-01-29T05:45:45.970+0000] {processor.py:183} INFO - Processing /home/airflow/.local/lib/python3.12/site-packages/airflow/example_dags/tutorial_objectstorage.py took 0.068 seconds
[2026-01-29T05:46:16.262+0000] {processor.py:161} INFO - Started process (PID=104356) to work on /home/airflow/.local/lib/python3.12/site-packages/airflow/example_dags/tutorial_objectstorage.py
[2026-01-29T05:46:16.263+0000] {processor.py:830} INFO - Processing file /home/airflow/.local/lib/python3.12/site-packages/airflow/example_dags/tutorial_objectstorage.py for tasks to queue
[2026-01-29T05:46:16.265+0000] {logging_mixin.py:188} INFO - [2026-01-29T05:46:16.264+0000] {dagbag.py:545} INFO - Filling up the DagBag from /home/airflow/.local/lib/python3.12/site-packages/airflow/example_dags/tutorial_objectstorage.py
[2026-01-29T05:46:16.273+0000] {processor.py:840} INFO - DAG(s) 'tutorial_objectstorage' retrieved from /home/airflow/.local/lib/python3.12/site-packages/airflow/example_dags/tutorial_objectstorage.py
[2026-01-29T05:46:16.293+0000] {logging_mixin.py:188} INFO - [2026-01-29T05:46:16.292+0000] {dag.py:3089} INFO - Sync 1 DAGs
[2026-01-29T05:46:16.306+0000] {logging_mixin.py:188} INFO - [2026-01-29T05:46:16.305+0000] {dag.py:3947} INFO - Setting next_dagrun for tutorial_objectstorage to None, run_after=None
[2026-01-29T05:46:16.326+0000] {processor.py:183} INFO - Processing /home/airflow/.local/lib/python3.12/site-packages/airflow/example_dags/tutorial_objectstorage.py took 0.071 seconds
[2026-01-29T05:46:46.552+0000] {processor.py:161} INFO - Started process (PID=104415) to work on /home/airflow/.local/lib/python3.12/site-packages/airflow/example_dags/tutorial_objectstorage.py
[2026-01-29T05:46:46.554+0000] {processor.py:830} INFO - Processing file /home/airflow/.local/lib/python3.12/site-packages/airflow/example_dags/tutorial_objectstorage.py for tasks to queue
[2026-01-29T05:46:46.555+0000] {logging_mixin.py:188} INFO - [2026-01-29T05:46:46.555+0000] {dagbag.py:545} INFO - Filling up the DagBag from /home/airflow/.local/lib/python3.12/site-packages/airflow/example_dags/tutorial_objectstorage.py
[2026-01-29T05:46:46.564+0000] {processor.py:840} INFO - DAG(s) 'tutorial_objectstorage' retrieved from /home/airflow/.local/lib/python3.12/site-packages/airflow/example_dags/tutorial_objectstorage.py
[2026-01-29T05:46:46.587+0000] {logging_mixin.py:188} INFO - [2026-01-29T05:46:46.586+0000] {dag.py:3089} INFO - Sync 1 DAGs
[2026-01-29T05:46:46.602+0000] {logging_mixin.py:188} INFO - [2026-01-29T05:46:46.602+0000] {dag.py:3947} INFO - Setting next_dagrun for tutorial_objectstorage to None, run_after=None
[2026-01-29T05:46:46.624+0000] {processor.py:183} INFO - Processing /home/airflow/.local/lib/python3.12/site-packages/airflow/example_dags/tutorial_objectstorage.py took 0.080 seconds
[2026-01-29T05:47:17.113+0000] {processor.py:161} INFO - Started process (PID=104479) to work on /home/airflow/.local/lib/python3.12/site-packages/airflow/example_dags/tutorial_objectstorage.py
[2026-01-29T05:47:17.114+0000] {processor.py:830} INFO - Processing file /home/airflow/.local/lib/python3.12/site-packages/airflow/example_dags/tutorial_objectstorage.py for tasks to queue
[2026-01-29T05:47:17.116+0000] {logging_mixin.py:188} INFO - [2026-01-29T05:47:17.115+0000] {dagbag.py:545} INFO - Filling up the DagBag from /home/airflow/.local/lib/python3.12/site-packages/airflow/example_dags/tutorial_objectstorage.py
[2026-01-29T05:47:17.123+0000] {processor.py:840} INFO - DAG(s) 'tutorial_objectstorage' retrieved from /home/airflow/.local/lib/python3.12/site-packages/airflow/example_dags/tutorial_objectstorage.py
[2026-01-29T05:47:17.141+0000] {logging_mixin.py:188} INFO - [2026-01-29T05:47:17.141+0000] {dag.py:3089} INFO - Sync 1 DAGs
[2026-01-29T05:47:17.155+0000] {logging_mixin.py:188} INFO - [2026-01-29T05:47:17.155+0000] {dag.py:3947} INFO - Setting next_dagrun for tutorial_objectstorage to None, run_after=None
[2026-01-29T05:47:17.299+0000] {processor.py:183} INFO - Processing /home/airflow/.local/lib/python3.12/site-packages/airflow/example_dags/tutorial_objectstorage.py took 0.191 seconds
[2026-01-29T05:47:47.397+0000] {processor.py:161} INFO - Started process (PID=104539) to work on /home/airflow/.local/lib/python3.12/site-packages/airflow/example_dags/tutorial_objectstorage.py
[2026-01-29T05:47:47.398+0000] {processor.py:830} INFO - Processing file /home/airflow/.local/lib/python3.12/site-packages/airflow/example_dags/tutorial_objectstorage.py for tasks to queue
[2026-01-29T05:47:47.401+0000] {logging_mixin.py:188} INFO - [2026-01-29T05:47:47.400+0000] {dagbag.py:545} INFO - Filling up the DagBag from /home/airflow/.local/lib/python3.12/site-packages/airflow/example_dags/tutorial_objectstorage.py
[2026-01-29T05:47:47.409+0000] {processor.py:840} INFO - DAG(s) 'tutorial_objectstorage' retrieved from /home/airflow/.local/lib/python3.12/site-packages/airflow/example_dags/tutorial_objectstorage.py
[2026-01-29T05:47:47.431+0000] {logging_mixin.py:188} INFO - [2026-01-29T05:47:47.430+0000] {dag.py:3089} INFO - Sync 1 DAGs
[2026-01-29T05:47:47.446+0000] {logging_mixin.py:188} INFO - [2026-01-29T05:47:47.445+0000] {dag.py:3947} INFO - Setting next_dagrun for tutorial_objectstorage to None, run_after=None
[2026-01-29T05:47:47.467+0000] {processor.py:183} INFO - Processing /home/airflow/.local/lib/python3.12/site-packages/airflow/example_dags/tutorial_objectstorage.py took 0.078 seconds
[2026-01-29T05:48:17.582+0000] {processor.py:161} INFO - Started process (PID=104603) to work on /home/airflow/.local/lib/python3.12/site-packages/airflow/example_dags/tutorial_objectstorage.py
[2026-01-29T05:48:17.583+0000] {processor.py:830} INFO - Processing file /home/airflow/.local/lib/python3.12/site-packages/airflow/example_dags/tutorial_objectstorage.py for tasks to queue
[2026-01-29T05:48:17.585+0000] {logging_mixin.py:188} INFO - [2026-01-29T05:48:17.584+0000] {dagbag.py:545} INFO - Filling up the DagBag from /home/airflow/.local/lib/python3.12/site-packages/airflow/example_dags/tutorial_objectstorage.py
[2026-01-29T05:48:17.592+0000] {processor.py:840} INFO - DAG(s) 'tutorial_objectstorage' retrieved from /home/airflow/.local/lib/python3.12/site-packages/airflow/example_dags/tutorial_objectstorage.py
[2026-01-29T05:48:17.612+0000] {logging_mixin.py:188} INFO - [2026-01-29T05:48:17.612+0000] {dag.py:3089} INFO - Sync 1 DAGs
[2026-01-29T05:48:17.625+0000] {logging_mixin.py:188} INFO - [2026-01-29T05:48:17.625+0000] {dag.py:3947} INFO - Setting next_dagrun for tutorial_objectstorage to None, run_after=None
[2026-01-29T05:48:17.644+0000] {processor.py:183} INFO - Processing /home/airflow/.local/lib/python3.12/site-packages/airflow/example_dags/tutorial_objectstorage.py took 0.070 seconds
[2026-01-29T05:48:48.137+0000] {processor.py:161} INFO - Started process (PID=104661) to work on /home/airflow/.local/lib/python3.12/site-packages/airflow/example_dags/tutorial_objectstorage.py
[2026-01-29T05:48:48.138+0000] {processor.py:830} INFO - Processing file /home/airflow/.local/lib/python3.12/site-packages/airflow/example_dags/tutorial_objectstorage.py for tasks to queue
[2026-01-29T05:48:48.140+0000] {logging_mixin.py:188} INFO - [2026-01-29T05:48:48.140+0000] {dagbag.py:545} INFO - Filling up the DagBag from /home/airflow/.local/lib/python3.12/site-packages/airflow/example_dags/tutorial_objectstorage.py
[2026-01-29T05:48:48.146+0000] {processor.py:840} INFO - DAG(s) 'tutorial_objectstorage' retrieved from /home/airflow/.local/lib/python3.12/site-packages/airflow/example_dags/tutorial_objectstorage.py
[2026-01-29T05:48:48.290+0000] {logging_mixin.py:188} INFO - [2026-01-29T05:48:48.290+0000] {dag.py:3089} INFO - Sync 1 DAGs
[2026-01-29T05:48:48.303+0000] {logging_mixin.py:188} INFO - [2026-01-29T05:48:48.303+0000] {dag.py:3947} INFO - Setting next_dagrun for tutorial_objectstorage to None, run_after=None
[2026-01-29T05:48:48.323+0000] {processor.py:183} INFO - Processing /home/airflow/.local/lib/python3.12/site-packages/airflow/example_dags/tutorial_objectstorage.py took 0.192 seconds
[2026-01-29T05:49:18.472+0000] {processor.py:161} INFO - Started process (PID=104725) to work on /home/airflow/.local/lib/python3.12/site-packages/airflow/example_dags/tutorial_objectstorage.py
[2026-01-29T05:49:18.473+0000] {processor.py:830} INFO - Processing file /home/airflow/.local/lib/python3.12/site-packages/airflow/example_dags/tutorial_objectstorage.py for tasks to queue
[2026-01-29T05:49:18.475+0000] {logging_mixin.py:188} INFO - [2026-01-29T05:49:18.474+0000] {dagbag.py:545} INFO - Filling up the DagBag from /home/airflow/.local/lib/python3.12/site-packages/airflow/example_dags/tutorial_objectstorage.py
[2026-01-29T05:49:18.482+0000] {processor.py:840} INFO - DAG(s) 'tutorial_objectstorage' retrieved from /home/airflow/.local/lib/python3.12/site-packages/airflow/example_dags/tutorial_objectstorage.py
[2026-01-29T05:49:18.501+0000] {logging_mixin.py:188} INFO - [2026-01-29T05:49:18.500+0000] {dag.py:3089} INFO - Sync 1 DAGs
[2026-01-29T05:49:18.515+0000] {logging_mixin.py:188} INFO - [2026-01-29T05:49:18.515+0000] {dag.py:3947} INFO - Setting next_dagrun for tutorial_objectstorage to None, run_after=None
[2026-01-29T05:49:18.538+0000] {processor.py:183} INFO - Processing /home/airflow/.local/lib/python3.12/site-packages/airflow/example_dags/tutorial_objectstorage.py took 0.072 seconds
[2026-01-29T05:49:48.815+0000] {processor.py:161} INFO - Started process (PID=104783) to work on /home/airflow/.local/lib/python3.12/site-packages/airflow/example_dags/tutorial_objectstorage.py
[2026-01-29T05:49:48.817+0000] {processor.py:830} INFO - Processing file /home/airflow/.local/lib/python3.12/site-packages/airflow/example_dags/tutorial_objectstorage.py for tasks to queue
[2026-01-29T05:49:48.819+0000] {logging_mixin.py:188} INFO - [2026-01-29T05:49:48.818+0000] {dagbag.py:545} INFO - Filling up the DagBag from /home/airflow/.local/lib/python3.12/site-packages/airflow/example_dags/tutorial_objectstorage.py
[2026-01-29T05:49:48.827+0000] {processor.py:840} INFO - DAG(s) 'tutorial_objectstorage' retrieved from /home/airflow/.local/lib/python3.12/site-packages/airflow/example_dags/tutorial_objectstorage.py
[2026-01-29T05:49:48.847+0000] {logging_mixin.py:188} INFO - [2026-01-29T05:49:48.846+0000] {dag.py:3089} INFO - Sync 1 DAGs
[2026-01-29T05:49:48.860+0000] {logging_mixin.py:188} INFO - [2026-01-29T05:49:48.859+0000] {dag.py:3947} INFO - Setting next_dagrun for tutorial_objectstorage to None, run_after=None
[2026-01-29T05:49:48.879+0000] {processor.py:183} INFO - Processing /home/airflow/.local/lib/python3.12/site-packages/airflow/example_dags/tutorial_objectstorage.py took 0.071 seconds
[2026-01-29T05:50:19.735+0000] {processor.py:161} INFO - Started process (PID=104848) to work on /home/airflow/.local/lib/python3.12/site-packages/airflow/example_dags/tutorial_objectstorage.py
[2026-01-29T05:50:19.736+0000] {processor.py:830} INFO - Processing file /home/airflow/.local/lib/python3.12/site-packages/airflow/example_dags/tutorial_objectstorage.py for tasks to queue
[2026-01-29T05:50:19.738+0000] {logging_mixin.py:188} INFO - [2026-01-29T05:50:19.737+0000] {dagbag.py:545} INFO - Filling up the DagBag from /home/airflow/.local/lib/python3.12/site-packages/airflow/example_dags/tutorial_objectstorage.py
[2026-01-29T05:50:19.746+0000] {processor.py:840} INFO - DAG(s) 'tutorial_objectstorage' retrieved from /home/airflow/.local/lib/python3.12/site-packages/airflow/example_dags/tutorial_objectstorage.py
[2026-01-29T05:50:19.767+0000] {logging_mixin.py:188} INFO - [2026-01-29T05:50:19.766+0000] {dag.py:3089} INFO - Sync 1 DAGs
[2026-01-29T05:50:19.780+0000] {logging_mixin.py:188} INFO - [2026-01-29T05:50:19.780+0000] {dag.py:3947} INFO - Setting next_dagrun for tutorial_objectstorage to None, run_after=None
[2026-01-29T05:50:19.802+0000] {processor.py:183} INFO - Processing /home/airflow/.local/lib/python3.12/site-packages/airflow/example_dags/tutorial_objectstorage.py took 0.074 seconds
[2026-01-29T05:50:50.416+0000] {processor.py:161} INFO - Started process (PID=104907) to work on /home/airflow/.local/lib/python3.12/site-packages/airflow/example_dags/tutorial_objectstorage.py
[2026-01-29T05:50:50.417+0000] {processor.py:830} INFO - Processing file /home/airflow/.local/lib/python3.12/site-packages/airflow/example_dags/tutorial_objectstorage.py for tasks to queue
[2026-01-29T05:50:50.419+0000] {logging_mixin.py:188} INFO - [2026-01-29T05:50:50.419+0000] {dagbag.py:545} INFO - Filling up the DagBag from /home/airflow/.local/lib/python3.12/site-packages/airflow/example_dags/tutorial_objectstorage.py
[2026-01-29T05:50:50.427+0000] {processor.py:840} INFO - DAG(s) 'tutorial_objectstorage' retrieved from /home/airflow/.local/lib/python3.12/site-packages/airflow/example_dags/tutorial_objectstorage.py
[2026-01-29T05:50:50.449+0000] {logging_mixin.py:188} INFO - [2026-01-29T05:50:50.448+0000] {dag.py:3089} INFO - Sync 1 DAGs
[2026-01-29T05:50:50.463+0000] {logging_mixin.py:188} INFO - [2026-01-29T05:50:50.462+0000] {dag.py:3947} INFO - Setting next_dagrun for tutorial_objectstorage to None, run_after=None
[2026-01-29T05:50:50.483+0000] {processor.py:183} INFO - Processing /home/airflow/.local/lib/python3.12/site-packages/airflow/example_dags/tutorial_objectstorage.py took 0.075 seconds
[2026-01-29T05:51:20.561+0000] {processor.py:161} INFO - Started process (PID=104971) to work on /home/airflow/.local/lib/python3.12/site-packages/airflow/example_dags/tutorial_objectstorage.py
[2026-01-29T05:51:20.562+0000] {processor.py:830} INFO - Processing file /home/airflow/.local/lib/python3.12/site-packages/airflow/example_dags/tutorial_objectstorage.py for tasks to queue
[2026-01-29T05:51:20.563+0000] {logging_mixin.py:188} INFO - [2026-01-29T05:51:20.563+0000] {dagbag.py:545} INFO - Filling up the DagBag from /home/airflow/.local/lib/python3.12/site-packages/airflow/example_dags/tutorial_objectstorage.py
[2026-01-29T05:51:20.570+0000] {processor.py:840} INFO - DAG(s) 'tutorial_objectstorage' retrieved from /home/airflow/.local/lib/python3.12/site-packages/airflow/example_dags/tutorial_objectstorage.py
[2026-01-29T05:51:20.589+0000] {logging_mixin.py:188} INFO - [2026-01-29T05:51:20.588+0000] {dag.py:3089} INFO - Sync 1 DAGs
[2026-01-29T05:51:20.601+0000] {logging_mixin.py:188} INFO - [2026-01-29T05:51:20.601+0000] {dag.py:3947} INFO - Setting next_dagrun for tutorial_objectstorage to None, run_after=None
[2026-01-29T05:51:20.620+0000] {processor.py:183} INFO - Processing /home/airflow/.local/lib/python3.12/site-packages/airflow/example_dags/tutorial_objectstorage.py took 0.065 seconds
[2026-01-29T05:51:51.433+0000] {processor.py:161} INFO - Started process (PID=105030) to work on /home/airflow/.local/lib/python3.12/site-packages/airflow/example_dags/tutorial_objectstorage.py
[2026-01-29T05:51:51.434+0000] {processor.py:830} INFO - Processing file /home/airflow/.local/lib/python3.12/site-packages/airflow/example_dags/tutorial_objectstorage.py for tasks to queue
[2026-01-29T05:51:51.436+0000] {logging_mixin.py:188} INFO - [2026-01-29T05:51:51.436+0000] {dagbag.py:545} INFO - Filling up the DagBag from /home/airflow/.local/lib/python3.12/site-packages/airflow/example_dags/tutorial_objectstorage.py
[2026-01-29T05:51:51.443+0000] {processor.py:840} INFO - DAG(s) 'tutorial_objectstorage' retrieved from /home/airflow/.local/lib/python3.12/site-packages/airflow/example_dags/tutorial_objectstorage.py
[2026-01-29T05:51:51.462+0000] {logging_mixin.py:188} INFO - [2026-01-29T05:51:51.462+0000] {dag.py:3089} INFO - Sync 1 DAGs
[2026-01-29T05:51:51.479+0000] {logging_mixin.py:188} INFO - [2026-01-29T05:51:51.479+0000] {dag.py:3947} INFO - Setting next_dagrun for tutorial_objectstorage to None, run_after=None
[2026-01-29T05:51:51.504+0000] {processor.py:183} INFO - Processing /home/airflow/.local/lib/python3.12/site-packages/airflow/example_dags/tutorial_objectstorage.py took 0.076 seconds
[2026-01-29T05:52:22.138+0000] {processor.py:161} INFO - Started process (PID=105094) to work on /home/airflow/.local/lib/python3.12/site-packages/airflow/example_dags/tutorial_objectstorage.py
[2026-01-29T05:52:22.139+0000] {processor.py:830} INFO - Processing file /home/airflow/.local/lib/python3.12/site-packages/airflow/example_dags/tutorial_objectstorage.py for tasks to queue
[2026-01-29T05:52:22.140+0000] {logging_mixin.py:188} INFO - [2026-01-29T05:52:22.140+0000] {dagbag.py:545} INFO - Filling up the DagBag from /home/airflow/.local/lib/python3.12/site-packages/airflow/example_dags/tutorial_objectstorage.py
[2026-01-29T05:52:22.148+0000] {processor.py:840} INFO - DAG(s) 'tutorial_objectstorage' retrieved from /home/airflow/.local/lib/python3.12/site-packages/airflow/example_dags/tutorial_objectstorage.py
[2026-01-29T05:52:22.166+0000] {logging_mixin.py:188} INFO - [2026-01-29T05:52:22.165+0000] {dag.py:3089} INFO - Sync 1 DAGs
[2026-01-29T05:52:22.179+0000] {logging_mixin.py:188} INFO - [2026-01-29T05:52:22.179+0000] {dag.py:3947} INFO - Setting next_dagrun for tutorial_objectstorage to None, run_after=None
[2026-01-29T05:52:22.199+0000] {processor.py:183} INFO - Processing /home/airflow/.local/lib/python3.12/site-packages/airflow/example_dags/tutorial_objectstorage.py took 0.067 seconds
[2026-01-29T05:52:52.864+0000] {processor.py:161} INFO - Started process (PID=105153) to work on /home/airflow/.local/lib/python3.12/site-packages/airflow/example_dags/tutorial_objectstorage.py
[2026-01-29T05:52:52.865+0000] {processor.py:830} INFO - Processing file /home/airflow/.local/lib/python3.12/site-packages/airflow/example_dags/tutorial_objectstorage.py for tasks to queue
[2026-01-29T05:52:52.867+0000] {logging_mixin.py:188} INFO - [2026-01-29T05:52:52.867+0000] {dagbag.py:545} INFO - Filling up the DagBag from /home/airflow/.local/lib/python3.12/site-packages/airflow/example_dags/tutorial_objectstorage.py
[2026-01-29T05:52:52.875+0000] {processor.py:840} INFO - DAG(s) 'tutorial_objectstorage' retrieved from /home/airflow/.local/lib/python3.12/site-packages/airflow/example_dags/tutorial_objectstorage.py
[2026-01-29T05:52:52.895+0000] {logging_mixin.py:188} INFO - [2026-01-29T05:52:52.895+0000] {dag.py:3089} INFO - Sync 1 DAGs
[2026-01-29T05:52:52.908+0000] {logging_mixin.py:188} INFO - [2026-01-29T05:52:52.908+0000] {dag.py:3947} INFO - Setting next_dagrun for tutorial_objectstorage to None, run_after=None
[2026-01-29T05:52:52.927+0000] {processor.py:183} INFO - Processing /home/airflow/.local/lib/python3.12/site-packages/airflow/example_dags/tutorial_objectstorage.py took 0.071 seconds
[2026-01-29T05:53:23.629+0000] {processor.py:161} INFO - Started process (PID=105217) to work on /home/airflow/.local/lib/python3.12/site-packages/airflow/example_dags/tutorial_objectstorage.py
[2026-01-29T05:53:23.630+0000] {processor.py:830} INFO - Processing file /home/airflow/.local/lib/python3.12/site-packages/airflow/example_dags/tutorial_objectstorage.py for tasks to queue
[2026-01-29T05:53:23.631+0000] {logging_mixin.py:188} INFO - [2026-01-29T05:53:23.631+0000] {dagbag.py:545} INFO - Filling up the DagBag from /home/airflow/.local/lib/python3.12/site-packages/airflow/example_dags/tutorial_objectstorage.py
[2026-01-29T05:53:23.638+0000] {processor.py:840} INFO - DAG(s) 'tutorial_objectstorage' retrieved from /home/airflow/.local/lib/python3.12/site-packages/airflow/example_dags/tutorial_objectstorage.py
[2026-01-29T05:53:23.658+0000] {logging_mixin.py:188} INFO - [2026-01-29T05:53:23.657+0000] {dag.py:3089} INFO - Sync 1 DAGs
[2026-01-29T05:53:23.671+0000] {logging_mixin.py:188} INFO - [2026-01-29T05:53:23.671+0000] {dag.py:3947} INFO - Setting next_dagrun for tutorial_objectstorage to None, run_after=None
[2026-01-29T05:53:23.690+0000] {processor.py:183} INFO - Processing /home/airflow/.local/lib/python3.12/site-packages/airflow/example_dags/tutorial_objectstorage.py took 0.066 seconds
[2026-01-29T05:53:54.409+0000] {processor.py:161} INFO - Started process (PID=105276) to work on /home/airflow/.local/lib/python3.12/site-packages/airflow/example_dags/tutorial_objectstorage.py
[2026-01-29T05:53:54.410+0000] {processor.py:830} INFO - Processing file /home/airflow/.local/lib/python3.12/site-packages/airflow/example_dags/tutorial_objectstorage.py for tasks to queue
[2026-01-29T05:53:54.411+0000] {logging_mixin.py:188} INFO - [2026-01-29T05:53:54.411+0000] {dagbag.py:545} INFO - Filling up the DagBag from /home/airflow/.local/lib/python3.12/site-packages/airflow/example_dags/tutorial_objectstorage.py
[2026-01-29T05:53:54.418+0000] {processor.py:840} INFO - DAG(s) 'tutorial_objectstorage' retrieved from /home/airflow/.local/lib/python3.12/site-packages/airflow/example_dags/tutorial_objectstorage.py
[2026-01-29T05:53:54.437+0000] {logging_mixin.py:188} INFO - [2026-01-29T05:53:54.436+0000] {dag.py:3089} INFO - Sync 1 DAGs
[2026-01-29T05:53:54.450+0000] {logging_mixin.py:188} INFO - [2026-01-29T05:53:54.450+0000] {dag.py:3947} INFO - Setting next_dagrun for tutorial_objectstorage to None, run_after=None
[2026-01-29T05:53:54.469+0000] {processor.py:183} INFO - Processing /home/airflow/.local/lib/python3.12/site-packages/airflow/example_dags/tutorial_objectstorage.py took 0.066 seconds
[2026-01-29T05:54:24.855+0000] {processor.py:161} INFO - Started process (PID=105340) to work on /home/airflow/.local/lib/python3.12/site-packages/airflow/example_dags/tutorial_objectstorage.py
[2026-01-29T05:54:24.856+0000] {processor.py:830} INFO - Processing file /home/airflow/.local/lib/python3.12/site-packages/airflow/example_dags/tutorial_objectstorage.py for tasks to queue
[2026-01-29T05:54:24.857+0000] {logging_mixin.py:188} INFO - [2026-01-29T05:54:24.857+0000] {dagbag.py:545} INFO - Filling up the DagBag from /home/airflow/.local/lib/python3.12/site-packages/airflow/example_dags/tutorial_objectstorage.py
[2026-01-29T05:54:24.865+0000] {processor.py:840} INFO - DAG(s) 'tutorial_objectstorage' retrieved from /home/airflow/.local/lib/python3.12/site-packages/airflow/example_dags/tutorial_objectstorage.py
[2026-01-29T05:54:24.891+0000] {logging_mixin.py:188} INFO - [2026-01-29T05:54:24.890+0000] {dag.py:3089} INFO - Sync 1 DAGs
[2026-01-29T05:54:24.909+0000] {logging_mixin.py:188} INFO - [2026-01-29T05:54:24.909+0000] {dag.py:3947} INFO - Setting next_dagrun for tutorial_objectstorage to None, run_after=None
[2026-01-29T05:54:24.931+0000] {processor.py:183} INFO - Processing /home/airflow/.local/lib/python3.12/site-packages/airflow/example_dags/tutorial_objectstorage.py took 0.083 seconds
[2026-01-29T05:54:55.186+0000] {processor.py:161} INFO - Started process (PID=105399) to work on /home/airflow/.local/lib/python3.12/site-packages/airflow/example_dags/tutorial_objectstorage.py
[2026-01-29T05:54:55.187+0000] {processor.py:830} INFO - Processing file /home/airflow/.local/lib/python3.12/site-packages/airflow/example_dags/tutorial_objectstorage.py for tasks to queue
[2026-01-29T05:54:55.189+0000] {logging_mixin.py:188} INFO - [2026-01-29T05:54:55.189+0000] {dagbag.py:545} INFO - Filling up the DagBag from /home/airflow/.local/lib/python3.12/site-packages/airflow/example_dags/tutorial_objectstorage.py
[2026-01-29T05:54:55.196+0000] {processor.py:840} INFO - DAG(s) 'tutorial_objectstorage' retrieved from /home/airflow/.local/lib/python3.12/site-packages/airflow/example_dags/tutorial_objectstorage.py
[2026-01-29T05:54:55.215+0000] {logging_mixin.py:188} INFO - [2026-01-29T05:54:55.214+0000] {dag.py:3089} INFO - Sync 1 DAGs
[2026-01-29T05:54:55.228+0000] {logging_mixin.py:188} INFO - [2026-01-29T05:54:55.228+0000] {dag.py:3947} INFO - Setting next_dagrun for tutorial_objectstorage to None, run_after=None
[2026-01-29T05:54:55.247+0000] {processor.py:183} INFO - Processing /home/airflow/.local/lib/python3.12/site-packages/airflow/example_dags/tutorial_objectstorage.py took 0.067 seconds
[2026-01-29T05:55:25.492+0000] {processor.py:161} INFO - Started process (PID=105463) to work on /home/airflow/.local/lib/python3.12/site-packages/airflow/example_dags/tutorial_objectstorage.py
[2026-01-29T05:55:25.493+0000] {processor.py:830} INFO - Processing file /home/airflow/.local/lib/python3.12/site-packages/airflow/example_dags/tutorial_objectstorage.py for tasks to queue
[2026-01-29T05:55:25.494+0000] {logging_mixin.py:188} INFO - [2026-01-29T05:55:25.494+0000] {dagbag.py:545} INFO - Filling up the DagBag from /home/airflow/.local/lib/python3.12/site-packages/airflow/example_dags/tutorial_objectstorage.py
[2026-01-29T05:55:25.501+0000] {processor.py:840} INFO - DAG(s) 'tutorial_objectstorage' retrieved from /home/airflow/.local/lib/python3.12/site-packages/airflow/example_dags/tutorial_objectstorage.py
[2026-01-29T05:55:25.519+0000] {logging_mixin.py:188} INFO - [2026-01-29T05:55:25.519+0000] {dag.py:3089} INFO - Sync 1 DAGs
[2026-01-29T05:55:25.532+0000] {logging_mixin.py:188} INFO - [2026-01-29T05:55:25.532+0000] {dag.py:3947} INFO - Setting next_dagrun for tutorial_objectstorage to None, run_after=None
[2026-01-29T05:55:25.552+0000] {processor.py:183} INFO - Processing /home/airflow/.local/lib/python3.12/site-packages/airflow/example_dags/tutorial_objectstorage.py took 0.066 seconds
[2026-01-29T05:55:55.790+0000] {processor.py:161} INFO - Started process (PID=105522) to work on /home/airflow/.local/lib/python3.12/site-packages/airflow/example_dags/tutorial_objectstorage.py
[2026-01-29T05:55:55.791+0000] {processor.py:830} INFO - Processing file /home/airflow/.local/lib/python3.12/site-packages/airflow/example_dags/tutorial_objectstorage.py for tasks to queue
[2026-01-29T05:55:55.793+0000] {logging_mixin.py:188} INFO - [2026-01-29T05:55:55.793+0000] {dagbag.py:545} INFO - Filling up the DagBag from /home/airflow/.local/lib/python3.12/site-packages/airflow/example_dags/tutorial_objectstorage.py
[2026-01-29T05:55:55.801+0000] {processor.py:840} INFO - DAG(s) 'tutorial_objectstorage' retrieved from /home/airflow/.local/lib/python3.12/site-packages/airflow/example_dags/tutorial_objectstorage.py
[2026-01-29T05:55:55.819+0000] {logging_mixin.py:188} INFO - [2026-01-29T05:55:55.819+0000] {dag.py:3089} INFO - Sync 1 DAGs
[2026-01-29T05:55:55.833+0000] {logging_mixin.py:188} INFO - [2026-01-29T05:55:55.833+0000] {dag.py:3947} INFO - Setting next_dagrun for tutorial_objectstorage to None, run_after=None
[2026-01-29T05:55:55.852+0000] {processor.py:183} INFO - Processing /home/airflow/.local/lib/python3.12/site-packages/airflow/example_dags/tutorial_objectstorage.py took 0.068 seconds
[2026-01-29T05:56:26.752+0000] {processor.py:161} INFO - Started process (PID=105586) to work on /home/airflow/.local/lib/python3.12/site-packages/airflow/example_dags/tutorial_objectstorage.py
[2026-01-29T05:56:26.753+0000] {processor.py:830} INFO - Processing file /home/airflow/.local/lib/python3.12/site-packages/airflow/example_dags/tutorial_objectstorage.py for tasks to queue
[2026-01-29T05:56:26.755+0000] {logging_mixin.py:188} INFO - [2026-01-29T05:56:26.754+0000] {dagbag.py:545} INFO - Filling up the DagBag from /home/airflow/.local/lib/python3.12/site-packages/airflow/example_dags/tutorial_objectstorage.py
[2026-01-29T05:56:26.763+0000] {processor.py:840} INFO - DAG(s) 'tutorial_objectstorage' retrieved from /home/airflow/.local/lib/python3.12/site-packages/airflow/example_dags/tutorial_objectstorage.py
[2026-01-29T05:56:26.785+0000] {logging_mixin.py:188} INFO - [2026-01-29T05:56:26.784+0000] {dag.py:3089} INFO - Sync 1 DAGs
[2026-01-29T05:56:26.798+0000] {logging_mixin.py:188} INFO - [2026-01-29T05:56:26.798+0000] {dag.py:3947} INFO - Setting next_dagrun for tutorial_objectstorage to None, run_after=None
[2026-01-29T05:56:26.817+0000] {processor.py:183} INFO - Processing /home/airflow/.local/lib/python3.12/site-packages/airflow/example_dags/tutorial_objectstorage.py took 0.073 seconds
[2026-01-29T05:56:57.549+0000] {processor.py:161} INFO - Started process (PID=105645) to work on /home/airflow/.local/lib/python3.12/site-packages/airflow/example_dags/tutorial_objectstorage.py
[2026-01-29T05:56:57.550+0000] {processor.py:830} INFO - Processing file /home/airflow/.local/lib/python3.12/site-packages/airflow/example_dags/tutorial_objectstorage.py for tasks to queue
[2026-01-29T05:56:57.552+0000] {logging_mixin.py:188} INFO - [2026-01-29T05:56:57.551+0000] {dagbag.py:545} INFO - Filling up the DagBag from /home/airflow/.local/lib/python3.12/site-packages/airflow/example_dags/tutorial_objectstorage.py
[2026-01-29T05:56:57.559+0000] {processor.py:840} INFO - DAG(s) 'tutorial_objectstorage' retrieved from /home/airflow/.local/lib/python3.12/site-packages/airflow/example_dags/tutorial_objectstorage.py
[2026-01-29T05:56:57.580+0000] {logging_mixin.py:188} INFO - [2026-01-29T05:56:57.580+0000] {dag.py:3089} INFO - Sync 1 DAGs
[2026-01-29T05:56:57.596+0000] {logging_mixin.py:188} INFO - [2026-01-29T05:56:57.596+0000] {dag.py:3947} INFO - Setting next_dagrun for tutorial_objectstorage to None, run_after=None
[2026-01-29T05:56:57.622+0000] {processor.py:183} INFO - Processing /home/airflow/.local/lib/python3.12/site-packages/airflow/example_dags/tutorial_objectstorage.py took 0.079 seconds
[2026-01-29T05:57:28.206+0000] {processor.py:161} INFO - Started process (PID=105715) to work on /home/airflow/.local/lib/python3.12/site-packages/airflow/example_dags/tutorial_objectstorage.py
[2026-01-29T05:57:28.207+0000] {processor.py:830} INFO - Processing file /home/airflow/.local/lib/python3.12/site-packages/airflow/example_dags/tutorial_objectstorage.py for tasks to queue
[2026-01-29T05:57:28.209+0000] {logging_mixin.py:188} INFO - [2026-01-29T05:57:28.209+0000] {dagbag.py:545} INFO - Filling up the DagBag from /home/airflow/.local/lib/python3.12/site-packages/airflow/example_dags/tutorial_objectstorage.py
[2026-01-29T05:57:28.216+0000] {processor.py:840} INFO - DAG(s) 'tutorial_objectstorage' retrieved from /home/airflow/.local/lib/python3.12/site-packages/airflow/example_dags/tutorial_objectstorage.py
[2026-01-29T05:57:28.235+0000] {logging_mixin.py:188} INFO - [2026-01-29T05:57:28.235+0000] {dag.py:3089} INFO - Sync 1 DAGs
[2026-01-29T05:57:28.249+0000] {logging_mixin.py:188} INFO - [2026-01-29T05:57:28.248+0000] {dag.py:3947} INFO - Setting next_dagrun for tutorial_objectstorage to None, run_after=None
[2026-01-29T05:57:28.269+0000] {processor.py:183} INFO - Processing /home/airflow/.local/lib/python3.12/site-packages/airflow/example_dags/tutorial_objectstorage.py took 0.069 seconds
[2026-01-29T05:57:59.042+0000] {processor.py:161} INFO - Started process (PID=105774) to work on /home/airflow/.local/lib/python3.12/site-packages/airflow/example_dags/tutorial_objectstorage.py
[2026-01-29T05:57:59.043+0000] {processor.py:830} INFO - Processing file /home/airflow/.local/lib/python3.12/site-packages/airflow/example_dags/tutorial_objectstorage.py for tasks to queue
[2026-01-29T05:57:59.044+0000] {logging_mixin.py:188} INFO - [2026-01-29T05:57:59.044+0000] {dagbag.py:545} INFO - Filling up the DagBag from /home/airflow/.local/lib/python3.12/site-packages/airflow/example_dags/tutorial_objectstorage.py
[2026-01-29T05:57:59.051+0000] {processor.py:840} INFO - DAG(s) 'tutorial_objectstorage' retrieved from /home/airflow/.local/lib/python3.12/site-packages/airflow/example_dags/tutorial_objectstorage.py
[2026-01-29T05:57:59.070+0000] {logging_mixin.py:188} INFO - [2026-01-29T05:57:59.070+0000] {dag.py:3089} INFO - Sync 1 DAGs
[2026-01-29T05:57:59.084+0000] {logging_mixin.py:188} INFO - [2026-01-29T05:57:59.084+0000] {dag.py:3947} INFO - Setting next_dagrun for tutorial_objectstorage to None, run_after=None
[2026-01-29T05:57:59.103+0000] {processor.py:183} INFO - Processing /home/airflow/.local/lib/python3.12/site-packages/airflow/example_dags/tutorial_objectstorage.py took 0.067 seconds
[2026-01-29T05:58:29.760+0000] {processor.py:161} INFO - Started process (PID=105838) to work on /home/airflow/.local/lib/python3.12/site-packages/airflow/example_dags/tutorial_objectstorage.py
[2026-01-29T05:58:29.761+0000] {processor.py:830} INFO - Processing file /home/airflow/.local/lib/python3.12/site-packages/airflow/example_dags/tutorial_objectstorage.py for tasks to queue
[2026-01-29T05:58:29.762+0000] {logging_mixin.py:188} INFO - [2026-01-29T05:58:29.762+0000] {dagbag.py:545} INFO - Filling up the DagBag from /home/airflow/.local/lib/python3.12/site-packages/airflow/example_dags/tutorial_objectstorage.py
[2026-01-29T05:58:29.770+0000] {processor.py:840} INFO - DAG(s) 'tutorial_objectstorage' retrieved from /home/airflow/.local/lib/python3.12/site-packages/airflow/example_dags/tutorial_objectstorage.py
[2026-01-29T05:58:29.789+0000] {logging_mixin.py:188} INFO - [2026-01-29T05:58:29.788+0000] {dag.py:3089} INFO - Sync 1 DAGs
[2026-01-29T05:58:29.803+0000] {logging_mixin.py:188} INFO - [2026-01-29T05:58:29.803+0000] {dag.py:3947} INFO - Setting next_dagrun for tutorial_objectstorage to None, run_after=None
[2026-01-29T05:58:29.822+0000] {processor.py:183} INFO - Processing /home/airflow/.local/lib/python3.12/site-packages/airflow/example_dags/tutorial_objectstorage.py took 0.069 seconds
[2026-01-29T05:59:00.370+0000] {processor.py:161} INFO - Started process (PID=105897) to work on /home/airflow/.local/lib/python3.12/site-packages/airflow/example_dags/tutorial_objectstorage.py
[2026-01-29T05:59:00.371+0000] {processor.py:830} INFO - Processing file /home/airflow/.local/lib/python3.12/site-packages/airflow/example_dags/tutorial_objectstorage.py for tasks to queue
[2026-01-29T05:59:00.373+0000] {logging_mixin.py:188} INFO - [2026-01-29T05:59:00.372+0000] {dagbag.py:545} INFO - Filling up the DagBag from /home/airflow/.local/lib/python3.12/site-packages/airflow/example_dags/tutorial_objectstorage.py
[2026-01-29T05:59:00.380+0000] {processor.py:840} INFO - DAG(s) 'tutorial_objectstorage' retrieved from /home/airflow/.local/lib/python3.12/site-packages/airflow/example_dags/tutorial_objectstorage.py
[2026-01-29T05:59:00.398+0000] {logging_mixin.py:188} INFO - [2026-01-29T05:59:00.398+0000] {dag.py:3089} INFO - Sync 1 DAGs
[2026-01-29T05:59:00.412+0000] {logging_mixin.py:188} INFO - [2026-01-29T05:59:00.412+0000] {dag.py:3947} INFO - Setting next_dagrun for tutorial_objectstorage to None, run_after=None
[2026-01-29T05:59:00.430+0000] {processor.py:183} INFO - Processing /home/airflow/.local/lib/python3.12/site-packages/airflow/example_dags/tutorial_objectstorage.py took 0.067 seconds
[2026-01-29T05:59:31.122+0000] {processor.py:161} INFO - Started process (PID=105961) to work on /home/airflow/.local/lib/python3.12/site-packages/airflow/example_dags/tutorial_objectstorage.py
[2026-01-29T05:59:31.123+0000] {processor.py:830} INFO - Processing file /home/airflow/.local/lib/python3.12/site-packages/airflow/example_dags/tutorial_objectstorage.py for tasks to queue
[2026-01-29T05:59:31.126+0000] {logging_mixin.py:188} INFO - [2026-01-29T05:59:31.125+0000] {dagbag.py:545} INFO - Filling up the DagBag from /home/airflow/.local/lib/python3.12/site-packages/airflow/example_dags/tutorial_objectstorage.py
[2026-01-29T05:59:31.136+0000] {processor.py:840} INFO - DAG(s) 'tutorial_objectstorage' retrieved from /home/airflow/.local/lib/python3.12/site-packages/airflow/example_dags/tutorial_objectstorage.py
[2026-01-29T05:59:31.156+0000] {logging_mixin.py:188} INFO - [2026-01-29T05:59:31.155+0000] {dag.py:3089} INFO - Sync 1 DAGs
[2026-01-29T05:59:31.170+0000] {logging_mixin.py:188} INFO - [2026-01-29T05:59:31.170+0000] {dag.py:3947} INFO - Setting next_dagrun for tutorial_objectstorage to None, run_after=None
[2026-01-29T05:59:31.189+0000] {processor.py:183} INFO - Processing /home/airflow/.local/lib/python3.12/site-packages/airflow/example_dags/tutorial_objectstorage.py took 0.077 seconds
[2026-01-29T06:00:01.774+0000] {processor.py:161} INFO - Started process (PID=106025) to work on /home/airflow/.local/lib/python3.12/site-packages/airflow/example_dags/tutorial_objectstorage.py
[2026-01-29T06:00:01.775+0000] {processor.py:830} INFO - Processing file /home/airflow/.local/lib/python3.12/site-packages/airflow/example_dags/tutorial_objectstorage.py for tasks to queue
[2026-01-29T06:00:01.778+0000] {logging_mixin.py:188} INFO - [2026-01-29T06:00:01.777+0000] {dagbag.py:545} INFO - Filling up the DagBag from /home/airflow/.local/lib/python3.12/site-packages/airflow/example_dags/tutorial_objectstorage.py
[2026-01-29T06:00:01.788+0000] {processor.py:840} INFO - DAG(s) 'tutorial_objectstorage' retrieved from /home/airflow/.local/lib/python3.12/site-packages/airflow/example_dags/tutorial_objectstorage.py
[2026-01-29T06:00:01.815+0000] {logging_mixin.py:188} INFO - [2026-01-29T06:00:01.815+0000] {dag.py:3089} INFO - Sync 1 DAGs
[2026-01-29T06:00:01.837+0000] {logging_mixin.py:188} INFO - [2026-01-29T06:00:01.836+0000] {dag.py:3947} INFO - Setting next_dagrun for tutorial_objectstorage to None, run_after=None
[2026-01-29T06:00:01.866+0000] {processor.py:183} INFO - Processing /home/airflow/.local/lib/python3.12/site-packages/airflow/example_dags/tutorial_objectstorage.py took 0.099 seconds
[2026-01-29T06:00:32.460+0000] {processor.py:161} INFO - Started process (PID=106084) to work on /home/airflow/.local/lib/python3.12/site-packages/airflow/example_dags/tutorial_objectstorage.py
[2026-01-29T06:00:32.461+0000] {processor.py:830} INFO - Processing file /home/airflow/.local/lib/python3.12/site-packages/airflow/example_dags/tutorial_objectstorage.py for tasks to queue
[2026-01-29T06:00:32.462+0000] {logging_mixin.py:188} INFO - [2026-01-29T06:00:32.462+0000] {dagbag.py:545} INFO - Filling up the DagBag from /home/airflow/.local/lib/python3.12/site-packages/airflow/example_dags/tutorial_objectstorage.py
[2026-01-29T06:00:32.469+0000] {processor.py:840} INFO - DAG(s) 'tutorial_objectstorage' retrieved from /home/airflow/.local/lib/python3.12/site-packages/airflow/example_dags/tutorial_objectstorage.py
[2026-01-29T06:00:32.489+0000] {logging_mixin.py:188} INFO - [2026-01-29T06:00:32.488+0000] {dag.py:3089} INFO - Sync 1 DAGs
[2026-01-29T06:00:32.504+0000] {logging_mixin.py:188} INFO - [2026-01-29T06:00:32.503+0000] {dag.py:3947} INFO - Setting next_dagrun for tutorial_objectstorage to None, run_after=None
[2026-01-29T06:00:32.524+0000] {processor.py:183} INFO - Processing /home/airflow/.local/lib/python3.12/site-packages/airflow/example_dags/tutorial_objectstorage.py took 0.071 seconds
[2026-01-29T06:01:03.318+0000] {processor.py:161} INFO - Started process (PID=106148) to work on /home/airflow/.local/lib/python3.12/site-packages/airflow/example_dags/tutorial_objectstorage.py
[2026-01-29T06:01:03.319+0000] {processor.py:830} INFO - Processing file /home/airflow/.local/lib/python3.12/site-packages/airflow/example_dags/tutorial_objectstorage.py for tasks to queue
[2026-01-29T06:01:03.321+0000] {logging_mixin.py:188} INFO - [2026-01-29T06:01:03.320+0000] {dagbag.py:545} INFO - Filling up the DagBag from /home/airflow/.local/lib/python3.12/site-packages/airflow/example_dags/tutorial_objectstorage.py
[2026-01-29T06:01:03.328+0000] {processor.py:840} INFO - DAG(s) 'tutorial_objectstorage' retrieved from /home/airflow/.local/lib/python3.12/site-packages/airflow/example_dags/tutorial_objectstorage.py
[2026-01-29T06:01:03.348+0000] {logging_mixin.py:188} INFO - [2026-01-29T06:01:03.347+0000] {dag.py:3089} INFO - Sync 1 DAGs
[2026-01-29T06:01:03.362+0000] {logging_mixin.py:188} INFO - [2026-01-29T06:01:03.362+0000] {dag.py:3947} INFO - Setting next_dagrun for tutorial_objectstorage to None, run_after=None
[2026-01-29T06:01:03.381+0000] {processor.py:183} INFO - Processing /home/airflow/.local/lib/python3.12/site-packages/airflow/example_dags/tutorial_objectstorage.py took 0.070 seconds
[2026-01-29T06:01:33.456+0000] {processor.py:161} INFO - Started process (PID=106207) to work on /home/airflow/.local/lib/python3.12/site-packages/airflow/example_dags/tutorial_objectstorage.py
[2026-01-29T06:01:33.457+0000] {processor.py:830} INFO - Processing file /home/airflow/.local/lib/python3.12/site-packages/airflow/example_dags/tutorial_objectstorage.py for tasks to queue
[2026-01-29T06:01:33.458+0000] {logging_mixin.py:188} INFO - [2026-01-29T06:01:33.458+0000] {dagbag.py:545} INFO - Filling up the DagBag from /home/airflow/.local/lib/python3.12/site-packages/airflow/example_dags/tutorial_objectstorage.py
[2026-01-29T06:01:33.466+0000] {processor.py:840} INFO - DAG(s) 'tutorial_objectstorage' retrieved from /home/airflow/.local/lib/python3.12/site-packages/airflow/example_dags/tutorial_objectstorage.py
[2026-01-29T06:01:33.485+0000] {logging_mixin.py:188} INFO - [2026-01-29T06:01:33.485+0000] {dag.py:3089} INFO - Sync 1 DAGs
[2026-01-29T06:01:33.499+0000] {logging_mixin.py:188} INFO - [2026-01-29T06:01:33.499+0000] {dag.py:3947} INFO - Setting next_dagrun for tutorial_objectstorage to None, run_after=None
[2026-01-29T06:01:33.518+0000] {processor.py:183} INFO - Processing /home/airflow/.local/lib/python3.12/site-packages/airflow/example_dags/tutorial_objectstorage.py took 0.068 seconds
[2026-01-29T06:02:03.566+0000] {processor.py:161} INFO - Started process (PID=106270) to work on /home/airflow/.local/lib/python3.12/site-packages/airflow/example_dags/tutorial_objectstorage.py
[2026-01-29T06:02:03.567+0000] {processor.py:830} INFO - Processing file /home/airflow/.local/lib/python3.12/site-packages/airflow/example_dags/tutorial_objectstorage.py for tasks to queue
[2026-01-29T06:02:03.568+0000] {logging_mixin.py:188} INFO - [2026-01-29T06:02:03.568+0000] {dagbag.py:545} INFO - Filling up the DagBag from /home/airflow/.local/lib/python3.12/site-packages/airflow/example_dags/tutorial_objectstorage.py
[2026-01-29T06:02:03.575+0000] {processor.py:840} INFO - DAG(s) 'tutorial_objectstorage' retrieved from /home/airflow/.local/lib/python3.12/site-packages/airflow/example_dags/tutorial_objectstorage.py
[2026-01-29T06:02:03.599+0000] {logging_mixin.py:188} INFO - [2026-01-29T06:02:03.598+0000] {dag.py:3089} INFO - Sync 1 DAGs
[2026-01-29T06:02:03.618+0000] {logging_mixin.py:188} INFO - [2026-01-29T06:02:03.617+0000] {dag.py:3947} INFO - Setting next_dagrun for tutorial_objectstorage to None, run_after=None
[2026-01-29T06:02:03.640+0000] {processor.py:183} INFO - Processing /home/airflow/.local/lib/python3.12/site-packages/airflow/example_dags/tutorial_objectstorage.py took 0.080 seconds
[2026-01-29T06:02:33.847+0000] {processor.py:161} INFO - Started process (PID=106329) to work on /home/airflow/.local/lib/python3.12/site-packages/airflow/example_dags/tutorial_objectstorage.py
[2026-01-29T06:02:33.849+0000] {processor.py:830} INFO - Processing file /home/airflow/.local/lib/python3.12/site-packages/airflow/example_dags/tutorial_objectstorage.py for tasks to queue
[2026-01-29T06:02:33.851+0000] {logging_mixin.py:188} INFO - [2026-01-29T06:02:33.850+0000] {dagbag.py:545} INFO - Filling up the DagBag from /home/airflow/.local/lib/python3.12/site-packages/airflow/example_dags/tutorial_objectstorage.py
[2026-01-29T06:02:33.859+0000] {processor.py:840} INFO - DAG(s) 'tutorial_objectstorage' retrieved from /home/airflow/.local/lib/python3.12/site-packages/airflow/example_dags/tutorial_objectstorage.py
[2026-01-29T06:02:33.878+0000] {logging_mixin.py:188} INFO - [2026-01-29T06:02:33.878+0000] {dag.py:3089} INFO - Sync 1 DAGs
[2026-01-29T06:02:33.891+0000] {logging_mixin.py:188} INFO - [2026-01-29T06:02:33.891+0000] {dag.py:3947} INFO - Setting next_dagrun for tutorial_objectstorage to None, run_after=None
[2026-01-29T06:02:33.911+0000] {processor.py:183} INFO - Processing /home/airflow/.local/lib/python3.12/site-packages/airflow/example_dags/tutorial_objectstorage.py took 0.072 seconds
[2026-01-29T06:03:03.997+0000] {processor.py:161} INFO - Started process (PID=106393) to work on /home/airflow/.local/lib/python3.12/site-packages/airflow/example_dags/tutorial_objectstorage.py
[2026-01-29T06:03:03.998+0000] {processor.py:830} INFO - Processing file /home/airflow/.local/lib/python3.12/site-packages/airflow/example_dags/tutorial_objectstorage.py for tasks to queue
[2026-01-29T06:03:04.000+0000] {logging_mixin.py:188} INFO - [2026-01-29T06:03:03.999+0000] {dagbag.py:545} INFO - Filling up the DagBag from /home/airflow/.local/lib/python3.12/site-packages/airflow/example_dags/tutorial_objectstorage.py
[2026-01-29T06:03:04.006+0000] {processor.py:840} INFO - DAG(s) 'tutorial_objectstorage' retrieved from /home/airflow/.local/lib/python3.12/site-packages/airflow/example_dags/tutorial_objectstorage.py
[2026-01-29T06:03:04.025+0000] {logging_mixin.py:188} INFO - [2026-01-29T06:03:04.024+0000] {dag.py:3089} INFO - Sync 1 DAGs
[2026-01-29T06:03:04.039+0000] {logging_mixin.py:188} INFO - [2026-01-29T06:03:04.039+0000] {dag.py:3947} INFO - Setting next_dagrun for tutorial_objectstorage to None, run_after=None
[2026-01-29T06:03:04.060+0000] {processor.py:183} INFO - Processing /home/airflow/.local/lib/python3.12/site-packages/airflow/example_dags/tutorial_objectstorage.py took 0.069 seconds
[2026-01-29T06:03:34.526+0000] {processor.py:161} INFO - Started process (PID=106452) to work on /home/airflow/.local/lib/python3.12/site-packages/airflow/example_dags/tutorial_objectstorage.py
[2026-01-29T06:03:34.527+0000] {processor.py:830} INFO - Processing file /home/airflow/.local/lib/python3.12/site-packages/airflow/example_dags/tutorial_objectstorage.py for tasks to queue
[2026-01-29T06:03:34.529+0000] {logging_mixin.py:188} INFO - [2026-01-29T06:03:34.529+0000] {dagbag.py:545} INFO - Filling up the DagBag from /home/airflow/.local/lib/python3.12/site-packages/airflow/example_dags/tutorial_objectstorage.py
[2026-01-29T06:03:34.536+0000] {processor.py:840} INFO - DAG(s) 'tutorial_objectstorage' retrieved from /home/airflow/.local/lib/python3.12/site-packages/airflow/example_dags/tutorial_objectstorage.py
[2026-01-29T06:03:34.556+0000] {logging_mixin.py:188} INFO - [2026-01-29T06:03:34.556+0000] {dag.py:3089} INFO - Sync 1 DAGs
[2026-01-29T06:03:34.570+0000] {logging_mixin.py:188} INFO - [2026-01-29T06:03:34.570+0000] {dag.py:3947} INFO - Setting next_dagrun for tutorial_objectstorage to None, run_after=None
[2026-01-29T06:03:34.589+0000] {processor.py:183} INFO - Processing /home/airflow/.local/lib/python3.12/site-packages/airflow/example_dags/tutorial_objectstorage.py took 0.070 seconds
[2026-01-29T06:04:05.293+0000] {processor.py:161} INFO - Started process (PID=106516) to work on /home/airflow/.local/lib/python3.12/site-packages/airflow/example_dags/tutorial_objectstorage.py
[2026-01-29T06:04:05.294+0000] {processor.py:830} INFO - Processing file /home/airflow/.local/lib/python3.12/site-packages/airflow/example_dags/tutorial_objectstorage.py for tasks to queue
[2026-01-29T06:04:05.296+0000] {logging_mixin.py:188} INFO - [2026-01-29T06:04:05.295+0000] {dagbag.py:545} INFO - Filling up the DagBag from /home/airflow/.local/lib/python3.12/site-packages/airflow/example_dags/tutorial_objectstorage.py
[2026-01-29T06:04:05.303+0000] {processor.py:840} INFO - DAG(s) 'tutorial_objectstorage' retrieved from /home/airflow/.local/lib/python3.12/site-packages/airflow/example_dags/tutorial_objectstorage.py
[2026-01-29T06:04:05.323+0000] {logging_mixin.py:188} INFO - [2026-01-29T06:04:05.323+0000] {dag.py:3089} INFO - Sync 1 DAGs
[2026-01-29T06:04:05.336+0000] {logging_mixin.py:188} INFO - [2026-01-29T06:04:05.336+0000] {dag.py:3947} INFO - Setting next_dagrun for tutorial_objectstorage to None, run_after=None
[2026-01-29T06:04:05.356+0000] {processor.py:183} INFO - Processing /home/airflow/.local/lib/python3.12/site-packages/airflow/example_dags/tutorial_objectstorage.py took 0.070 seconds
[2026-01-29T06:04:35.896+0000] {processor.py:161} INFO - Started process (PID=106575) to work on /home/airflow/.local/lib/python3.12/site-packages/airflow/example_dags/tutorial_objectstorage.py
[2026-01-29T06:04:35.897+0000] {processor.py:830} INFO - Processing file /home/airflow/.local/lib/python3.12/site-packages/airflow/example_dags/tutorial_objectstorage.py for tasks to queue
[2026-01-29T06:04:35.899+0000] {logging_mixin.py:188} INFO - [2026-01-29T06:04:35.899+0000] {dagbag.py:545} INFO - Filling up the DagBag from /home/airflow/.local/lib/python3.12/site-packages/airflow/example_dags/tutorial_objectstorage.py
[2026-01-29T06:04:35.907+0000] {processor.py:840} INFO - DAG(s) 'tutorial_objectstorage' retrieved from /home/airflow/.local/lib/python3.12/site-packages/airflow/example_dags/tutorial_objectstorage.py
[2026-01-29T06:04:35.926+0000] {logging_mixin.py:188} INFO - [2026-01-29T06:04:35.925+0000] {dag.py:3089} INFO - Sync 1 DAGs
[2026-01-29T06:04:35.939+0000] {logging_mixin.py:188} INFO - [2026-01-29T06:04:35.939+0000] {dag.py:3947} INFO - Setting next_dagrun for tutorial_objectstorage to None, run_after=None
[2026-01-29T06:04:35.959+0000] {processor.py:183} INFO - Processing /home/airflow/.local/lib/python3.12/site-packages/airflow/example_dags/tutorial_objectstorage.py took 0.069 seconds
[2026-01-29T06:05:06.593+0000] {processor.py:161} INFO - Started process (PID=106639) to work on /home/airflow/.local/lib/python3.12/site-packages/airflow/example_dags/tutorial_objectstorage.py
[2026-01-29T06:05:06.594+0000] {processor.py:830} INFO - Processing file /home/airflow/.local/lib/python3.12/site-packages/airflow/example_dags/tutorial_objectstorage.py for tasks to queue
[2026-01-29T06:05:06.595+0000] {logging_mixin.py:188} INFO - [2026-01-29T06:05:06.595+0000] {dagbag.py:545} INFO - Filling up the DagBag from /home/airflow/.local/lib/python3.12/site-packages/airflow/example_dags/tutorial_objectstorage.py
[2026-01-29T06:05:06.602+0000] {processor.py:840} INFO - DAG(s) 'tutorial_objectstorage' retrieved from /home/airflow/.local/lib/python3.12/site-packages/airflow/example_dags/tutorial_objectstorage.py
[2026-01-29T06:05:06.621+0000] {logging_mixin.py:188} INFO - [2026-01-29T06:05:06.621+0000] {dag.py:3089} INFO - Sync 1 DAGs
[2026-01-29T06:05:06.634+0000] {logging_mixin.py:188} INFO - [2026-01-29T06:05:06.634+0000] {dag.py:3947} INFO - Setting next_dagrun for tutorial_objectstorage to None, run_after=None
[2026-01-29T06:05:06.654+0000] {processor.py:183} INFO - Processing /home/airflow/.local/lib/python3.12/site-packages/airflow/example_dags/tutorial_objectstorage.py took 0.067 seconds
[2026-01-29T06:05:37.230+0000] {processor.py:161} INFO - Started process (PID=106698) to work on /home/airflow/.local/lib/python3.12/site-packages/airflow/example_dags/tutorial_objectstorage.py
[2026-01-29T06:05:37.231+0000] {processor.py:830} INFO - Processing file /home/airflow/.local/lib/python3.12/site-packages/airflow/example_dags/tutorial_objectstorage.py for tasks to queue
[2026-01-29T06:05:37.233+0000] {logging_mixin.py:188} INFO - [2026-01-29T06:05:37.232+0000] {dagbag.py:545} INFO - Filling up the DagBag from /home/airflow/.local/lib/python3.12/site-packages/airflow/example_dags/tutorial_objectstorage.py
[2026-01-29T06:05:37.240+0000] {processor.py:840} INFO - DAG(s) 'tutorial_objectstorage' retrieved from /home/airflow/.local/lib/python3.12/site-packages/airflow/example_dags/tutorial_objectstorage.py
[2026-01-29T06:05:37.259+0000] {logging_mixin.py:188} INFO - [2026-01-29T06:05:37.259+0000] {dag.py:3089} INFO - Sync 1 DAGs
[2026-01-29T06:05:37.273+0000] {logging_mixin.py:188} INFO - [2026-01-29T06:05:37.273+0000] {dag.py:3947} INFO - Setting next_dagrun for tutorial_objectstorage to None, run_after=None
[2026-01-29T06:05:37.294+0000] {processor.py:183} INFO - Processing /home/airflow/.local/lib/python3.12/site-packages/airflow/example_dags/tutorial_objectstorage.py took 0.070 seconds
[2026-01-29T06:06:07.819+0000] {processor.py:161} INFO - Started process (PID=106762) to work on /home/airflow/.local/lib/python3.12/site-packages/airflow/example_dags/tutorial_objectstorage.py
[2026-01-29T06:06:07.820+0000] {processor.py:830} INFO - Processing file /home/airflow/.local/lib/python3.12/site-packages/airflow/example_dags/tutorial_objectstorage.py for tasks to queue
[2026-01-29T06:06:07.822+0000] {logging_mixin.py:188} INFO - [2026-01-29T06:06:07.822+0000] {dagbag.py:545} INFO - Filling up the DagBag from /home/airflow/.local/lib/python3.12/site-packages/airflow/example_dags/tutorial_objectstorage.py
[2026-01-29T06:06:07.829+0000] {processor.py:840} INFO - DAG(s) 'tutorial_objectstorage' retrieved from /home/airflow/.local/lib/python3.12/site-packages/airflow/example_dags/tutorial_objectstorage.py
[2026-01-29T06:06:07.847+0000] {logging_mixin.py:188} INFO - [2026-01-29T06:06:07.847+0000] {dag.py:3089} INFO - Sync 1 DAGs
[2026-01-29T06:06:07.860+0000] {logging_mixin.py:188} INFO - [2026-01-29T06:06:07.860+0000] {dag.py:3947} INFO - Setting next_dagrun for tutorial_objectstorage to None, run_after=None
[2026-01-29T06:06:07.880+0000] {processor.py:183} INFO - Processing /home/airflow/.local/lib/python3.12/site-packages/airflow/example_dags/tutorial_objectstorage.py took 0.066 seconds
[2026-01-29T06:06:38.552+0000] {processor.py:161} INFO - Started process (PID=106821) to work on /home/airflow/.local/lib/python3.12/site-packages/airflow/example_dags/tutorial_objectstorage.py
[2026-01-29T06:06:38.553+0000] {processor.py:830} INFO - Processing file /home/airflow/.local/lib/python3.12/site-packages/airflow/example_dags/tutorial_objectstorage.py for tasks to queue
[2026-01-29T06:06:38.555+0000] {logging_mixin.py:188} INFO - [2026-01-29T06:06:38.554+0000] {dagbag.py:545} INFO - Filling up the DagBag from /home/airflow/.local/lib/python3.12/site-packages/airflow/example_dags/tutorial_objectstorage.py
[2026-01-29T06:06:38.561+0000] {processor.py:840} INFO - DAG(s) 'tutorial_objectstorage' retrieved from /home/airflow/.local/lib/python3.12/site-packages/airflow/example_dags/tutorial_objectstorage.py
[2026-01-29T06:06:38.580+0000] {logging_mixin.py:188} INFO - [2026-01-29T06:06:38.580+0000] {dag.py:3089} INFO - Sync 1 DAGs
[2026-01-29T06:06:38.593+0000] {logging_mixin.py:188} INFO - [2026-01-29T06:06:38.593+0000] {dag.py:3947} INFO - Setting next_dagrun for tutorial_objectstorage to None, run_after=None
[2026-01-29T06:06:38.612+0000] {processor.py:183} INFO - Processing /home/airflow/.local/lib/python3.12/site-packages/airflow/example_dags/tutorial_objectstorage.py took 0.066 seconds
[2026-01-29T06:07:09.283+0000] {processor.py:161} INFO - Started process (PID=106885) to work on /home/airflow/.local/lib/python3.12/site-packages/airflow/example_dags/tutorial_objectstorage.py
[2026-01-29T06:07:09.283+0000] {processor.py:830} INFO - Processing file /home/airflow/.local/lib/python3.12/site-packages/airflow/example_dags/tutorial_objectstorage.py for tasks to queue
[2026-01-29T06:07:09.285+0000] {logging_mixin.py:188} INFO - [2026-01-29T06:07:09.285+0000] {dagbag.py:545} INFO - Filling up the DagBag from /home/airflow/.local/lib/python3.12/site-packages/airflow/example_dags/tutorial_objectstorage.py
[2026-01-29T06:07:09.293+0000] {processor.py:840} INFO - DAG(s) 'tutorial_objectstorage' retrieved from /home/airflow/.local/lib/python3.12/site-packages/airflow/example_dags/tutorial_objectstorage.py
[2026-01-29T06:07:09.313+0000] {logging_mixin.py:188} INFO - [2026-01-29T06:07:09.313+0000] {dag.py:3089} INFO - Sync 1 DAGs
[2026-01-29T06:07:09.327+0000] {logging_mixin.py:188} INFO - [2026-01-29T06:07:09.327+0000] {dag.py:3947} INFO - Setting next_dagrun for tutorial_objectstorage to None, run_after=None
[2026-01-29T06:07:09.347+0000] {processor.py:183} INFO - Processing /home/airflow/.local/lib/python3.12/site-packages/airflow/example_dags/tutorial_objectstorage.py took 0.072 seconds
[2026-01-29T06:07:40.039+0000] {processor.py:161} INFO - Started process (PID=106944) to work on /home/airflow/.local/lib/python3.12/site-packages/airflow/example_dags/tutorial_objectstorage.py
[2026-01-29T06:07:40.040+0000] {processor.py:830} INFO - Processing file /home/airflow/.local/lib/python3.12/site-packages/airflow/example_dags/tutorial_objectstorage.py for tasks to queue
[2026-01-29T06:07:40.041+0000] {logging_mixin.py:188} INFO - [2026-01-29T06:07:40.041+0000] {dagbag.py:545} INFO - Filling up the DagBag from /home/airflow/.local/lib/python3.12/site-packages/airflow/example_dags/tutorial_objectstorage.py
[2026-01-29T06:07:40.048+0000] {processor.py:840} INFO - DAG(s) 'tutorial_objectstorage' retrieved from /home/airflow/.local/lib/python3.12/site-packages/airflow/example_dags/tutorial_objectstorage.py
[2026-01-29T06:07:40.066+0000] {logging_mixin.py:188} INFO - [2026-01-29T06:07:40.066+0000] {dag.py:3089} INFO - Sync 1 DAGs
[2026-01-29T06:07:40.079+0000] {logging_mixin.py:188} INFO - [2026-01-29T06:07:40.079+0000] {dag.py:3947} INFO - Setting next_dagrun for tutorial_objectstorage to None, run_after=None
[2026-01-29T06:07:40.098+0000] {processor.py:183} INFO - Processing /home/airflow/.local/lib/python3.12/site-packages/airflow/example_dags/tutorial_objectstorage.py took 0.065 seconds
[2026-01-29T06:08:10.598+0000] {processor.py:161} INFO - Started process (PID=107008) to work on /home/airflow/.local/lib/python3.12/site-packages/airflow/example_dags/tutorial_objectstorage.py
[2026-01-29T06:08:10.599+0000] {processor.py:830} INFO - Processing file /home/airflow/.local/lib/python3.12/site-packages/airflow/example_dags/tutorial_objectstorage.py for tasks to queue
[2026-01-29T06:08:10.600+0000] {logging_mixin.py:188} INFO - [2026-01-29T06:08:10.600+0000] {dagbag.py:545} INFO - Filling up the DagBag from /home/airflow/.local/lib/python3.12/site-packages/airflow/example_dags/tutorial_objectstorage.py
[2026-01-29T06:08:10.607+0000] {processor.py:840} INFO - DAG(s) 'tutorial_objectstorage' retrieved from /home/airflow/.local/lib/python3.12/site-packages/airflow/example_dags/tutorial_objectstorage.py
[2026-01-29T06:08:10.626+0000] {logging_mixin.py:188} INFO - [2026-01-29T06:08:10.626+0000] {dag.py:3089} INFO - Sync 1 DAGs
[2026-01-29T06:08:10.639+0000] {logging_mixin.py:188} INFO - [2026-01-29T06:08:10.639+0000] {dag.py:3947} INFO - Setting next_dagrun for tutorial_objectstorage to None, run_after=None
[2026-01-29T06:08:10.659+0000] {processor.py:183} INFO - Processing /home/airflow/.local/lib/python3.12/site-packages/airflow/example_dags/tutorial_objectstorage.py took 0.068 seconds
[2026-01-29T06:08:41.229+0000] {processor.py:161} INFO - Started process (PID=107067) to work on /home/airflow/.local/lib/python3.12/site-packages/airflow/example_dags/tutorial_objectstorage.py
[2026-01-29T06:08:41.230+0000] {processor.py:830} INFO - Processing file /home/airflow/.local/lib/python3.12/site-packages/airflow/example_dags/tutorial_objectstorage.py for tasks to queue
[2026-01-29T06:08:41.231+0000] {logging_mixin.py:188} INFO - [2026-01-29T06:08:41.231+0000] {dagbag.py:545} INFO - Filling up the DagBag from /home/airflow/.local/lib/python3.12/site-packages/airflow/example_dags/tutorial_objectstorage.py
[2026-01-29T06:08:41.238+0000] {processor.py:840} INFO - DAG(s) 'tutorial_objectstorage' retrieved from /home/airflow/.local/lib/python3.12/site-packages/airflow/example_dags/tutorial_objectstorage.py
[2026-01-29T06:08:41.257+0000] {logging_mixin.py:188} INFO - [2026-01-29T06:08:41.257+0000] {dag.py:3089} INFO - Sync 1 DAGs
[2026-01-29T06:08:41.270+0000] {logging_mixin.py:188} INFO - [2026-01-29T06:08:41.270+0000] {dag.py:3947} INFO - Setting next_dagrun for tutorial_objectstorage to None, run_after=None
[2026-01-29T06:08:41.290+0000] {processor.py:183} INFO - Processing /home/airflow/.local/lib/python3.12/site-packages/airflow/example_dags/tutorial_objectstorage.py took 0.067 seconds
[2026-01-29T06:09:11.991+0000] {processor.py:161} INFO - Started process (PID=107131) to work on /home/airflow/.local/lib/python3.12/site-packages/airflow/example_dags/tutorial_objectstorage.py
[2026-01-29T06:09:11.992+0000] {processor.py:830} INFO - Processing file /home/airflow/.local/lib/python3.12/site-packages/airflow/example_dags/tutorial_objectstorage.py for tasks to queue
[2026-01-29T06:09:11.994+0000] {logging_mixin.py:188} INFO - [2026-01-29T06:09:11.994+0000] {dagbag.py:545} INFO - Filling up the DagBag from /home/airflow/.local/lib/python3.12/site-packages/airflow/example_dags/tutorial_objectstorage.py
[2026-01-29T06:09:12.001+0000] {processor.py:840} INFO - DAG(s) 'tutorial_objectstorage' retrieved from /home/airflow/.local/lib/python3.12/site-packages/airflow/example_dags/tutorial_objectstorage.py
[2026-01-29T06:09:12.020+0000] {logging_mixin.py:188} INFO - [2026-01-29T06:09:12.020+0000] {dag.py:3089} INFO - Sync 1 DAGs
[2026-01-29T06:09:12.033+0000] {logging_mixin.py:188} INFO - [2026-01-29T06:09:12.033+0000] {dag.py:3947} INFO - Setting next_dagrun for tutorial_objectstorage to None, run_after=None
[2026-01-29T06:09:12.056+0000] {processor.py:183} INFO - Processing /home/airflow/.local/lib/python3.12/site-packages/airflow/example_dags/tutorial_objectstorage.py took 0.072 seconds
[2026-01-29T06:09:42.608+0000] {processor.py:161} INFO - Started process (PID=107190) to work on /home/airflow/.local/lib/python3.12/site-packages/airflow/example_dags/tutorial_objectstorage.py
[2026-01-29T06:09:42.609+0000] {processor.py:830} INFO - Processing file /home/airflow/.local/lib/python3.12/site-packages/airflow/example_dags/tutorial_objectstorage.py for tasks to queue
[2026-01-29T06:09:42.611+0000] {logging_mixin.py:188} INFO - [2026-01-29T06:09:42.610+0000] {dagbag.py:545} INFO - Filling up the DagBag from /home/airflow/.local/lib/python3.12/site-packages/airflow/example_dags/tutorial_objectstorage.py
[2026-01-29T06:09:42.618+0000] {processor.py:840} INFO - DAG(s) 'tutorial_objectstorage' retrieved from /home/airflow/.local/lib/python3.12/site-packages/airflow/example_dags/tutorial_objectstorage.py
[2026-01-29T06:09:42.638+0000] {logging_mixin.py:188} INFO - [2026-01-29T06:09:42.638+0000] {dag.py:3089} INFO - Sync 1 DAGs
[2026-01-29T06:09:42.652+0000] {logging_mixin.py:188} INFO - [2026-01-29T06:09:42.652+0000] {dag.py:3947} INFO - Setting next_dagrun for tutorial_objectstorage to None, run_after=None
[2026-01-29T06:09:42.673+0000] {processor.py:183} INFO - Processing /home/airflow/.local/lib/python3.12/site-packages/airflow/example_dags/tutorial_objectstorage.py took 0.072 seconds
[2026-01-29T06:10:13.365+0000] {processor.py:161} INFO - Started process (PID=107254) to work on /home/airflow/.local/lib/python3.12/site-packages/airflow/example_dags/tutorial_objectstorage.py
[2026-01-29T06:10:13.366+0000] {processor.py:830} INFO - Processing file /home/airflow/.local/lib/python3.12/site-packages/airflow/example_dags/tutorial_objectstorage.py for tasks to queue
[2026-01-29T06:10:13.368+0000] {logging_mixin.py:188} INFO - [2026-01-29T06:10:13.367+0000] {dagbag.py:545} INFO - Filling up the DagBag from /home/airflow/.local/lib/python3.12/site-packages/airflow/example_dags/tutorial_objectstorage.py
[2026-01-29T06:10:13.375+0000] {processor.py:840} INFO - DAG(s) 'tutorial_objectstorage' retrieved from /home/airflow/.local/lib/python3.12/site-packages/airflow/example_dags/tutorial_objectstorage.py
[2026-01-29T06:10:13.394+0000] {logging_mixin.py:188} INFO - [2026-01-29T06:10:13.394+0000] {dag.py:3089} INFO - Sync 1 DAGs
[2026-01-29T06:10:13.409+0000] {logging_mixin.py:188} INFO - [2026-01-29T06:10:13.409+0000] {dag.py:3947} INFO - Setting next_dagrun for tutorial_objectstorage to None, run_after=None
[2026-01-29T06:10:13.430+0000] {processor.py:183} INFO - Processing /home/airflow/.local/lib/python3.12/site-packages/airflow/example_dags/tutorial_objectstorage.py took 0.072 seconds
[2026-01-29T06:10:43.932+0000] {processor.py:161} INFO - Started process (PID=107313) to work on /home/airflow/.local/lib/python3.12/site-packages/airflow/example_dags/tutorial_objectstorage.py
[2026-01-29T06:10:43.934+0000] {processor.py:830} INFO - Processing file /home/airflow/.local/lib/python3.12/site-packages/airflow/example_dags/tutorial_objectstorage.py for tasks to queue
[2026-01-29T06:10:43.935+0000] {logging_mixin.py:188} INFO - [2026-01-29T06:10:43.935+0000] {dagbag.py:545} INFO - Filling up the DagBag from /home/airflow/.local/lib/python3.12/site-packages/airflow/example_dags/tutorial_objectstorage.py
[2026-01-29T06:10:43.942+0000] {processor.py:840} INFO - DAG(s) 'tutorial_objectstorage' retrieved from /home/airflow/.local/lib/python3.12/site-packages/airflow/example_dags/tutorial_objectstorage.py
[2026-01-29T06:10:43.961+0000] {logging_mixin.py:188} INFO - [2026-01-29T06:10:43.961+0000] {dag.py:3089} INFO - Sync 1 DAGs
[2026-01-29T06:10:43.974+0000] {logging_mixin.py:188} INFO - [2026-01-29T06:10:43.974+0000] {dag.py:3947} INFO - Setting next_dagrun for tutorial_objectstorage to None, run_after=None
[2026-01-29T06:10:43.994+0000] {processor.py:183} INFO - Processing /home/airflow/.local/lib/python3.12/site-packages/airflow/example_dags/tutorial_objectstorage.py took 0.068 seconds
[2026-01-29T06:11:14.645+0000] {processor.py:161} INFO - Started process (PID=107377) to work on /home/airflow/.local/lib/python3.12/site-packages/airflow/example_dags/tutorial_objectstorage.py
[2026-01-29T06:11:14.646+0000] {processor.py:830} INFO - Processing file /home/airflow/.local/lib/python3.12/site-packages/airflow/example_dags/tutorial_objectstorage.py for tasks to queue
[2026-01-29T06:11:14.648+0000] {logging_mixin.py:188} INFO - [2026-01-29T06:11:14.647+0000] {dagbag.py:545} INFO - Filling up the DagBag from /home/airflow/.local/lib/python3.12/site-packages/airflow/example_dags/tutorial_objectstorage.py
[2026-01-29T06:11:14.654+0000] {processor.py:840} INFO - DAG(s) 'tutorial_objectstorage' retrieved from /home/airflow/.local/lib/python3.12/site-packages/airflow/example_dags/tutorial_objectstorage.py
[2026-01-29T06:11:14.674+0000] {logging_mixin.py:188} INFO - [2026-01-29T06:11:14.673+0000] {dag.py:3089} INFO - Sync 1 DAGs
[2026-01-29T06:11:14.687+0000] {logging_mixin.py:188} INFO - [2026-01-29T06:11:14.687+0000] {dag.py:3947} INFO - Setting next_dagrun for tutorial_objectstorage to None, run_after=None
[2026-01-29T06:11:14.707+0000] {processor.py:183} INFO - Processing /home/airflow/.local/lib/python3.12/site-packages/airflow/example_dags/tutorial_objectstorage.py took 0.068 seconds
[2026-01-29T06:11:45.240+0000] {processor.py:161} INFO - Started process (PID=107436) to work on /home/airflow/.local/lib/python3.12/site-packages/airflow/example_dags/tutorial_objectstorage.py
[2026-01-29T06:11:45.241+0000] {processor.py:830} INFO - Processing file /home/airflow/.local/lib/python3.12/site-packages/airflow/example_dags/tutorial_objectstorage.py for tasks to queue
[2026-01-29T06:11:45.242+0000] {logging_mixin.py:188} INFO - [2026-01-29T06:11:45.242+0000] {dagbag.py:545} INFO - Filling up the DagBag from /home/airflow/.local/lib/python3.12/site-packages/airflow/example_dags/tutorial_objectstorage.py
[2026-01-29T06:11:45.249+0000] {processor.py:840} INFO - DAG(s) 'tutorial_objectstorage' retrieved from /home/airflow/.local/lib/python3.12/site-packages/airflow/example_dags/tutorial_objectstorage.py
[2026-01-29T06:11:45.268+0000] {logging_mixin.py:188} INFO - [2026-01-29T06:11:45.267+0000] {dag.py:3089} INFO - Sync 1 DAGs
[2026-01-29T06:11:45.282+0000] {logging_mixin.py:188} INFO - [2026-01-29T06:11:45.282+0000] {dag.py:3947} INFO - Setting next_dagrun for tutorial_objectstorage to None, run_after=None
[2026-01-29T06:11:45.302+0000] {processor.py:183} INFO - Processing /home/airflow/.local/lib/python3.12/site-packages/airflow/example_dags/tutorial_objectstorage.py took 0.068 seconds
[2026-01-29T06:12:15.907+0000] {processor.py:161} INFO - Started process (PID=107500) to work on /home/airflow/.local/lib/python3.12/site-packages/airflow/example_dags/tutorial_objectstorage.py
[2026-01-29T06:12:15.908+0000] {processor.py:830} INFO - Processing file /home/airflow/.local/lib/python3.12/site-packages/airflow/example_dags/tutorial_objectstorage.py for tasks to queue
[2026-01-29T06:12:15.909+0000] {logging_mixin.py:188} INFO - [2026-01-29T06:12:15.909+0000] {dagbag.py:545} INFO - Filling up the DagBag from /home/airflow/.local/lib/python3.12/site-packages/airflow/example_dags/tutorial_objectstorage.py
[2026-01-29T06:12:15.917+0000] {processor.py:840} INFO - DAG(s) 'tutorial_objectstorage' retrieved from /home/airflow/.local/lib/python3.12/site-packages/airflow/example_dags/tutorial_objectstorage.py
[2026-01-29T06:12:15.941+0000] {logging_mixin.py:188} INFO - [2026-01-29T06:12:15.941+0000] {dag.py:3089} INFO - Sync 1 DAGs
[2026-01-29T06:12:15.957+0000] {logging_mixin.py:188} INFO - [2026-01-29T06:12:15.957+0000] {dag.py:3947} INFO - Setting next_dagrun for tutorial_objectstorage to None, run_after=None
[2026-01-29T06:12:15.977+0000] {processor.py:183} INFO - Processing /home/airflow/.local/lib/python3.12/site-packages/airflow/example_dags/tutorial_objectstorage.py took 0.077 seconds
[2026-01-29T06:12:46.680+0000] {processor.py:161} INFO - Started process (PID=107559) to work on /home/airflow/.local/lib/python3.12/site-packages/airflow/example_dags/tutorial_objectstorage.py
[2026-01-29T06:12:46.681+0000] {processor.py:830} INFO - Processing file /home/airflow/.local/lib/python3.12/site-packages/airflow/example_dags/tutorial_objectstorage.py for tasks to queue
[2026-01-29T06:12:46.683+0000] {logging_mixin.py:188} INFO - [2026-01-29T06:12:46.683+0000] {dagbag.py:545} INFO - Filling up the DagBag from /home/airflow/.local/lib/python3.12/site-packages/airflow/example_dags/tutorial_objectstorage.py
[2026-01-29T06:12:46.690+0000] {processor.py:840} INFO - DAG(s) 'tutorial_objectstorage' retrieved from /home/airflow/.local/lib/python3.12/site-packages/airflow/example_dags/tutorial_objectstorage.py
[2026-01-29T06:12:46.709+0000] {logging_mixin.py:188} INFO - [2026-01-29T06:12:46.709+0000] {dag.py:3089} INFO - Sync 1 DAGs
[2026-01-29T06:12:46.724+0000] {logging_mixin.py:188} INFO - [2026-01-29T06:12:46.723+0000] {dag.py:3947} INFO - Setting next_dagrun for tutorial_objectstorage to None, run_after=None
[2026-01-29T06:12:46.744+0000] {processor.py:183} INFO - Processing /home/airflow/.local/lib/python3.12/site-packages/airflow/example_dags/tutorial_objectstorage.py took 0.070 seconds
[2026-01-29T06:13:17.450+0000] {processor.py:161} INFO - Started process (PID=107623) to work on /home/airflow/.local/lib/python3.12/site-packages/airflow/example_dags/tutorial_objectstorage.py
[2026-01-29T06:13:17.451+0000] {processor.py:830} INFO - Processing file /home/airflow/.local/lib/python3.12/site-packages/airflow/example_dags/tutorial_objectstorage.py for tasks to queue
[2026-01-29T06:13:17.453+0000] {logging_mixin.py:188} INFO - [2026-01-29T06:13:17.453+0000] {dagbag.py:545} INFO - Filling up the DagBag from /home/airflow/.local/lib/python3.12/site-packages/airflow/example_dags/tutorial_objectstorage.py
[2026-01-29T06:13:17.461+0000] {processor.py:840} INFO - DAG(s) 'tutorial_objectstorage' retrieved from /home/airflow/.local/lib/python3.12/site-packages/airflow/example_dags/tutorial_objectstorage.py
[2026-01-29T06:13:17.481+0000] {logging_mixin.py:188} INFO - [2026-01-29T06:13:17.481+0000] {dag.py:3089} INFO - Sync 1 DAGs
[2026-01-29T06:13:17.496+0000] {logging_mixin.py:188} INFO - [2026-01-29T06:13:17.496+0000] {dag.py:3947} INFO - Setting next_dagrun for tutorial_objectstorage to None, run_after=None
[2026-01-29T06:13:17.517+0000] {processor.py:183} INFO - Processing /home/airflow/.local/lib/python3.12/site-packages/airflow/example_dags/tutorial_objectstorage.py took 0.074 seconds
[2026-01-29T06:13:47.996+0000] {processor.py:161} INFO - Started process (PID=107682) to work on /home/airflow/.local/lib/python3.12/site-packages/airflow/example_dags/tutorial_objectstorage.py
[2026-01-29T06:13:47.997+0000] {processor.py:830} INFO - Processing file /home/airflow/.local/lib/python3.12/site-packages/airflow/example_dags/tutorial_objectstorage.py for tasks to queue
[2026-01-29T06:13:47.999+0000] {logging_mixin.py:188} INFO - [2026-01-29T06:13:47.998+0000] {dagbag.py:545} INFO - Filling up the DagBag from /home/airflow/.local/lib/python3.12/site-packages/airflow/example_dags/tutorial_objectstorage.py
[2026-01-29T06:13:48.006+0000] {processor.py:840} INFO - DAG(s) 'tutorial_objectstorage' retrieved from /home/airflow/.local/lib/python3.12/site-packages/airflow/example_dags/tutorial_objectstorage.py
[2026-01-29T06:13:48.025+0000] {logging_mixin.py:188} INFO - [2026-01-29T06:13:48.025+0000] {dag.py:3089} INFO - Sync 1 DAGs
[2026-01-29T06:13:48.040+0000] {logging_mixin.py:188} INFO - [2026-01-29T06:13:48.040+0000] {dag.py:3947} INFO - Setting next_dagrun for tutorial_objectstorage to None, run_after=None
[2026-01-29T06:13:48.060+0000] {processor.py:183} INFO - Processing /home/airflow/.local/lib/python3.12/site-packages/airflow/example_dags/tutorial_objectstorage.py took 0.071 seconds
[2026-01-29T06:14:18.537+0000] {processor.py:161} INFO - Started process (PID=107746) to work on /home/airflow/.local/lib/python3.12/site-packages/airflow/example_dags/tutorial_objectstorage.py
[2026-01-29T06:14:18.538+0000] {processor.py:830} INFO - Processing file /home/airflow/.local/lib/python3.12/site-packages/airflow/example_dags/tutorial_objectstorage.py for tasks to queue
[2026-01-29T06:14:18.540+0000] {logging_mixin.py:188} INFO - [2026-01-29T06:14:18.540+0000] {dagbag.py:545} INFO - Filling up the DagBag from /home/airflow/.local/lib/python3.12/site-packages/airflow/example_dags/tutorial_objectstorage.py
[2026-01-29T06:14:18.547+0000] {processor.py:840} INFO - DAG(s) 'tutorial_objectstorage' retrieved from /home/airflow/.local/lib/python3.12/site-packages/airflow/example_dags/tutorial_objectstorage.py
[2026-01-29T06:14:18.567+0000] {logging_mixin.py:188} INFO - [2026-01-29T06:14:18.566+0000] {dag.py:3089} INFO - Sync 1 DAGs
[2026-01-29T06:14:18.580+0000] {logging_mixin.py:188} INFO - [2026-01-29T06:14:18.580+0000] {dag.py:3947} INFO - Setting next_dagrun for tutorial_objectstorage to None, run_after=None
[2026-01-29T06:14:18.601+0000] {processor.py:183} INFO - Processing /home/airflow/.local/lib/python3.12/site-packages/airflow/example_dags/tutorial_objectstorage.py took 0.071 seconds
[2026-01-29T06:14:49.193+0000] {processor.py:161} INFO - Started process (PID=107805) to work on /home/airflow/.local/lib/python3.12/site-packages/airflow/example_dags/tutorial_objectstorage.py
[2026-01-29T06:14:49.194+0000] {processor.py:830} INFO - Processing file /home/airflow/.local/lib/python3.12/site-packages/airflow/example_dags/tutorial_objectstorage.py for tasks to queue
[2026-01-29T06:14:49.196+0000] {logging_mixin.py:188} INFO - [2026-01-29T06:14:49.196+0000] {dagbag.py:545} INFO - Filling up the DagBag from /home/airflow/.local/lib/python3.12/site-packages/airflow/example_dags/tutorial_objectstorage.py
[2026-01-29T06:14:49.204+0000] {processor.py:840} INFO - DAG(s) 'tutorial_objectstorage' retrieved from /home/airflow/.local/lib/python3.12/site-packages/airflow/example_dags/tutorial_objectstorage.py
[2026-01-29T06:14:49.226+0000] {logging_mixin.py:188} INFO - [2026-01-29T06:14:49.225+0000] {dag.py:3089} INFO - Sync 1 DAGs
[2026-01-29T06:14:49.240+0000] {logging_mixin.py:188} INFO - [2026-01-29T06:14:49.240+0000] {dag.py:3947} INFO - Setting next_dagrun for tutorial_objectstorage to None, run_after=None
[2026-01-29T06:14:49.260+0000] {processor.py:183} INFO - Processing /home/airflow/.local/lib/python3.12/site-packages/airflow/example_dags/tutorial_objectstorage.py took 0.074 seconds
[2026-01-29T06:15:19.480+0000] {processor.py:161} INFO - Started process (PID=107869) to work on /home/airflow/.local/lib/python3.12/site-packages/airflow/example_dags/tutorial_objectstorage.py
[2026-01-29T06:15:19.481+0000] {processor.py:830} INFO - Processing file /home/airflow/.local/lib/python3.12/site-packages/airflow/example_dags/tutorial_objectstorage.py for tasks to queue
[2026-01-29T06:15:19.483+0000] {logging_mixin.py:188} INFO - [2026-01-29T06:15:19.482+0000] {dagbag.py:545} INFO - Filling up the DagBag from /home/airflow/.local/lib/python3.12/site-packages/airflow/example_dags/tutorial_objectstorage.py
[2026-01-29T06:15:19.490+0000] {processor.py:840} INFO - DAG(s) 'tutorial_objectstorage' retrieved from /home/airflow/.local/lib/python3.12/site-packages/airflow/example_dags/tutorial_objectstorage.py
[2026-01-29T06:15:19.509+0000] {logging_mixin.py:188} INFO - [2026-01-29T06:15:19.509+0000] {dag.py:3089} INFO - Sync 1 DAGs
[2026-01-29T06:15:19.523+0000] {logging_mixin.py:188} INFO - [2026-01-29T06:15:19.523+0000] {dag.py:3947} INFO - Setting next_dagrun for tutorial_objectstorage to None, run_after=None
[2026-01-29T06:15:19.543+0000] {processor.py:183} INFO - Processing /home/airflow/.local/lib/python3.12/site-packages/airflow/example_dags/tutorial_objectstorage.py took 0.070 seconds
[2026-01-29T06:15:49.709+0000] {processor.py:161} INFO - Started process (PID=107928) to work on /home/airflow/.local/lib/python3.12/site-packages/airflow/example_dags/tutorial_objectstorage.py
[2026-01-29T06:15:49.710+0000] {processor.py:830} INFO - Processing file /home/airflow/.local/lib/python3.12/site-packages/airflow/example_dags/tutorial_objectstorage.py for tasks to queue
[2026-01-29T06:15:49.712+0000] {logging_mixin.py:188} INFO - [2026-01-29T06:15:49.712+0000] {dagbag.py:545} INFO - Filling up the DagBag from /home/airflow/.local/lib/python3.12/site-packages/airflow/example_dags/tutorial_objectstorage.py
[2026-01-29T06:15:49.719+0000] {processor.py:840} INFO - DAG(s) 'tutorial_objectstorage' retrieved from /home/airflow/.local/lib/python3.12/site-packages/airflow/example_dags/tutorial_objectstorage.py
[2026-01-29T06:15:49.738+0000] {logging_mixin.py:188} INFO - [2026-01-29T06:15:49.737+0000] {dag.py:3089} INFO - Sync 1 DAGs
[2026-01-29T06:15:49.751+0000] {logging_mixin.py:188} INFO - [2026-01-29T06:15:49.751+0000] {dag.py:3947} INFO - Setting next_dagrun for tutorial_objectstorage to None, run_after=None
[2026-01-29T06:15:49.771+0000] {processor.py:183} INFO - Processing /home/airflow/.local/lib/python3.12/site-packages/airflow/example_dags/tutorial_objectstorage.py took 0.069 seconds
[2026-01-29T06:16:20.246+0000] {processor.py:161} INFO - Started process (PID=107992) to work on /home/airflow/.local/lib/python3.12/site-packages/airflow/example_dags/tutorial_objectstorage.py
[2026-01-29T06:16:20.247+0000] {processor.py:830} INFO - Processing file /home/airflow/.local/lib/python3.12/site-packages/airflow/example_dags/tutorial_objectstorage.py for tasks to queue
[2026-01-29T06:16:20.249+0000] {logging_mixin.py:188} INFO - [2026-01-29T06:16:20.248+0000] {dagbag.py:545} INFO - Filling up the DagBag from /home/airflow/.local/lib/python3.12/site-packages/airflow/example_dags/tutorial_objectstorage.py
[2026-01-29T06:16:20.255+0000] {processor.py:840} INFO - DAG(s) 'tutorial_objectstorage' retrieved from /home/airflow/.local/lib/python3.12/site-packages/airflow/example_dags/tutorial_objectstorage.py
[2026-01-29T06:16:20.274+0000] {logging_mixin.py:188} INFO - [2026-01-29T06:16:20.274+0000] {dag.py:3089} INFO - Sync 1 DAGs
[2026-01-29T06:16:20.288+0000] {logging_mixin.py:188} INFO - [2026-01-29T06:16:20.287+0000] {dag.py:3947} INFO - Setting next_dagrun for tutorial_objectstorage to None, run_after=None
[2026-01-29T06:16:20.307+0000] {processor.py:183} INFO - Processing /home/airflow/.local/lib/python3.12/site-packages/airflow/example_dags/tutorial_objectstorage.py took 0.067 seconds
[2026-01-29T06:16:50.974+0000] {processor.py:161} INFO - Started process (PID=108051) to work on /home/airflow/.local/lib/python3.12/site-packages/airflow/example_dags/tutorial_objectstorage.py
[2026-01-29T06:16:50.975+0000] {processor.py:830} INFO - Processing file /home/airflow/.local/lib/python3.12/site-packages/airflow/example_dags/tutorial_objectstorage.py for tasks to queue
[2026-01-29T06:16:50.977+0000] {logging_mixin.py:188} INFO - [2026-01-29T06:16:50.977+0000] {dagbag.py:545} INFO - Filling up the DagBag from /home/airflow/.local/lib/python3.12/site-packages/airflow/example_dags/tutorial_objectstorage.py
[2026-01-29T06:16:50.984+0000] {processor.py:840} INFO - DAG(s) 'tutorial_objectstorage' retrieved from /home/airflow/.local/lib/python3.12/site-packages/airflow/example_dags/tutorial_objectstorage.py
[2026-01-29T06:16:51.003+0000] {logging_mixin.py:188} INFO - [2026-01-29T06:16:51.003+0000] {dag.py:3089} INFO - Sync 1 DAGs
[2026-01-29T06:16:51.016+0000] {logging_mixin.py:188} INFO - [2026-01-29T06:16:51.016+0000] {dag.py:3947} INFO - Setting next_dagrun for tutorial_objectstorage to None, run_after=None
[2026-01-29T06:16:51.036+0000] {processor.py:183} INFO - Processing /home/airflow/.local/lib/python3.12/site-packages/airflow/example_dags/tutorial_objectstorage.py took 0.068 seconds
[2026-01-29T06:17:21.514+0000] {processor.py:161} INFO - Started process (PID=108115) to work on /home/airflow/.local/lib/python3.12/site-packages/airflow/example_dags/tutorial_objectstorage.py
[2026-01-29T06:17:21.515+0000] {processor.py:830} INFO - Processing file /home/airflow/.local/lib/python3.12/site-packages/airflow/example_dags/tutorial_objectstorage.py for tasks to queue
[2026-01-29T06:17:21.517+0000] {logging_mixin.py:188} INFO - [2026-01-29T06:17:21.517+0000] {dagbag.py:545} INFO - Filling up the DagBag from /home/airflow/.local/lib/python3.12/site-packages/airflow/example_dags/tutorial_objectstorage.py
[2026-01-29T06:17:21.525+0000] {processor.py:840} INFO - DAG(s) 'tutorial_objectstorage' retrieved from /home/airflow/.local/lib/python3.12/site-packages/airflow/example_dags/tutorial_objectstorage.py
[2026-01-29T06:17:21.545+0000] {logging_mixin.py:188} INFO - [2026-01-29T06:17:21.544+0000] {dag.py:3089} INFO - Sync 1 DAGs
[2026-01-29T06:17:21.558+0000] {logging_mixin.py:188} INFO - [2026-01-29T06:17:21.558+0000] {dag.py:3947} INFO - Setting next_dagrun for tutorial_objectstorage to None, run_after=None
[2026-01-29T06:17:21.578+0000] {processor.py:183} INFO - Processing /home/airflow/.local/lib/python3.12/site-packages/airflow/example_dags/tutorial_objectstorage.py took 0.071 seconds
[2026-01-29T06:17:52.108+0000] {processor.py:161} INFO - Started process (PID=108174) to work on /home/airflow/.local/lib/python3.12/site-packages/airflow/example_dags/tutorial_objectstorage.py
[2026-01-29T06:17:52.109+0000] {processor.py:830} INFO - Processing file /home/airflow/.local/lib/python3.12/site-packages/airflow/example_dags/tutorial_objectstorage.py for tasks to queue
[2026-01-29T06:17:52.111+0000] {logging_mixin.py:188} INFO - [2026-01-29T06:17:52.111+0000] {dagbag.py:545} INFO - Filling up the DagBag from /home/airflow/.local/lib/python3.12/site-packages/airflow/example_dags/tutorial_objectstorage.py
[2026-01-29T06:17:52.118+0000] {processor.py:840} INFO - DAG(s) 'tutorial_objectstorage' retrieved from /home/airflow/.local/lib/python3.12/site-packages/airflow/example_dags/tutorial_objectstorage.py
[2026-01-29T06:17:52.137+0000] {logging_mixin.py:188} INFO - [2026-01-29T06:17:52.136+0000] {dag.py:3089} INFO - Sync 1 DAGs
[2026-01-29T06:17:52.150+0000] {logging_mixin.py:188} INFO - [2026-01-29T06:17:52.150+0000] {dag.py:3947} INFO - Setting next_dagrun for tutorial_objectstorage to None, run_after=None
[2026-01-29T06:17:52.170+0000] {processor.py:183} INFO - Processing /home/airflow/.local/lib/python3.12/site-packages/airflow/example_dags/tutorial_objectstorage.py took 0.068 seconds
[2026-01-29T06:18:22.674+0000] {processor.py:161} INFO - Started process (PID=108238) to work on /home/airflow/.local/lib/python3.12/site-packages/airflow/example_dags/tutorial_objectstorage.py
[2026-01-29T06:18:22.676+0000] {processor.py:830} INFO - Processing file /home/airflow/.local/lib/python3.12/site-packages/airflow/example_dags/tutorial_objectstorage.py for tasks to queue
[2026-01-29T06:18:22.677+0000] {logging_mixin.py:188} INFO - [2026-01-29T06:18:22.677+0000] {dagbag.py:545} INFO - Filling up the DagBag from /home/airflow/.local/lib/python3.12/site-packages/airflow/example_dags/tutorial_objectstorage.py
[2026-01-29T06:18:22.684+0000] {processor.py:840} INFO - DAG(s) 'tutorial_objectstorage' retrieved from /home/airflow/.local/lib/python3.12/site-packages/airflow/example_dags/tutorial_objectstorage.py
[2026-01-29T06:18:22.704+0000] {logging_mixin.py:188} INFO - [2026-01-29T06:18:22.704+0000] {dag.py:3089} INFO - Sync 1 DAGs
[2026-01-29T06:18:22.719+0000] {logging_mixin.py:188} INFO - [2026-01-29T06:18:22.719+0000] {dag.py:3947} INFO - Setting next_dagrun for tutorial_objectstorage to None, run_after=None
[2026-01-29T06:18:22.740+0000] {processor.py:183} INFO - Processing /home/airflow/.local/lib/python3.12/site-packages/airflow/example_dags/tutorial_objectstorage.py took 0.073 seconds
[2026-01-29T06:18:52.868+0000] {processor.py:161} INFO - Started process (PID=108297) to work on /home/airflow/.local/lib/python3.12/site-packages/airflow/example_dags/tutorial_objectstorage.py
[2026-01-29T06:18:52.869+0000] {processor.py:830} INFO - Processing file /home/airflow/.local/lib/python3.12/site-packages/airflow/example_dags/tutorial_objectstorage.py for tasks to queue
[2026-01-29T06:18:52.871+0000] {logging_mixin.py:188} INFO - [2026-01-29T06:18:52.870+0000] {dagbag.py:545} INFO - Filling up the DagBag from /home/airflow/.local/lib/python3.12/site-packages/airflow/example_dags/tutorial_objectstorage.py
[2026-01-29T06:18:52.878+0000] {processor.py:840} INFO - DAG(s) 'tutorial_objectstorage' retrieved from /home/airflow/.local/lib/python3.12/site-packages/airflow/example_dags/tutorial_objectstorage.py
[2026-01-29T06:18:52.897+0000] {logging_mixin.py:188} INFO - [2026-01-29T06:18:52.897+0000] {dag.py:3089} INFO - Sync 1 DAGs
[2026-01-29T06:18:52.911+0000] {logging_mixin.py:188} INFO - [2026-01-29T06:18:52.911+0000] {dag.py:3947} INFO - Setting next_dagrun for tutorial_objectstorage to None, run_after=None
[2026-01-29T06:18:52.931+0000] {processor.py:183} INFO - Processing /home/airflow/.local/lib/python3.12/site-packages/airflow/example_dags/tutorial_objectstorage.py took 0.069 seconds
[2026-01-29T06:19:23.184+0000] {processor.py:161} INFO - Started process (PID=108361) to work on /home/airflow/.local/lib/python3.12/site-packages/airflow/example_dags/tutorial_objectstorage.py
[2026-01-29T06:19:23.185+0000] {processor.py:830} INFO - Processing file /home/airflow/.local/lib/python3.12/site-packages/airflow/example_dags/tutorial_objectstorage.py for tasks to queue
[2026-01-29T06:19:23.186+0000] {logging_mixin.py:188} INFO - [2026-01-29T06:19:23.186+0000] {dagbag.py:545} INFO - Filling up the DagBag from /home/airflow/.local/lib/python3.12/site-packages/airflow/example_dags/tutorial_objectstorage.py
[2026-01-29T06:19:23.193+0000] {processor.py:840} INFO - DAG(s) 'tutorial_objectstorage' retrieved from /home/airflow/.local/lib/python3.12/site-packages/airflow/example_dags/tutorial_objectstorage.py
[2026-01-29T06:19:23.213+0000] {logging_mixin.py:188} INFO - [2026-01-29T06:19:23.212+0000] {dag.py:3089} INFO - Sync 1 DAGs
[2026-01-29T06:19:23.226+0000] {logging_mixin.py:188} INFO - [2026-01-29T06:19:23.226+0000] {dag.py:3947} INFO - Setting next_dagrun for tutorial_objectstorage to None, run_after=None
[2026-01-29T06:19:23.247+0000] {processor.py:183} INFO - Processing /home/airflow/.local/lib/python3.12/site-packages/airflow/example_dags/tutorial_objectstorage.py took 0.070 seconds
[2026-01-29T06:19:53.406+0000] {processor.py:161} INFO - Started process (PID=108420) to work on /home/airflow/.local/lib/python3.12/site-packages/airflow/example_dags/tutorial_objectstorage.py
[2026-01-29T06:19:53.407+0000] {processor.py:830} INFO - Processing file /home/airflow/.local/lib/python3.12/site-packages/airflow/example_dags/tutorial_objectstorage.py for tasks to queue
[2026-01-29T06:19:53.408+0000] {logging_mixin.py:188} INFO - [2026-01-29T06:19:53.408+0000] {dagbag.py:545} INFO - Filling up the DagBag from /home/airflow/.local/lib/python3.12/site-packages/airflow/example_dags/tutorial_objectstorage.py
[2026-01-29T06:19:53.415+0000] {processor.py:840} INFO - DAG(s) 'tutorial_objectstorage' retrieved from /home/airflow/.local/lib/python3.12/site-packages/airflow/example_dags/tutorial_objectstorage.py
[2026-01-29T06:19:53.434+0000] {logging_mixin.py:188} INFO - [2026-01-29T06:19:53.433+0000] {dag.py:3089} INFO - Sync 1 DAGs
[2026-01-29T06:19:53.447+0000] {logging_mixin.py:188} INFO - [2026-01-29T06:19:53.447+0000] {dag.py:3947} INFO - Setting next_dagrun for tutorial_objectstorage to None, run_after=None
[2026-01-29T06:19:53.466+0000] {processor.py:183} INFO - Processing /home/airflow/.local/lib/python3.12/site-packages/airflow/example_dags/tutorial_objectstorage.py took 0.068 seconds
[2026-01-29T06:20:23.752+0000] {processor.py:161} INFO - Started process (PID=108484) to work on /home/airflow/.local/lib/python3.12/site-packages/airflow/example_dags/tutorial_objectstorage.py
[2026-01-29T06:20:23.753+0000] {processor.py:830} INFO - Processing file /home/airflow/.local/lib/python3.12/site-packages/airflow/example_dags/tutorial_objectstorage.py for tasks to queue
[2026-01-29T06:20:23.755+0000] {logging_mixin.py:188} INFO - [2026-01-29T06:20:23.755+0000] {dagbag.py:545} INFO - Filling up the DagBag from /home/airflow/.local/lib/python3.12/site-packages/airflow/example_dags/tutorial_objectstorage.py
[2026-01-29T06:20:23.763+0000] {processor.py:840} INFO - DAG(s) 'tutorial_objectstorage' retrieved from /home/airflow/.local/lib/python3.12/site-packages/airflow/example_dags/tutorial_objectstorage.py
[2026-01-29T06:20:23.784+0000] {logging_mixin.py:188} INFO - [2026-01-29T06:20:23.783+0000] {dag.py:3089} INFO - Sync 1 DAGs
[2026-01-29T06:20:23.797+0000] {logging_mixin.py:188} INFO - [2026-01-29T06:20:23.797+0000] {dag.py:3947} INFO - Setting next_dagrun for tutorial_objectstorage to None, run_after=None
[2026-01-29T06:20:23.816+0000] {processor.py:183} INFO - Processing /home/airflow/.local/lib/python3.12/site-packages/airflow/example_dags/tutorial_objectstorage.py took 0.071 seconds
[2026-01-29T06:20:53.986+0000] {processor.py:161} INFO - Started process (PID=108543) to work on /home/airflow/.local/lib/python3.12/site-packages/airflow/example_dags/tutorial_objectstorage.py
[2026-01-29T06:20:53.987+0000] {processor.py:830} INFO - Processing file /home/airflow/.local/lib/python3.12/site-packages/airflow/example_dags/tutorial_objectstorage.py for tasks to queue
[2026-01-29T06:20:53.989+0000] {logging_mixin.py:188} INFO - [2026-01-29T06:20:53.989+0000] {dagbag.py:545} INFO - Filling up the DagBag from /home/airflow/.local/lib/python3.12/site-packages/airflow/example_dags/tutorial_objectstorage.py
[2026-01-29T06:20:53.997+0000] {processor.py:840} INFO - DAG(s) 'tutorial_objectstorage' retrieved from /home/airflow/.local/lib/python3.12/site-packages/airflow/example_dags/tutorial_objectstorage.py
[2026-01-29T06:20:54.024+0000] {logging_mixin.py:188} INFO - [2026-01-29T06:20:54.023+0000] {dag.py:3089} INFO - Sync 1 DAGs
[2026-01-29T06:20:54.043+0000] {logging_mixin.py:188} INFO - [2026-01-29T06:20:54.043+0000] {dag.py:3947} INFO - Setting next_dagrun for tutorial_objectstorage to None, run_after=None
[2026-01-29T06:20:54.063+0000] {processor.py:183} INFO - Processing /home/airflow/.local/lib/python3.12/site-packages/airflow/example_dags/tutorial_objectstorage.py took 0.085 seconds
[2026-01-29T06:21:24.289+0000] {processor.py:161} INFO - Started process (PID=108607) to work on /home/airflow/.local/lib/python3.12/site-packages/airflow/example_dags/tutorial_objectstorage.py
[2026-01-29T06:21:24.289+0000] {processor.py:830} INFO - Processing file /home/airflow/.local/lib/python3.12/site-packages/airflow/example_dags/tutorial_objectstorage.py for tasks to queue
[2026-01-29T06:21:24.291+0000] {logging_mixin.py:188} INFO - [2026-01-29T06:21:24.291+0000] {dagbag.py:545} INFO - Filling up the DagBag from /home/airflow/.local/lib/python3.12/site-packages/airflow/example_dags/tutorial_objectstorage.py
[2026-01-29T06:21:24.299+0000] {processor.py:840} INFO - DAG(s) 'tutorial_objectstorage' retrieved from /home/airflow/.local/lib/python3.12/site-packages/airflow/example_dags/tutorial_objectstorage.py
[2026-01-29T06:21:24.318+0000] {logging_mixin.py:188} INFO - [2026-01-29T06:21:24.318+0000] {dag.py:3089} INFO - Sync 1 DAGs
[2026-01-29T06:21:24.332+0000] {logging_mixin.py:188} INFO - [2026-01-29T06:21:24.332+0000] {dag.py:3947} INFO - Setting next_dagrun for tutorial_objectstorage to None, run_after=None
[2026-01-29T06:21:24.359+0000] {processor.py:183} INFO - Processing /home/airflow/.local/lib/python3.12/site-packages/airflow/example_dags/tutorial_objectstorage.py took 0.076 seconds
[2026-01-29T06:21:54.674+0000] {processor.py:161} INFO - Started process (PID=108666) to work on /home/airflow/.local/lib/python3.12/site-packages/airflow/example_dags/tutorial_objectstorage.py
[2026-01-29T06:21:54.676+0000] {processor.py:830} INFO - Processing file /home/airflow/.local/lib/python3.12/site-packages/airflow/example_dags/tutorial_objectstorage.py for tasks to queue
[2026-01-29T06:21:54.678+0000] {logging_mixin.py:188} INFO - [2026-01-29T06:21:54.678+0000] {dagbag.py:545} INFO - Filling up the DagBag from /home/airflow/.local/lib/python3.12/site-packages/airflow/example_dags/tutorial_objectstorage.py
[2026-01-29T06:21:54.688+0000] {processor.py:840} INFO - DAG(s) 'tutorial_objectstorage' retrieved from /home/airflow/.local/lib/python3.12/site-packages/airflow/example_dags/tutorial_objectstorage.py
[2026-01-29T06:21:54.710+0000] {logging_mixin.py:188} INFO - [2026-01-29T06:21:54.710+0000] {dag.py:3089} INFO - Sync 1 DAGs
[2026-01-29T06:21:54.724+0000] {logging_mixin.py:188} INFO - [2026-01-29T06:21:54.723+0000] {dag.py:3947} INFO - Setting next_dagrun for tutorial_objectstorage to None, run_after=None
[2026-01-29T06:21:54.743+0000] {processor.py:183} INFO - Processing /home/airflow/.local/lib/python3.12/site-packages/airflow/example_dags/tutorial_objectstorage.py took 0.076 seconds
[2026-01-29T06:22:25.365+0000] {processor.py:161} INFO - Started process (PID=108730) to work on /home/airflow/.local/lib/python3.12/site-packages/airflow/example_dags/tutorial_objectstorage.py
[2026-01-29T06:22:25.366+0000] {processor.py:830} INFO - Processing file /home/airflow/.local/lib/python3.12/site-packages/airflow/example_dags/tutorial_objectstorage.py for tasks to queue
[2026-01-29T06:22:25.368+0000] {logging_mixin.py:188} INFO - [2026-01-29T06:22:25.368+0000] {dagbag.py:545} INFO - Filling up the DagBag from /home/airflow/.local/lib/python3.12/site-packages/airflow/example_dags/tutorial_objectstorage.py
[2026-01-29T06:22:25.375+0000] {processor.py:840} INFO - DAG(s) 'tutorial_objectstorage' retrieved from /home/airflow/.local/lib/python3.12/site-packages/airflow/example_dags/tutorial_objectstorage.py
[2026-01-29T06:22:25.395+0000] {logging_mixin.py:188} INFO - [2026-01-29T06:22:25.395+0000] {dag.py:3089} INFO - Sync 1 DAGs
[2026-01-29T06:22:25.409+0000] {logging_mixin.py:188} INFO - [2026-01-29T06:22:25.409+0000] {dag.py:3947} INFO - Setting next_dagrun for tutorial_objectstorage to None, run_after=None
[2026-01-29T06:22:25.429+0000] {processor.py:183} INFO - Processing /home/airflow/.local/lib/python3.12/site-packages/airflow/example_dags/tutorial_objectstorage.py took 0.070 seconds
[2026-01-29T06:22:55.644+0000] {processor.py:161} INFO - Started process (PID=108789) to work on /home/airflow/.local/lib/python3.12/site-packages/airflow/example_dags/tutorial_objectstorage.py
[2026-01-29T06:22:55.645+0000] {processor.py:830} INFO - Processing file /home/airflow/.local/lib/python3.12/site-packages/airflow/example_dags/tutorial_objectstorage.py for tasks to queue
[2026-01-29T06:22:55.647+0000] {logging_mixin.py:188} INFO - [2026-01-29T06:22:55.647+0000] {dagbag.py:545} INFO - Filling up the DagBag from /home/airflow/.local/lib/python3.12/site-packages/airflow/example_dags/tutorial_objectstorage.py
[2026-01-29T06:22:55.654+0000] {processor.py:840} INFO - DAG(s) 'tutorial_objectstorage' retrieved from /home/airflow/.local/lib/python3.12/site-packages/airflow/example_dags/tutorial_objectstorage.py
[2026-01-29T06:22:55.673+0000] {logging_mixin.py:188} INFO - [2026-01-29T06:22:55.673+0000] {dag.py:3089} INFO - Sync 1 DAGs
[2026-01-29T06:22:55.686+0000] {logging_mixin.py:188} INFO - [2026-01-29T06:22:55.686+0000] {dag.py:3947} INFO - Setting next_dagrun for tutorial_objectstorage to None, run_after=None
[2026-01-29T06:22:55.706+0000] {processor.py:183} INFO - Processing /home/airflow/.local/lib/python3.12/site-packages/airflow/example_dags/tutorial_objectstorage.py took 0.068 seconds
[2026-01-29T06:23:25.962+0000] {processor.py:161} INFO - Started process (PID=108853) to work on /home/airflow/.local/lib/python3.12/site-packages/airflow/example_dags/tutorial_objectstorage.py
[2026-01-29T06:23:25.962+0000] {processor.py:830} INFO - Processing file /home/airflow/.local/lib/python3.12/site-packages/airflow/example_dags/tutorial_objectstorage.py for tasks to queue
[2026-01-29T06:23:25.964+0000] {logging_mixin.py:188} INFO - [2026-01-29T06:23:25.964+0000] {dagbag.py:545} INFO - Filling up the DagBag from /home/airflow/.local/lib/python3.12/site-packages/airflow/example_dags/tutorial_objectstorage.py
[2026-01-29T06:23:25.971+0000] {processor.py:840} INFO - DAG(s) 'tutorial_objectstorage' retrieved from /home/airflow/.local/lib/python3.12/site-packages/airflow/example_dags/tutorial_objectstorage.py
[2026-01-29T06:23:25.991+0000] {logging_mixin.py:188} INFO - [2026-01-29T06:23:25.991+0000] {dag.py:3089} INFO - Sync 1 DAGs
[2026-01-29T06:23:26.005+0000] {logging_mixin.py:188} INFO - [2026-01-29T06:23:26.005+0000] {dag.py:3947} INFO - Setting next_dagrun for tutorial_objectstorage to None, run_after=None
[2026-01-29T06:23:26.026+0000] {processor.py:183} INFO - Processing /home/airflow/.local/lib/python3.12/site-packages/airflow/example_dags/tutorial_objectstorage.py took 0.071 seconds
[2026-01-29T06:23:56.638+0000] {processor.py:161} INFO - Started process (PID=108910) to work on /home/airflow/.local/lib/python3.12/site-packages/airflow/example_dags/tutorial_objectstorage.py
[2026-01-29T06:23:56.639+0000] {processor.py:830} INFO - Processing file /home/airflow/.local/lib/python3.12/site-packages/airflow/example_dags/tutorial_objectstorage.py for tasks to queue
[2026-01-29T06:23:56.641+0000] {logging_mixin.py:188} INFO - [2026-01-29T06:23:56.641+0000] {dagbag.py:545} INFO - Filling up the DagBag from /home/airflow/.local/lib/python3.12/site-packages/airflow/example_dags/tutorial_objectstorage.py
[2026-01-29T06:23:56.650+0000] {processor.py:840} INFO - DAG(s) 'tutorial_objectstorage' retrieved from /home/airflow/.local/lib/python3.12/site-packages/airflow/example_dags/tutorial_objectstorage.py
[2026-01-29T06:23:56.673+0000] {logging_mixin.py:188} INFO - [2026-01-29T06:23:56.672+0000] {dag.py:3089} INFO - Sync 1 DAGs
[2026-01-29T06:23:56.687+0000] {logging_mixin.py:188} INFO - [2026-01-29T06:23:56.687+0000] {dag.py:3947} INFO - Setting next_dagrun for tutorial_objectstorage to None, run_after=None
[2026-01-29T06:23:56.707+0000] {processor.py:183} INFO - Processing /home/airflow/.local/lib/python3.12/site-packages/airflow/example_dags/tutorial_objectstorage.py took 0.077 seconds
[2026-01-29T06:24:27.039+0000] {processor.py:161} INFO - Started process (PID=108974) to work on /home/airflow/.local/lib/python3.12/site-packages/airflow/example_dags/tutorial_objectstorage.py
[2026-01-29T06:24:27.039+0000] {processor.py:830} INFO - Processing file /home/airflow/.local/lib/python3.12/site-packages/airflow/example_dags/tutorial_objectstorage.py for tasks to queue
[2026-01-29T06:24:27.041+0000] {logging_mixin.py:188} INFO - [2026-01-29T06:24:27.041+0000] {dagbag.py:545} INFO - Filling up the DagBag from /home/airflow/.local/lib/python3.12/site-packages/airflow/example_dags/tutorial_objectstorage.py
[2026-01-29T06:24:27.048+0000] {processor.py:840} INFO - DAG(s) 'tutorial_objectstorage' retrieved from /home/airflow/.local/lib/python3.12/site-packages/airflow/example_dags/tutorial_objectstorage.py
[2026-01-29T06:24:27.067+0000] {logging_mixin.py:188} INFO - [2026-01-29T06:24:27.067+0000] {dag.py:3089} INFO - Sync 1 DAGs
[2026-01-29T06:24:27.080+0000] {logging_mixin.py:188} INFO - [2026-01-29T06:24:27.080+0000] {dag.py:3947} INFO - Setting next_dagrun for tutorial_objectstorage to None, run_after=None
[2026-01-29T06:24:27.100+0000] {processor.py:183} INFO - Processing /home/airflow/.local/lib/python3.12/site-packages/airflow/example_dags/tutorial_objectstorage.py took 0.067 seconds
[2026-01-29T06:24:57.149+0000] {processor.py:161} INFO - Started process (PID=109033) to work on /home/airflow/.local/lib/python3.12/site-packages/airflow/example_dags/tutorial_objectstorage.py
[2026-01-29T06:24:57.150+0000] {processor.py:830} INFO - Processing file /home/airflow/.local/lib/python3.12/site-packages/airflow/example_dags/tutorial_objectstorage.py for tasks to queue
[2026-01-29T06:24:57.152+0000] {logging_mixin.py:188} INFO - [2026-01-29T06:24:57.152+0000] {dagbag.py:545} INFO - Filling up the DagBag from /home/airflow/.local/lib/python3.12/site-packages/airflow/example_dags/tutorial_objectstorage.py
[2026-01-29T06:24:57.160+0000] {processor.py:840} INFO - DAG(s) 'tutorial_objectstorage' retrieved from /home/airflow/.local/lib/python3.12/site-packages/airflow/example_dags/tutorial_objectstorage.py
[2026-01-29T06:24:57.181+0000] {logging_mixin.py:188} INFO - [2026-01-29T06:24:57.181+0000] {dag.py:3089} INFO - Sync 1 DAGs
[2026-01-29T06:24:57.195+0000] {logging_mixin.py:188} INFO - [2026-01-29T06:24:57.195+0000] {dag.py:3947} INFO - Setting next_dagrun for tutorial_objectstorage to None, run_after=None
[2026-01-29T06:24:57.216+0000] {processor.py:183} INFO - Processing /home/airflow/.local/lib/python3.12/site-packages/airflow/example_dags/tutorial_objectstorage.py took 0.075 seconds
[2026-01-29T06:25:27.741+0000] {processor.py:161} INFO - Started process (PID=109097) to work on /home/airflow/.local/lib/python3.12/site-packages/airflow/example_dags/tutorial_objectstorage.py
[2026-01-29T06:25:27.742+0000] {processor.py:830} INFO - Processing file /home/airflow/.local/lib/python3.12/site-packages/airflow/example_dags/tutorial_objectstorage.py for tasks to queue
[2026-01-29T06:25:27.744+0000] {logging_mixin.py:188} INFO - [2026-01-29T06:25:27.744+0000] {dagbag.py:545} INFO - Filling up the DagBag from /home/airflow/.local/lib/python3.12/site-packages/airflow/example_dags/tutorial_objectstorage.py
[2026-01-29T06:25:27.751+0000] {processor.py:840} INFO - DAG(s) 'tutorial_objectstorage' retrieved from /home/airflow/.local/lib/python3.12/site-packages/airflow/example_dags/tutorial_objectstorage.py
[2026-01-29T06:25:27.771+0000] {logging_mixin.py:188} INFO - [2026-01-29T06:25:27.770+0000] {dag.py:3089} INFO - Sync 1 DAGs
[2026-01-29T06:25:27.784+0000] {logging_mixin.py:188} INFO - [2026-01-29T06:25:27.784+0000] {dag.py:3947} INFO - Setting next_dagrun for tutorial_objectstorage to None, run_after=None
[2026-01-29T06:25:27.805+0000] {processor.py:183} INFO - Processing /home/airflow/.local/lib/python3.12/site-packages/airflow/example_dags/tutorial_objectstorage.py took 0.070 seconds
